Water_Body_Type,State_Name,Year,Temperature,DO,pH,Conductivity,BOD,Nitrate_Nitrite,Fecal_Coliform,Total_Coliform,Conductivity_log,BOD_log,Nitrate_Nitrite_log,Total_Coliform_log,Fecal_Coliform_log,DO_sqrt,BOD_Temp,BOD_Conductivity,Nitrate_Temp,BOD_Temp_log,BOD_Conductivity_log,Is_Monsoon
LAKE,ANDHRA PRADESH,2017,26.0,6.35,7.65,815.5,1.7999999999999998,2.26,20.0,1375.0,6.70502691241052,1.0296194171811581,1.1817271953786161,7.226936018493289,3.044522437723423,2.5199206336708304,46.8,1467.8999999999999,58.75999999999999,3.86702563949741,7.292269100337369,1
LAKE,ASSAM,2017,23.5,4.7,6.6,89.0,8.6,0.9,1150.0,3380.0,4.499809670330265,2.2617630984737906,0.6418538861723948,8.125926802707886,7.048386408721883,2.16794833886788,202.1,765.4,21.150000000000002,5.313698468586339,6.641704226656651,1
LAKE,ASSAM,2017,29.0,5.55,7.199999999999999,103.5,1.8499999999999999,0.75,750.0,2800.0,4.6491870714048655,1.047318994280559,0.5596157879354227,7.937731775260109,6.621405651764134,2.355843797877949,53.65,191.475,21.75,4.000949214622548,5.259966275164113,1
POND,ASSAM,2017,28.0,2.65,7.6,617.5,9.6,3.25,2300.0,10865.0,6.427297191832543,2.3608540011180215,1.4469189829363254,9.293393927111468,7.741099090035366,1.6278820596099706,268.8,5928.0,91.0,5.597680943773655,8.687610843707368,1
POND,ASSAM,2017,27.5,5.15,6.699999999999999,130.5,10.15,1.2,1200.0,14680.0,4.879006851617819,2.411439497906128,0.7884573603642702,9.59430941973946,7.0909098220799835,2.2693611435820435,279.125,1324.575,33.0,5.635235932121091,7.189601606550083,1
POND,ASSAM,2017,24.5,6.15,6.699999999999999,31.5,2.6,1.3,930.0,7650.0,3.481240089335692,1.2809338454620642,0.832909122935104,8.942591637231851,6.836259277277067,2.479919353527449,63.7,81.9,31.85,4.169761201506855,4.417635062141249,1
POND,ASSAM,2017,26.0,6.65,6.699999999999999,30.5,3.0,0.9,1580.0,10680.0,3.449987545831587,1.3862943611198906,0.6418538861723948,9.276221741089696,7.365812837209472,2.5787593916455256,78.0,91.5,23.400000000000002,4.3694478524670215,4.52720864451838,1
POND,ASSAM,2017,26.5,5.8,7.050000000000001,63.0,2.95,1.0,900.0,2350.0,4.1588830833596715,1.3737155789130306,0.6931471805599453,7.762596048540069,6.803505257608338,2.4083189157584592,78.17500000000001,185.85000000000002,26.5,4.371660592424703,5.230306155931493,1
POND,ASSAM,2017,26.0,7.75,8.1,229.5,8.25,2.15,510.0,2350.0,5.440250862436703,2.224623551524334,1.1474024528375417,7.762596048540069,6.236369590203704,2.7838821814150108,214.5,1893.375,55.9,5.372960909543803,7.546644247812067,1
POND,ASSAM,2017,25.0,8.3,7.3,78.0,4.5,0.7,1180.0,1980.0,4.3694478524670215,1.7047480922384253,0.5306282510621704,7.591357046698551,7.074116816197362,2.8809720581775866,112.5,351.0,17.5,4.7318028369214575,5.863631175598097,1
POND,ASSAM,2017,25.5,7.65,8.0,136.0,11.65,1.4,605.0,930.0,4.919980925828125,2.5376572151735295,0.8754687373538999,6.836259277277067,6.406879986069314,2.7658633371878665,297.075,1584.4,35.699999999999996,5.697345132692195,7.368592020403056,1
POND,ASSAM,2017,30.5,5.3,6.65,35.0,11.1,0.75,1150.0,2655.0,3.58351893845611,2.4932054526026954,0.5596157879354227,7.884576510596324,7.048386408721883,2.3021728866442674,338.55,388.5,22.875,5.8276212115598005,5.964863865310803,1
POND,ASSAM,2017,28.5,3.5500000000000003,6.85,43.5,3.0,1.1,1200.0,14955.0,3.7954891891721947,1.3862943611198906,0.7419373447293773,9.612867836097005,7.0909098220799835,1.8841443681416772,85.5,130.5,31.35,4.460144413937834,4.879006851617819,1
POND,ASSAM,2017,27.5,8.45,8.45,186.5,9.25,1.85,900.0,2380.0,5.233778845410465,2.327277705584417,1.0473189942805592,7.7752758464868625,6.803505257608338,2.9068883707497264,254.375,1725.125,50.875,5.542733053137786,7.453634290805515,1
POND,ASSAM,2017,25.0,6.800000000000001,7.300000000000001,349.5,4.5,2.3,10850.0,120180.0,5.859360706474645,1.7047480922384253,1.1939224684724346,11.696754218705356,9.292012520620208,2.6076809620810595,112.5,1572.75,57.49999999999999,4.7318028369214575,7.361216585358557,1
POND,ASSAM,2017,26.0,8.45,7.9,217.5,4.8,9.709999999999999,1150.0,2165.0,5.3867860145356445,1.7578579175523736,2.3711778844596574,7.680637427560936,7.048386408721883,2.9068883707497264,124.8,1044.0,252.45999999999998,4.8346933442663405,6.951772164398911,1
POND,ASSAM,2017,28.0,8.5,7.55,213.5,9.2,1.25,900.0,10955.0,5.368309738368072,2.322387720290225,0.8109302162163288,9.301642530382969,6.803505257608338,2.9154759474226504,257.59999999999997,1964.1999999999998,35.0,5.555282466337757,7.583349300294493,1
POND,ASSAM,2017,28.0,6.85,6.6,37.0,2.25,2.6,515.0,1530.0,3.6375861597263857,1.1786549963416462,1.2809338454620642,7.333676395657684,6.246106765481563,2.6172504656604803,63.0,83.25,72.8,4.1588830833596715,4.433788569232471,1
POND,ASSAM,2017,29.0,7.3500000000000005,7.25,113.0,3.5,0.85,1500.0,6150.0,4.736198448394496,1.5040773967762742,0.6151856390902334,8.724369949208368,7.313886831633462,2.711088342345192,101.5,395.5,24.65,4.629862798578463,5.982676041074902,1
POND,ASSAM,2017,29.5,5.1,7.0,28.5,4.3,0.75,515.0,1380.0,3.3843902633457743,1.667706820558076,0.5596157879354227,7.2305631534092925,6.246106765481563,2.258317958127243,126.85,122.55,22.125,4.850857701737196,4.816645932434619,1
POND,ASSAM,2017,28.5,5.300000000000001,7.0,42.5,3.75,2.55,1900.0,2380.0,3.7727609380946383,1.55814461804655,1.2669476034873244,7.7752758464868625,7.550135342488429,2.302172886644268,106.875,159.375,72.675,4.680973149403592,5.0775148229358,1
POND,ASSAM,2017,29.5,5.15,7.050000000000001,62.5,4.5,2.9499999999999997,1150.0,7680.0,4.151039905898646,1.7047480922384253,1.3737155789130304,8.946505025998682,7.048386408721883,2.2693611435820435,132.75,281.25,87.02499999999999,4.8959723857761155,5.642793203029772,1
POND,ASSAM,2017,24.5,5.25,7.15,99.5,5.449999999999999,0.7999999999999999,900.0,55150.0,4.61015772749913,1.864080130807681,0.5877866649021191,10.917830156883532,6.803505257608338,2.29128784747792,133.52499999999998,542.275,19.599999999999998,4.901750055375484,6.2976156374058,1
POND,ASSAM,2017,24.5,6.0,7.1,33.0,2.95,0.6000000000000001,1150.0,12180.0,3.5263605246161616,1.3737155789130306,0.47000362924573563,9.407632639699958,7.048386408721883,2.449489742783178,72.275,97.35000000000001,14.700000000000003,4.2942194865969565,4.5885325448350684,1
POND,ASSAM,2017,24.5,6.0,7.1,111.5,3.15,1.2,730.0,3930.0,4.722953221644475,1.423108334242607,0.7884573603642702,8.27664912542186,6.594413459749778,2.449489742783178,77.175,351.22499999999997,29.4,4.3589499033439045,5.86427017593934,1
POND,ASSAM,2017,24.5,7.15,6.75,213.5,2.3,1.2,730.0,10680.0,5.368309738368072,1.1939224684724346,0.7884573603642702,9.276221741089696,6.594413459749778,2.6739483914241875,56.349999999999994,491.04999999999995,29.4,4.04917284357538,6.198580337344994,1
POND,ASSAM,2017,26.0,5.75,6.95,51.5,2.6,1.4500000000000002,330.0,930.0,3.960813169597578,1.2809338454620642,0.8960880245566357,6.836259277277067,5.802118375377063,2.3979157616563596,67.60000000000001,133.9,37.7,4.22829253473184,4.90453376321371,1
POND,ASSAM,2017,27.75,5.65,7.199999999999999,300.5,5.0,1.9500000000000002,1950.0,14955.0,5.70877001616724,1.791759469228055,1.0818051703517284,9.612867836097005,7.576097340623111,2.3769728648009427,138.75,1502.5,54.112500000000004,4.939855112035208,7.315551002428584,1
POND,ASSAM,2017,23.5,4.4,7.15,150.5,3.55,0.9500000000000001,880.0,1580.0,5.020585624949423,1.5151272329628591,0.6678293725756554,7.365812837209472,6.78105762593618,2.0976176963403033,83.425,534.275,22.325000000000003,4.435863566271632,6.282780633525241,1
TANK,ASSAM,2017,24.5,6.2,6.85,28.5,2.2,0.9500000000000001,460.0,1180.0,3.3843902633457743,1.1631508098056809,0.6678293725756554,7.074116816197362,6.133398042996649,2.4899799195977463,53.900000000000006,62.7,23.275000000000002,4.0055133485154855,4.154184562578117,1
LAKE,BIHAR,2017,25.5,6.7,7.550000000000001,273.5,2.45,0.025,16500.0,26500.0,5.614951260949585,1.2383742310432684,0.0246926125903715,10.184937747111391,9.711176264112805,2.588435821108957,62.475,670.075,0.6375000000000001,4.1506461275907425,6.508880904197922,1
LAKE,BIHAR,2017,26.0,7.050000000000001,7.5,732.5,2.45,0.025,8050.0,13550.0,6.597827597583036,1.2383742310432684,0.0246926125903715,9.514215624322715,8.993551586299981,2.6551836094703507,63.7,1794.6250000000002,0.65,4.169761201506855,7.493108429733554,1
POND,BIHAR,2017,26.0,7.85,7.6,544.0,2.9000000000000004,0.025,14350.0,21950.0,6.300785794663244,1.3609765531356008,0.0246926125903715,9.99656797555214,9.571574905170932,2.80178514522438,75.4,1577.6000000000001,0.65,4.335982696172475,7.3642936572743025,1
POND,BIHAR,2017,25.5,8.100000000000001,7.8,454.0,2.65,0.025,11350.0,17350.0,6.12029741895095,1.2947271675944,0.0246926125903715,9.761405420601672,9.337061124755339,2.8460498941515415,67.575,1203.1,0.6375000000000001,4.227928036823667,7.093487678898173,1
LAKE,CHANDIGARH,2017,23.0,7.3999999999999995,7.9,190.5,72.5,2.74,105001.0,270001.0,5.2548878086207,4.297285406218791,1.3190856114264407,12.506184645360484,11.561734676577304,2.7202941017470885,1667.5,13811.25,63.02,7.4196802981914285,9.533311158548798,1
LAKE,CHHATTISGARH,2017,26.0,8.9,7.45,663.0,4.5,0.235,265.0,260.0,6.498282149476434,1.7047480922384253,0.2110709700799405,5.564520407322694,5.583496308781699,2.9832867780352594,117.0,2983.5,6.109999999999999,4.770684624465665,8.001187507608705,1
POND,CHHATTISGARH,2017,26.0,6.800000000000001,7.5,663.0,4.5,0.185,265.0,460.0,6.498282149476434,1.7047480922384253,0.1697427745870945,6.133398042996649,5.583496308781699,2.6076809620810595,117.0,2983.5,4.81,4.770684624465665,8.001187507608705,1
LAKE,GOA,2017,30.5,7.2,6.949999999999999,189.5,0.75,0.08,3954.0,6501.0,5.249652194566756,0.5596157879354227,0.07696104113612832,8.779865100863852,8.282735880201754,2.6832815729997477,22.875,142.125,2.44,3.172831886366794,4.963718374308504,1
LAKE,GOA,2017,29.75,6.6000000000000005,6.6,57.5,1.35,0.415,2560.0,4730.0,4.069026754237811,0.8544153281560676,0.3471295310952009,8.461891875631148,7.848153086199526,2.569046515733026,40.1625,77.625,12.34625,3.717527647702483,4.364689715020605,1
LAKE,GOA,2017,29.75,7.6,7.050000000000001,71.5,1.2,0.215,69.0,271.0,4.283586561860629,0.7884573603642702,0.1947440767925118,5.605802066295998,4.248495242049359,2.756809750418044,35.699999999999996,85.8,6.39625,3.6027767550605243,4.463606621666305,1
LAKE,GOA,2017,30.15,4.7,7.15,211.0,3.3,1.23,4340.0,6050.0,5.356586274672012,1.4586150226995167,0.8020015854720274,8.707978826622321,8.375860015299594,2.16794833886788,99.49499999999999,696.3,37.0845,4.610107975017715,6.547215734226965,1
LAKE,GOA,2017,28.15,5.65,7.050000000000001,149.0,3.05,0.62,4005.0,11070.0,5.0106352940962555,1.3987168811184478,0.4824261492442927,9.312084355859467,8.295548516225763,2.3769728648009427,85.85749999999999,454.45,17.453,4.464268844744505,6.121285941190819,1
LAKE,GOA,2017,31.5,6.949999999999999,6.8,244.5,5.45,0.095,12100.0,17725.0,5.503296947234575,1.864080130807681,0.09075436326846414,9.782787767298343,9.401043372798053,2.6362852652928135,171.675,1332.525,2.9925,5.151411214975036,7.195581091102877,1
LAKE,GOA,2017,28.75,3.9,7.1,334.5,6.55,5.785,44500.0,73000.0,5.815621956411737,2.0215475632609334,1.9147142932868324,11.19822841866684,10.703266939811954,1.9748417658131499,188.3125,2190.975,166.31875,5.243399088787456,7.692558242893378,1
LAKE,GOA,2017,31.5,6.25,6.6,336.0,5.65,0.74,4015.0,6615.0,5.820082930352362,1.8946168546677629,0.5538851132264376,8.797246236703527,8.298041661371565,2.5,177.97500000000002,1898.4,23.31,5.187246131282249,7.549293325808852,1
LAKE,GUJARAT,2017,31.5,7.9,8.75,2893.5,58.5,0.3,28.5,294.0,7.970567663519059,4.085976312551584,0.262364264467491,5.68697535633982,3.3843902633457743,2.8106938645110393,1842.75,169269.75,9.45,7.5195568200881295,12.03925478296437,1
LAKE,GUJARAT,2017,27.5,5.35,8.15,446.0,18.0,0.3,49.5,299.0,6.102558594613569,2.9444389791664403,0.262364264467491,5.703782474656201,3.9219733362813143,2.3130067012440754,495.0,8028.0,8.25,6.206575926724928,8.990815266184685,1
LAKE,GUJARAT,2017,26.0,8.25,7.85,286.5,0.6000000000000001,0.47000000000000003,3.0,12.5,5.661222860237405,0.47000362924573563,0.38526240079064494,2.6026896854443837,1.3862943611198906,2.8722813232690143,15.600000000000001,171.90000000000003,12.22,2.8094026953624978,5.152713392689245,1
LAKE,GUJARAT,2017,28.5,3.55,7.35,3175.0,1.65,0.5900000000000001,15.0,37.0,8.063377822367027,0.9745596399981308,0.4637340162321402,3.6375861597263857,2.772588722239781,1.8841443681416772,47.025,5238.75,16.815,3.8717217086546203,8.56402906625327,1
LAKE,GUJARAT,2017,29.5,6.2,7.800000000000001,1568.5,72.5,3.2550000000000003,26.5,46.5,7.358512376282008,4.297285406218791,1.4480947620253377,3.8607297110405954,3.3141860046725258,2.4899799195977463,2138.75,113716.25,96.02250000000001,7.668444278761719,11.641470383270642,1
LAKE,GUJARAT,2017,25.5,5.65,7.7,640.0,7.45,0.195,5.5,13.0,6.46302945692067,2.134166441369082,0.178146185383474,2.6390573296152584,1.8718021769015913,2.3769728648009427,189.975,4768.0,4.9725,5.252142529427424,8.469891918298224,1
LAKE,GUJARAT,2017,24.0,10.35,7.35,1170.0,55.55,0.18,7.5,18.0,7.065613363597717,4.03512520256213,0.16551443847757338,2.9444389791664403,2.1400661634962708,3.2171415884290826,1333.1999999999998,64993.5,4.32,7.196087140275415,11.082057929913075,1
LAKE,GUJARAT,2017,29.5,5.65,8.1,123.0,0.75,0.28,4.0,16.0,4.820281565605037,0.5596157879354227,0.2468600779315258,2.833213344056216,1.6094379124341003,2.3769728648009427,22.125,92.25,8.260000000000002,3.140914283398489,4.535284058523925,1
LAKE,GUJARAT,2017,28.5,7.199999999999999,7.9,338.0,2.1,0.06,4.5,17.5,5.82600010738045,1.1314021114911006,0.05826890812397577,2.917770732084279,1.7047480922384253,2.6832815729997477,59.85,709.8000000000001,1.71,4.108411819433536,6.566391096280497,1
LAKE,GUJARAT,2017,28.5,7.45,8.3,999.5,1.1,0.165,15.5,37.5,6.908255154023788,0.7419373447293773,0.1527210870176639,3.6506582412937387,2.803360380906535,2.7294688127912363,31.35,1099.45,4.702500000000001,3.4766140209469096,7.003474466040681,1
LAKE,GUJARAT,2017,30.0,6.75,7.75,388.0,1.45,0.46,45.5,79.0,5.963579343618446,0.8960880245566356,0.3784364357202451,4.382026634673881,3.8394523125933104,2.598076211353316,43.5,562.6,13.8,3.7954891891721947,6.334344780024526,1
LAKE,GUJARAT,2017,26.0,6.7,7.5,699.5,2.95,0.085,7.0,14.0,6.551794365777062,1.3737155789130306,0.08157998699242289,2.70805020110221,2.0794415416798357,2.588435821108957,76.7,2063.525,2.21,4.3528552573736015,7.632655454722431,1
LAKE,GUJARAT,2017,30.0,6.55,7.8,1357.0,2.2,0.345,2.0,2.0,7.213768308118642,1.1631508098056809,0.2963940130538024,1.0986122886681098,1.0986122886681098,2.5592967784139455,66.0,2985.4,10.35,4.204692619390966,8.001823927600373,1
LAKE,GUJARAT,2017,30.5,10.35,7.75,473.0,1.7000000000000002,0.45,15.0,40.5,6.161207321695077,0.9932517730102834,0.37156355643248307,3.7256934272366524,2.772588722239781,3.2171415884290826,51.85000000000001,804.1000000000001,13.725,3.967457712316247,6.690966493305935,1
LAKE,GUJARAT,2017,28.5,3.8000000000000003,7.6,1828.5,5.85,6.255000000000001,6.5,15.5,7.511797984459261,1.9242486522741338,1.9816908863361513,2.803360380906535,2.0149030205422647,1.949358868961793,166.725,10696.724999999999,178.2675,5.122325733448951,9.277786381021407,1
LAKE,GUJARAT,2017,28.0,5.55,8.75,2728.0,37.0,0.265,16.0,98.0,7.911690520708339,3.6375861597263857,0.23507212217948356,4.59511985013459,2.833213344056216,2.355843797877949,1036.0,100936.0,7.42,6.9440872082295275,11.522251838826472,1
LAKE,GUJARAT,2017,28.0,3.6500000000000004,8.05,729.0,4.6,0.29,9.5,30.5,6.593044534142437,1.7227665977411035,0.2546422183735807,3.449987545831587,2.3513752571634776,1.91049731745428,128.79999999999998,3353.3999999999996,8.12,4.86599480426999,8.118028195856553,1
POND,GUJARAT,2017,29.5,6.05,7.6,716.5,1.55,0.06,37.0,135.5,6.5757729476337765,0.9360933591703349,0.05826890812397577,4.916324614625014,3.6375861597263857,2.4596747752497685,45.725,1110.575,1.77,3.8442793533416264,7.013533207511088,1
POND,GUJARAT,2017,28.0,6.7,6.6,439.0,1.5999999999999999,0.06,279.5,291.5,6.0867747269123065,0.9555114450274363,0.05826890812397577,5.678464666671911,5.636573724962751,2.588435821108957,44.8,702.4,1.68,3.824284091120139,6.555925720039882,1
TANK,GUJARAT,2017,28.0,7.1,7.8500000000000005,321.5,17.5,28.25,36.0,90.5,5.776103136235827,2.917770732084279,3.3758795736778655,4.516338972281476,3.6109179126442243,2.6645825188948455,490.0,5626.25,791.0,6.19644412779452,8.635376147093949,1
LAKE,HARYANA,2017,26.0,7.25,7.8500000000000005,361.0,1.7999999999999998,0.025,960.0,4620.0,5.8916442118257715,1.0296194171811581,0.0246926125903715,8.438366410870266,6.8679744089702925,2.692582403567252,46.8,649.8,0.65,3.86702563949741,6.478202375344883,1
LAKE,HARYANA,2017,26.0,7.300000000000001,7.6499999999999995,423.5,3.7,0.025,700.0,3640.0,6.050912005751402,1.547562508716013,0.0246926125903715,8.200013648175434,6.55250788703459,2.701851217221259,96.2,1566.95,0.65,4.576770711466393,7.3575243126468255,1
LAKE,HIMACHAL PRADESH,2017,17.0,8.8,8.0,374.0,0.6000000000000001,0.53,73.5,570.0,5.926926025970411,0.47000362924573563,0.4252677354043441,6.3473892096560105,4.310799125385514,2.9664793948382653,10.200000000000001,224.40000000000003,9.01,2.415913778301049,5.417876601605676,1
LAKE,HIMACHAL PRADESH,2017,16.75,7.4,7.9,262.0,0.6000000000000001,0.745,9.0,225.0,5.572154032177765,0.47000362924573563,0.5567545556543905,5.420534999272286,2.302585092994046,2.7202941017470885,10.05,157.20000000000002,12.47875,2.402430427963762,5.063860055333554,1
LAKE,HIMACHAL PRADESH,2017,18.5,6.5,7.2,802.5,1.9,0.495,56.0,48.0,6.688977185177567,1.0647107369924282,0.40212620684264977,3.8918202981106265,4.04305126783455,2.5495097567963922,35.15,1524.75,9.1575,3.5876769486047735,7.330241371424604,1
LAKE,HIMACHAL PRADESH,2017,21.0,7.15,7.699999999999999,239.0,12.0,0.895,152.0,1070.0,5.480638923341991,2.5649493574615367,0.6392188385343897,6.976348070447749,5.030437921392435,2.6739483914241875,252.0,2868.0,18.795,5.53338948872752,7.9617188159813645,1
LAKE,HIMACHAL PRADESH,2017,14.0,6.1,7.25,101.0,5.4,0.765,27.5,745.0,4.624972813284271,1.8562979903656263,0.56815069038526,6.61472560020376,3.349904087274605,2.4698178070456938,75.60000000000001,545.4000000000001,10.71,4.338597076746546,6.30335130825658,1
LAKE,KARNATAKA,2017,31.5,7.0,8.350000000000001,538.0,5.5,1.275,39665.0,271545.0,6.289715570908998,1.8718021769015913,0.8219800524029137,12.511886833102244,10.588249676561633,2.6457513110645907,173.25,2959.0,40.162499999999994,5.160491049640633,7.992944547318106,1
LAKE,KARNATAKA,2017,25.0,5.2,8.0,1046.0,3.85,3.02,1015.0,4200.0,6.953684210870537,1.5789787049493917,1.3912819026309295,8.343077871169383,6.923628628138427,2.280350850198276,96.25,4027.1,75.5,4.577284982498556,8.301050079746773,1
LAKE,KARNATAKA,2017,26.5,3.9,7.8,1871.5,15.65,0.74,1850.0,5850.0,7.535029715391374,2.8124102164264526,0.5538851132264376,8.674367865788236,7.523481312573497,1.9748417658131499,414.725,29288.975000000002,19.61,6.030023983973978,10.285000586287786,1
LAKE,KARNATAKA,2017,28.0,6.35,8.45,738.0,6.5,0.44000000000000006,1310.0,5450.0,6.6052979209482015,2.0149030205422647,0.3646431135879093,8.603554357064281,7.1785454837637,2.5199206336708304,182.0,4797.0,12.320000000000002,5.209486152841421,8.47595444339964,1
LAKE,KARNATAKA,2017,27.0,2.1500000000000004,7.8,964.0,17.2,2.165,3000.0,7350.0,6.872128101338986,2.9014215940827497,1.1521530555961395,8.902591637374087,8.006700845440367,1.466287829861518,464.4,16580.8,58.455,6.142897250868192,9.716060987332169,1
LAKE,KARNATAKA,2017,29.5,2.3,7.9,987.0,17.6,1.92,2200.0,7350.0,6.895682697747868,2.9231615807191558,1.0715836162801904,8.902591637374087,7.696667081526462,1.51657508881031,519.2,17371.2,56.64,6.254213353014551,9.762626506367626,1
LAKE,KARNATAKA,2017,28.0,4.55,8.5,822.0,9.9,0.39,1615.0,5500.0,6.71295620067707,2.388762789235098,0.3293037471426004,8.612685172875459,7.38770923908104,2.1330729007701543,277.2,8137.8,10.92,5.6283402794893425,9.004398027981749,1
LAKE,KARNATAKA,2017,28.0,5.1,8.55,789.0,7.4,0.42,1510.0,5450.0,6.672032945461067,2.128231705849268,0.3506568716131694,8.603554357064281,7.32052696227274,2.258317958127243,207.20000000000002,5838.6,11.76,5.338499156180869,8.672417580325824,1
LAKE,KARNATAKA,2017,23.5,5.95,7.05,441.0,4.5,4.095,2555.0,11910.0,6.091309882077698,1.7047480922384253,1.628259666674688,9.385217621880901,7.846198815497425,2.4392621835300936,105.75,1984.5,96.23249999999999,4.670489652108734,7.593626050571306,1
LAKE,KARNATAKA,2017,28.0,4.35,7.25,457.0,13.5,2.44,245395.0,546740.0,6.126869184114185,2.6741486494265287,1.235471471385307,13.211730477498183,12.410628511207603,2.085665361461421,378.0,6169.5,68.32,5.937536205082426,8.727535150893239,1
LAKE,KARNATAKA,2017,31.5,7.0,8.100000000000001,498.0,5.5,1.205,39635.0,271545.0,6.212606095751519,1.8718021769015913,0.7907275088988094,12.511886833102244,10.58749307517879,2.6457513110645907,173.25,2739.0,37.9575,5.160491049640633,7.9157131993821155,1
LAKE,KARNATAKA,2017,29.5,4.0,7.05,3188.5,34.3,6.85,170500.0,1794500.0,8.06761944368201,3.563882963939251,2.060513531794317,14.400237546827933,12.046496440791149,2.0,1011.8499999999999,109365.54999999999,202.075,6.920523418259815,11.602460363532572,1
LAKE,KARNATAKA,2017,30.5,3.35,8.75,1269.0,24.5,5.55,1779500.0,8774000.0,7.146772179452637,3.2386784521643803,1.8794650496471605,15.987303474681392,14.391843545887832,1.8303005217723127,747.25,31090.5,169.275,6.617737146732808,10.344689748913716,1
LAKE,KARNATAKA,2017,29.0,4.0,7.6,1549.5,25.0,2.625,651100.0,1747050.0,7.346332738540504,3.258096538021482,1.2878542883066382,14.373439781592207,13.38642005508616,2.0,725.0,38737.5,76.125,6.587550014824796,10.56458921654177,1
LAKE,KARNATAKA,2017,28.0,5.449999999999999,8.1,803.5,7.0,1.48,245165.0,706740.0,6.690220966432438,2.0794415416798357,0.9082585601768908,13.468419541127389,12.40969081111321,2.33452350598575,196.0,5624.5,41.44,5.2832037287379885,8.635065112011127,1
LAKE,KARNATAKA,2017,28.0,5.75,8.0,1052.0,6.5,1.5,105245.0,876740.0,6.959398512133975,2.0149030205422647,0.9162907318741551,13.68396690276582,11.564055746071835,2.3979157616563596,182.0,6838.0,42.0,5.209486152841421,8.830396801098097,1
LAKE,KARNATAKA,2017,29.0,5.75,7.1,1081.0,45.0,2.0,2700.0,14100.0,6.9865664594064265,3.828641396489095,1.0986122886681098,9.55400099583723,7.901377353792616,2.3979157616563596,1305.0,48645.0,58.0,7.174724309836376,10.792324864295571,1
LAKE,KARNATAKA,2017,28.5,3.95,7.4,1158.5,8.25,8.0,396350.0,2727400.0,7.055744156695586,2.224623551524334,2.1972245773362196,14.81885969905536,12.8900554612847,1.9874606914351791,235.125,9557.625,228.0,5.464361325821674,9.165199167249261,1
LAKE,KARNATAKA,2017,28.0,4.0,7.7,1185.0,8.3,1.65,860700.0,2718600.0,7.078341579557671,2.2300144001592104,0.9745596399981308,14.815627967719603,13.6655024524819,2.0,232.40000000000003,9835.5,46.199999999999996,5.452753719852455,9.19385523571632,1
LAKE,KARNATAKA,2017,29.0,4.6,7.6,782.0,12.45,5.37,166650.0,550450.0,6.663132695990803,2.598979106047848,1.851599469584072,13.21849322119233,12.023657084317943,2.1447610589527217,361.04999999999995,9735.9,155.73,5.891782323834829,9.18367807082229,1
LAKE,KARNATAKA,2017,27.15,3.85,7.75,875.0,10.5,1.85,60700.0,862710.0,6.775366090936392,2.4423470353692043,1.0473189942805592,13.667835035649894,11.013715451376466,1.9621416870348585,285.075,9187.5,50.2275,5.656254014203778,9.125707981135479,1
LAKE,KARNATAKA,2017,27.05,5.1,7.4,802.0,7.5,2.15,395350.0,861105.0,6.688354713946762,2.1400661634962708,1.1474024528375417,13.665972888491824,12.8875292569002,2.258317958127243,202.875,6015.0,58.1575,5.317507060941178,8.702177865629675,1
LAKE,KARNATAKA,2017,27.0,5.95,7.55,1064.0,6.25,7.65,245135.0,861105.0,6.970730078143525,1.9810014688665833,2.157559320943788,13.665972888491824,12.409568437555535,2.4392621835300936,168.75,6650.0,206.55,5.1343267664388055,8.802522498284421,1
LAKE,KARNATAKA,2017,27.1,4.55,7.6,927.0,72.5,4.5,396650.0,2715450.0,6.833031732786201,4.297285406218791,1.7047480922384253,14.814468611735219,12.890812079841304,2.1330729007701543,1964.75,67207.5,121.95,7.583629130871626,11.115555006607535,1
LAKE,KARNATAKA,2017,28.5,3.1,6.9,1414.0,72.5,6.04,1660500.0,4010000.0,7.254884810077338,4.297285406218791,1.951608170169951,15.20430204865928,14.322629922027001,1.760681686165901,2066.25,102515.0,172.14000000000001,7.633974500602276,11.53777416293962,1
LAKE,KARNATAKA,2017,28.5,6.85,7.3,976.0,7.0,4.83,350850.0,710450.0,6.884486652042782,2.0794415416798357,1.763017000362401,13.47365525862382,12.768116910897264,2.6172504656604803,199.5,6832.0,137.655,5.300814246746624,8.829519094780778,1
LAKE,KARNATAKA,2017,30.0,6.75,8.2,1185.5,14.0,5.96,245850.0,2713950.0,7.078763075875818,2.70805020110221,1.9401794743463283,14.81391606468191,12.412480940352658,2.598076211353316,420.0,16597.0,178.8,6.042632833682381,9.717037485158393,1
LAKE,KARNATAKA,2017,29.0,4.45,7.95,1622.0,20.25,3.59,39555.0,65600.0,7.392031567514591,3.056356895370426,1.5238800240724537,11.091346218718432,10.585472668389881,2.1095023109728985,587.25,32845.5,104.11,6.377152027607472,10.39960047333538,1
LAKE,KARNATAKA,2017,29.0,3.7,8.0,1008.5,14.0,2.675,7110.0,272740.0,6.9172104377528925,2.70805020110221,1.3015531326648,12.516277905900667,8.869398159883518,1.9235384061671346,406.0,14119.0,77.57499999999999,6.008813185442595,9.555347511047232,1
LAKE,KARNATAKA,2017,24.5,6.75,7.35,564.0,3.5,0.975,2045.0,10340.0,6.336825731146441,1.5040773967762742,0.6805683983530851,9.243871855184976,7.6236419465115715,2.598076211353316,85.75,1974.0,23.8875,4.4630304188269685,7.5883236773352225,1
LAKE,KARNATAKA,2017,24.5,6.5,6.9,155.0,3.0,3.05,2695.0,28840.0,5.049856007249537,1.3862943611198906,1.3987168811184478,10.269553264861555,7.899524472032198,2.5495097567963922,73.5,465.0,74.725,4.310799125385514,6.144185634125646,1
LAKE,KARNATAKA,2017,27.5,6.550000000000001,7.4,198.5,3.0,1.085,4035.0,17945.0,5.295814236329918,1.3862943611198906,0.7347688552507647,9.795122527858004,8.3030093814735,2.5592967784139455,82.5,595.5,29.8375,4.42484663185681,6.3910792415379705,1
TANK,KARNATAKA,2017,27.0,7.2,7.6,507.5,4.5,0.095,1020.0,2050.0,6.2314652154886145,1.7047480922384253,0.09075436326846414,7.62608275807238,6.928537818164665,2.6832815729997477,121.5,2283.75,2.565,4.808111029984782,7.734011888152311,1
TANK,KARNATAKA,2017,29.0,7.199999999999999,8.75,2138.5,4.5,0.195,5000.0,9600.0,7.668327435856871,1.7047480922384253,0.178146185383474,9.169622538697624,8.517393171418904,2.6832815729997477,130.5,9623.25,5.655,4.879006851617819,9.17204123404198,1
TANK,KARNATAKA,2017,27.0,7.1,7.75,594.5,4.5,0.095,1120.0,3650.0,6.3894013887953545,1.7047480922384253,0.09075436326846414,8.202756381655638,7.02197642307216,2.6645825188948455,121.5,2675.25,2.565,4.808111029984782,7.8921718399038925,1
TANK,KARNATAKA,2017,30.0,6.5,7.15,211.5,2.0,1.24,176.0,802.5,5.358941988364472,1.0986122886681098,0.8064758658669484,6.688977185177567,5.176149732573829,2.5495097567963922,60.0,423.0,37.2,4.110873864173311,6.049733455231958,1
TANK,KARNATAKA,2017,26.5,6.1,7.85,688.0,6.0,1.94,1200.0,5150.0,6.535241271013659,1.9459101490553132,1.0784095813505903,8.546946149565585,7.0909098220799835,2.4698178070456938,159.0,4128.0,51.41,5.075173815233827,8.32579052588609,1
TANK,KARNATAKA,2017,28.5,5.35,7.7,841.0,8.75,5.5,245700.0,656500.0,6.7357800142423265,2.277267285009756,1.8718021769015913,13.394679495953074,12.411870628505058,2.3130067012440754,249.375,7358.75,156.75,5.522959793985982,8.903781243754713,1
TANK,KARNATAKA,2017,27.5,8.75,7.35,540.5,6.5,2.62,470245.0,1106200.0,6.294343066441045,2.0149030205422647,1.2864740258376797,13.916442180537967,13.06101124101333,2.958039891549808,178.75,3513.25,72.05,5.191566996601156,8.164581410211875,1
TANK,KARNATAKA,2017,26.5,6.25,7.3999999999999995,547.5,6.5,1.75,9800.0,276450.0,6.307187279715285,2.0149030205422647,1.0116009116784799,12.529788869050186,9.19023970026918,2.5,172.25,3558.75,46.375,5.1547356380700124,8.177445596661103,1
TANK,KARNATAKA,2017,31.5,6.95,7.1,558.5,9.0,8.4,24665.0,174350.0,6.32704352775198,2.302585092994046,2.2407096892759584,12.06882578767668,10.113181056125933,2.6362852652928135,283.5,5026.5,264.6,5.6507332535663855,8.522678121646807,1
TANK,KARNATAKA,2017,26.0,5.8,7.45,950.0,4.5,2.17,15150.0,99900.0,6.85751406254539,1.7047480922384253,1.1537315878891892,11.511934974596555,9.625821815359835,2.4083189157584592,117.0,4275.0,56.42,4.770684624465665,8.360773272144936,1
TANK,KARNATAKA,2017,26.5,4.75,7.35,828.5,3.5,2.495,24100.0,276450.0,6.7208231096305,1.5040773967762742,1.2513333756857736,12.529788869050186,10.090008612393838,2.179449471770337,92.75,2899.75,66.1175,4.54063166485052,7.972724603227655,1
TANK,KARNATAKA,2017,27.0,6.6,7.75,1029.0,72.5,5.0,110115.0,862710.0,6.937314081223682,4.297285406218791,1.791759469228055,13.667835035649894,11.60928963458664,2.569046515733026,1957.5,74602.5,135.0,7.579934153105886,11.21994270198137,1
TANK,KARNATAKA,2017,29.5,3.7,7.2,3196.0,65.0,7.51,245165.0,1105705.0,8.069968149059841,4.189654742026425,2.1412419425852827,13.915994602942469,12.40969081111321,1.9235384061671346,1917.5,207740.0,221.545,7.559298909687007,12.244047390479661,1
TANK,KARNATAKA,2017,27.0,4.65,7.35,1994.0,16.0,2.5250000000000004,200500.0,2749500.0,7.598399329323964,2.833213344056216,1.2598804362642322,14.826929998632432,12.208574513247495,2.1563858652847827,432.0,31904.0,68.17500000000001,6.07073772800249,10.370518016302448,1
TANK,KARNATAKA,2017,27.0,9.05,7.85,865.5,10.5,1.065,85165.0,545395.0,6.7644621091556605,2.4423470353692043,0.7251302264129961,13.20926741529999,11.3523575721385,3.0083217912982647,283.5,9087.75,28.755,5.6507332535663855,9.114792663964266,1
TANK,KARNATAKA,2017,27.1,6.75,7.25,1062.5,23.5,1.59,651050.0,1744700.0,6.969320634640292,3.1986731175506815,0.9516578757114464,14.372093752232269,13.386343259136034,2.598076211353316,636.85,24968.75,43.089000000000006,6.458103145984299,10.12542037120928,1
TANK,KARNATAKA,2017,31.5,7.05,7.15,1013.5,5.5,4.244999999999999,24895.0,72240.0,6.922151159265869,1.8718021769015913,1.6572752418482604,11.187763030741458,10.122462426978117,2.6551836094703507,173.25,5574.25,133.71749999999997,5.160491049640633,8.626092438372227,1
TANK,KARNATAKA,2017,25.0,6.800000000000001,7.45,1047.5,16.5,5.76,245130.0,1751000.0,6.955115850341975,2.8622008809294686,1.9110228900548727,14.375698182370053,12.409548040506579,2.6076809620810595,412.5,17283.75,144.0,6.024657514463746,9.75757988884355,1
TANK,KARNATAKA,2017,30.0,6.1000000000000005,7.8,1011.5,13.5,3.88,86245.0,271395.0,6.920177798980694,2.6741486494265287,1.5851452198650557,12.51133428788078,11.364958957006575,2.4698178070456938,405.0,13655.25,116.39999999999999,6.0063531596017325,9.521952571278002,1
TANK,KARNATAKA,2017,25.0,6.5,7.3,1167.0,7.0,1.005,110850.0,548950.0,7.0630481633881725,2.0794415416798357,0.6956440607585325,13.21576446332075,11.615942236203587,2.5495097567963922,175.0,8169.0,25.124999999999996,5.170483995038151,9.008224187854049,1
TANK,KARNATAKA,2017,30.0,6.6,7.3,558.5,41.5,2.85,165085.0,397710.0,6.32704352775198,3.7495040759303713,1.3480731482996928,12.893480889852755,12.014221829220071,2.569046515733026,1245.0,23177.75,85.5,7.1276936993473985,10.050991189641593,1
TANK,KARNATAKA,2017,27.4,3.95,7.5,1154.5,11.8,9.7,858500.0,4004500.0,7.0522884297144355,2.5494451709255714,2.3702437414678603,15.202929536464909,13.662943124141353,1.9874606914351791,323.32,13623.1,265.78,5.78173068270369,9.519595562303843,1
TANK,KARNATAKA,2017,24.5,6.1499999999999995,7.35,284.5,3.5,1.085,178000.0,631000.0,5.654242029096065,1.5040773967762742,0.7347688552507647,13.355062726308148,12.08954444723597,2.479919353527449,85.75,995.75,26.5825,4.4630304188269685,6.904499986261464,1
TANK,KARNATAKA,2017,31.5,0.6,6.8,3030.0,72.5,6.0,40000.0,278000.0,8.016647877057803,4.297285406218791,1.9459101490553132,12.535379989788607,10.596659732783579,0.7745966692414834,2283.75,219675.0,189.0,7.734011888152311,12.299909012533039,1
TANK,KARNATAKA,2017,29.25,5.8999999999999995,7.65,802.0,70.5,3.15,470110.0,1725650.0,6.688354713946762,4.269697449699962,1.423108334242607,14.361114928557758,13.060724116015212,2.4289915602982237,2062.125,56541.0,92.1375,7.631977102607458,10.94273900380909,1
TANK,KARNATAKA,2017,29.55,7.4,7.9,673.5,29.0,3.675,165070.0,350545.0,6.51397167564781,3.4011973816621555,1.5422291627406504,12.76724721792959,12.014130963359221,2.7202941017470885,856.95,19531.5,108.59625,6.75454582273163,9.8798350238709,1
TANK,KARNATAKA,2017,27.0,6.199999999999999,7.65,389.5,4.0,2.39,7135.0,20110.0,5.967427969279741,1.6094379124341003,1.220829921392359,9.909022208034603,8.872907674259846,2.4899799195977463,108.0,1558.0,64.53,4.6913478822291435,7.351799869057777,1
TANK,KARNATAKA,2017,27.5,3.6,7.6,1592.0,28.5,9.965,55050.0,274950.0,7.373374309910049,3.3843902633457743,2.3947083818698514,12.524348178954261,10.916015307290108,1.8973665961010275,783.75,45372.0,274.0375,6.665365195722063,10.72267249346074,1
TANK,KARNATAKA,2017,27.5,3.6999999999999997,7.25,1509.0,48.0,10.940000000000001,165700.0,355450.0,7.31986492980897,3.8918202981106265,2.4798941079644563,12.78114268468888,12.017940238399461,1.9235384061671343,1320.0,72432.0,300.85,7.186144304522325,11.19041727563301,1
TANK,KARNATAKA,2017,28.5,6.1,7.15,442.5,4.0,2.0,5695.0,17795.0,6.094697801749634,1.6094379124341003,1.0986122886681098,9.786728991925932,8.647519453091812,2.4698178070456938,114.0,1770.0,57.0,4.74493212836325,7.479299637782834,1
TANK,KARNATAKA,2017,29.0,4.75,7.15,2937.5,30.5,4.135,39605.0,272200.0,7.985654526052705,3.449987545831587,1.6360798433805215,12.514296042962041,10.586735900916826,2.179449471770337,884.5,89593.75,119.91499999999999,6.786152457222888,11.403052003496342,1
TANK,KARNATAKA,2017,27.0,8.45,8.55,655.0,4.5,0.4,3695.0,13050.0,6.486160788944089,1.7047480922384253,0.33647223662121295,9.476620038167528,8.215006432761575,2.9068883707497264,121.5,2947.5,10.8,4.808111029984782,7.989051845440559,1
TANK,KARNATAKA,2017,27.5,7.85,8.5,625.0,5.1,0.34500000000000003,5970.0,18900.0,6.439350371100098,1.8082887711792655,0.2963940130538025,9.846970109700957,8.694669696546992,2.80178514522438,140.25,3187.5,9.4875,4.9505313700265505,8.067305865755326,1
TANK,KARNATAKA,2017,26.5,7.300000000000001,8.25,1025.0,4.0,0.25,685.0,4100.0,6.933423025730715,1.6094379124341003,0.22314355131420976,8.31898612539206,6.530877627725885,2.701851217221259,106.0,4100.0,6.625,4.672828834461906,8.31898612539206,1
TANK,KARNATAKA,2017,25.0,5.3,7.8,465.0,3.0,0.15000000000000002,330.0,2500.0,6.144185634125646,1.3862943611198906,0.1397619423751587,7.824445930877619,5.802118375377063,2.3021728866442674,75.0,1395.0,3.7500000000000004,4.330733340286331,7.241366283322318,1
TANK,KARNATAKA,2017,28.0,6.6,8.0,1501.0,17.0,0.025,620.0,2050.0,7.31455283232408,2.8903717578961645,0.0246926125903715,7.62608275807238,6.431331081933479,2.569046515733026,476.0,25517.0,0.7000000000000001,6.1675164908883415,10.147139364481689,1
TANK,KARNATAKA,2017,29.5,8.2,7.9,920.0,19.75,1.71,955.0,1685.0,6.825460036255307,3.0325462466767075,0.9969486348916096,7.430114138561801,6.862757913051401,2.8635642126552705,582.625,18170.0,50.445,6.3692586532911015,9.807582195649056,1
TANK,KARNATAKA,2017,30.0,7.050000000000001,7.75,460.0,2.2,0.885,2950.0,5300.0,6.133398042996649,1.1631508098056809,0.6339278208999741,8.575650760987806,7.989899374942939,2.6551836094703507,66.0,1012.0000000000001,26.55,4.204692619390966,6.920671504248683,1
TANK,KARNATAKA,2017,28.0,4.9,7.8,3090.0,28.9,1.44,5400.0,9600.0,8.036249942132116,3.3978584803966405,0.8919980393051105,9.169622538697624,8.594339400592892,2.2135943621178655,809.1999999999999,89301.0,40.32,6.69728113076859,11.399779163030368,1
TANK,KARNATAKA,2017,28.5,8.1,8.6,3100.0,9.2,3.09,2780.0,5300.0,8.03947991910045,2.322387720290225,1.4085449700547104,8.575650760987806,7.930565854233965,2.8460498941515415,262.2,28519.999999999996,88.065,5.572914199451162,10.25839593702714,1
TANK,KARNATAKA,2017,26.0,3.6500000000000004,7.55,1370.0,72.5,3.26,587.5,1800.0,7.223295679562314,4.297285406218791,1.449269160281279,7.496097345175956,6.377576926700331,1.91049731745428,1885.0,99325.0,84.75999999999999,7.542213463193403,11.50616264859084,1
TANK,KARNATAKA,2017,27.0,7.25,8.65,1212.5,4.85,2.005,310.0,987.5,7.101264025166656,1.766441661243765,1.1002775679871708,6.896188642610672,5.739792912179234,2.692582403567252,130.95,5880.625,54.135,4.882423062949333,8.67958836325635,1
TANK,KARNATAKA,2017,27.0,6.35,8.1,1645.0,9.25,1.72,285.0,955.0,7.406103381237015,2.327277705584417,1.000631880307906,6.862757913051401,5.655991810819852,2.5199206336708304,249.75,15216.25,46.44,5.524456426842045,9.630184931779048,1
TANK,KARNATAKA,2017,27.5,7.3,7.85,675.0,4.9,1.09,73.5,215.0,6.516193076042964,1.7749523509116738,0.7371640659767197,5.375278407684165,4.310799125385514,2.701851217221259,134.75,3307.5000000000005,29.975,4.910814958814044,8.104250193452115,1
TANK,KARNATAKA,2017,26.5,6.5,8.3,1115.0,6.0,1.37,200.0,970.0,7.017506142941256,1.9459101490553132,0.8628899551470398,6.878326468291325,5.303304908059076,2.5495097567963922,159.0,6690.0,36.305,5.075173815233827,8.808518618782816,1
TANK,KARNATAKA,2017,27.5,6.949999999999999,8.35,962.0,6.25,1.425,287.5,970.0,6.870053411798126,1.9810014688665833,0.8858315243894466,6.878326468291325,5.664695085948154,2.6362852652928135,171.875,6012.5,39.1875,5.152568789984922,8.701762220750672,1
TANK,KARNATAKA,2017,26.5,6.2,7.949999999999999,1004.0,9.2,1.875,515.0,1175.0,6.912742820493176,2.322387720290225,1.0560526742493137,7.069874128458572,6.246106765481563,2.4899799195977463,243.79999999999998,9236.8,49.6875,5.500441550638171,9.131059041048463,1
TANK,KARNATAKA,2017,27.5,6.949999999999999,8.05,1631.5,5.8,2.5549999999999997,855.0,1075.0,7.397867861150586,1.916922612182061,1.268355063255204,6.98100574072173,6.752270376141742,2.6362852652928135,159.5,9462.699999999999,70.26249999999999,5.07829394257007,9.155218706085636,1
TANK,KARNATAKA,2017,27.5,6.7,7.75,125.0,2.5,0.6,675.0,1570.0,4.836281906951478,1.252762968495368,0.4700036292457356,7.359467638255621,6.516193076042964,2.588435821108957,68.75,312.5,16.5,4.244917420701475,5.7477993600729755,1
TANK,KARNATAKA,2017,27.5,6.5,7.75,205.0,2.65,0.7,280.0,885.0,5.327876168789581,1.2947271675944,0.5306282510621704,6.786716950605081,5.638354669333745,2.5495097567963922,72.875,543.25,19.25,4.302374475726262,6.299408700114657,1
TANK,KARNATAKA,2017,27.5,5.75,7.9,900.0,58.5,3.15,50600.0,91700.0,6.803505257608338,4.085976312551584,1.423108334242607,11.426288563310505,10.831726617926124,2.3979157616563596,1608.75,52650.0,86.625,7.383834166418293,10.871440510734077,1
TANK,KARNATAKA,2017,30.0,6.55,7.95,167.0,3.25,0.175,1330.0,3200.0,5.123963979403259,1.4469189829363254,0.16126814759612226,8.071218539969863,7.193685818395112,2.5592967784139455,97.5,542.75,5.25,4.590056548178043,6.298489582402894,1
TANK,KARNATAKA,2017,26.0,6.199999999999999,7.4,215.0,4.15,0.095,4900.0,9200.0,5.375278407684165,1.6389967146756448,0.09075436326846414,9.127067452782361,8.497194544909547,2.4899799195977463,107.9,892.2500000000001,2.47,4.690430029938915,6.794866496903519,1
TANK,KARNATAKA,2017,27.5,5.5,8.15,1230.0,72.5,2.4,472000.0,845000.0,7.115582126184454,4.297285406218791,1.2237754316221157,13.647093089770562,13.064736383209516,2.345207879911715,1993.75,89175.0,66.0,7.59827400818839,11.39836722406946,1
TANK,KARNATAKA,2017,25.75,3.7,8.0,420.0,7.0,0.965,3050.0,6000.0,6.042632833682381,2.0794415416798357,0.6754922453212246,8.699681400989514,8.02322468471667,1.9235384061671346,180.25,2940.0,24.84875,5.199877293734784,7.9865049385539955,1
LAKE,KERALA,2017,31.5,5.3,6.75,560.0,8.5,0.6,925.0,2370.0,6.329720905522696,2.2512917986064953,0.4700036292457356,7.771067086065406,6.8308742346461795,2.3021728866442674,267.75,4760.0,18.9,5.593781579441872,8.46821300919452,1
LAKE,KERALA,2017,26.0,5.699999999999999,6.7,137.0,1.8,0.74,120.0,300.0,4.927253685157205,1.0296194171811581,0.5538851132264376,5.707110264748875,4.795790545596741,2.3874672772626644,46.800000000000004,246.6,19.24,3.8670256394974105,5.511814540810441,1
LAKE,KERALA,2017,27.0,4.45,7.1,57.5,0.6000000000000001,1.175,401.0,1401.0,4.069026754237811,0.47000362924573563,0.7770286645406475,7.2456550675945355,5.996452088619021,2.1095023109728985,16.200000000000003,34.50000000000001,31.725,2.8449093838194077,3.5695326964813705,1
LAKE,KERALA,2017,27.75,6.0,7.15,29.0,1.3,0.11499999999999999,18.0,58.0,3.4011973816621555,0.832909122935104,0.10885440491208208,4.07753744390572,2.9444389791664403,2.449489742783178,36.075,37.7,3.1912499999999997,3.612942888023996,3.655839600035736,1
LAKE,KERALA,2017,28.0,7.1,7.05,3043.5,1.4500000000000002,0.31499999999999995,282.0,690.0,8.02109196304863,0.8960880245566357,0.27383666562972786,6.53813982376767,5.645446897643238,2.6645825188948455,40.60000000000001,4413.075000000001,8.819999999999999,3.728100167267218,8.392553578063358,1
LAKE,KERALA,2017,28.5,5.6499999999999995,7.55,137.5,4.45,0.495,148.0,181.0,4.930870325627393,1.6956156086751528,0.40212620684264977,5.204006687076795,5.003946305945459,2.3769728648009423,126.825,611.875,14.1075,4.850662140966063,6.4181609999713976,1
LAKE,KERALA,2017,28.4,7.35,6.95,28.5,1.15,0.13,24501.0,39508.5,3.3843902633457743,0.7654678421395714,0.12221763272424921,10.584296428301316,10.106510025854115,2.711088342345192,32.66,32.775,3.6919999999999997,3.51631018876266,3.5197208838462624,1
LAKE,KERALA,2017,31.5,6.5,6.6,157.5,1.35,0.025,340.0,780.0,5.065754593317335,0.8544153281560676,0.0246926125903715,6.660575149839686,5.831882477283517,2.5495097567963922,42.525000000000006,212.625,0.7875000000000001,3.7733354856542527,5.364222141435755,1
POND,KERALA,2017,31.5,6.35,7.45,144.5,1.65,0.25,190.0,415.0,4.980176086611547,0.9745596399981308,0.22314355131420976,6.030685260261263,5.25227342804663,2.5199206336708304,51.974999999999994,238.42499999999998,7.875,3.969820104154363,5.478240215407683,1
POND,KERALA,2017,26.5,6.85,7.6,93.5,0.9,0.155,251.0,451.0,4.548599834499697,0.6418538861723948,0.14410034397375684,6.113682179832232,5.529429087511423,2.6172504656604803,23.85,84.15,4.1075,3.2128577525426376,4.444414407108697,1
POND,LAKSHADWEEP,2017,26.0,5.75,7.55,663.0,4.5,1.745,265.0,1060.0,6.498282149476434,1.7047480922384253,1.009781074961494,6.966967138613983,5.583496308781699,2.3979157616563596,117.0,2983.5,45.370000000000005,4.770684624465665,8.001187507608705,1
LAKE,MADHYA PRADESH,2017,23.5,7.9,8.0,257.5,10.7,1.91,2.0,845.0,5.554895693948484,2.4595888418037104,1.0681530811834012,6.740519359606223,1.0986122886681098,2.8106938645110393,251.45,2755.25,44.885,5.531213209304925,7.921626339195156,1
LAKE,MADHYA PRADESH,2017,23.5,7.449999999999999,7.8500000000000005,414.0,3.4000000000000004,5.8,130.0,895.0,6.028278520230698,1.4816045409242156,1.916922612182061,6.79794041297493,4.875197323201151,2.729468812791236,79.9,1407.6000000000001,136.29999999999998,4.393213824064446,7.2503515823113105,1
LAKE,MADHYA PRADESH,2017,15.95,7.65,7.75,304.0,2.0,1.36,2.0,500.0,5.720311776607412,1.0986122886681098,0.8586616190375187,6.2166061010848646,1.0986122886681098,2.7658633371878665,31.9,608.0,21.692,3.493472657771326,6.411818267709897,1
LAKE,MADHYA PRADESH,2017,20.15,7.5,7.75,278.0,1.9,0.61,8.5,31.5,5.631211781821365,1.0647107369924282,0.4762341789963716,3.481240089335692,2.2512917986064953,2.7386127875258306,38.285,528.1999999999999,12.2915,3.6708427666277847,6.271366432240801,1
LAKE,MADHYA PRADESH,2017,19.5,7.05,7.800000000000001,319.5,1.4,0.635,6.0,34.5,5.7698822763607245,0.8754687373538999,0.4916428043492167,3.56953269648137,1.9459101490553132,2.6551836094703507,27.299999999999997,447.29999999999995,12.3825,3.342861804649192,6.105462651161393,1
LAKE,MADHYA PRADESH,2017,27.0,6.699999999999999,7.75,575.0,2.35,0.025,265.0,1060.0,6.3561076606958915,1.208960345836975,0.0246926125903715,6.966967138613983,5.583496308781699,2.588435821108957,63.45,1351.25,0.675,4.165889729385197,7.209525150751537,1
LAKE,MADHYA PRADESH,2017,25.5,6.35,8.1,755.5,1.75,1.615,2.0,71.5,6.62870253322841,1.0116009116784799,0.9612640975168862,4.283586561860629,1.0986122886681098,2.5199206336708304,44.625,1322.125,41.1825,3.8204558119026557,7.18775164188913,1
LAKE,MADHYA PRADESH,2017,25.5,5.9,7.85,605.5,2.0,2.835,21.0,90.0,6.407704728384105,1.0986122886681098,1.3441694348192195,4.51085950651685,3.091042453358316,2.4289915602982237,51.0,1211.0,72.2925,3.9512437185814275,7.10002716662926,1
LAKE,MADHYA PRADESH,2017,25.5,5.85,8.3,487.0,2.8000000000000003,1.395,2.0,56.5,6.1903154058531475,1.3350010667323402,0.8733832308628786,4.051784947803305,1.0986122886681098,2.4186773244895647,71.4,1363.6000000000001,35.5725,4.282206299391671,7.2186166243813235,1
LAKE,MADHYA PRADESH,2017,26.5,7.050000000000001,8.0,425.5,1.7,1.195,2.0,65.0,6.055612366931734,0.9932517730102833,0.7861820465271346,4.189654742026425,1.0986122886681098,2.6551836094703507,45.05,723.35,31.6675,3.829727762701316,6.585274700987661,1
LAKE,MADHYA PRADESH,2017,28.0,6.95,7.45,261.0,1.5,3.705,9.5,45.5,5.568344503761097,0.9162907318741551,1.548625773037343,3.8394523125933104,2.3513752571634776,2.6362852652928135,42.0,391.5,103.74000000000001,3.7612001156935624,5.972536537222463,1
LAKE,MADHYA PRADESH,2017,26.5,6.55,8.05,601.5,3.45,7.925,121.0,1260.0,6.40108766536481,1.4929040961781488,2.188856327665703,7.13966033596492,4.804021044733257,2.5592967784139455,91.42500000000001,2075.175,210.0125,4.526397504822696,7.6382825374574805,1
LAKE,MADHYA PRADESH,2017,24.0,7.95,8.05,270.0,1.85,1.105,2.0,847.0,5.602118820879701,1.0473189942805592,0.7443154671343447,6.742880635791903,1.0986122886681098,2.819574435974337,44.400000000000006,499.5,26.52,3.8155121050473024,6.215607598755275,1
LAKE,MADHYA PRADESH,2017,25.0,7.85,8.0,253.5,2.15,0.955,2.0,160.0,5.539300835990577,1.1474024528375417,0.670390193437329,5.081404364984463,1.0986122886681098,2.80178514522438,53.75,545.025,23.875,4.00277736869661,6.3026647622424745,1
LAKE,MADHYA PRADESH,2017,23.0,8.05,8.2,260.5,2.1,1.03,2.0,845.0,5.566434283504978,1.1314021114911006,0.708035793053696,6.740519359606223,1.0986122886681098,2.8372521918222215,48.300000000000004,547.0500000000001,23.69,3.8979240810486444,6.306366523661732,1
LAKE,MADHYA PRADESH,2017,18.0,7.5,8.05,235.5,1.85,0.2,2.0,122.0,5.465948207931988,1.0473189942805592,0.18232155679395465,4.812184355372417,1.0986122886681098,2.7386127875258306,33.300000000000004,435.675,3.6,3.5351453541718945,6.079189211314457,1
LAKE,MADHYA PRADESH,2017,23.5,7.449999999999999,7.9,278.0,2.3,1.015,5.0,220.0,5.631211781821365,1.1939224684724346,0.7006191953986463,5.3981627015177525,1.791759469228055,2.729468812791236,54.05,639.4,23.8525,4.008241863168689,6.462092981122559,1
LAKE,MADHYA PRADESH,2017,25.1,6.449999999999999,6.699999999999999,631.0,2.45,0.025,265.0,1060.0,6.448889394146858,1.2383742310432684,0.0246926125903715,6.966967138613983,5.583496308781699,2.539685019840059,61.495000000000005,1545.95,0.6275000000000001,4.135086553542185,7.344040529430187,1
LAKE,MADHYA PRADESH,2017,25.0,7.1,8.2,458.5,1.45,0.935,2.0,50.0,6.1301389417957415,0.8960880245566356,0.6601073264817452,3.9318256327243257,1.0986122886681098,2.6645825188948455,36.25,664.8249999999999,23.375,3.6176519448255684,6.501026873249443,1
POND,MADHYA PRADESH,2017,24.0,5.8,7.55,683.0,3.5999999999999996,1.4349999999999998,254.5,803.5,6.52795791762255,1.5260563034950492,0.889946756534553,6.690220966432438,5.543222409643759,2.4083189157584592,86.39999999999999,2458.7999999999997,34.44,4.470495282661489,7.80783532480831,1
POND,MADHYA PRADESH,2017,24.0,7.6,7.7,401.0,2.5,1.17,8.0,57.0,5.996452088619021,1.252762968495368,0.7747271675523681,4.060443010546419,2.1972245773362196,2.756809750418044,60.0,1002.5,28.08,4.110873864173311,6.911249168236393,1
POND,MADHYA PRADESH,2017,20.5,7.4,7.8999999999999995,497.0,4.25,1.05,56.0,483.0,6.210600077024653,1.6582280766035324,0.7178397931503169,6.182084906716632,4.04305126783455,2.7202941017470885,87.125,2112.25,21.525000000000002,4.478756261132433,7.655982325809037,1
POND,MADHYA PRADESH,2017,21.5,5.75,7.35,542.5,4.1,5.65,115.0,831.5,6.298029706561264,1.62924053973028,1.8946168546677629,6.724433221854599,4.7535901911063645,2.3979157616563596,88.14999999999999,2224.25,121.47500000000001,4.49032034430915,7.707624547839041,1
POND,MADHYA PRADESH,2017,20.0,5.9,8.15,867.0,3.8499999999999996,1.8499999999999999,76.0,823.0,6.7661917146603505,1.5789787049493917,1.047318994280559,6.714170529909472,4.343805421853684,2.4289915602982237,77.0,3337.95,37.0,4.356708826689592,8.11341166528826,1
POND,MADHYA PRADESH,2017,25.25,5.15,8.05,558.0,4.7,3.66,2.0,275.0,6.326149473155099,1.7404661748405046,1.5390154481375546,5.62040086571715,1.0986122886681098,2.2693611435820435,118.67500000000001,2622.6,92.415,4.784779735278573,7.87230269941958,1
POND,MADHYA PRADESH,2017,27.8,6.699999999999999,7.45,259.0,1.75,3.81,6.5,35.5,5.560681631015528,1.0116009116784799,1.57069708411767,3.597312260588446,2.0149030205422647,2.588435821108957,48.65,453.25,105.918,3.9049983904911816,6.11864770727628,1
POND,MADHYA PRADESH,2017,23.5,7.3500000000000005,7.550000000000001,393.0,1.4,1.05,2.0,17.0,5.976350909297934,0.8754687373538999,0.7178397931503169,2.8903717578961645,1.0986122886681098,2.711088342345192,32.9,550.1999999999999,24.675,3.5234150143864045,6.312097719699449,1
POND,MADHYA PRADESH,2017,20.05,6.9,7.449999999999999,861.0,6.4,2.57,76.0,375.5,6.759255270663693,2.0014800002101243,1.2725655957915476,5.930918047239948,4.343805421853684,2.6267851073127395,128.32000000000002,5510.400000000001,51.5285,4.862289952857233,8.614573953357793,1
POND,MADHYA PRADESH,2017,20.8,6.9,7.699999999999999,552.0,2.95,1.07,61.0,235.0,6.315358001522335,1.3737155789130306,0.7275486072772778,5.4638318050256105,4.127134385045092,2.6267851073127395,61.36000000000001,1628.4,22.256000000000004,4.132924044189576,7.395967127876541,1
POND,MADHYA PRADESH,2017,25.5,6.949999999999999,8.2,425.0,72.5,0.835,2.0,71.5,6.054439346269371,4.297285406218791,0.6070444815065336,4.283586561860629,1.0986122886681098,2.6362852652928135,1848.75,30812.5,21.2925,7.52280577380566,10.335708184619468,1
POND,MADHYA PRADESH,2017,26.75,6.1,8.1,516.5,2.0,1.145,2.0,70.0,6.249009525139524,1.0986122886681098,0.7631395523799803,4.2626798770413155,1.0986122886681098,2.4698178070456938,53.5,1033.0,30.62875,3.9982007016691985,6.9411900550683745,1
LAKE,MEGHALAYA,2017,20.5,5.9,7.300000000000001,92.5,5.15,0.8300000000000001,2200.0,3800.0,4.537961436294641,1.8164520818184267,0.6043159668533296,8.24301946898925,7.696667081526462,2.4289915602982237,105.575,476.37500000000006,17.015,4.668848962651274,6.168302345545681,1
LAKE,MEGHALAYA,2017,20.0,7.3,7.25,165.0,5.25,0.65,1405.0,2850.0,5.111987788356544,1.8325814637483102,0.5007752879124893,7.955425088912672,7.2485040723706105,2.701851217221259,105.0,866.25,13.0,4.663439094112067,6.765327285849859,1
LAKE,MEGHALAYA,2017,19.0,6.85,7.2,48.5,2.0,0.23,19.5,47.0,3.901972669574645,1.0986122886681098,0.20701416938432615,3.871201010907891,3.0204248861443626,2.6172504656604803,38.0,97.0,4.37,3.6635616461296463,4.584967478670572,1
LAKE,MEGHALAYA,2017,20.0,5.05,7.6,165.0,7.6,1.875,2500.0,4550.0,5.111987788356544,2.151762203259462,1.0560526742493137,8.423102268016642,7.824445930877619,2.247220505424423,152.0,1254.0,37.5,5.030437921392435,7.134890851565884,1
LAKE,MEGHALAYA,2017,18.5,5.6,7.7,124.5,4.85,0.885,2050.0,3600.0,4.832305758571839,1.766441661243765,0.6339278208999741,8.188966863648876,7.62608275807238,2.3664319132398464,89.725,603.8249999999999,16.3725,4.507832953099134,6.404939159989851,1
LAKE,MEGHALAYA,2017,20.5,6.199999999999999,7.45,127.0,4.9,0.79,2000.0,3600.0,4.852030263919617,1.7749523509116738,0.5822156198526637,8.188966863648876,7.601402334583733,2.4899799195977463,100.45,622.3000000000001,16.195,4.619566066271823,6.435027943814805,1
LAKE,MEGHALAYA,2017,21.5,3.9499999999999997,7.1,71.0,1.95,0.35,22.0,46.5,4.276666119016055,1.0818051703517284,0.3001045924503381,3.8607297110405954,3.1354942159291497,1.987460691435179,41.925,138.45,7.5249999999999995,3.759454406783539,4.937706114073498,1
LAKE,ODISHA,2017,27.5,9.35,7.85,238.0,2.25,2.12,12245.0,18050.0,5.476463551931511,1.1786549963416462,1.1378330018213911,9.800956363888462,9.4129546320379,3.057776970284131,61.875,535.5,58.300000000000004,4.141148628419903,6.285066562070753,1
LAKE,ODISHA,2017,23.0,6.0,8.0,604.5,7.25,2.3049999999999997,4601.0,8039.0,6.406054562993147,2.1102132003465894,1.1954364733036495,8.992184362173012,8.434246270595311,2.449489742783178,166.75,4382.625,53.01499999999999,5.122474775851791,8.385631286648072,1
LAKE,ODISHA,2017,28.0,6.949999999999999,7.85,208.5,2.35,2.23,5539.0,9050.0,5.344723739362192,1.208960345836975,1.172482137234565,9.11063052782717,8.61974977974133,2.6362852652928135,65.8,489.975,62.44,4.2017030805426,6.196393210001287,1
LAKE,ODISHA,2017,28.0,6.95,7.800000000000001,159.5,2.15,1.52,2895.0,7150.0,5.07829394257007,1.1474024528375417,0.9242589015233319,8.875007486048396,7.971085753505607,2.6362852652928135,60.199999999999996,342.925,42.56,4.11414718951828,5.8404236103470595,1
LAKE,ODISHA,2017,27.5,6.75,7.85,187.5,2.1500000000000004,1.3250000000000002,7245.0,12200.0,5.2390980068880655,1.1474024528375417,0.8437200390393197,9.409273194575334,8.888204871455022,2.598076211353316,59.12500000000001,403.12500000000006,36.43750000000001,4.096425728425926,6.001724236045598,1
POND,ODISHA,2017,30.0,5.8999999999999995,8.05,447.5,3.9,3.33,80850.0,81400.0,6.105908681498851,1.589235205116581,1.4655675420143985,11.307142836927456,11.30036323351256,2.4289915602982237,117.0,1745.25,99.9,4.770684624465665,7.465225910571172,1
POND,ODISHA,2017,27.0,10.35,8.1,632.5,8.4,3.0700000000000003,12010.0,27055.0,6.451259999761194,2.2407096892759584,1.4036429994545037,10.205664071138361,9.39357817555449,3.2171415884290826,226.8,5313.0,82.89000000000001,5.428468051013081,8.57810012631976,1
POND,ODISHA,2017,25.5,9.799999999999999,7.9,856.5,6.85,4.125,5504.0,17511.5,6.754021179040095,2.060513531794317,1.634130525024472,9.770670190645262,8.61341204915678,3.1304951684997055,174.67499999999998,5867.025,105.1875,5.168635697078261,8.677273399649161,1
POND,ODISHA,2017,27.0,10.35,7.85,504.5,8.3,2.4450000000000003,4722.5,8565.0,6.225548038460526,2.2300144001592104,1.236923904465622,9.055556158175316,8.46030532920919,3.2171415884290826,224.10000000000002,4187.35,66.01500000000001,5.4165447479126865,8.340062140609266,1
POND,ODISHA,2017,27.0,6.5,7.6,325.5,4.05,3.39,6501.0,17615.0,5.788429948716486,1.6193882432872684,1.4793292270870801,9.77656285896246,8.779865100863852,2.5495097567963922,109.35,1318.2749999999999,91.53,4.703657132702745,7.184837622267302,1
POND,ODISHA,2017,25.0,10.35,7.9,767.5,19.349999999999998,3.2950000000000004,8001.0,8010.0,6.644440562978651,3.0130809118886037,1.4574515554362186,8.988570876215118,8.98744678941718,3.2171415884290826,483.74999999999994,14851.124999999998,82.37500000000001,6.183633294122761,9.605898231636452,1
LAKE,PUDUCHERRY,2017,31.5,7.25,8.25,457.5,11.5,0.055,2.0,21.0,6.127960291696519,2.5257286443082556,0.05354076692802982,3.091042453358316,1.0986122886681098,2.692582403567252,362.25,5261.25,1.7325,5.895091302450393,8.568313970923953,1
LAKE,PUDUCHERRY,2017,31.5,7.1,8.45,790.0,0.9,0.49,56.0,83.0,6.673297967767654,0.6418538861723948,0.3987761199573678,4.430816798843313,4.04305126783455,2.6645825188948455,28.35,711.0,15.435,3.3792925462741055,6.568077911411976,1
LAKE,PUNJAB,2017,22.5,6.7,7.4,309.0,1.7999999999999998,0.665,1135.0,395.0,5.736572297479192,1.0296194171811581,0.5098251234324072,5.981414211254481,7.035268599281097,2.588435821108957,40.49999999999999,556.1999999999999,14.9625,3.7256934272366524,6.322924241905651,1
LAKE,PUNJAB,2017,20.0,6.65,7.2,301.0,1.85,1.1800000000000002,370.0,505.0,5.71042701737487,1.0473189942805592,0.7793248768009977,6.226536669287466,5.916202062607435,2.5787593916455256,37.0,556.85,23.6,3.6375861597263857,6.324090109039189,1
LAKE,PUNJAB,2017,19.5,6.800000000000001,7.25,317.0,1.3,1.05,186.5,430.0,5.762051382780177,0.832909122935104,0.7178397931503169,6.066108090103747,5.233778845410465,2.6076809620810595,25.35,412.1,20.475,3.2714682749873716,6.0236896944027185,1
LAKE,RAJASTHAN,2017,19.0,6.75,8.1,770.0,1.3,2.3,9.0,85.0,6.647688373563329,0.832909122935104,1.1939224684724346,4.454347296253507,2.302585092994046,2.598076211353316,24.7,1001.0,43.699999999999996,3.246490991901174,6.90975328164481,1
LAKE,RAJASTHAN,2017,20.5,6.05,8.15,890.0,2.0,1.81,42.0,85.0,6.792344427470809,1.0986122886681098,1.0331844833456545,4.454347296253507,3.7612001156935624,2.4596747752497685,41.0,1780.0,37.105000000000004,3.7376696182833684,7.484930283289661,1
LAKE,RAJASTHAN,2017,27.0,4.9,7.800000000000001,380.0,1.75,1.43,9.0,65.5,5.942799375126701,1.0116009116784799,0.8878912573524571,4.197201947661808,2.302585092994046,2.2135943621178655,47.25,665.0,38.61,3.876395827784995,6.501289670540389,1
LAKE,RAJASTHAN,2017,19.0,7.2,8.2,565.0,1.5,2.09,14.0,80.5,6.338594078203183,0.9162907318741551,1.128171090909654,4.400603020246817,2.70805020110221,2.6832815729997477,28.5,847.5,39.709999999999994,3.3843902633457743,6.743470084674281,1
LAKE,RAJASTHAN,2017,24.8,5.6,8.05,315.0,1.25,1.5599999999999998,6.5,15.0,5.755742213586912,0.8109302162163288,0.940007258491471,2.772588722239781,2.0149030205422647,2.3664319132398464,31.0,393.75,38.687999999999995,3.4657359027997265,5.978252653135751,1
LAKE,RAJASTHAN,2017,18.0,5.25,7.55,285.0,1.4,3.82,8.5,13.5,5.655991810819852,0.8754687373538999,1.572773928062509,2.6741486494265287,2.2512917986064953,2.29128784747792,25.2,399.0,68.75999999999999,3.265759410767051,5.991464547107982,1
LAKE,RAJASTHAN,2017,24.5,5.35,7.65,375.0,1.45,1.4,9.0,19.5,5.929589143389895,0.8960880245566356,0.8754687373538999,3.0204248861443626,2.302585092994046,2.3130067012440754,35.525,543.75,34.3,3.597996957636763,6.300326973824729,1
LAKE,RAJASTHAN,2017,18.0,6.9,8.5,320.0,1.0,1.84,4.0,20.0,5.771441123130016,0.6931471805599453,1.0438040521731147,3.044522437723423,1.6094379124341003,2.6267851073127395,18.0,320.0,33.120000000000005,2.9444389791664403,5.771441123130016,1
LAKE,RAJASTHAN,2017,24.5,6.699999999999999,7.85,240.0,1.25,0.85,8.5,16.0,5.484796933490655,0.8109302162163288,0.6151856390902334,2.833213344056216,2.2512917986064953,2.588435821108957,30.625,300.0,20.825,3.453947947047684,5.707110264748875,1
LAKE,RAJASTHAN,2017,27.950000000000003,5.35,8.1,535.0,1.55,1.32,9.0,43.0,6.284134161070802,0.9360933591703349,0.8415671856782186,3.784189633918261,2.302585092994046,2.3130067012440754,43.322500000000005,829.25,36.894000000000005,3.7914924487903985,6.721726860256856,1
LAKE,RAJASTHAN,2017,27.9,5.35,8.15,545.0,1.4,1.44,13.5,80.5,6.302618975744905,0.8754687373538999,0.8919980393051105,4.400603020246817,2.6741486494265287,2.3130067012440754,39.059999999999995,763.0,40.175999999999995,3.6903783302376723,6.638567789166521,1
LAKE,RAJASTHAN,2017,17.5,5.9,7.95,700.0,2.05,1.67,21.5,86.5,6.55250788703459,1.1151415906193203,0.9820784724121582,4.471638793363569,3.1135153092103742,2.4289915602982237,35.875,1434.9999999999998,29.224999999999998,3.607533814659984,7.269616749608169,1
LAKE,RAJASTHAN,2017,17.5,7.85,8.0,505.0,1.7000000000000002,1.69,13.5,85.0,6.226536669287466,0.9932517730102834,0.9895411936137477,4.454347296253507,2.6741486494265287,2.80178514522438,29.750000000000004,858.5000000000001,29.575,3.425889994252527,6.7563508248229045,1
LAKE,RAJASTHAN,2017,17.5,7.55,8.2,495.0,2.05,1.94,23.0,80.5,6.206575926724928,1.1151415906193203,1.0784095813505903,4.400603020246817,3.1780538303479458,2.7477263328068173,35.875,1014.7499999999999,33.949999999999996,3.607533814659984,6.923382534867836,1
LAKE,RAJASTHAN,2017,26.5,4.65,7.550000000000001,835.0,1.65,2.135,21.5,50.0,6.728628613084702,0.9745596399981308,1.142629174084884,3.9318256327243257,3.1135153092103742,2.1563858652847827,43.724999999999994,1377.75,56.57749999999999,3.8005326293947825,7.2289325705677125,1
LAKE,RAJASTHAN,2017,23.0,3.3,8.75,3840.0,8.75,2.58,80.5,305.0,8.253488028345904,2.277267285009756,1.275362800412609,5.723585101952381,4.400603020246817,1.816590212458495,201.25,33600.0,59.34,5.309504555938601,10.422311107413181,1
LAKE,TAMIL NADU,2017,21.0,5.8,7.15,114.0,4.2,0.77,42.0,55.0,4.74493212836325,1.6486586255873816,0.5709795465857378,4.02535169073515,3.7612001156935624,2.4083189157584592,88.2,478.8,16.17,4.490881039585964,6.173369350405594,1
LAKE,TAMIL NADU,2017,16.0,5.199999999999999,7.4,523.0,13.8,1.0,780.0,1750.0,6.261491684321042,2.6946271807700692,0.6931471805599453,7.467942332285852,6.660575149839686,2.2803508501982757,220.8,7217.400000000001,16.0,5.401776074916267,8.88438860068029,1
LAKE,TAMIL NADU,2017,22.0,6.7,7.550000000000001,367.5,4.8,1.0,734.0,1595.0,5.909440711629391,1.7578579175523736,0.6931471805599453,7.3752557780097545,6.5998704992128365,2.588435821108957,105.6,1764.0,22.0,4.669083511731744,7.475905969367397,1
LAKE,TAMIL NADU,2017,29.5,6.8,8.3,848.0,3.3,1.0,605.0,1065.0,6.744059186311348,1.4586150226995167,0.6931471805599453,6.97166860472579,6.406879986069314,2.6076809620810595,97.35,2798.3999999999996,29.5,4.5885325448350684,7.9371603874865455,1
LAKE,TAMIL NADU,2017,30.0,5.1,7.55,1035.5,23.5,0.6900000000000001,231.0,1080.0,6.943604931875834,3.1986731175506815,0.5247285289349822,6.985641817639208,5.44673737166631,2.258317958127243,705.0,24334.25,20.700000000000003,6.559615237493242,10.09968119548374,1
LAKE,TAMIL NADU,2017,29.0,5.6,7.3999999999999995,546.0,24.0,0.505,166.0,585.0,6.304448802421981,3.2188758248682006,0.408792898200839,6.373319789577012,5.117993812416755,2.3664319132398464,696.0,13104.0,14.645,6.546785410760524,9.480749115757506,1
LAKE,TAMIL NADU,2017,31.0,6.6,7.95,584.0,7.5,0.515,204.0,1015.0,6.371611847231857,2.1400661634962708,0.4154154389613325,6.923628628138427,5.3230099791384085,2.569046515733026,232.5,4380.0,15.965,5.453182077108952,8.385032287813898,1
LAKE,TELANGANA,2017,26.5,1.3,7.7,1183.5,17.5,4.95,104.0,410.0,7.07707602359884,2.917770732084279,1.7833912195575383,6.018593214496234,4.653960350157523,1.140175425099138,463.75,20711.25,131.175,6.141499626601553,9.93848059165594,1
LAKE,TELANGANA,2017,27.5,0.65,7.75,1314.0,29.0,4.65,75.0,550.0,7.181591944611865,3.4011973816621555,1.7316555451583497,6.311734809152915,4.330733340286331,0.806225774829855,797.5,38106.0,127.87500000000001,6.682734967655067,10.548153271273168,1
LAKE,TELANGANA,2017,25.0,5.0,8.25,360.5,2.0,0.95,22.5,283.0,5.890262041598819,1.0986122886681098,0.6678293725756554,5.648974238161206,3.1570004211501135,2.23606797749979,50.0,721.0,23.75,3.9318256327243257,6.582025138892826,1
LAKE,TELANGANA,2017,24.5,3.95,8.05,1161.0,14.0,2.85,77.0,350.0,7.057897937411856,2.70805020110221,1.3480731482996928,5.860786223465865,4.356708826689592,1.9874606914351791,343.0,16254.0,69.825,5.840641657373398,9.696155832738006,1
LAKE,TELANGANA,2017,27.5,1.25,7.95,1503.0,18.5,5.45,37.5,563.0,7.315883504509785,2.970414465569701,1.864080130807681,6.335054251498059,3.6506582412937387,1.118033988749895,508.75,27805.5,149.875,6.233920409454565,10.233025085298381,1
LAKE,TELANGANA,2017,27.5,0.3,7.6,1885.0,37.5,3.43,42.5,590.0,7.542213463193403,3.6506582412937387,1.4883995840570443,6.3818160174060985,3.7727609380946383,0.5477225575051661,1031.25,70687.5,94.325,6.9394961647662,11.16603817953118,1
LAKE,TELANGANA,2017,26.0,4.05,8.05,380.5,3.5,3.05,30.0,406.0,5.9441108507245115,1.5040773967762742,1.3987168811184478,6.008813185442595,3.4339872044851463,2.0124611797498106,91.0,1331.75,79.3,4.5217885770490405,7.19499975570287,1
LAKE,TELANGANA,2017,27.0,2.65,7.8999999999999995,820.0,8.0,3.8,57.5,505.0,6.710523109452428,2.1972245773362196,1.5686159179138452,6.226536669287466,4.069026754237811,1.6278820596099706,216.0,6560.0,102.6,5.37989735354046,8.788898309344878,1
LAKE,TELANGANA,2017,29.0,1.1500000000000001,7.5,1168.5,19.0,2.4,64.0,420.5,7.064331586024234,2.995732273553991,1.2237754316221157,6.04381977744191,4.174387269895637,1.0723805294763609,551.0,22201.5,69.6,6.313548046277095,10.00796017413266,1
LAKE,TELANGANA,2017,27.0,0.9500000000000001,7.699999999999999,1390.0,14.0,3.2,60.0,250.0,7.237778191923443,2.70805020110221,1.4350845252893227,5.5254529391317835,4.110873864173311,0.9746794344808964,378.0,19460.0,86.4,5.937536205082426,9.876167741881165,1
LAKE,TELANGANA,2017,26.0,1.05,7.95,1301.5,21.0,2.71,35.0,560.0,7.172040773627522,3.091042453358316,1.3110318766193438,6.329720905522696,3.58351893845611,1.02469507659596,546.0,27331.5,70.46,6.304448802421981,10.21583174930864,1
LAKE,TELANGANA,2017,28.0,0.55,7.7,1084.5,20.0,2.3,59.0,565.0,6.989795989318346,3.044522437723423,1.1939224684724346,6.338594078203183,4.0943445622221,0.7416198487095663,560.0,21690.0,64.39999999999999,6.329720905522696,9.984652706953636,1
POND,TELANGANA,2017,24.5,0.5,7.800000000000001,1453.0,19.5,5.15,96.0,350.0,7.282073658093465,3.0204248861443626,1.8164520818184267,5.860786223465865,4.574710978503383,0.7071067811865476,477.75,28333.5,126.17500000000001,6.171178540494855,10.251835422427204,1
POND,TELANGANA,2017,27.5,5.5,8.3,419.0,3.5,2.3,91.0,676.0,6.040254711277414,1.5040773967762742,1.1939224684724346,6.517671272912275,4.5217885770490405,2.345207879911715,96.25,1466.5,63.24999999999999,4.577284982498556,7.291315551702252,1
POND,TELANGANA,2017,23.5,1.5,7.85,1147.5,8.5,5.15,48.5,385.0,7.046212022129153,2.2512917986064953,1.8164520818184267,5.955837369464831,3.901972669574645,1.224744871391589,199.75,9753.75,121.025,5.302060352826871,9.185509624845675,1
POND,TELANGANA,2017,25.0,2.05,7.8500000000000005,1751.5,21.5,1.65,75.0,345.0,7.468798618908745,3.1135153092103742,0.9745596399981308,5.846438775057725,4.330733340286331,1.4317821063276353,537.5,37657.25,41.25,6.288787496596443,10.536307332729967,1
POND,TELANGANA,2017,26.5,1.6,7.75,1072.0,17.0,4.3,48.0,341.0,6.9782137426306985,2.8903717578961645,1.667706820558076,5.834810737062605,3.8918202981106265,1.2649110640673518,450.5,18224.0,113.94999999999999,6.11257537285704,9.81054955687686,1
POND,TELANGANA,2017,27.5,1.35,8.0,1283.0,14.5,10.05,85.0,1078.0,7.157735484249907,2.740840023925201,2.402430427963762,6.983789965258135,4.454347296253507,1.161895003862225,398.75,18603.5,276.375,5.9908393517140635,9.831158765923494,1
POND,TELANGANA,2017,27.5,1.55,7.6000000000000005,1081.0,12.5,1.5,115.0,750.0,6.9865664594064265,2.6026896854443837,0.9162907318741551,6.621405651764134,4.7535901911063645,1.2449899597988732,343.75,13512.5,41.25,5.842819516673411,9.511444464759604,1
POND,TELANGANA,2017,29.0,1.95,7.6,1240.0,14.0,3.7,119.0,305.0,7.123672785204607,2.70805020110221,1.547562508716013,5.723585101952381,4.787491742782046,1.396424004376894,406.0,17360.0,107.30000000000001,6.008813185442595,9.761981590241948,1
TANK,TELANGANA,2017,28.0,5.85,8.1,344.5,3.0,1.05,108.0,713.0,5.844992643207725,1.3862943611198906,0.7178397931503169,6.570882962339584,4.6913478822291435,2.4186773244895647,84.0,1033.5,29.400000000000002,4.442651256490317,6.941673497185597,1
TANK,TELANGANA,2018,24.5,7.1499999999999995,7.95,496.5,4.5,9.8,12.0,107.5,6.209595556598647,1.7047480922384253,2.379546134130174,4.686750172980514,2.5649493574615367,2.6739483914241875,110.25,2234.25,240.10000000000002,4.711779921046349,7.712108357615428,1
TANK,TELANGANA,2018,29.5,6.45,7.75,1494.0,11.5,26.25,17.0,87.0,7.3098814858247865,2.5257286443082556,3.305053521109253,4.477336814478207,2.8903717578961645,2.539685019840059,339.25,17181.0,774.375,5.829680641531575,9.751617603198001,1
TANK,TELANGANA,2018,28.0,6.699999999999999,7.300000000000001,3840.0,8.0,21.0,19.0,205.5,8.253488028345904,2.1972245773362196,3.091042453358316,5.330300412401088,2.995732273553991,2.588435821108957,224.0,30720.0,588.0,5.41610040220442,10.332701738815134,1
TANK,TELANGANA,2018,25.0,0.55,6.800000000000001,3840.0,26.0,2.6,60.5,181.0,8.253488028345904,3.295836866004329,1.2809338454620642,5.204006687076795,4.119037174812473,0.7416198487095663,650.0,99840.0,65.0,6.478509642208569,11.511334199578735,1
TANK,TELANGANA,2018,24.5,6.65,7.449999999999999,3840.0,9.0,15.0,5.0,127.5,8.253488028345904,2.302585092994046,2.772588722239781,4.855928904335275,1.791759469228055,2.5787593916455256,220.5,34560.0,367.5,5.40042258948519,10.450481157684562,1
TANK,TELANGANA,2018,26.0,0.45,7.800000000000001,1617.0,29.0,9.05,76.0,550.0,7.388946097618437,3.4011973816621555,2.307572634505085,6.311734809152915,4.343805421853684,0.6708203932499369,754.0,46893.0,235.3,6.626717749249025,10.755645014480681,1
TANK,TELANGANA,2018,26.0,4.95,8.2,389.0,4.0,2.25,95.0,257.5,5.966146739123692,1.6094379124341003,1.1786549963416462,5.554895693948484,4.564348191467836,2.224859546128699,104.0,1556.0,58.5,4.653960350157523,7.350516171833998,1
TANK,TELANGANA,2018,27.5,4.25,8.1,1019.5,20.0,7.8,49.5,580.0,6.9280479822498995,3.044522437723423,2.174751721484161,6.364750756851911,3.9219733362813143,2.0615528128088303,550.0,20390.0,214.5,6.311734809152915,9.922848906014748,1
TANK,TELANGANA,2018,27.5,3.9499999999999997,7.75,1109.5,8.0,24.0,17.5,153.0,7.012565643334482,2.1972245773362196,3.2188758248682006,5.0369526024136295,2.917770732084279,1.987460691435179,220.0,8876.0,660.0,5.3981627015177525,9.09121894106832,1
LAKE,TRIPURA,2018,26.0,7.9,7.95,149.0,1.75,0.88,195.0,315.0,5.0106352940962555,1.0116009116784799,0.6312717768418579,5.755742213586912,5.278114659230517,2.8106938645110393,45.5,260.75,22.88,3.8394523125933104,5.567389849750646,1
LAKE,TRIPURA,2018,26.0,7.4,7.4,179.0,1.85,0.57,195.0,315.0,5.19295685089021,1.0473189942805592,0.4510756193602166,5.755742213586912,5.278114659230517,2.7202941017470885,48.1,331.15000000000003,14.819999999999999,3.893859034800475,5.80558667411125,1
LAKE,TRIPURA,2018,26.0,7.449999999999999,7.449999999999999,100.0,1.25,1.11,170.0,280.0,4.61512051684126,0.8109302162163288,0.7466879474879752,5.638354669333745,5.14166355650266,2.729468812791236,32.5,125.0,28.860000000000003,3.5115454388310208,4.836281906951478,1
POND,TRIPURA,2018,25.5,4.9,8.55,115.0,0.6000000000000001,0.43000000000000005,195.0,340.0,4.7535901911063645,0.47000362924573563,0.357674444271816,5.831882477283517,5.278114659230517,2.2135943621178655,15.300000000000002,69.00000000000001,10.965000000000002,2.791165107812717,4.248495242049359,1
POND,TRIPURA,2018,26.0,5.949999999999999,8.1,136.5,0.95,0.715,190.0,315.0,4.923623917106626,0.6678293725756554,0.5394130806179033,5.755742213586912,5.25227342804663,2.4392621835300936,24.7,129.67499999999998,18.59,3.246490991901174,4.872713324598985,1
POND,TRIPURA,2018,25.75,8.35,8.75,133.5,1.8,0.7150000000000001,195.0,315.0,4.901564199041894,1.0296194171811581,0.5394130806179033,5.755742213586912,5.278114659230517,2.8896366553599777,46.35,240.3,18.411250000000003,3.8575668196320874,5.4860409726309864,1
POND,TRIPURA,2018,25.75,7.6499999999999995,8.55,130.5,1.3,0.24,195.0,350.0,4.879006851617819,0.832909122935104,0.2151113796169455,5.860786223465865,5.278114659230517,2.765863337187866,33.475,169.65,6.18,3.5402344236793657,5.139614675352716,1
POND,TRIPURA,2018,25.75,8.15,7.75,132.0,1.2,0.21500000000000002,195.0,315.0,4.890349128221754,0.7884573603642702,0.1947440767925118,5.755742213586912,5.278114659230517,2.8548204847240397,30.9,158.4,5.536250000000001,3.462606009790799,5.071416766356115,1
LAKE,UTTAR PRADESH,2018,22.5,7.85,7.9,471.5,4.5,0.83,12050.0,19950.0,6.158037746933798,1.7047480922384253,0.6043159668533294,9.901034546375062,9.396902923027392,2.80178514522438,101.25,2121.75,18.675,4.627420794922911,7.660467696879473,1
LAKE,UTTAR PRADESH,2018,26.0,5.65,8.149999999999999,485.0,4.7,0.6050000000000001,5750.0,8450.0,6.186208623900494,1.7404661748405046,0.47312375658197925,9.042040056544483,8.657129031713755,2.3769728648009427,122.2,2279.5,15.730000000000002,4.81380905109942,7.7321499961517555,1
POND,UTTAR PRADESH,2018,26.15,1.45,8.75,1831.5,72.5,0.025,7150.0,33500.0,7.513436433760806,4.297285406218791,0.0246926125903715,10.419330568113901,8.875007486048396,1.2041594578792296,1895.875,132783.75,0.65375,7.547963074247863,11.796484675093154,1
POND,UTTAR PRADESH,2018,25.0,1.05,7.55,1296.0,72.5,0.025,5300.0,41000.0,7.167809184316444,4.297285406218791,0.0246926125903715,10.62135173563291,8.575650760987806,1.02469507659596,1812.5,93960.0,0.625,7.503013958722957,11.450635081542949,1
LAKE,WEST BENGAL,2018,28.5,9.85,7.550000000000001,409.0,7.8,0.5599999999999999,6700.0,8900.0,6.016157159698354,2.174751721484161,0.4446858212614457,9.093918908958932,8.81001204797317,3.138470965295043,222.29999999999998,3190.2,15.959999999999999,5.408516158846112,8.068152300591196,1
LAKE,WEST BENGAL,2018,28.0,10.35,8.399999999999999,691.0,13.75,1.155,185000.0,295000.0,6.539585955617669,2.691243082785829,0.7677907235557111,12.59473402514672,12.128116509451258,3.2171415884290826,385.0,9501.25,32.34,5.955837369464831,9.159283891651231,1
LAKE,WEST BENGAL,2018,28.0,10.35,8.2,711.5,11.0,1.375,160000.0,205000.0,6.568779912142806,2.4849066497880004,0.8649974374866045,12.230770136157428,11.982935344196433,3.2171415884290826,308.0,7826.5,38.5,5.733341276897746,8.96539845320056,1
LAKE,WEST BENGAL,2018,28.0,10.35,8.4,691.5,12.6,1.24,180000.0,230000.0,6.540308238061494,2.6100697927420065,0.8064758658669484,12.345838935721968,12.100717685412471,3.2171415884290826,352.8,8712.9,34.72,5.8687317817256845,9.07267473082545,1
LAKE,WEST BENGAL,2018,15.0,6.85,7.15,101.5,2.95,0.46499999999999997,5350.0,39500.0,4.629862798578463,1.3737155789130306,0.3818552424690306,10.584081267024454,8.585038738311304,2.6172504656604803,44.25,299.425,6.975,3.8122026701459353,5.705198138797363,1
LAKE,WEST BENGAL,2018,17.0,7.85,7.5,29.5,1.65,0.45499999999999996,170.0,900.0,3.417726683613366,0.9745596399981308,0.37500590062345585,6.803505257608338,5.14166355650266,2.80178514522438,28.049999999999997,48.675,7.734999999999999,3.36901848329792,3.9055017884378804,1
LAKE,WEST BENGAL,2018,14.0,8.2,6.949999999999999,28.5,1.45,0.45,115.0,785.0,3.3843902633457743,0.8960880245566356,0.37156355643248307,6.666956792429207,4.7535901911063645,2.8635642126552705,20.3,41.324999999999996,6.3,3.0587070727153796,3.7453779280191988,1
LAKE,WEST BENGAL,2018,27.0,8.100000000000001,7.75,230.0,3.25,0.28,1650.0,2400.0,5.442417710521793,1.4469189829363254,0.2468600779315258,7.783640596221253,7.409136443920128,2.8460498941515415,87.75,747.5,7.5600000000000005,4.485823428355525,6.618071203859683,1
LAKE,WEST BENGAL,2018,25.0,5.25,7.7,469.0,3.0,0.35,9350.0,15650.0,6.152732694704104,1.3862943611198906,0.3001045924503381,9.658290091690503,9.143238568435446,2.29128784747792,75.0,1407.0,8.75,4.330733340286331,7.249925536717988,1
LAKE,ANDHRA PRADESH,2018,28.0,6.25,7.7,962.5,1.35,2.0,27.0,1375.0,6.870572487854421,0.8544153281560676,1.0986122886681098,7.226936018493289,3.332204510175204,2.5,37.800000000000004,1299.375,56.0,3.6584202466292277,7.170407963391059,1
LAKE,ASSAM,2018,19.5,4.7,6.6,73.0,32.6,4.1,1351.0,10501.0,4.30406509320417,3.5145260669691587,1.62924053973028,9.259320994197804,7.20934025660291,2.16794833886788,635.7,2379.8,79.94999999999999,6.45629858702298,7.775191844638773,1
LAKE,ASSAM,2018,28.0,6.5,8.15,124.5,1.4500000000000002,0.6000000000000001,181.0,456.0,4.832305758571839,0.8960880245566357,0.47000362924573563,6.124683390894205,5.204006687076795,2.5495097567963922,40.60000000000001,180.52500000000003,16.800000000000004,3.728100167267218,5.201393385266311,1
POND,ASSAM,2018,28.0,3.8,7.25,709.5,10.9,1.5,1550.0,55180.0,6.565968947537155,2.4765384001174837,0.9162907318741551,10.918373970115221,7.346655163176539,1.9493588689617927,305.2,7733.55,42.0,5.7242384832235835,8.953452584197812,1
POND,ASSAM,2018,20.0,5.2,6.6,158.5,6.05,1.1,1751.0,12180.0,5.072043922224899,1.9530276168241774,0.7419373447293773,9.407632639699958,7.468513271496337,2.280350850198276,121.0,958.925,22.0,4.804021044733257,6.866855156409965,1
POND,ASSAM,2018,25.0,5.75,7.35,29.0,2.2,1.55,181.0,515.0,3.4011973816621555,1.1631508098056809,0.9360933591703349,6.246106765481563,5.204006687076795,2.3979157616563596,55.00000000000001,63.800000000000004,38.75,4.02535169073515,4.171305603358229,1
POND,ASSAM,2018,27.0,6.5,7.1,31.0,2.25,0.6000000000000001,366.0,900.0,3.4657359027997265,1.1786549963416462,0.47000362924573563,6.803505257608338,5.905361848054571,2.5495097567963922,60.75,69.75,16.200000000000003,4.123093975508087,4.259152536523347,1
POND,ASSAM,2018,26.0,6.55,7.05,70.0,3.6500000000000004,0.9500000000000001,456.0,1580.0,4.2626798770413155,1.536867219599265,0.6678293725756554,7.365812837209472,6.124683390894205,2.5592967784139455,94.9,255.50000000000003,24.700000000000003,4.563305981889393,5.547128664610824,1
POND,ASSAM,2018,26.5,7.6,8.0,248.5,10.45,0.9,456.0,456.0,5.519458915191573,2.4379897300002487,0.6418538861723948,6.124683390894205,6.124683390894205,2.756809750418044,276.92499999999995,2596.825,23.85,5.627351293119679,7.862429835454478,1
POND,ASSAM,2018,26.0,8.0,7.75,73.5,7.7,1.6,1401.0,10501.0,4.310799125385514,2.163323025660538,0.9555114450274363,9.259320994197804,7.2456550675945355,2.8284271247461903,200.20000000000002,565.95,41.6,5.304299438225584,6.340271116417849,1
POND,ASSAM,2018,26.0,7.55,7.6,130.5,5.6,0.8,366.0,701.0,4.879006851617819,1.8870696490323797,0.5877866649021191,6.553933404025811,5.905361848054571,2.7477263328068173,145.6,730.8,20.8,4.987707789452551,6.595507252585106,1
POND,ASSAM,2018,28.0,6.4,7.1,85.0,6.8,1.0,456.0,701.0,4.454347296253507,2.0541237336955462,0.6931471805599453,6.553933404025811,6.124683390894205,2.5298221281347035,190.4,578.0,28.0,5.254365479018854,6.361302477572996,1
POND,ASSAM,2018,29.0,5.9,6.7,69.5,3.9,0.7,1001.0,6001.0,4.255612709818223,1.589235205116581,0.5306282510621704,8.699848026000312,6.90975328164481,2.4289915602982237,113.1,271.05,20.299999999999997,4.73707525686803,5.605985872931934,1
POND,ASSAM,2018,26.5,9.55,8.5,165.0,15.7,1.0999999999999999,1751.0,120001.0,5.111987788356544,2.8154087194227095,0.7419373447293772,11.695263688291963,7.468513271496337,3.0903074280724887,416.04999999999995,2590.5,29.149999999999995,6.0332061186876205,7.859992137629761,1
POND,ASSAM,2018,26.0,7.75,7.199999999999999,361.5,9.4,1.3,10501.0,10501.0,5.893024474294729,2.341805806147327,0.832909122935104,9.259320994197804,9.259320994197804,2.7838821814150108,244.4,3398.1,33.800000000000004,5.502889532276811,8.131265969681113,1
POND,ASSAM,2018,28.5,8.45,7.8999999999999995,225.0,8.700000000000001,0.9,456.0,2101.0,5.420534999272286,2.2721258855093374,0.6418538861723948,7.650644551436897,6.124683390894205,2.9068883707497264,247.95000000000002,1957.5000000000002,25.650000000000002,5.5172520730881915,7.579934153105886,1
POND,ASSAM,2018,27.0,7.85,7.75,210.0,8.95,1.1,751.0,2151.0,5.351858133476067,2.2975725511705014,0.7419373447293773,7.674152921281675,6.62273632394984,2.80178514522438,241.64999999999998,1879.4999999999998,29.700000000000003,5.491620075851225,7.5392929779103905,1
POND,ASSAM,2018,28.0,7.6,6.699999999999999,30.0,2.95,0.7999999999999999,456.0,1151.0,3.4339872044851463,1.3737155789130306,0.5877866649021191,7.049254841255837,6.124683390894205,2.756809750418044,82.60000000000001,88.5,22.4,4.426043520090656,4.4942386252808095,1
POND,ASSAM,2018,29.0,5.0,7.6000000000000005,54.0,4.25,0.75,751.0,3900.0,4.007333185232471,1.6582280766035324,0.5596157879354227,8.268988209506656,6.62273632394984,2.23606797749979,123.25,229.5,21.75,4.822295664976738,5.440250862436703,1
POND,ASSAM,2018,30.0,5.199999999999999,7.2,61.0,1.95,0.6000000000000001,1051.0,1951.0,4.127134385045092,1.0818051703517284,0.47000362924573563,7.5766097669730375,6.9584483932976555,2.2803508501982757,58.5,118.95,18.000000000000004,4.085976312551584,4.787074989285704,1
POND,ASSAM,2018,29.0,4.1,7.199999999999999,47.0,1.85,0.6000000000000001,751.0,14865.0,3.871201010907891,1.0473189942805592,0.47000362924573563,9.60683200528524,6.62273632394984,2.0248456731316584,53.650000000000006,86.95,17.400000000000002,4.000949214622548,4.476768471183568,1
POND,ASSAM,2018,29.0,5.9,7.25,64.5,2.6,0.65,751.0,2130.0,4.182050142641207,1.2809338454620642,0.5007752879124893,7.664346632098617,6.62273632394984,2.4289915602982237,75.4,167.70000000000002,18.85,4.335982696172475,5.128121989551922,1
POND,ASSAM,2018,22.5,4.35,7.0,115.0,3.65,2.35,366.0,1001.0,4.7535901911063645,1.536867219599265,1.208960345836975,6.90975328164481,5.905361848054571,2.085665361461421,82.125,419.75,52.875,4.420345498976018,6.042038833070915,1
POND,ASSAM,2018,25.5,5.9,7.050000000000001,28.5,2.7,0.6000000000000001,181.0,730.0,3.3843902633457743,1.308332819650179,0.47000362924573563,6.594413459749778,5.204006687076795,2.4289915602982237,68.85000000000001,76.95,15.300000000000002,4.246350085702971,4.356067595503785,1
POND,ASSAM,2018,27.0,6.8,7.15,28.5,2.6,1.0999999999999999,456.0,880.0,3.3843902633457743,1.2809338454620642,0.7419373447293772,6.78105762593618,6.124683390894205,2.6076809620810595,70.2,74.10000000000001,29.699999999999996,4.26549281841793,4.318820558770089,1
POND,ASSAM,2018,26.0,7.5,6.85,33.0,1.8,0.75,1001.0,10501.0,3.5263605246161616,1.0296194171811581,0.5596157879354227,9.259320994197804,6.90975328164481,2.7386127875258306,46.800000000000004,59.4,19.5,3.8670256394974105,4.100989104940769,1
POND,ASSAM,2018,26.0,6.7,6.9,72.5,2.8,1.1,361.0,930.0,4.297285406218791,1.33500106673234,0.7419373447293773,6.836259277277067,5.8916442118257715,2.588435821108957,72.8,203.0,28.6,4.301358731606427,5.318119993844216,1
POND,ASSAM,2018,23.0,4.1,7.0,135.0,3.3499999999999996,1.0,751.0,1001.0,4.912654885736052,1.4701758451005926,0.6931471805599453,6.90975328164481,6.62273632394984,2.0248456731316584,77.05,452.24999999999994,23.0,4.357349646961441,6.11644384963496,1
POND,ASSAM,2018,27.5,5.800000000000001,7.85,333.0,13.15,2.0,120180.0,120365.0,5.811140992976701,2.649714624089247,1.0986122886681098,11.698292379950143,11.696754218705356,2.4083189157584592,361.625,4378.95,55.0,5.893369242441568,8.38479258778022,1
POND,ASSAM,2018,26.0,4.5,7.050000000000001,34.5,2.05,0.7000000000000001,755.0,1505.0,3.56953269648137,1.1151415906193203,0.5306282510621704,7.317212408359839,6.628041376179533,2.1213203435596424,53.3,70.725,18.200000000000003,3.9945242269398897,4.272839361867429,1
TANK,ASSAM,2018,26.5,6.65,6.9,28.5,2.0500000000000003,0.8500000000000001,366.0,700.0,3.3843902633457743,1.1151415906193203,0.6151856390902335,6.55250788703459,5.905361848054571,2.5787593916455256,54.32500000000001,58.425000000000004,22.525000000000002,4.013224885937113,4.0847150132462575,1
LAKE,BIHAR,2018,25.0,10.35,7.85,307.0,2.5999999999999996,17.5,7500.0,16500.0,5.730099782973574,1.2809338454620642,2.917770732084279,9.711176264112805,8.922791623969637,3.2171415884290826,64.99999999999999,798.1999999999999,437.5,4.189654742026425,6.683611227334343,1
LAKE,BIHAR,2018,23.0,10.3,8.15,554.5,2.5,1.9,5950.0,13000.0,6.319868609079685,1.252762968495368,1.0647107369924282,9.472781556562168,8.691314551644853,3.2093613071762426,57.5,1386.25,43.699999999999996,4.069026754237811,7.23507864920601,1
LAKE,BIHAR,2018,29.0,8.1,7.35,783.5,2.3,0.5,5500.0,10500.0,6.665046572173087,1.1939224684724346,0.4054651081081644,9.259225769705994,8.612685172875459,2.8460498941515415,66.69999999999999,1802.05,14.5,4.215086179918229,7.497234954377318,1
POND,BIHAR,2018,28.0,8.0,7.800000000000001,779.0,2.7,1.2,11550.0,16800.0,6.659293919683638,1.308332819650179,0.7884573603642702,9.729193687429403,9.35452729228868,2.8284271247461903,75.60000000000001,2103.3,33.6,4.338597076746546,7.6517381492445775,1
POND,BIHAR,2018,27.5,8.3,7.6,666.5,2.55,1.1,6350.0,12650.0,6.503539390274405,1.2669476034873244,0.7419373447293773,9.44549154241467,8.756367559802975,2.8809720581775866,70.125,1699.5749999999998,30.250000000000004,4.264438892446495,7.438721708149763,1
LAKE,CHANDIGARH,2018,23.25,7.35,7.75,242.5,2.5,2.45,9001.0,15001.0,5.495116942522644,1.252762968495368,1.2383742310432684,9.615938804529582,9.105202053852878,2.711088342345192,58.125,606.25,56.962500000000006,4.079653846812097,6.408940567882282,1
LAKE,DELHI,2018,31.0,10.35,8.7,1162.0,17.0,0.025,170.0,280.0,7.0587581525186645,2.8903717578961645,0.0246926125903715,5.638354669333745,5.14166355650266,3.2171415884290826,527.0,19754.0,0.775,6.269096283706261,9.891161902845491,1
LAKE,DELHI,2018,26.0,3.9,7.55,417.0,4.5,1.4,2400.0,3500.0,6.035481432524756,1.7047480922384253,0.8754687373538999,8.160803920954665,7.783640596221253,1.9748417658131499,117.0,1876.5,36.4,4.770684624465665,7.5376963836382895,1
LAKE,DELHI,2018,26.0,10.35,7.7,812.5,11.0,20.95,2650.0,46550.0,6.7013459266590925,2.4849066497880004,3.08876713952118,10.748303764751594,7.8826922062890254,3.2171415884290826,286.0,8937.5,544.6999999999999,5.659482215759621,9.098123068855143,1
LAKE,GOA,2018,29.0,7.3,7.3,48.0,1.45,1.745,12.5,1060.0,3.8918202981106265,0.8960880245566356,1.009781074961494,6.966967138613983,2.6026896854443837,2.701851217221259,42.05,69.6,50.605000000000004,3.7623622308737397,4.257030144499196,1
LAKE,GOA,2018,29.5,7.75,7.1499999999999995,145.5,2.4,1.745,8725.0,14390.0,4.987025428457122,1.2237754316221157,1.009781074961494,9.574358290170174,9.074062353683555,2.7838821814150108,70.8,349.2,51.477500000000006,4.273884476054178,5.8585044198517515,1
LAKE,GOA,2018,28.5,6.55,7.55,116.5,1.0,0.05,273.5,466.5,4.7664383335842135,0.6931471805599453,0.048790164169432,6.147399348728742,5.614951260949585,2.5592967784139455,28.5,116.5,1.425,3.3843902633457743,4.7664383335842135,1
LAKE,GOA,2018,28.3,6.2,7.55,207.5,5.0,1.745,6600.0,12225.0,5.339939041238856,1.791759469228055,1.009781074961494,9.41132011058867,8.79497643168877,2.4899799195977463,141.5,1037.5,49.383500000000005,4.959341999708705,6.945532643316167,1
LAKE,GOA,2018,30.0,5.25,7.6,253.0,1.95,0.55,1250.0,2650.0,5.537334267018537,1.0818051703517284,0.4382549309311553,7.8826922062890254,7.1316985104669115,2.29128784747792,58.5,493.34999999999997,16.5,4.085976312551584,6.203243768343142,1
LAKE,GOA,2018,29.4,8.0,7.35,144.5,2.8,0.7,4050.0,8725.0,4.980176086611547,1.33500106673234,0.5306282510621704,9.074062353683555,8.30671904320269,2.8284271247461903,82.32,404.59999999999997,20.58,4.422688616392771,6.005367452276973,1
LAKE,GOA,2018,29.2,4.45,7.15,531.0,3.55,3.2,39000.0,73000.0,6.2766434893416445,1.5151272329628591,1.4350845252893227,11.19822841866684,10.571342565808699,2.1095023109728985,103.66,1885.05,93.44,4.650717000944062,7.542239973976665,1
LAKE,GOA,2018,29.2,5.4,6.8,149.0,2.85,6.0,4175.0,8890.0,5.0106352940962555,1.3480731482996928,1.9459101490553132,9.09279480812114,8.337109129562474,2.32379000772445,83.22,424.65000000000003,175.2,4.433432422733782,6.053617412330066,1
LAKE,GUJARAT,2018,27.0,6.65,8.75,1755.0,28.0,0.30000000000000004,33.0,320.0,7.470793774195062,3.367295829986474,0.26236426446749106,5.771441123130016,3.5263605246161616,2.5787593916455256,756.0,49140.0,8.100000000000001,6.6293632534374485,10.802448995888462,1
LAKE,GUJARAT,2018,24.0,6.199999999999999,8.55,888.5,23.5,0.15,44.5,320.0,6.7906595071058895,3.1986731175506815,0.1397619423751587,5.771441123130016,3.817712325956905,2.4899799195977463,564.0,20879.75,3.5999999999999996,6.336825731146441,9.946582960891714,1
LAKE,GUJARAT,2018,28.0,8.05,7.95,323.5,0.6000000000000001,0.65,6.5,18.5,5.782285536144145,0.47000362924573563,0.5007752879124893,2.970414465569701,2.0149030205422647,2.8372521918222215,16.800000000000004,194.10000000000002,18.2,2.8791984572980396,5.273512247629066,1
LAKE,GUJARAT,2018,29.5,4.25,7.85,2840.5,5.699999999999999,0.8,276.0,483.5,7.952087360737176,1.9021075263969203,0.5877866649021191,6.183117431330821,5.6240175061873385,2.0615528128088303,168.14999999999998,16190.849999999999,23.6,5.130785895226717,9.69226330821029,1
LAKE,GUJARAT,2018,25.5,6.25,7.800000000000001,2486.0,10.55,0.39999999999999997,10.5,51.5,7.818832443803404,2.446685436967803,0.33647223662121295,3.960813169597578,2.4423470353692043,2.5,269.02500000000003,26227.300000000003,10.2,5.598514547304538,10.17459425947579,1
LAKE,GUJARAT,2018,25.5,5.6,7.75,480.0,7.75,0.30000000000000004,6.0,14.5,6.175867270105761,2.169053700369523,0.26236426446749106,2.740840023925201,1.9459101490553132,2.3664319132398464,197.625,3720.0,7.650000000000001,5.29141862485688,8.221747728346623,1
LAKE,GUJARAT,2018,24.0,6.8,7.5,791.5,44.599999999999994,0.25,3.0,1060.0,6.675192505751435,3.81990771652034,0.22314355131420976,6.966967138613983,1.3862943611198906,2.6076809620810595,1070.3999999999999,35300.899999999994,6.0,6.97672148344686,10.471692065835516,1
LAKE,GUJARAT,2018,27.5,6.9,7.9,403.0,1.55,0.05,2.0,18.5,6.0014148779611505,0.9360933591703349,0.048790164169432,2.970414465569701,1.0986122886681098,2.6267851073127395,42.625,624.65,1.375,3.7756303805225913,6.4387911093110635,1
LAKE,GUJARAT,2018,29.5,6.85,8.45,401.0,0.8,0.35,16.5,63.5,5.996452088619021,0.5877866649021191,0.3001045924503381,4.1666652238017265,2.8622008809294686,2.6172504656604803,23.6,320.8,10.325,3.202746442938317,5.773930234558283,1
LAKE,GUJARAT,2018,29.5,7.15,7.65,267.0,0.8,0.05,15.0,96.0,5.5909869805108565,0.5877866649021191,0.048790164169432,4.574710978503383,2.772588722239781,2.6739483914241875,23.6,213.60000000000002,1.475,3.202746442938317,5.368775830196598,1
LAKE,GUJARAT,2018,26.5,5.85,7.65,2385.0,17.25,0.15,8.0,11.0,7.777373602657861,2.9041650800285006,0.1397619423751587,2.4849066497880004,2.1972245773362196,2.4186773244895647,457.125,41141.25,3.9749999999999996,6.127142072640916,10.62479085300944,1
LAKE,GUJARAT,2018,31.5,5.05,7.8,1574.0,30.15,0.1,2.0,8.0,7.362010551259734,3.4388142452334622,0.09531017980432487,2.1972245773362196,1.0986122886681098,2.247220505424423,949.7249999999999,47456.1,3.1500000000000004,6.8572248514324095,10.767581424035171,1
LAKE,GUJARAT,2018,25.5,4.45,7.75,540.0,2.1999999999999997,0.65,25.0,70.5,6.293419278846481,1.1631508098056809,0.5007752879124893,4.269697449699962,3.258096538021482,2.1095023109728985,56.099999999999994,1187.9999999999998,16.575,4.044804116661965,7.080867896690782,1
LAKE,GUJARAT,2018,28.5,3.6500000000000004,7.7,1186.0,5.05,4.3,7.5,20.0,7.079184394609668,1.80005827204275,1.667706820558076,3.044522437723423,2.1400661634962708,1.91049731745428,143.92499999999998,5989.3,122.55,4.976216367225796,8.697896773327814,1
LAKE,GUJARAT,2018,29.5,5.75,8.75,3840.0,50.0,0.30000000000000004,38.0,244.0,8.253488028345904,3.9318256327243257,0.26236426446749106,5.501258210544727,3.6635616461296463,2.3979157616563596,1475.0,192000.0,8.850000000000001,7.297091005160418,12.165255859329688,1
LAKE,GUJARAT,2018,29.5,5.3,8.1,791.5,3.8000000000000003,0.3,29.0,129.5,6.675192505751435,1.5686159179138455,0.262364264467491,4.871373226762748,3.4011973816621555,2.3021728866442674,112.10000000000001,3007.7000000000003,8.85,4.728272383122075,8.009263370762273,1
POND,GUJARAT,2018,30.5,6.55,7.75,1466.5,1.7,0.15000000000000002,46.5,152.5,7.291315551702252,0.9932517730102833,0.1397619423751587,5.033700567027251,3.8607297110405954,2.5592967784139455,51.85,2493.0499999999997,4.575000000000001,3.967457712316247,7.821663174154498,1
POND,GUJARAT,2018,27.0,6.75,7.800000000000001,460.0,1.6,0.1,25.0,185.5,6.133398042996649,0.9555114450274363,0.09531017980432487,5.2284312390838705,3.258096538021482,2.598076211353316,43.2,736.0,2.7,3.7887247890836524,6.602587892189336,1
TANK,GUJARAT,2018,28.5,6.1000000000000005,7.55,1247.5,72.5,0.3,24.5,183.5,7.129698109719828,4.297285406218791,0.262364264467491,5.217649463480582,3.2386784521643803,2.4698178070456938,2066.25,90443.75,8.549999999999999,7.633974500602276,11.41249444602113,1
LAKE,HARYANA,2018,20.0,7.9,8.0,347.0,3.15,1.745,1500.0,3800.0,5.8522024797744745,1.423108334242607,1.009781074961494,8.24301946898925,7.313886831633462,2.8106938645110393,63.0,1093.05,34.900000000000006,4.1588830833596715,6.99764168577666,1
LAKE,HARYANA,2018,26.0,4.8,8.05,490.5,2.9,1.745,850.0,2300.0,6.197461939587221,1.3609765531356006,1.009781074961494,7.741099090035366,6.7464121285733745,2.1908902300206643,75.39999999999999,1422.45,45.370000000000005,4.335982696172475,7.260838781408546,1
LAKE,HARYANA,2018,26.0,6.3,7.25,251.5,6.0,1.745,265.0,1060.0,5.531411248715415,1.9459101490553132,1.009781074961494,6.966967138613983,5.583496308781699,2.5099800796022267,156.0,1509.0,45.370000000000005,5.056245805348308,7.31986492980897,1
LAKE,HIMACHAL PRADESH,2018,16.0,9.8,8.05,270.5,0.6000000000000001,0.6000000000000001,73.0,600.0,5.60396213937399,0.47000362924573563,0.47000362924573563,6.398594934535208,4.30406509320417,3.1304951684997055,9.600000000000001,162.3,9.600000000000001,2.3608540011180215,5.095588999976419,1
LAKE,HIMACHAL PRADESH,2018,14.0,7.9,7.55,345.0,0.6000000000000001,1.5,4.0,121.5,5.846438775057725,0.47000362924573563,0.9162907318741551,4.808111029984782,1.6094379124341003,2.8106938645110393,8.400000000000002,207.00000000000003,21.0,2.2407096892759584,5.337538079701318,1
LAKE,HIMACHAL PRADESH,2018,18.0,6.85,8.0,614.0,1.4000000000000001,0.25,27.5,62.0,6.421622267806518,0.8754687373539,0.22314355131420976,4.143134726391533,3.349904087274605,2.6172504656604803,25.200000000000003,859.6000000000001,4.5,3.265759410767051,6.7576298204044996,1
LAKE,HIMACHAL PRADESH,2018,21.5,8.45,8.15,277.5,3.35,1.0,139.0,1260.0,5.629418059367339,1.4701758451005926,0.6931471805599453,7.13966033596492,4.941642422609304,2.9068883707497264,72.025,929.625,21.5,4.290801848273805,6.835856403438274,1
LAKE,HIMACHAL PRADESH,2018,14.0,6.0,7.25,76.0,3.9,1.45,13.0,325.0,4.343805421853684,1.589235205116581,0.8960880245566356,5.786897381366708,2.6390573296152584,2.449489742783178,54.6,296.4,20.3,4.018183201256536,5.6950780340260545,1
LAKE,KARNATAKA,2018,28.8,6.45,7.699999999999999,423.5,4.5,1.8,110055.0,860460.0,6.050912005751402,1.7047480922384253,1.0296194171811581,13.66522357111971,11.608744606140831,2.539685019840059,129.6,1905.75,51.84,4.8721392168423305,7.553155501044348,1
LAKE,KARNATAKA,2018,25.0,3.6,7.4,501.0,4.55,1.2,790.0,3200.0,6.218600119691729,1.713797927758343,0.7884573603642702,8.071218539969863,6.673297967767654,1.8973665961010275,113.75,2279.5499999999997,30.0,4.7427558489406545,7.732171920927849,1
LAKE,KARNATAKA,2018,23.0,3.0,6.800000000000001,1451.5,14.8,2.3000000000000003,1900.0,6850.0,7.281041488726066,2.760009940032921,1.1939224684724346,8.832149906002899,7.550135342488429,1.7320508075688772,340.40000000000003,21482.2,52.900000000000006,5.83305481036034,9.975026513318443,1
LAKE,KARNATAKA,2018,24.5,7.1,8.75,579.5,4.0,1.35,1305.0,4800.0,6.3638898011379466,1.6094379124341003,0.8544153281560676,8.476579508530941,7.174724309836376,2.6645825188948455,98.0,2318.0,33.075,4.59511985013459,7.7488913372555315,1
LAKE,KARNATAKA,2018,26.0,2.0,7.15,1038.0,16.65,2.25,2250.0,7350.0,6.946013991099227,2.8707357833793057,1.1786549963416462,8.902591637374087,7.719129840906732,1.4142135623730951,432.9,17282.699999999997,58.5,6.072814092804305,9.757519139807922,1
LAKE,KARNATAKA,2018,24.0,1.8,7.699999999999999,1027.5,17.3,2.9,2200.0,7100.0,6.935856709093012,2.9069010598473755,1.3609765531356006,8.867990898182093,7.696667081526462,1.3416407864998738,415.20000000000005,17775.75,69.6,6.031165913959534,9.785646702708538,1
LAKE,KARNATAKA,2018,26.5,5.55,8.7,702.5,6.65,1.25,1160.0,4900.0,6.556067876554444,2.0347056478384444,0.8109302162163288,8.497194544909547,7.057036981697891,2.355843797877949,176.22500000000002,4671.625,33.125,5.177420111741081,8.449476291245826,1
LAKE,KARNATAKA,2018,25.5,6.0,8.399999999999999,821.5,4.7,2.8499999999999996,1310.0,4850.0,6.712348482639527,1.7404661748405046,1.3480731482996928,8.486940148245216,7.1785454837637,2.449489742783178,119.85000000000001,3861.05,72.675,4.794550107149492,8.258953409564414,1
LAKE,KARNATAKA,2018,27.0,6.9,7.65,508.5,6.0,3.75,42016.5,460065.0,6.23342985266278,1.9459101490553132,1.55814461804655,13.039125236434126,10.645841477150721,2.6267851073127395,162.0,3051.0,101.25,5.093750200806762,8.023552392404348,1
LAKE,KARNATAKA,2018,27.0,6.4,7.35,696.5,4.0,2.45,6245.0,47750.0,6.5475025136955205,1.6094379124341003,1.2383742310432684,10.773755288097965,8.739696537843024,2.5298221281347035,108.0,2786.0,66.15,4.6913478822291435,7.932721027481948,1
LAKE,KARNATAKA,2018,30.0,6.85,7.9,1547.5,6.5,1.45,135055.0,1740460.0,7.345041999413257,2.0149030205422647,0.8960880245566356,14.369660578628373,11.813444786223501,2.6172504656604803,195.0,10058.75,43.5,5.278114659230517,9.21629759245031,1
LAKE,KARNATAKA,2018,27.0,2.4,7.5,2625.0,28.0,13.7,573500.0,8270000.0,7.873217054862741,3.367295829986474,2.6878474937846906,15.928145187918851,13.259514959229206,1.5491933384829668,756.0,73500.0,369.9,6.6293632534374485,11.205054290550551,1
LAKE,KARNATAKA,2018,27.0,4.6,6.85,1132.0,25.5,7.7,258500.0,2830000.0,7.0326242610280065,3.2771447329921766,2.163323025660538,14.855787622976248,12.462654841395091,2.1447610589527217,688.5,28866.0,207.9,6.5359666972333565,10.270454353159858,1
LAKE,KARNATAKA,2018,28.0,4.65,7.05,951.5,8.5,7.3,8665.0,48700.0,6.859090107000856,2.2512917986064953,2.1162555148025524,10.793454842740767,9.067162602299854,2.1563858652847827,238.0,8087.75,204.4,5.476463551931511,8.998229486371477,1
LAKE,KARNATAKA,2018,28.0,4.15,7.05,885.5,7.5,4.5,23165.0,176750.0,6.787281125514262,2.1400661634962708,1.7047480922384253,12.082497241451442,10.05044096549229,2.0371548787463363,210.0,6641.25,126.0,5.351858133476067,8.801206040493634,1
LAKE,KARNATAKA,2018,28.5,3.9499999999999997,6.6,779.0,7.0,4.35,14420.0,88500.0,6.659293919683638,2.0794415416798357,1.6770965609079151,11.390769130367211,9.57644075656207,1.987460691435179,199.5,5453.0,123.975,5.300814246746624,8.604104563405533,1
LAKE,KARNATAKA,2018,27.6,4.9,7.15,884.5,6.5,4.0,850215.0,5452700.0,6.786152457222888,2.0149030205422647,1.6094379124341003,15.511621640202401,13.653245713831138,2.2135943621178655,179.4,5749.25,110.4,5.1951766076285235,8.656998611107113,1
LAKE,KARNATAKA,2018,27.7,4.1,7.25,959.5,16.0,6.85,233150.0,867500.0,6.867453982208612,2.833213344056216,2.060513531794317,13.67337194354024,12.35944159131155,2.0248456731316584,443.2,15352.0,189.74499999999998,6.096274911460327,9.639066173658899,1
LAKE,KARNATAKA,2018,26.6,6.25,7.3,838.5,7.5,2.5,126500.0,925000.0,6.732806476517595,2.1400661634962708,1.252762968495368,13.73755009757506,11.748005492256807,2.5,199.5,6288.75,66.5,5.300814246746624,8.746676603276628,1
LAKE,KARNATAKA,2018,27.15,4.949999999999999,7.3,886.0,12.0,3.5500000000000003,246100.0,1747000.0,6.787844982309579,2.5649493574615367,1.5151272329628591,14.373411161525874,12.413497299759758,2.2248595461286986,325.79999999999995,10632.0,96.38250000000001,5.789348362985848,9.271717651651086,1
LAKE,KARNATAKA,2018,28.0,5.85,7.05,653.0,41.3,14.65,6230.0,47600.0,6.483107351457199,3.744787086052232,2.750470916986162,10.7706090484022,8.737292112544221,2.4186773244895647,1156.3999999999999,26968.899999999998,410.2,7.053931389139739,10.202476708303394,1
LAKE,KARNATAKA,2018,27.5,3.9000000000000004,7.45,1223.0,12.5,5.2,553950.0,4614000.0,7.1098794630722715,2.6026896854443837,1.824549292051046,15.344605934447499,13.224831514164267,1.97484176581315,343.75,15287.5,143.0,5.842819516673411,9.634856190775148,1
LAKE,KARNATAKA,2018,27.0,3.35,6.9,1004.5,31.0,2.6,41950.0,287500.0,6.913240209212707,3.4657359027997265,1.2809338454620642,12.568981617474362,10.6442575495135,1.8303005217723127,837.0,31139.5,70.2,6.731018100482083,10.346264501778032,1
LAKE,KARNATAKA,2018,27.0,6.300000000000001,6.65,571.0,4.0,2.1,17200.0,177500.0,6.349138991379798,1.6094379124341003,1.1314021114911006,12.086731521684555,9.75272280064639,2.5099800796022267,108.0,2284.0,56.7,4.6913478822291435,7.734121303328305,1
LAKE,KARNATAKA,2018,29.5,6.35,7.95,867.5,9.5,5.6000000000000005,4900.0,19240.0,6.766767585681159,2.3513752571634776,1.88706964903238,9.864798697921016,8.497194544909547,2.5199206336708304,280.25,8241.25,165.20000000000002,5.63924395351863,9.017028643882325,1
LAKE,KARNATAKA,2018,29.0,2.4,6.949999999999999,1061.5,41.0,1.3,5895.0,48700.0,6.968379900798572,3.7376696182833684,0.832909122935104,10.793454842740767,8.682029433869172,1.5491933384829668,1189.0,43521.5,37.7,7.081708586105575,10.681033324732873,1
LAKE,KARNATAKA,2018,25.5,5.05,8.1,1885.0,18.0,25.5,16665.0,87750.0,7.542213463193403,2.9444389791664403,3.2771447329921766,11.382258537274573,9.721125994942152,2.247220505424423,459.0,33930.0,650.25,6.131226489483141,10.432084329787237,1
LAKE,KARNATAKA,2018,25.5,4.9,7.5,369.0,29.5,1.3,1385.0,14445.0,5.91350300563827,3.417726683613366,0.832909122935104,9.578172838610792,7.234177179749849,2.2135943621178655,752.25,10885.5,33.15,6.624397178010411,9.295278768492373,1
LAKE,KARNATAKA,2018,25.0,5.05,7.550000000000001,502.0,21.0,3.7,5504.0,48700.0,6.220590170099739,3.091042453358316,1.547562508716013,10.793454842740767,8.61341204915678,2.247220505424423,525.0,10542.0,92.5,6.26530121273771,9.26321741157695,1
LAKE,KARNATAKA,2018,24.5,4.05,7.35,275.0,4.5,0.8,1645.0,9740.0,5.62040086571715,1.7047480922384253,0.5877866649021191,9.184099060770956,7.406103381237015,2.0124611797498106,110.25,1237.5,19.6,4.711779921046349,7.121656248929415,1
LAKE,KARNATAKA,2018,23.5,6.75,7.0,196.5,3.5,0.9,8665.0,81750.0,5.285738584341177,1.5040773967762742,0.6418538861723948,11.311433321100587,9.067162602299854,2.598076211353316,82.25,687.75,21.150000000000002,4.421848128860553,6.534878360467125,1
LAKE,KARNATAKA,2018,24.0,3.5,7.2,2009.5,10.5,8.6,5665.0,47750.0,7.606138726337329,2.4423470353692043,2.2617630984737906,10.773755288097965,8.642238680390461,1.8708286933869707,252.0,21099.75,206.39999999999998,5.53338948872752,9.957063863856146,1
LAKE,KARNATAKA,2018,24.0,3.3,7.25,820.5,7.0,4.2,8515.5,46270.0,6.711131937477322,2.0794415416798357,1.6486586255873816,10.742270693943276,9.049760737300632,1.816590212458495,168.0,5743.5,100.80000000000001,5.1298987149230735,8.65599815429342,1
LAKE,KARNATAKA,2018,24.0,4.15,7.45,1047.5,13.5,3.25,85170.0,462700.0,6.955115850341975,2.6741486494265287,1.4469189829363254,13.044836336120333,11.352416279289635,2.0371548787463363,324.0,14141.25,78.0,5.783825182329737,9.556922049846996,1
TANK,KARNATAKA,2018,24.0,7.1,7.800000000000001,582.0,4.0,1.8,1815.0,3261.0,6.368187186350492,1.6094379124341003,1.0296194171811581,8.09009578318096,7.504391559161238,2.6645825188948455,96.0,2328.0,43.2,4.574710978503383,7.753194269884341,1
TANK,KARNATAKA,2018,28.5,7.3,8.75,2179.0,27.0,0.1,10250.0,20000.0,7.687080155783135,3.332204510175204,0.09531017980432487,9.90353755128617,9.235130540783402,2.701851217221259,769.5,58833.0,2.85,6.64703965476017,10.982475198067938,1
TANK,KARNATAKA,2018,23.0,7.15,7.65,439.0,5.5,0.05,613.0,1856.0,6.0867747269123065,1.8718021769015913,0.048790164169432,7.526717561352706,6.419994928147142,2.6739483914241875,126.5,2414.5,1.1500000000000001,4.848116364598481,7.789661583994461,1
TANK,KARNATAKA,2018,29.5,6.95,7.050000000000001,200.0,2.5,0.8500000000000001,9.5,18.0,5.303304908059076,1.252762968495368,0.6151856390902335,2.9444389791664403,2.3513752571634776,2.6362852652928135,73.75,500.0,25.075000000000003,4.314149212270796,6.2166061010848646,1
TANK,KARNATAKA,2018,25.5,5.949999999999999,7.65,733.0,4.6,0.8,1240.0,5050.0,6.598509028614515,1.7227665977411035,0.5877866649021191,8.527341522468053,7.123672785204607,2.4392621835300936,117.3,3371.7999999999997,20.400000000000002,4.773223770984341,8.123498538906988,1
TANK,KARNATAKA,2018,27.65,4.25,7.5,870.0,9.5,4.6000000000000005,4900.0,28850.0,6.769641976852503,2.3513752571634776,1.7227665977411037,10.269899933380591,8.497194544909547,2.0615528128088303,262.675,8265.0,127.19000000000001,5.574717284162678,9.019905995071678,1
TANK,KARNATAKA,2018,27.3,7.25,7.55,481.5,4.5,3.4,8555.0,46545.0,6.178980920779041,1.7047480922384253,1.4816045409242156,10.74819634990461,9.054388070202297,2.692582403567252,122.85000000000001,2166.75,92.82,4.819071155935369,7.68144504225727,1
TANK,KARNATAKA,2018,27.0,6.25,7.5,556.0,6.0,1.25,2565.0,18300.0,6.322565239927284,1.9459101490553132,0.8109302162163288,9.814710982145282,7.850103545175582,2.5,162.0,3336.0,33.75,5.093750200806762,8.112827478751374,1
TANK,KARNATAKA,2018,28.8,5.4,7.65,859.5,11.0,2.05,26800.0,191500.0,6.757513615651594,2.4849066497880004,1.1151415906193203,12.162648309521318,10.196194479235656,2.32379000772445,316.8,9454.5,59.04,5.761422254102616,9.154351861767328,1
TANK,KARNATAKA,2018,25.0,6.55,7.45,894.0,5.5,2.25,55240.0,176750.0,6.796823718274855,1.8718021769015913,1.1786549963416462,12.082497241451442,10.919460710183415,2.5592967784139455,137.5,4917.0,56.25,4.930870325627393,8.500657222776137,1
TANK,KARNATAKA,2018,26.0,4.5,7.4,1318.0,9.5,7.55,23165.0,273700.0,7.1846291527173145,2.3513752571634776,2.145931282948669,12.519791548657462,10.05044096549229,2.1213203435596424,247.0,12521.0,196.29999999999998,5.5134287461649825,9.435242376305256,1
TANK,KARNATAKA,2018,26.0,4.5,7.85,983.0,27.5,4.4,290105.0,4600175.0,6.891625897052253,3.349904087274605,1.6863989535702288,15.34160512159696,12.578001652418882,2.1213203435596424,715.0,27032.5,114.4,6.573680166960646,10.204832116644504,1
TANK,KARNATAKA,2018,27.0,1.55,7.550000000000001,3525.0,36.0,9.3,470155.0,4601750.0,8.167919362957816,3.6109179126442243,2.33214389523559,15.341947441203578,13.060819833508296,1.2449899597988732,972.0,126900.0,251.10000000000002,6.880384082186005,11.751162533892076,1
TANK,KARNATAKA,2018,23.5,4.4,7.1,1258.0,20.95,2.55,351650.0,1407500.0,7.138073034044347,3.08876713952118,1.2669476034873244,14.157326349475303,12.77039448546879,2.0976176963403033,492.325,26355.1,59.925,6.201168186055489,10.179455026228972,1
TANK,KARNATAKA,2018,26.5,5.300000000000001,7.35,1055.5,21.0,2.3,395240.0,2711750.0,6.962716837056111,3.091042453358316,1.1939224684724346,14.813105109667953,12.887250984413987,2.302172886644268,556.5,22165.5,60.949999999999996,6.323462503334274,10.006337419150578,1
TANK,KARNATAKA,2018,25.5,4.6,8.55,1360.0,14.5,4.75,230700.0,1132000.0,7.215975002651466,2.740840023925201,1.749199854809259,13.939497421137101,12.348877778786173,2.1447610589527217,369.75,19720.0,121.125,5.915527981018042,9.889439336810069,1
TANK,KARNATAKA,2018,26.0,3.85,7.8,879.0,31.5,3.85,4310.0,46600.0,6.779921907472252,3.481240089335692,1.5789787049493917,10.74937727911096,8.368925174747135,1.9621416870348585,819.0,27688.5,100.10000000000001,6.709304340258298,10.228808558941667,1
TANK,KARNATAKA,2018,27.0,5.1,7.3,919.5,7.0,2.5,15100.0,88900.0,6.824917000673133,2.0794415416798357,1.252762968495368,11.395278670032656,9.62251624577579,2.258317958127243,189.0,6436.5,67.5,5.247024072160486,8.769895544971991,1
TANK,KARNATAKA,2018,29.5,5.7,7.6,764.5,5.0,2.15,8665.0,81105.0,6.640529215097739,1.791759469228055,1.1474024528375417,11.303512220104277,9.067162602299854,2.3874672772626644,147.5,3822.5,63.425,5.000584958242754,8.24892151248428,1
TANK,KARNATAKA,2018,28.0,6.2,7.9,860.5,24.5,3.15,25550.0,113950.0,6.758675055967984,3.2386784521643803,1.423108334242607,11.643523810414173,10.14843173380919,2.4899799195977463,686.0,21082.25,88.2,6.532334292222349,9.956234165344675,1
TANK,KARNATAKA,2018,29.0,5.7,7.95,839.0,8.0,1.9,39635.0,461200.0,6.733401891837359,2.1972245773362196,1.0647107369924282,13.041589235631411,10.58749307517879,2.3874672772626644,232.0,6712.0,55.099999999999994,5.4510384535657,8.811801223938751,1
TANK,KARNATAKA,2018,25.0,5.6,7.05,569.0,6.0,3.4,15730.0,272700.0,6.345636360828596,1.9459101490553132,1.4816045409242156,12.516131235860326,9.663388566822505,2.3664319132398464,150.0,3414.0,85.0,5.017279836814924,8.13593277200489,1
TANK,KARNATAKA,2018,26.85,6.25,6.85,273.5,4.5,3.2,14165.0,81105.0,5.614951260949585,1.7047480922384253,1.4350845252893227,11.303512220104277,9.558600006313569,2.5,120.825,1230.75,85.92000000000002,4.80258558872957,7.116191201424073,1
TANK,KARNATAKA,2018,27.5,5.1499999999999995,7.2,1525.0,22.5,8.35,176550.0,817500.0,7.330405211844402,3.1570004211501135,2.2353763433005955,13.614007404994387,12.081365065458305,2.269361143582043,618.75,34312.5,229.625,6.4293161709153,10.443294141725207,1
TANK,KARNATAKA,2018,28.0,3.55,7.25,1281.0,15.0,12.5,245395.0,1742700.0,7.156176637480615,2.772588722239781,2.6026896854443837,14.370946766470798,12.410628511207603,1.8841443681416772,420.0,19215.0,350.0,6.042632833682381,9.863498544319764,1
TANK,KARNATAKA,2018,25.0,7.1,7.5,485.0,4.5,2.75,14850.0,82700.0,6.186208623900494,1.7047480922384253,1.3217558399823195,11.322986972837104,9.605822482030945,2.6645825188948455,112.5,2182.5,68.75,4.7318028369214575,7.688684372925616,1
TANK,KARNATAKA,2018,25.5,3.25,7.6,435.0,50.0,1.25,35105.0,175550.0,6.077642243349034,3.9318256327243257,0.8109302162163288,12.07568487796315,10.46612733501629,1.8027756377319946,1275.0,21750.0,31.875,7.151485463904735,9.987415012471414,1
TANK,KARNATAKA,2018,26.4,6.45,7.1499999999999995,582.0,6.0,12.15,24085.0,176200.0,6.368187186350492,1.9459101490553132,2.5764217586237734,12.079380667837011,10.089386037820425,2.539685019840059,158.39999999999998,3492.0,320.76,5.071416766356115,8.158516244806831,1
TANK,KARNATAKA,2018,26.5,3.4000000000000004,7.2,1248.0,20.65,4.1,153000.0,1050000.0,7.130098510125578,3.075005454448499,1.62924053973028,13.864301674514206,11.938199736300925,1.8439088914585775,547.2249999999999,25771.199999999997,108.64999999999999,6.3066857866231,10.157051670588503,1
TANK,KARNATAKA,2018,25.5,4.55,7.05,562.5,3.5,1.05,4865.0,27860.0,6.334167333479831,1.5040773967762742,0.7178397931503169,10.234983140444118,8.490027523343468,2.1330729007701543,89.25,1968.75,26.775000000000002,4.502583597212991,7.585661910125798,1
TANK,KARNATAKA,2018,24.5,4.8999999999999995,7.55,1115.0,32.5,2.8,14470.0,84600.0,7.017506142941256,3.5115454388310208,1.33500106673234,11.345701365855424,9.579901925737992,2.2135943621178655,796.25,36237.5,68.6,6.681168305890167,10.49787736857182,1
TANK,KARNATAKA,2018,23.5,3.35,7.4,1163.0,34.5,4.1000000000000005,14155.0,84600.0,7.059617628291383,3.56953269648137,1.6292405397302803,11.345701365855424,9.557893841465354,1.8303005217723127,810.75,40123.5,96.35000000000001,6.699192410982955,10.599742399295486,1
TANK,KARNATAKA,2018,24.5,6.15,7.0,327.5,4.0,0.39999999999999997,2465.0,28740.0,5.794536837924666,1.6094379124341003,0.33647223662121295,10.266079953738897,7.81035268372429,2.479919353527449,98.0,1310.0,9.799999999999999,4.59511985013459,7.1785454837637,1
TANK,KARNATAKA,2018,27.0,5.8,7.1,1333.0,8.25,1.25,8730.0,48710.0,7.195937226475569,2.224623551524334,0.8109302162163288,10.793660156255225,9.074635189810808,2.4083189157584592,222.75,10997.25,33.75,5.410529357154965,9.305491448215117,1
TANK,KARNATAKA,2018,26.0,3.65,7.6,835.0,3.5,0.30000000000000004,320.0,3900.0,6.728628613084702,1.5040773967762742,0.26236426446749106,8.268988209506656,5.771441123130016,1.91049731745428,91.0,2922.5,7.800000000000001,4.5217885770490405,7.980536807615725,1
TANK,KARNATAKA,2018,26.0,4.9,7.75,870.0,4.5,0.25,2110.0,15700.0,6.769641976852503,1.7047480922384253,0.22314355131420976,9.661479683575521,7.65491704784832,2.2135943621178655,117.0,3915.0,6.5,4.770684624465665,8.272826003650401,1
TANK,KARNATAKA,2018,26.5,5.55,7.6,820.0,4.0,0.25,1440.0,10500.0,6.710523109452428,1.6094379124341003,0.22314355131420976,9.259225769705994,7.273092595999522,2.355843797877949,106.0,3280.0,6.625,4.672828834461906,8.0959035329611,1
TANK,KARNATAKA,2018,26.5,5.65,8.3,1145.0,3.5,0.25,245.0,2600.0,7.044032897274685,1.5040773967762742,0.22314355131420976,7.8636512654486515,5.5053315359323625,2.3769728648009427,92.75,4007.5,6.625,4.54063166485052,8.296172385483006,1
TANK,KARNATAKA,2018,26.5,4.949999999999999,7.9,560.0,2.5,0.2,139.0,1200.0,6.329720905522696,1.252762968495368,0.18232155679395465,7.0909098220799835,4.941642422609304,2.2248595461286986,66.25,1400.0,5.300000000000001,4.208417018481948,7.244941546337007,1
TANK,KARNATAKA,2018,26.5,4.9,7.4,395.0,2.0,0.15000000000000002,124.0,1570.0,5.981414211254481,1.0986122886681098,0.1397619423751587,7.359467638255621,4.8283137373023015,2.2135943621178655,53.0,790.0,3.9750000000000005,3.9889840465642745,6.673297967767654,1
TANK,KARNATAKA,2018,26.5,4.8,7.9,550.0,2.5,0.15000000000000002,106.5,1170.0,6.311734809152915,1.252762968495368,0.1397619423751587,7.065613363597717,4.677490847567717,2.1908902300206643,66.25,1375.0,3.9750000000000005,4.208417018481948,7.226936018493289,1
TANK,KARNATAKA,2018,26.0,5.199999999999999,7.7,495.0,2.5,0.15000000000000002,190.0,2450.0,6.206575926724928,1.252762968495368,0.1397619423751587,7.804251383528112,5.25227342804663,2.2803508501982757,65.0,1237.5,3.9000000000000004,4.189654742026425,7.121656248929415,1
TANK,KARNATAKA,2018,26.0,4.7,7.65,615.0,2.0,0.15000000000000002,215.0,2000.0,6.423246963533519,1.0986122886681098,0.1397619423751587,7.601402334583733,5.375278407684165,2.16794833886788,52.0,1230.0,3.9000000000000004,3.970291913552122,7.115582126184454,1
TANK,KARNATAKA,2018,25.5,6.0,7.6,425.0,2.5,0.15000000000000002,144.0,1650.0,6.054439346269371,1.252762968495368,0.1397619423751587,7.409136443920128,4.976733742420574,2.449489742783178,63.75,1062.5,3.8250000000000006,4.1705337005796475,6.969320634640292,1
TANK,KARNATAKA,2018,26.0,5.4,7.75,420.0,2.5,0.15000000000000002,166.5,1750.0,6.042632833682381,1.252762968495368,0.1397619423751587,7.467942332285852,5.120983351265121,2.32379000772445,65.0,1050.0,3.9000000000000004,4.189654742026425,6.957497370876951,1
TANK,KARNATAKA,2018,26.0,4.75,7.55,510.0,2.5,0.2,177.0,2550.0,6.236369590203704,1.252762968495368,0.18232155679395465,7.844240718141811,5.181783550292085,2.179449471770337,65.0,1275.0,5.2,4.189654742026425,7.151485463904735,1
TANK,KARNATAKA,2018,26.5,5.8,7.7,315.0,2.0,0.15000000000000002,175.0,1700.0,5.755742213586912,1.0986122886681098,0.1397619423751587,7.438971592395862,5.170483995038151,2.4083189157584592,53.0,630.0,3.9750000000000005,3.9889840465642745,6.447305862541213,1
TANK,KARNATAKA,2018,26.0,5.550000000000001,7.25,300.0,2.0,0.15000000000000002,131.0,1570.0,5.707110264748875,1.0986122886681098,0.1397619423751587,7.359467638255621,4.882801922586371,2.3558437978779496,52.0,600.0,3.9000000000000004,3.970291913552122,6.398594934535208,1
TANK,KARNATAKA,2018,26.0,4.8,7.4,410.0,2.5,0.15000000000000002,160.5,1670.0,6.018593214496234,1.252762968495368,0.1397619423751587,7.421177528595393,5.084505142662711,2.1908902300206643,65.0,1025.0,3.9000000000000004,4.189654742026425,6.933423025730715,1
TANK,KARNATAKA,2018,26.5,6.2,7.65,510.0,2.0,0.15000000000000002,181.5,2400.0,6.236369590203704,1.0986122886681098,0.1397619423751587,7.783640596221253,5.206750173022546,2.4899799195977463,53.0,1020.0,3.9750000000000005,3.9889840465642745,6.928537818164665,1
TANK,KARNATAKA,2018,27.5,6.3500000000000005,8.649999999999999,1286.0,11.9,0.05,1850.0,6250.0,7.160069207596127,2.5572273113676265,0.048790164169432,8.740496729931813,7.523481312573497,2.5199206336708304,327.25,15303.4,1.375,5.793775513182905,9.635895647736183,1
TANK,KARNATAKA,2018,30.5,7.8,8.05,808.0,13.25,4.3,910.0,2400.0,6.695798917058491,2.6567569067146595,1.667706820558076,7.783640596221253,6.814542897259958,2.792848008753788,404.125,10706.0,131.15,6.004195661461711,9.27865301215827,1
TANK,KARNATAKA,2018,26.0,7.3,7.8,585.0,2.1,5.85,1800.0,3200.0,6.373319789577012,1.1314021114911006,1.9242486522741338,8.071218539969863,7.496097345175956,2.701851217221259,54.6,1228.5,152.1,4.018183201256536,7.1143628616562475,1
TANK,KARNATAKA,2018,25.0,5.1,7.300000000000001,563.0,9.55,7.5,1800.0,3200.0,6.335054251498059,2.3561258599220753,2.1400661634962708,8.071218539969863,7.496097345175956,2.258317958127243,238.75000000000003,5376.650000000001,187.5,5.479596713763548,8.590006754755644,1
TANK,KARNATAKA,2018,26.0,4.550000000000001,7.4,1096.0,26.65,1.5,975.0,1350.0,7.00033446027523,3.3196257279683437,0.9162907318741551,7.208600337960199,6.883462586413092,2.1330729007701543,692.9,29208.399999999998,39.0,6.542327857905503,10.282245854260172,1
TANK,KARNATAKA,2018,25.5,7.1,7.95,1137.5,3.5999999999999996,0.7,490.0,1175.0,7.037466885503794,1.5260563034950492,0.5306282510621704,7.069874128458572,6.19644412779452,2.6645825188948455,91.8,4094.9999999999995,17.849999999999998,4.530446639792155,8.317766166719343,1
TANK,KARNATAKA,2018,25.0,7.1,8.15,1298.0,9.25,1.3,515.0,1175.0,7.1693500166706,2.327277705584417,0.832909122935104,7.069874128458572,6.246106765481563,2.6645825188948455,231.25,12006.5,32.5,5.447814377693948,9.393286733538979,1
TANK,KARNATAKA,2018,25.0,7.35,8.05,643.0,2.8,0.5,95.0,505.0,6.467698726104354,1.33500106673234,0.4054651081081644,6.226536669287466,4.564348191467836,2.711088342345192,70.0,1800.3999999999999,12.5,4.2626798770413155,7.496319419349643,1
TANK,KARNATAKA,2018,25.0,6.75,7.95,827.0,4.4,0.8,210.0,1037.5,6.71901315438526,1.6863989535702288,0.5877866649021191,6.945532643316167,5.351858133476067,2.598076211353316,110.00000000000001,3638.8,20.0,4.709530201312334,8.199684014066307,1
TANK,KARNATAKA,2018,25.0,7.199999999999999,8.05,792.5,4.1,0.8,340.0,1350.0,6.676453539966464,1.62924053973028,0.5877866649021191,7.208600337960199,5.831882477283517,2.6832815729997477,102.49999999999999,3249.2499999999995,20.0,4.639571612705423,8.086487195442277,1
TANK,KARNATAKA,2018,25.0,6.45,7.95,844.5,9.25,1.5499999999999998,562.5,1700.0,6.739928168338635,2.327277705584417,0.9360933591703348,7.438971592395862,6.334167333479831,2.539685019840059,231.25,7811.625,38.74999999999999,5.447814377693948,8.96349629391666,1
TANK,KARNATAKA,2018,25.0,6.8,8.05,1422.0,4.9,1.15,885.0,1350.0,7.260522598089852,1.7749523509116738,0.7654678421395714,7.208600337960199,6.786716950605081,2.6076809620810595,122.50000000000001,6967.8,28.749999999999996,4.816241156068032,8.849198322504682,1
TANK,KARNATAKA,2018,28.0,6.9,7.65,170.0,2.5,0.1,485.0,950.0,5.14166355650266,1.252762968495368,0.09531017980432487,6.85751406254539,6.186208623900494,2.6267851073127395,70.0,425.0,2.8000000000000003,4.2626798770413155,6.054439346269371,1
TANK,KARNATAKA,2018,29.5,7.05,7.6499999999999995,201.0,2.7,0.25,455.0,1050.0,5.308267697401205,1.308332819650179,0.22314355131420976,6.957497370876951,6.1224928095143865,2.6551836094703507,79.65,542.7,7.375,4.390118804571218,6.298397624151875,1
TANK,KARNATAKA,2018,29.0,5.2,7.4,550.0,9.0,1.45,35850.0,56750.0,6.311734809152915,2.302585092994046,0.8960880245566356,10.946428556333773,10.487126739641525,2.280350850198276,261.0,4950.0,42.05,5.568344503761097,8.507344855361422,1
TANK,KARNATAKA,2018,27.0,7.15,7.55,205.0,2.7,0.2,820.0,1850.0,5.327876168789581,1.308332819650179,0.18232155679395465,7.523481312573497,6.710523109452428,2.6739483914241875,72.9,553.5,5.4,4.302712827954156,6.318066806790422,1
TANK,KARNATAKA,2018,28.0,6.5,7.75,220.0,4.75,0.3,875.0,2000.0,5.3981627015177525,1.749199854809259,0.262364264467491,7.601402334583733,6.775366090936392,2.5495097567963922,133.0,1045.0,8.4,4.897839799950911,6.952728644624869,1
TANK,KARNATAKA,2018,28.5,4.9,8.45,1400.0,72.5,2.7,96000.0,175000.0,7.244941546337007,4.297285406218791,1.308332819650179,12.07254696717504,11.472113887062386,2.2135943621178655,2066.25,101500.0,76.95,7.633974500602276,11.527823929632195,1
TANK,KARNATAKA,2018,26.5,3.7,8.3,745.0,35.25,1.55,30400.0,45850.0,6.61472560020376,3.590439381300684,0.9360933591703349,10.733152287697589,10.322230781590136,1.9235384061671346,934.125,26261.25,41.075,6.840680210192569,10.175887825831412,1
LAKE,KERALA,2018,31.5,5.1,6.65,590.0,8.0,0.25,2200.0,7000.0,6.3818160174060985,2.1972245773362196,0.22314355131420976,8.853808274977197,7.696667081526462,2.258317958127243,252.0,4720.0,7.875,5.53338948872752,8.459775920546287,1
LAKE,KERALA,2018,24.5,6.4,7.1,114.0,1.55,0.6000000000000001,105.0,305.0,4.74493212836325,0.9360933591703349,0.47000362924573563,5.723585101952381,4.663439094112067,2.5298221281347035,37.975,176.70000000000002,14.700000000000003,3.6629204149438404,5.180096735160606,1
LAKE,KERALA,2018,26.5,7.1,7.5,44.5,0.6000000000000001,0.05,245.0,500.0,3.817712325956905,0.47000362924573563,0.048790164169432,6.2166061010848646,5.5053315359323625,2.6645825188948455,15.900000000000002,26.700000000000003,1.3250000000000002,2.827313621929028,3.321432413193293,1
LAKE,KERALA,2018,28.5,6.2,7.45,3840.0,2.35,0.15,4010.0,6050.0,8.253488028345904,1.208960345836975,0.1397619423751587,8.707978826622321,8.296795865770052,2.4899799195977463,66.97500000000001,9024.0,4.2749999999999995,4.219139990518535,9.107753783201082,1
LAKE,KERALA,2018,27.7,6.9,6.65,31.5,0.75,0.05,10.0,90.0,3.481240089335692,0.5596157879354227,0.048790164169432,4.51085950651685,2.3978952727983707,2.6267851073127395,20.775,23.625,1.385,3.080762522738566,3.2037621870581527,1
LAKE,KERALA,2018,29.0,6.9,7.4,3840.0,2.0,0.1,300.0,470.0,8.253488028345904,1.0986122886681098,0.09531017980432487,6.154858094016418,5.707110264748875,2.6267851073127395,58.0,7680.0,2.9000000000000004,4.07753744390572,8.946505025998682,1
LAKE,KERALA,2018,29.0,7.6,7.15,87.0,0.7000000000000001,0.1,370.0,720.0,4.477336814478207,0.5306282510621704,0.09531017980432487,6.580639137284949,5.916202062607435,2.756809750418044,20.3,60.900000000000006,2.9000000000000004,3.0587070727153796,4.12552017969055,1
LAKE,KERALA,2018,27.0,8.4,7.5,133.0,1.7,1.05,190.0,365.0,4.897839799950911,0.9932517730102833,0.7178397931503169,5.902633333401366,5.25227342804663,2.898275349237888,45.9,226.1,28.35,3.8480176754522337,5.425390449111513,1
LAKE,KERALA,2018,27.5,6.75,6.75,44.5,1.25,0.55,2039.5,4050.0,3.817712325956905,0.8109302162163288,0.4382549309311553,8.30671904320269,7.62095015484586,2.598076211353316,34.375,55.625,15.125000000000002,3.5660053559634015,4.036450583803198,1
LAKE,KERALA,2018,28.5,7.0,6.85,28.5,1.15,0.15,860.0,3174.5,3.3843902633457743,0.7654678421395714,0.1397619423751587,8.06322037924303,6.7580945044277305,2.6457513110645907,32.775,32.775,4.2749999999999995,3.5197208838462624,3.5197208838462624,1
POND,KERALA,2018,29.5,6.5,7.4,96.5,1.15,0.5,551.0,1401.0,4.579852378003801,0.7654678421395714,0.4054651081081644,7.2456550675945355,6.313548046277095,2.5495097567963922,33.925,110.975,14.75,3.5532029051430256,4.718275632093364,1
LAKE,MADHYA PRADESH,2018,25.0,7.95,7.95,169.0,3.1500000000000004,3.0,86.0,855.0,5.135798437050262,1.423108334242607,1.3862943611198906,6.752270376141742,4.465908118654584,2.819574435974337,78.75000000000001,532.35,75.0,4.3788967416649545,6.279177869071492,1
LAKE,MADHYA PRADESH,2018,23.5,7.35,7.45,422.0,4.9,10.45,515.0,2000.0,6.0473721790462776,1.7749523509116738,2.4379897300002487,7.601402334583733,6.246106765481563,2.711088342345192,115.15,2067.8,245.575,4.754882459216418,7.634724008017593,1
LAKE,MADHYA PRADESH,2018,21.5,8.1,8.0,369.5,2.8499999999999996,3.65,2.0,860.0,5.914853444736141,1.3480731482996928,1.536867219599265,6.7580945044277305,1.0986122886681098,2.8460498941515415,61.27499999999999,1053.0749999999998,78.475,4.131560061148244,6.960418884064989,1
LAKE,MADHYA PRADESH,2018,26.25,7.6,7.8500000000000005,280.5,1.25,2.5,6.0,1060.0,5.640132447579745,0.8109302162163288,1.252762968495368,6.966967138613983,1.9459101490553132,2.756809750418044,32.8125,350.625,65.625,3.5208305566067004,5.862565266810021,1
LAKE,MADHYA PRADESH,2018,24.0,7.25,7.800000000000001,329.5,1.5499999999999998,2.1,8.5,1060.0,5.800606659291741,0.9360933591703348,1.1314021114911006,6.966967138613983,2.2512917986064953,2.692582403567252,37.199999999999996,510.72499999999997,50.400000000000006,3.6428355156125294,6.237787371369597,1
LAKE,MADHYA PRADESH,2018,27.0,6.55,8.0,611.0,2.15,2.5,6.0,81.5,6.416732282512326,1.1474024528375417,1.252762968495368,4.412798293340635,1.9459101490553132,2.5592967784139455,58.05,1313.6499999999999,67.5,4.078384542643371,7.181325749489269,1
LAKE,MADHYA PRADESH,2018,25.0,6.6,7.949999999999999,654.5,1.5,1.9,2.0,67.0,6.4853983032037545,0.9162907318741551,1.0647107369924282,4.219507705176107,1.0986122886681098,2.569046515733026,37.5,981.75,47.5,3.6506582412937387,6.89035476430197,1
LAKE,MADHYA PRADESH,2018,25.0,6.55,8.05,589.0,1.9,4.0,2.0,67.5,6.380122536899765,1.0647107369924282,1.6094379124341003,4.22683374526818,1.0986122886681098,2.5592967784139455,47.5,1119.1,100.0,3.8815637979434374,7.021173246017693,1
LAKE,MADHYA PRADESH,2018,25.0,6.55,8.3,627.0,2.0,1.6500000000000001,2.0,67.0,6.4425401664681985,1.0986122886681098,0.9745596399981309,4.219507705176107,1.0986122886681098,2.5592967784139455,50.0,1254.0,41.25,3.9318256327243257,7.134890851565884,1
LAKE,MADHYA PRADESH,2018,26.0,6.199999999999999,8.3,482.0,1.7000000000000002,1.8,2.0,50.0,6.180016653652572,0.9932517730102834,1.0296194171811581,3.9318256327243257,1.0986122886681098,2.4899799195977463,44.2,819.4000000000001,46.800000000000004,3.8110970868381857,6.709792026198226,1
LAKE,MADHYA PRADESH,2018,23.5,6.0,8.100000000000001,416.0,8.25,8.299999999999999,216.0,1265.0,6.0330862217988015,2.224623551524334,2.23001440015921,7.143617602704121,5.37989735354046,2.449489742783178,193.875,3432.0,195.04999999999998,5.27235832737794,8.141189793457691,1
LAKE,MADHYA PRADESH,2018,24.5,7.25,7.5,332.0,2.1,3.45,141.0,814.0,5.808142489980444,1.1314021114911006,1.4929040961781488,6.703188113240863,4.955827057601261,2.692582403567252,51.45,697.2,84.525,3.9598603348423063,6.548505594670936,1
LAKE,MADHYA PRADESH,2018,23.5,7.65,7.75,241.0,10.7,4.75,176.0,855.0,5.488937726156687,2.4595888418037104,1.749199854809259,6.752270376141742,5.176149732573829,2.7658633371878665,251.45,2578.7,111.625,5.531213209304925,7.855428392084961,1
LAKE,MADHYA PRADESH,2018,23.5,7.85,7.9,349.0,1.95,3.45,461.0,855.0,5.857933154483459,1.0818051703517284,1.4929040961781488,6.752270376141742,6.135564891081739,2.80178514522438,45.824999999999996,680.55,81.075,3.846417248330152,6.524369616016852,1
LAKE,MADHYA PRADESH,2018,25.5,7.800000000000001,7.9,189.5,5.35,5.0,2.0,87.0,5.249652194566756,1.8484548129046001,1.791759469228055,4.477336814478207,1.0986122886681098,2.7928480087537886,136.42499999999998,1013.8249999999999,127.5,4.923078313746724,6.922471462817818,1
LAKE,MADHYA PRADESH,2018,22.5,5.300000000000001,8.0,372.5,2.45,4.6,176.0,855.0,5.922918004572872,1.2383742310432684,1.7227665977411035,6.752270376141742,5.176149732573829,2.302172886644268,55.12500000000001,912.6250000000001,103.49999999999999,4.027581346062418,6.817420202800556,1
LAKE,MADHYA PRADESH,2018,21.5,7.45,8.05,615.0,1.65,1.5,2.0,33.0,6.423246963533519,0.9745596399981308,0.9162907318741551,3.5263605246161616,1.0986122886681098,2.7294688127912363,35.475,1014.75,32.25,3.5966270944088494,6.923382534867836,1
LAKE,MADHYA PRADESH,2018,26.0,7.05,8.25,535.5,1.5,0.85,2.0,55.0,6.285066562070753,0.9162907318741551,0.6151856390902334,4.02535169073515,1.0986122886681098,2.6551836094703507,39.0,803.25,22.099999999999998,3.6888794541139363,6.689910166119136,1
POND,MADHYA PRADESH,2018,22.0,6.550000000000001,7.95,630.0,4.2,1.9,1703.0,17535.0,6.447305862541213,1.6486586255873816,1.0647107369924282,9.772011189747742,7.440733707389261,2.5592967784139455,92.4,2646.0,41.8,4.536891345234797,7.881182202227102,1
POND,MADHYA PRADESH,2018,24.5,7.0,7.65,244.0,2.2,0.5,12.5,58.0,5.501258210544727,1.1631508098056809,0.4054651081081644,4.07753744390572,2.6026896854443837,2.6457513110645907,53.900000000000006,536.8000000000001,12.25,4.0055133485154855,6.287486743834765,1
POND,MADHYA PRADESH,2018,20.35,6.9,7.85,596.0,4.2,4.75,216.0,820.5,6.391917113392602,1.6486586255873816,1.749199854809259,6.711131937477322,5.37989735354046,2.6267851073127395,85.47000000000001,2503.2000000000003,96.66250000000001,4.459797532972339,7.825724601234848,1
POND,MADHYA PRADESH,2018,20.0,5.2,7.95,914.0,10.9,3.1999999999999997,801.0,1060.0,6.818924065275521,2.4765384001174837,1.4350845252893225,6.966967138613983,6.687108607866515,2.280350850198276,218.0,9962.6,63.99999999999999,5.389071729816501,9.206693731055985,1
POND,MADHYA PRADESH,2018,26.0,6.45,7.7,591.5,2.8,2.3,66.0,1060.0,6.384350873009287,1.33500106673234,1.1939224684724346,6.966967138613983,4.204692619390966,2.539685019840059,72.8,1656.1999999999998,59.8,4.301358731606427,7.4128847102032465,1
POND,MADHYA PRADESH,2018,24.5,6.0,7.9,851.5,2.15,11.05,2.0,120.0,6.748173209157672,1.1474024528375417,2.489064659936664,4.795790545596741,1.0986122886681098,2.449489742783178,52.675,1830.725,270.725,3.982947343764845,7.51301342479626,1
POND,MADHYA PRADESH,2018,23.0,7.55,7.35,347.5,1.5499999999999998,0.45,2.0,12.5,5.853638230200579,0.9360933591703348,0.37156355643248307,2.6026896854443837,1.0986122886681098,2.7477263328068173,35.65,538.6249999999999,10.35,3.6014134283326604,6.290874453875642,1
POND,MADHYA PRADESH,2018,25.75,6.449999999999999,7.8500000000000005,540.5,4.2,6.7,801.0,823.5,6.294343066441045,1.6486586255873816,2.0412203288596382,6.714777141999654,6.687108607866515,2.539685019840059,108.15,2270.1,172.525,4.692723082995953,7.728019574601547,1
POND,MADHYA PRADESH,2018,26.5,7.85,7.75,481.0,3.3,4.25,36.0,1060.0,6.1779441140506,1.4586150226995167,1.6582280766035324,6.966967138613983,3.6109179126442243,2.80178514522438,87.44999999999999,1587.3,112.625,4.482437420605794,7.37041954084111,1
POND,MADHYA PRADESH,2018,25.5,7.35,8.35,591.0,1.3,0.5,2.0,50.0,6.3835066348840055,0.832909122935104,0.4054651081081644,3.9318256327243257,1.0986122886681098,2.711088342345192,33.15,768.3000000000001,12.75,3.530762586016799,6.645481010464889,1
POND,MADHYA PRADESH,2018,23.0,6.6,8.1,611.0,1.75,0.9,2.0,109.0,6.416732282512326,1.0116009116784799,0.6418538861723948,4.700480365792417,1.0986122886681098,2.569046515733026,40.25,1069.25,20.7,3.71965111278069,6.975647545025056,1
LAKE,MEGHALAYA,2018,20.0,7.15,8.4,110.0,5.3,1.1,1850.0,4000.0,4.709530201312334,1.840549633397487,0.7419373447293773,8.294299608857235,7.523481312573497,2.6739483914241875,106.0,583.0,22.0,4.672828834461906,6.369900982828227,1
LAKE,MEGHALAYA,2018,15.5,7.6,7.55,157.5,5.0,0.35,1245.0,3300.0,5.065754593317335,1.791759469228055,0.3001045924503381,8.101980731853192,7.1276936993473985,2.756809750418044,77.5,787.5,5.425,4.363098624788363,6.670132406403093,1
LAKE,MEGHALAYA,2018,16.5,7.199999999999999,7.0,49.5,1.8,0.55,19.0,100.0,3.9219733362813143,1.0296194171811581,0.4382549309311553,4.61512051684126,2.995732273553991,2.6832815729997477,29.7,89.10000000000001,9.075000000000001,3.4242626545931514,4.500920164614293,1
LAKE,MEGHALAYA,2018,19.5,5.35,7.550000000000001,120.0,7.3,1.3,2350.0,4700.0,4.795790545596741,2.1162555148025524,0.832909122935104,8.45553053102413,7.762596048540069,2.3130067012440754,142.35,876.0,25.35,4.9652891923293785,6.776506992372183,1
LAKE,MEGHALAYA,2018,19.0,8.05,8.5,103.0,6.3,1.0,1700.0,3500.0,4.6443908991413725,1.9878743481543455,0.6931471805599453,8.160803920954665,7.438971592395862,2.8372521918222215,119.7,648.9,19.0,4.793308128103486,6.4768185049003035,1
LAKE,MEGHALAYA,2018,20.5,4.6,8.350000000000001,111.5,6.0,0.65,1750.0,3400.0,4.722953221644475,1.9459101490553132,0.5007752879124893,8.131824785007195,7.467942332285852,2.1447610589527217,123.0,669.0,13.325000000000001,4.820281565605037,6.507277712385012,1
LAKE,MEGHALAYA,2018,22.5,6.9,7.1,71.5,1.7,0.35,30.0,147.0,4.283586561860629,0.9932517730102833,0.3001045924503381,4.997212273764115,3.4339872044851463,2.6267851073127395,38.25,121.55,7.874999999999999,3.6699514442284173,4.808519109974122,1
LAKE,ODISHA,2018,27.5,7.7,7.550000000000001,176.5,2.45,0.75,1760.0,4715.0,5.178970608915471,1.2383742310432684,0.5596157879354227,8.458716261657262,7.473637108496206,2.7748873851023217,67.375,432.425,20.625,4.225007260742145,6.071718770871952,1
LAKE,ODISHA,2018,18.5,8.5,7.9,628.5,10.649999999999999,2.55,1660.0,5520.0,6.444925853484402,2.4553061800117093,1.2669476034873244,8.616314282284044,7.415175109613295,2.9154759474226504,197.02499999999998,6693.524999999999,47.175,5.2883932853503435,8.809045307139304,1
LAKE,ODISHA,2018,27.5,7.85,7.35,172.0,2.4499999999999997,2.15,1210.0,1439.0,5.153291594497779,1.2383742310432684,1.1474024528375417,7.272398392570047,7.099201743553092,2.80178514522438,67.37499999999999,421.4,59.125,4.225007260742145,6.045952732392052,1
LAKE,ODISHA,2018,27.0,6.4,7.5,152.5,2.45,0.8500000000000001,1210.0,2739.0,5.033700567027251,1.2383742310432684,0.6151856390902335,7.9157131993821155,7.099201743553092,2.5298221281347035,66.15,373.625,22.950000000000003,4.206928922969246,5.925925525636827,1
LAKE,ODISHA,2018,27.5,7.9,7.55,155.5,2.8,1.25,1760.0,4646.5,5.0530560099802075,1.33500106673234,0.8109302162163288,8.4440847195956,7.473637108496206,2.8106938645110393,77.0,435.4,34.375,4.356708826689592,6.0785592539589155,1
POND,ODISHA,2018,25.0,5.6,7.75,432.0,2.95,2.05,80065.0,80130.0,6.07073772800249,1.3737155789130306,1.1151415906193203,11.291418074414699,11.290606573530575,2.3664319132398464,73.75,1274.4,51.24999999999999,4.314149212270796,7.151015133881171,1
POND,ODISHA,2018,26.0,9.2,8.55,824.5,6.65,1.95,8001.0,8001.0,6.715989263360183,2.0347056478384444,1.0818051703517284,8.98744678941718,8.98744678941718,3.03315017762062,172.9,5482.925,50.699999999999996,5.158480421360237,8.609576364439889,1
POND,ODISHA,2018,26.0,10.35,8.15,1062.5,5.85,9.4,8001.0,8001.0,6.969320634640292,1.9242486522741338,2.341805806147327,8.98744678941718,8.98744678941718,3.2171415884290826,152.1,6215.625,244.4,5.031091302663638,8.734982433968522,1
POND,ODISHA,2018,25.5,6.550000000000001,8.2,516.5,5.1,1.2,8039.0,27135.0,6.249009525139524,1.8082887711792655,0.7884573603642702,10.20861653859163,8.992184362173012,2.5592967784139455,130.04999999999998,2634.1499999999996,30.599999999999998,4.875578929769415,7.876695385351445,1
POND,ODISHA,2018,25.0,7.25,7.8,897.0,10.25,4.2,8165.0,8395.0,6.8001700683022,2.4203681286504293,1.6486586255873816,9.035510680940524,9.007734471879521,2.692582403567252,256.25,9194.25,105.0,5.550048374714159,9.12644232535832,1
POND,ODISHA,2018,28.0,9.8,7.75,466.0,10.450000000000001,1.0,8010.0,8065.0,6.1463292576688975,2.4379897300002487,0.6931471805599453,8.995412975433313,8.988570876215118,3.1304951684997055,292.6,4869.700000000001,28.0,5.682218296740361,8.490992942913763,1
POND,ODISHA,2018,24.0,7.05,7.65,366.0,1.75,1.3,1260.0,2172.5,5.905361848054571,1.0116009116784799,0.832909122935104,7.684094050428847,7.13966033596492,2.6551836094703507,42.0,640.5,31.200000000000003,3.7612001156935624,6.463809184055691,1
POND,ODISHA,2018,27.5,9.25,8.100000000000001,807.5,10.3,3.5,8010.0,8085.0,6.695180679017161,2.424802725718295,1.5040773967762742,8.997889450200717,8.988570876215118,3.0413812651491097,283.25,8317.25,96.25,5.6498541326306455,9.02620717515296,1
LAKE,PUDUCHERRY,2018,31.5,7.2,7.55,541.5,1.5,0.85,53.5,175.0,6.296188085414615,0.9162907318741551,0.6151856390902334,5.170483995038151,3.9982007016691985,2.6832815729997477,47.25,812.25,26.775,3.876395827784995,6.7010385653534605,1
LAKE,PUNJAB,2018,22.0,6.949999999999999,7.4,275.5,2.3,1.15,1215.0,2595.0,5.6222108209623896,1.1939224684724346,0.7654678421395714,7.86172707782398,7.103322062526113,2.6362852652928135,50.599999999999994,633.65,25.299999999999997,3.943521672487517,6.453073665834186,1
LAKE,PUNJAB,2018,23.0,7.05,7.45,284.0,2.3,1.0499999999999998,1165.0,2395.0,5.652489180268651,1.1939224684724346,0.7178397931503168,7.78155595923534,7.061334366910438,2.6551836094703507,52.9,653.1999999999999,24.149999999999995,3.9871304779149512,6.483413115104283,1
LAKE,PUNJAB,2018,20.0,8.05,7.550000000000001,185.0,4.5,1.745,56.0,105.0,5.225746673713202,1.7047480922384253,1.009781074961494,4.663439094112067,4.04305126783455,2.8372521918222215,90.0,832.5,34.900000000000006,4.51085950651685,6.725633702190849,1
LAKE,RAJASTHAN,2018,24.0,6.6,8.4,615.0,1.45,2.4,190.5,89.0,6.423246963533519,0.8960880245566356,1.2237754316221157,4.499809670330265,5.2548878086207,2.569046515733026,34.8,891.75,57.599999999999994,3.5779478934066544,6.7943065864745575,1
LAKE,RAJASTHAN,2018,23.0,5.75,8.350000000000001,1270.0,2.85,1.35,21.0,89.0,7.147559271189454,1.3480731482996928,0.8544153281560676,4.499809670330265,3.091042453358316,2.3979157616563596,65.55,3619.5,31.05,4.197953544841121,8.194367416828875,1
LAKE,RAJASTHAN,2018,23.5,4.0,7.300000000000001,540.0,5.55,2.1,13.5,67.0,6.293419278846481,1.8794650496471605,1.1314021114911006,4.219507705176107,2.6741486494265287,2.0,130.42499999999998,2997.0,49.35,4.878436346705511,8.005700678662542,1
LAKE,RAJASTHAN,2018,23.5,6.7,8.3,695.0,2.1,2.4,15.5,112.5,6.54534966033442,1.1314021114911006,1.2237754316221157,4.7318028369214575,2.803360380906535,2.588435821108957,49.35,1459.5,56.4,3.9189986191645714,7.2865341218277955,1
LAKE,RAJASTHAN,2018,27.6,7.25,8.2,305.0,1.6500000000000001,2.9,7.5,17.5,5.723585101952381,0.9745596399981309,1.3609765531356006,2.917770732084279,2.1400661634962708,2.692582403567252,45.540000000000006,503.25000000000006,80.04,3.8403121578741457,6.223072176834322,1
LAKE,RAJASTHAN,2018,18.75,5.55,7.699999999999999,270.0,1.5,2.45,9.0,17.5,5.602118820879701,0.9162907318741551,1.2383742310432684,2.917770732084279,2.302585092994046,2.355843797877949,28.125,405.0,45.9375,3.371596911885865,6.0063531596017325,1
LAKE,RAJASTHAN,2018,24.5,4.050000000000001,7.8500000000000005,600.0,2.3000000000000003,2.25,35.5,85.0,6.398594934535208,1.1939224684724346,1.1786549963416462,4.454347296253507,3.597312260588446,2.012461179749811,56.35000000000001,1380.0000000000002,55.125,4.04917284357538,7.2305631534092925,1
LAKE,RAJASTHAN,2018,25.0,6.35,7.800000000000001,270.0,2.1,2.45,9.0,17.5,5.602118820879701,1.1314021114911006,1.2383742310432684,2.917770732084279,2.302585092994046,2.5199206336708304,52.5,567.0,61.25000000000001,3.979681653901961,6.342121418721152,1
LAKE,RAJASTHAN,2018,23.5,4.45,8.15,610.0,1.95,2.6,13.5,60.5,6.415096959171596,1.0818051703517284,1.2809338454620642,4.119037174812473,2.6741486494265287,2.1095023109728985,45.824999999999996,1189.5,61.1,3.846417248330152,7.082128665926917,1
LAKE,RAJASTHAN,2018,23.0,4.5,8.15,600.0,1.9500000000000002,2.45,10.5,51.5,6.398594934535208,1.0818051703517284,1.2383742310432684,3.960813169597578,2.4423470353692043,2.1213203435596424,44.85,1170.0,56.35,3.825375198702474,7.065613363597717,1
LAKE,RAJASTHAN,2018,20.0,4.800000000000001,7.75,740.0,2.6500000000000004,2.25,14.0,60.5,6.608000625296087,1.2947271675944003,1.1786549963416462,4.119037174812473,2.70805020110221,2.1908902300206647,53.00000000000001,1961.0000000000002,45.0,3.9889840465642745,7.581719640125309,1
LAKE,RAJASTHAN,2018,23.5,4.45,7.550000000000001,870.0,2.4000000000000004,2.7,21.0,112.5,6.769641976852503,1.2237754316221159,1.308332819650179,4.7318028369214575,3.091042453358316,2.1095023109728985,56.400000000000006,2088.0000000000005,63.45,4.050044303325521,7.644440761556566,1
LAKE,RAJASTHAN,2018,25.0,4.5,8.1,2870.0,15.6,1.55,48.0,180.0,7.962415680121064,2.8094026953624978,0.9360933591703349,5.198497031265826,3.8918202981106265,2.1213203435596424,390.0,44772.0,38.75,5.968707559985366,10.709360558147916,1
POND,RAJASTHAN,2018,23.0,6.7,8.0,420.0,1.4500000000000002,2.8,9.0,19.5,6.042632833682381,0.8960880245566357,1.33500106673234,3.0204248861443626,2.302585092994046,2.588435821108957,33.35,609.0000000000001,64.39999999999999,3.536602018668358,6.413458957167357,1
LAKE,TAMIL NADU,2018,21.0,6.95,6.85,132.5,4.1,1.3499999999999999,56.0,66.0,4.894101477840304,1.62924053973028,0.8544153281560676,4.204692619390966,4.04305126783455,2.6362852652928135,86.1,543.25,28.349999999999998,4.467056883858457,6.299408700114657,1
LAKE,TAMIL NADU,2018,17.0,4.3,6.95,318.0,7.3999999999999995,1.95,1155.0,2545.0,5.765191102784844,2.128231705849268,1.0818051703517284,7.842278779117352,7.052721049232323,2.073644135332772,125.8,2353.2,33.15,4.842611042003125,7.76395624597838,1
LAKE,TAMIL NADU,2018,26.5,7.4,7.050000000000001,356.0,4.45,1.0,354.0,890.0,5.877735781779639,1.6956156086751528,0.6931471805599453,6.792344427470809,5.872117789475416,2.7202941017470885,117.92500000000001,1584.2,26.5,4.778493042318345,7.36846586131628,1
LAKE,TAMIL NADU,2018,31.5,5.9,7.9,392.5,3.9000000000000004,0.65,567.0,1465.0,5.975081067857458,1.589235205116581,0.5007752879124893,7.290292882446597,6.342121418721152,2.4289915602982237,122.85000000000001,1530.7500000000002,20.475,4.819071155935369,7.334166151605764,1
LAKE,TAMIL NADU,2018,20.05,5.25,8.0,1487.0,19.0,0.65,231.0,1355.0,7.305188215393037,2.995732273553991,0.5007752879124893,7.212294468500341,5.44673737166631,2.29128784747792,380.95,28253.0,13.0325,5.945289709987368,10.24899031947161,1
LAKE,TAMIL NADU,2018,31.0,5.9,8.35,485.5,6.0,0.7000000000000001,106.0,1240.0,6.1872369016260595,1.9459101490553132,0.5306282510621704,7.123672785204607,4.672828834461906,2.4289915602982237,186.0,2913.0,21.700000000000003,5.231108616854587,7.97728198675515,1
LAKE,TAMIL NADU,2018,31.0,6.05,7.699999999999999,866.5,9.5,0.65,171.0,1560.0,6.765615511821014,2.3513752571634776,0.5007752879124893,7.353081920515432,5.147494476813453,2.4596747752497685,294.5,8231.75,20.150000000000002,5.688668836846153,9.015875381235535,1
LAKE,TELANGANA,2018,24.5,1.1500000000000001,7.55,1396.0,16.0,13.799999999999999,250.0,7630.0,7.242082359256962,2.833213344056216,2.6946271807700692,8.939974177289633,5.5254529391317835,1.0723805294763609,392.0,22336.0,338.09999999999997,5.973809611869261,10.013999775333557,1
LAKE,TELANGANA,2018,30.0,0.3,7.4,1399.5,21.0,12.350000000000001,230.0,7510.0,7.2445845947001635,3.091042453358316,2.591516384846259,8.924123891686012,5.442417710521793,0.5477225575051661,630.0,29389.5,370.50000000000006,6.447305862541213,10.288426771857567,1
LAKE,TELANGANA,2018,28.5,5.8,8.35,340.0,2.0,1.3,16.0,105.0,5.831882477283517,1.0986122886681098,0.832909122935104,4.663439094112067,2.833213344056216,2.4083189157584592,57.0,680.0,37.050000000000004,4.060443010546419,6.523562306149512,1
LAKE,TELANGANA,2018,26.5,3.85,7.75,1333.0,12.0,3.35,91.0,4070.0,7.195937226475569,2.5649493574615367,1.4701758451005926,8.31164394850298,4.5217885770490405,1.9621416870348585,318.0,15996.0,88.775,5.765191102784844,9.680156483641596,1
LAKE,TELANGANA,2018,30.0,1.95,7.6,1516.5,13.0,6.85,111.0,6040.0,7.3248195229336535,2.6390573296152584,2.060513531794317,8.706324840138741,4.718498871295094,1.396424004376894,390.0,19714.5,205.5,5.968707559985366,9.889160407390081,1
LAKE,TELANGANA,2018,28.0,0.3,7.7,2429.0,34.5,12.600000000000001,410.0,5685.0,7.795646536334594,3.56953269648137,2.6100697927420065,8.645762292210945,6.018593214496234,0.5477225575051661,966.0,83800.5,352.80000000000007,6.874198495453294,11.336206186071312,1
LAKE,TELANGANA,2018,29.0,5.949999999999999,7.699999999999999,302.5,2.5,0.8,13.5,155.0,5.715381610499553,1.252762968495368,0.5877866649021191,5.049856007249537,2.6741486494265287,2.4392621835300936,72.5,756.25,23.200000000000003,4.297285406218791,6.6296934499073465,1
LAKE,TELANGANA,2018,26.5,4.95,7.6,603.0,5.0,1.45,61.0,255.0,6.403574197934815,1.791759469228055,0.8960880245566356,5.545177444479562,4.127134385045092,2.224859546128699,132.5,3015.0,38.425,4.894101477840304,8.011686729127847,1
LAKE,TELANGANA,2018,27.5,2.5,7.5,1230.0,11.0,7.05,161.0,4060.0,7.115582126184454,2.4849066497880004,2.0856720914304723,8.309184527686298,5.087596335232384,1.5811388300841898,302.5,13530.0,193.875,5.715381610499553,9.512738628263644,1
LAKE,TELANGANA,2018,27.5,0.6000000000000001,7.35,1309.5,24.5,9.05,401.0,8310.0,7.178164022763461,3.2386784521643803,2.307572634505085,9.025335217553026,5.996452088619021,0.7745966692414834,673.75,32082.75,248.87500000000003,6.514342251898114,10.376104950410577,1
LAKE,TELANGANA,2018,24.5,1.15,7.6,1500.0,15.0,11.5,401.0,7088.0,7.313886831633462,2.772588722239781,2.5257286443082556,8.866299565855018,5.996452088619021,1.0723805294763609,367.5,22500.0,281.75,5.909440711629391,10.021315031649332,1
LAKE,TELANGANA,2018,26.5,0.5,7.7,1398.5,17.0,9.7,401.0,5305.0,7.2438703089555085,2.8903717578961645,2.3702437414678603,8.576593534697684,5.996452088619021,0.7071067811865476,450.5,23774.5,257.04999999999995,6.11257537285704,10.07641091768667,1
LAKE,TELANGANA,2018,23.5,0.5,7.4,1088.0,36.0,9.15,401.0,6610.0,6.9930151229329605,3.6109179126442243,2.3174737054877963,8.796490207333578,5.996452088619021,0.7071067811865476,846.0,39168.0,215.025,6.741700694652055,10.575640896591837,1
LAKE,TELANGANA,2018,27.0,0.3,7.199999999999999,1489.0,27.5,24.25,211.0,410.5,7.306531398939505,3.349904087274605,3.228826155721369,6.019809020117124,5.356586274672012,0.5477225575051661,742.5,40947.5,654.75,6.61136876590021,10.62007045857369,1
LAKE,TELANGANA,2018,30.0,2.75,7.800000000000001,1646.0,16.0,12.6,111.0,297.0,7.4067107301776405,2.833213344056216,2.6100697927420065,5.697093486505405,4.718498871295094,1.6583123951777,480.0,26336.0,378.0,6.175867270105761,10.178730073594318,1
POND,TELANGANA,2018,28.5,0.3,7.75,1566.0,21.0,14.2,45.0,5450.0,7.356918242356021,3.091042453358316,2.7212954278522306,8.603554357064281,3.828641396489095,0.5477225575051661,598.5,32886.0,404.7,6.396095974467569,10.400832721888241,1
POND,TELANGANA,2018,28.0,4.8,7.75,592.0,2.5,1.9000000000000001,12.5,408.5,6.385194398997726,1.252762968495368,1.0647107369924285,6.014936903293124,2.6026896854443837,2.1908902300206643,70.0,1480.0,53.2,4.2626798770413155,7.300472814267799,1
POND,TELANGANA,2018,31.0,2.45,7.65,1193.5,11.0,13.25,111.0,4935.0,7.0854829667658645,2.4849066497880004,2.6567569067146595,8.504310565585223,4.718498871295094,1.5652475842498528,341.0,13128.5,410.75,5.834810737062605,9.482616885840603,1
POND,TELANGANA,2018,30.0,0.5,7.5,1649.0,20.0,25.55,261.0,6118.0,7.408530566894626,3.044522437723423,3.279029747687948,8.71915396346254,5.568344503761097,0.7071067811865476,600.0,32980.0,766.5,6.398594934535208,10.403686917060819,1
POND,TELANGANA,2018,29.0,1.3,7.550000000000001,1265.5,14.0,11.0,245.0,6090.0,7.14401246944173,2.70805020110221,2.4849066497880004,8.714567550836485,5.5053315359323625,1.140175425099138,406.0,17717.0,319.0,6.008813185442595,9.782336350971978,1
POND,TELANGANA,2018,28.0,1.0,7.65,1474.0,22.0,12.5,401.0,5331.0,7.29641326877392,3.1354942159291497,2.6026896854443837,8.5814816812986,5.996452088619021,1.0,616.0,32428.0,350.0,6.424869023905388,10.386808363179929,1
POND,TELANGANA,2018,28.0,2.95,7.699999999999999,1401.5,9.0,5.5,211.0,2828.0,7.246011637396851,2.302585092994046,1.8718021769015913,7.947678571301568,5.356586274672012,1.7175564037317668,252.0,12613.5,154.0,5.53338948872752,9.44260222493492,1
POND,TELANGANA,2018,26.5,0.95,7.6,1500.5,26.0,5.2,241.0,860.0,7.314219887423385,3.295836866004329,1.824549292051046,6.7580945044277305,5.488937726156687,0.9746794344808963,689.0,39013.0,137.8,6.536691597591305,10.571675835054878,1
TANK,TELANGANA,2018,27.0,5.6,7.95,333.5,2.5,0.5,13.0,104.0,5.8126368795682835,1.252762968495368,0.4054651081081644,4.653960350157523,2.6390573296152584,2.3664319132398464,67.5,833.75,13.5,4.22683374526818,6.727132278823764,1
TANK,TELANGANA,2018,24.5,5.85,8.0,705.0,31.5,12.65,65.0,753.5,6.559615237493242,3.481240089335692,2.613739521630969,6.626055278207904,4.189654742026425,2.4186773244895647,771.75,22207.5,309.925,6.649955581012225,10.008230377462308,1
TANK,TELANGANA,2018,29.0,6.35,7.55,2098.0,20.0,26.349999999999998,128.0,2062.0,7.649216319820633,3.044522437723423,3.3087165288679903,7.631916513071252,4.859812404361672,2.5199206336708304,580.0,41960.0,764.15,6.364750756851911,10.644495894447413,1
TANK,TELANGANA,2018,26.5,4.800000000000001,7.0,3840.0,20.0,28.25,51.0,852.0,8.253488028345904,3.044522437723423,3.3758795736778655,6.748759547491679,3.9512437185814275,2.1908902300206647,530.0,76800.0,748.625,6.274762021241939,11.248972939884327,1
TANK,TELANGANA,2018,30.0,0.85,7.4,3840.0,28.0,5.95,271.0,860.0,8.253488028345904,3.367295829986474,1.9387416595767009,6.7580945044277305,5.605802066295998,0.9219544457292888,840.0,107520.0,178.5,6.734591659972948,11.585441456308965,1
TANK,TELANGANA,2018,28.0,0.3,7.65,1727.5,31.5,6.65,427.5,9160.0,7.455009259361679,3.481240089335692,2.0347056478384444,9.122710622015209,6.060290738037835,0.5477225575051661,882.0,54416.25,186.20000000000002,6.78332520060396,10.904436478168089,1
TANK,TELANGANA,2018,27.0,5.35,7.9,371.0,41.5,2.55,13.5,152.0,5.918893854273146,3.7495040759303713,1.2669476034873244,5.030437921392435,2.6741486494265287,2.3130067012440754,1120.5,15396.5,68.85,7.022422353960263,9.641960437561199,1
TANK,TELANGANA,2018,28.0,3.5,8.05,1462.0,15.0,6.7,51.0,8457.5,7.288244401020124,2.772588722239781,2.0412203288596382,9.042927131915347,3.9512437185814275,1.8708286933869707,420.0,21930.0,187.6,6.042632833682381,9.995656440007505,1
TANK,TELANGANA,2018,26.5,5.65,7.1,1093.0,5.5,22.5,51.0,686.0,6.9975959829819265,1.8718021769015913,3.1570004211501135,6.532334292222349,3.9512437185814275,2.3769728648009427,145.75,6011.5,596.25,4.988730458708206,8.701595914414016,1
TANK,TELANGANA,2018,27.0,2.3499999999999996,7.449999999999999,1607.0,71.5,10.1,111.0,812.0,7.382746449738912,4.283586561860629,2.4069451083182885,6.70073110954781,4.718498871295094,1.532970971675589,1930.5,114900.5,272.7,7.566052182106336,11.65183051858192,1
TANK,TELANGANA,2018,27.0,0.9500000000000001,7.2,1300.0,72.5,17.8,14.5,288.0,7.170888478512505,4.297285406218791,2.9338568698359038,5.666426688112432,2.740840023925201,0.9746794344808964,1957.5,94250.0,480.6,7.579934153105886,11.453716715333547,1
TANK,TELANGANA,2018,28.0,4.2,7.1,773.0,4.0,2.55,7.0,38.0,6.651571873589727,1.6094379124341003,1.2669476034873244,3.6635616461296463,2.0794415416798357,2.04939015319192,112.0,3092.0,71.39999999999999,4.727387818712341,8.03689677268507,1
TANK,TELANGANA,2018,28.5,4.7,7.9,722.0,13.0,5.6,44.5,127.5,6.583409222158765,2.6390573296152584,1.8870696490323797,4.855928904335275,3.817712325956905,2.16794833886788,370.5,9386.0,159.6,5.917548864157814,9.147081032336992,1
TANK,TELANGANA,2018,28.0,0.3,7.199999999999999,1596.5,25.5,20.7,125.5,293.0,7.37619518625169,3.2771447329921766,3.077312260546414,5.683579767338681,4.840242308167575,0.5477225575051661,714.0,40710.75,579.6,6.5722825426940075,10.614272027554197,1
TANK,TELANGANA,2018,26.5,7.1,7.25,3840.0,12.5,17.45,3.5,30.5,8.253488028345904,2.6026896854443837,2.915064370486536,3.449987545831587,1.5040773967762742,2.6645825188948455,331.25,48000.0,462.42499999999995,5.805887697593355,10.778977123006351,1
TANK,TELANGANA,2018,26.0,5.7,6.6,860.5,46.5,28.25,17.0,49.0,6.758675055967984,3.8607297110405954,3.3758795736778655,3.912023005428146,2.8903717578961645,2.3874672772626644,1209.0,40013.25,734.5,7.098375638590786,10.59699091965411,1
TANK,TELANGANA,2018,25.5,7.55,7.65,703.5,6.5,8.45,32.0,51.0,6.557488331338735,2.0149030205422647,2.2460147415056513,3.9512437185814275,3.4965075614664802,2.7477263328068173,165.75,4572.75,215.475,5.1164956847957335,8.428088716333416,1
TANK,TELANGANA,2018,27.5,0.5,7.25,848.0,25.0,28.25,401.0,811.5,6.744059186311348,3.258096538021482,3.3758795736778655,6.700115914203892,5.996452088619021,0.7071067811865476,687.5,21200.0,776.875,6.53451531816871,9.961803629358965,1
TANK,TELANGANA,2018,27.5,2.15,7.9,1523.5,35.5,28.15,211.0,809.5,7.329421766428309,3.597312260588446,3.3724549127965013,6.697651341175731,5.356586274672012,1.466287829861518,976.25,54084.25,774.125,6.884742504673064,10.89831678440741,1
TANK,TELANGANA,2018,27.0,6.800000000000001,7.45,1172.5,9.5,24.4,8.0,129.5,7.067746015291078,2.3513752571634776,3.2347491740244907,4.871373226762748,2.1972245773362196,2.6076809620810595,256.5,11138.75,658.8,5.551019720103791,9.318275071577752,1
TANK,TELANGANA,2018,26.0,6.7,7.75,1156.0,8.5,14.8,7.0,94.5,7.053585727193677,2.2512917986064953,2.760009940032921,4.5591262474866845,2.0794415416798357,2.588435821108957,221.0,9826.0,384.8,5.402677381872279,9.192888978362427,1
TANK,TELANGANA,2018,25.5,6.15,6.9,1209.0,7.0,13.25,31.0,36.5,7.098375638590786,2.0794415416798357,2.6567569067146595,3.624340932976365,3.4657359027997265,2.479919353527449,178.5,8463.0,337.875,5.190175207928333,9.043577154098081,1
TANK,TELANGANA,2018,26.5,6.199999999999999,7.2,1818.0,8.5,26.55,4.5,69.0,7.506042178518122,2.2512917986064953,3.3160025355989236,4.248495242049359,1.7047480922384253,2.4899799195977463,225.25,15453.0,703.575,5.421640582580036,9.645623148493529,1
TANK,TELANGANA,2018,25.5,5.2,7.65,1654.0,4.1,25.0,2.5,48.0,7.411556287811163,1.62924053973028,3.258096538021482,3.8918202981106265,1.252762968495368,2.280350850198276,104.55,6781.4,637.5,4.65918477429433,8.822086300598373,1
TANK,TELANGANA,2018,26.5,7.25,7.45,1968.0,7.9,28.25,3.0,59.5,7.585281078639126,2.186051276738094,3.3758795736778655,4.102643365036796,1.3862943611198906,2.692582403567252,209.35000000000002,15547.2,748.625,5.34877281003653,9.651700155280171,1
TANK,TELANGANA,2018,26.5,6.85,7.949999999999999,2980.0,9.4,28.25,4.0,73.0,8.000014093678072,2.341805806147327,3.3758795736778655,4.30406509320417,1.6094379124341003,2.6172504656604803,249.10000000000002,28012.0,748.625,5.521860837883573,10.240423967124363,1
TANK,TELANGANA,2018,26.5,3.6500000000000004,7.95,1114.5,14.0,8.75,48.0,274.5,7.017058013872587,2.70805020110221,2.277267285009756,5.6185876285929695,3.8918202981106265,1.91049731745428,371.0,15603.0,231.875,5.918893854273146,9.655282570626547,1
TANK,TELANGANA,2018,27.5,3.5,7.35,1126.0,16.0,6.45,22.5,281.0,7.027314514039777,2.833213344056216,2.0082140323914683,5.641907070938114,3.1570004211501135,1.8708286933869707,440.0,18016.0,177.375,6.089044875446846,9.7990710356157,1
TANK,TELANGANA,2018,27.25,3.3499999999999996,7.65,1417.5,12.0,1.5,27.0,256.5,7.257355254248906,2.5649493574615367,0.9162907318741551,5.551019720103791,3.332204510175204,1.8303005217723125,327.0,17010.0,40.875,5.793013608384144,9.741615472609583,1
TANK,TELANGANA,2018,24.5,5.300000000000001,6.9,2442.5,10.5,28.25,33.5,66.0,7.80118671671021,2.4423470353692043,3.3758795736778655,4.204692619390966,3.5409593240373143,2.302172886644268,257.25,25646.25,692.125,5.553928107999748,10.152191632375613,1
LAKE,TRIPURA,2018,25.25,7.4,7.95,115.0,0.6000000000000001,0.44999999999999996,130.0,250.0,4.7535901911063645,0.47000362924573563,0.371563556432483,5.5254529391317835,4.875197323201151,2.7202941017470885,15.150000000000002,69.00000000000001,11.362499999999999,2.7819200496686656,4.248495242049359,1
LAKE,TRIPURA,2018,25.0,7.1000000000000005,7.25,147.0,1.75,0.55,140.0,280.0,4.997212273764115,1.0116009116784799,0.4382549309311553,5.638354669333745,4.948759890378168,2.6645825188948455,43.75,257.25,13.750000000000002,3.8010914447208646,5.553928107999748,1
LAKE,TRIPURA,2018,24.75,7.0,7.15,100.0,0.6000000000000001,0.35,132.0,245.0,4.61512051684126,0.47000362924573563,0.3001045924503381,5.5053315359323625,4.890349128221754,2.6457513110645907,14.850000000000001,60.00000000000001,8.6625,2.76316950032329,4.110873864173311,1
LAKE,TRIPURA,2018,26.25,7.449999999999999,7.550000000000001,167.0,1.4,0.5,130.0,250.0,5.123963979403259,0.8754687373538999,0.4054651081081644,5.5254529391317835,4.875197323201151,2.729468812791236,36.75,233.79999999999998,13.125,3.6309854756950335,5.458734087953942,1
LAKE,TRIPURA,2018,26.25,7.85,7.5,148.5,1.5499999999999998,0.5,205.0,360.0,5.0072963928307415,0.9360933591703348,0.4054651081081644,5.8888779583328805,5.327876168789581,2.80178514522438,40.68749999999999,230.17499999999998,13.125,3.7302013236758422,5.443174999463702,1
POND,TRIPURA,2018,24.5,6.0,7.75,105.5,0.6000000000000001,0.35,140.0,280.0,4.66814498514948,0.47000362924573563,0.3001045924503381,5.638354669333745,4.948759890378168,2.449489742783178,14.700000000000003,63.30000000000001,8.575,2.7536607123542627,4.163559631243574,1
POND,TRIPURA,2018,25.25,6.300000000000001,7.75,114.5,0.6000000000000001,0.44999999999999996,140.0,250.0,4.749270529961848,0.47000362924573563,0.371563556432483,5.5254529391317835,4.948759890378168,2.5099800796022267,15.150000000000002,68.70000000000002,11.362499999999999,2.7819200496686656,4.244200317766478,1
POND,TRIPURA,2018,25.0,7.7,8.0,125.0,0.8,0.5,190.0,325.0,4.836281906951478,0.5877866649021191,0.4054651081081644,5.786897381366708,5.25227342804663,2.7748873851023217,20.0,100.0,12.5,3.044522437723423,4.61512051684126,1
POND,TRIPURA,2018,25.0,7.75,7.9,111.0,0.65,0.45,140.0,285.0,4.718498871295094,0.5007752879124893,0.37156355643248307,5.655991810819852,4.948759890378168,2.7838821814150108,16.25,72.15,11.25,2.847812143477369,4.292512127466133,1
POND,TRIPURA,2018,25.0,7.800000000000001,7.85,124.5,0.7,0.30000000000000004,140.0,285.0,4.832305758571839,0.5306282510621704,0.26236426446749106,5.655991810819852,4.948759890378168,2.7928480087537886,17.5,87.14999999999999,7.500000000000001,2.917770732084279,4.4790399088438795,1
POND,TRIPURA,2018,26.25,6.4,6.699999999999999,163.0,1.6500000000000001,0.4,145.0,285.0,5.099866427824199,0.9745596399981309,0.33647223662121295,5.655991810819852,4.983606621708336,2.5298221281347035,43.3125,268.95000000000005,10.5,3.7912668042923463,5.5982367566642965,1
POND,TRIPURA,2018,26.75,6.6,7.800000000000001,167.5,1.55,0.4,180.0,285.0,5.126935749792416,0.9360933591703349,0.33647223662121295,5.655991810819852,5.198497031265826,2.569046515733026,41.4625,259.625,10.700000000000001,3.7486213334867022,5.563082592553066,1
POND,TRIPURA,2018,26.75,8.2,7.1,173.5,2.3,0.6000000000000001,205.0,335.0,5.161924741642482,1.1939224684724346,0.47000362924573563,5.817111159963204,5.327876168789581,2.8635642126552705,61.525,399.04999999999995,16.05,4.135566476763683,5.9915895392961325,1
POND,TRIPURA,2018,26.0,7.5,7.45,142.0,1.25,0.4,140.0,250.0,4.962844630259907,0.8109302162163288,0.33647223662121295,5.5254529391317835,4.948759890378168,2.7386127875258306,32.5,177.5,10.4,3.5115454388310208,5.184588601219693,1
POND,TRIPURA,2018,26.25,6.949999999999999,7.050000000000001,133.0,1.2,0.6000000000000001,185.0,285.0,4.897839799950911,0.7884573603642702,0.47000362924573563,5.655991810819852,5.225746673713202,2.6362852652928135,31.5,159.6,15.750000000000002,3.481240089335692,5.078916801512661,1
LAKE,UTTAR PRADESH,2018,24.0,6.5,7.949999999999999,364.0,4.5,0.95,6000.0,8200.0,5.8998973535824915,1.7047480922384253,0.6678293725756554,9.012011377036412,8.699681400989514,2.5495097567963922,108.0,1638.0,22.799999999999997,4.6913478822291435,7.40184157874383,1
LAKE,WEST BENGAL,2018,26.5,10.35,8.149999999999999,333.0,3.9,0.44999999999999996,65350.0,115650.0,5.811140992976701,1.589235205116581,0.371563556432483,11.658332314401276,11.087528021154112,3.2171415884290826,103.35,1298.7,11.924999999999999,4.647750633523209,7.169888747587542,1
LAKE,WEST BENGAL,2018,28.0,10.35,8.100000000000001,674.0,12.350000000000001,1.75,81500.0,100000.0,6.51471269087253,2.591516384846259,1.0116009116784799,11.51293546492023,11.308370569092329,3.2171415884290826,345.80000000000007,8323.900000000001,49.0,5.848748244906387,9.027006302764487,1
LAKE,WEST BENGAL,2018,28.0,10.35,8.25,669.5,21.6,1.745,125000.0,165000.0,6.508023702721733,3.1179499062782403,1.009781074961494,12.013706813470414,11.736077016252437,3.2171415884290826,604.8000000000001,14461.2,48.86,6.406549898593137,9.579293627985145,1
LAKE,WEST BENGAL,2018,28.0,10.35,8.3,679.5,22.85,1.35,71500.0,96500.0,6.522827822091521,3.1717842173343502,0.8544153281560676,11.477308649967686,11.177466714598282,3.2171415884290826,639.8000000000001,15526.575,37.800000000000004,6.46271739575415,9.650372754561866,1
LAKE,WEST BENGAL,2018,19.5,7.4,7.449999999999999,101.0,2.5,0.25,5800.0,18500.0,4.624972813284271,1.252762968495368,0.22314355131420976,9.825580063659602,8.665785595466064,2.7202941017470885,48.75,252.5,4.875,3.907010463604602,5.535363823031238,1
LAKE,WEST BENGAL,2018,14.0,6.7,7.5,142.5,3.0,0.44999999999999996,5100.0,15500.0,4.966335035199676,1.3862943611198906,0.371563556432483,9.648659816955295,8.537191877922927,2.588435821108957,42.0,427.5,6.299999999999999,3.7612001156935624,6.060290738037835,1
LAKE,WEST BENGAL,2018,16.5,7.85,7.5,38.0,1.7,0.3,225.0,830.0,3.6635616461296463,0.9932517730102833,0.262364264467491,6.7226297948554485,5.420534999272286,2.80178514522438,28.05,64.6,4.95,3.3690184832979204,4.183575695950044,1
LAKE,WEST BENGAL,2018,14.0,8.0,7.65,28.5,1.35,0.25,215.0,770.0,3.3843902633457743,0.8544153281560676,0.22314355131420976,6.647688373563329,5.375278407684165,2.8284271247461903,18.900000000000002,38.475,3.5,2.990719731730447,3.6756675601417057,1
LAKE,WEST BENGAL,2018,26.0,6.9,7.5,211.0,2.15,1.745,5050.0,7700.0,5.356586274672012,1.1474024528375417,1.009781074961494,8.94910546953925,8.527341522468053,2.6267851073127395,55.9,453.65,45.370000000000005,4.041295341132285,6.119527892171922,1
LAKE,WEST BENGAL,2018,24.75,6.8999999999999995,7.55,494.0,3.15,1.745,7000.0,11000.0,6.20455776256869,1.423108334242607,1.009781074961494,9.305741456739435,8.853808274977197,2.6267851073127395,77.96249999999999,1556.1,43.188750000000006,4.368973056224819,7.350580395847379,1
LAKE,ANDHRA PRADESH,2019,27.0,5.9,7.75,1332.0,2.9000000000000004,2.91,17.0,625.0,7.195187320178709,1.3609765531356008,1.3635373739972745,6.439350371100098,2.8903717578961645,2.4289915602982237,78.30000000000001,3862.8000000000006,78.57000000000001,4.373238128640803,8.259406434158453,1
TANK,ANDHRA PRADESH,2019,30.5,4.65,7.35,663.0,12.0,2.2,150.0,900.0,6.498282149476434,2.5649493574615367,1.1631508098056809,6.803505257608338,5.017279836814924,2.1563858652847827,366.0,7956.0,67.10000000000001,5.905361848054571,8.981807323377534,1
LAKE,ASSAM,2019,28.0,7.8,7.55,208.5,3.75,1.55,181.0,930.0,5.344723739362192,1.55814461804655,0.9360933591703349,6.836259277277067,5.204006687076795,2.792848008753788,105.0,781.875,43.4,4.663439094112067,6.662973040845577,1
LAKE,ASSAM,2019,22.5,4.3,7.0,128.5,9.65,1.6,515.0,1360.0,4.863680881139593,2.365559892155434,0.9555114450274363,7.215975002651466,6.246106765481563,2.073644135332772,217.125,1240.025,36.0,5.385068292956691,7.123692930046018,1
LAKE,ASSAM,2019,29.0,5.2,7.65,132.0,2.2,1.4500000000000002,181.0,1300.0,4.890349128221754,1.1631508098056809,0.8960880245566357,7.170888478512505,5.204006687076795,2.280350850198276,63.800000000000004,290.40000000000003,42.050000000000004,4.171305603358229,5.674696893761104,1
LAKE,ASSAM,2019,28.0,6.85,7.5,210.5,3.5999999999999996,1.6,366.0,1110.0,5.354224998486333,1.5260563034950492,0.9555114450274363,7.01301578963963,5.905361848054571,2.6172504656604803,100.79999999999998,757.8,44.800000000000004,4.623010104116422,6.631738238060859,1
LAKE,ASSAM,2019,23.0,4.75,6.9,107.0,2.6,1.0,515.0,1360.0,4.68213122712422,1.2809338454620642,0.6931471805599453,7.215975002651466,6.246106765481563,2.179449471770337,59.800000000000004,278.2,23.0,4.107589788972121,5.631928370888217,1
LAKE,ASSAM,2019,24.5,5.9,7.25,39.0,1.7999999999999998,0.9,151.0,361.0,3.6888794541139363,1.0296194171811581,0.6418538861723948,5.8916442118257715,5.0238805208462765,2.4289915602982237,44.099999999999994,70.19999999999999,22.05,3.8088822465086327,4.26549281841793,1
POND,ASSAM,2019,27.0,3.65,7.55,674.5,10.1,2.05,366.0,1580.0,6.515453157400254,2.4069451083182885,1.1151415906193203,7.365812837209472,5.905361848054571,1.91049731745428,272.7,6812.45,55.349999999999994,5.612032616046633,8.8266538787906,1
POND,ASSAM,2019,20.5,4.25,7.0,143.0,2.9,1.4,700.0,1900.0,4.969813299576001,1.3609765531356006,0.8754687373538999,7.550135342488429,6.55250788703459,2.0615528128088303,59.449999999999996,414.7,28.7,4.101816577060801,6.029963846258592,1
POND,ASSAM,2019,26.5,6.9,7.4,33.0,2.0,1.0,181.0,366.0,3.5263605246161616,1.0986122886681098,0.6931471805599453,5.905361848054571,5.204006687076795,2.6267851073127395,53.0,66.0,26.5,3.9889840465642745,4.204692619390966,1
POND,ASSAM,2019,24.5,6.25,6.9,130.0,2.4000000000000004,0.75,366.0,751.0,4.875197323201151,1.2237754316221159,0.5596157879354227,6.62273632394984,5.905361848054571,2.5,58.80000000000001,312.00000000000006,18.375,4.091005660956586,5.746203190540154,1
POND,ASSAM,2019,25.0,6.5,7.300000000000001,66.0,2.55,1.1,366.0,751.0,4.204692619390966,1.2669476034873244,0.7419373447293773,6.62273632394984,5.905361848054571,2.5495097567963922,63.74999999999999,168.29999999999998,27.500000000000004,4.1705337005796475,5.13167228913909,1
POND,ASSAM,2019,26.5,7.4,8.15,169.0,4.0,1.7,605.0,1360.0,5.135798437050262,1.6094379124341003,0.9932517730102833,7.215975002651466,6.406879986069314,2.7202941017470885,106.0,676.0,45.05,4.672828834461906,6.517671272912275,1
POND,ASSAM,2019,26.0,7.4,8.2,80.0,3.65,1.65,900.0,1760.0,4.394449154672439,1.536867219599265,0.9745596399981308,7.473637108496206,6.803505257608338,2.7202941017470885,94.89999999999999,292.0,42.9,4.563305981889393,5.680172609017068,1
POND,ASSAM,2019,26.0,7.4,8.0,128.5,4.9,1.35,551.0,1530.0,4.863680881139593,1.7749523509116738,0.8544153281560676,7.333676395657684,6.313548046277095,2.7202941017470885,127.4,629.6500000000001,35.1,4.855150391255861,6.446751033533202,1
POND,ASSAM,2019,28.5,5.75,6.9,71.0,5.2,1.5,366.0,1530.0,4.276666119016055,1.824549292051046,0.9162907318741551,7.333676395657684,5.905361848054571,2.3979157616563596,148.20000000000002,369.2,42.75,5.005287687769661,5.914043400139397,1
POND,ASSAM,2019,28.0,7.0,7.699999999999999,67.0,3.2,1.05,515.0,1330.0,4.219507705176107,1.4350845252893227,0.7178397931503169,7.193685818395112,6.246106765481563,2.6457513110645907,89.60000000000001,214.4,29.400000000000002,4.506454213048934,5.372496764722288,1
POND,ASSAM,2019,27.5,9.1,7.8999999999999995,257.0,4.05,1.8,700.0,1765.0,5.552959584921617,1.6193882432872684,1.0296194171811581,7.476472381163905,6.55250788703459,3.0166206257996713,111.375,1040.85,49.5,4.721841492791785,6.948753258016209,1
POND,ASSAM,2019,26.0,7.5,7.699999999999999,444.0,4.55,1.75,1750.0,6700.0,6.09807428216624,1.713797927758343,1.0116009116784799,8.81001204797317,7.467942332285852,2.7386127875258306,118.3,2020.1999999999998,45.5,4.78164132910387,7.6114466734177535,1
POND,ASSAM,2019,27.0,8.600000000000001,8.3,159.0,7.8,2.0,1150.0,1855.0,5.075173815233827,2.174751721484161,1.0986122886681098,7.526178913346146,7.048386408721883,2.932575659723036,210.6,1240.2,54.0,5.354697699984144,7.123833932574225,1
POND,ASSAM,2019,25.5,8.15,7.05,107.0,1.8,1.75,510.0,1330.0,4.68213122712422,1.0296194171811581,1.0116009116784799,7.193685818395112,6.236369590203704,2.8548204847240397,45.9,192.6,44.625,3.8480176754522337,5.265794174842477,1
POND,ASSAM,2019,28.5,8.0,8.0,53.5,3.0,1.2000000000000002,751.0,2510.0,3.9982007016691985,1.3862943611198906,0.7884573603642703,7.828436359157585,6.62273632394984,2.8284271247461903,85.5,160.5,34.2,4.460144413937834,5.084505142662711,1
POND,ASSAM,2019,30.5,5.15,7.65,63.0,2.7,1.4,351.0,930.0,4.1588830833596715,1.308332819650179,0.8754687373538999,6.836259277277067,5.863631175598097,2.2693611435820435,82.35000000000001,170.10000000000002,42.699999999999996,4.423048609196803,5.1422481808981475,1
POND,ASSAM,2019,29.5,4.3,7.6,53.5,1.85,1.5499999999999998,900.0,1765.0,3.9982007016691985,1.0473189942805592,0.9360933591703348,7.476472381163905,6.803505257608338,2.073644135332772,54.575,98.97500000000001,45.724999999999994,4.017733459850261,4.604920154732882,1
POND,ASSAM,2019,29.0,4.45,8.0,86.0,1.7999999999999998,1.35,366.0,1230.0,4.465908118654584,1.0296194171811581,0.8544153281560676,7.115582126184454,5.905361848054571,2.1095023109728985,52.199999999999996,154.79999999999998,39.150000000000006,3.9740583963475986,5.048573133436648,1
POND,ASSAM,2019,24.5,5.25,7.0,106.0,2.7,2.25,181.0,1550.0,4.672828834461906,1.308332819650179,1.1786549963416462,7.346655163176539,5.204006687076795,2.29128784747792,66.15,286.20000000000005,55.125,4.206928922969246,5.660178837174069,1
POND,ASSAM,2019,25.0,7.25,6.8,31.0,2.0,0.95,366.0,456.0,3.4657359027997265,1.0986122886681098,0.6678293725756554,6.124683390894205,5.905361848054571,2.692582403567252,50.0,62.0,23.75,3.9318256327243257,4.143134726391533,1
POND,ASSAM,2019,25.5,6.35,6.9,29.0,2.45,0.95,456.0,1401.0,3.4011973816621555,1.2383742310432684,0.6678293725756554,7.2456550675945355,6.124683390894205,2.5199206336708304,62.475,71.05000000000001,24.224999999999998,4.1506461275907425,4.277360322445531,1
POND,ASSAM,2019,25.0,7.2,7.35,38.5,1.9,1.1,751.0,2130.0,3.676300671907076,1.0647107369924282,0.7419373447293773,7.664346632098617,6.62273632394984,2.6832815729997477,47.5,73.14999999999999,27.500000000000004,3.8815637979434374,4.306090068583941,1
POND,ASSAM,2019,25.5,6.0,7.1,70.0,2.2,1.3,351.0,751.0,4.2626798770413155,1.1631508098056809,0.832909122935104,6.62273632394984,5.863631175598097,2.449489742783178,56.1,154.0,33.15,4.044804116661965,5.043425116919247,1
POND,ASSAM,2019,23.5,4.699999999999999,6.95,135.5,2.6,1.15,2.0,366.0,4.916324614625014,1.2809338454620642,0.7654678421395714,5.905361848054571,1.0986122886681098,2.16794833886788,61.1,352.3,27.025,4.128745988939433,5.8673175543650995,1
POND,ASSAM,2019,28.5,7.6499999999999995,7.8,346.0,3.3499999999999996,1.8,1710.0,6700.0,5.849324779946859,1.4701758451005926,1.0296194171811581,8.81001204797317,7.444833273892193,2.765863337187866,95.475,1159.1,51.300000000000004,4.569283907423682,7.056261487281361,1
POND,ASSAM,2019,26.0,6.85,7.3,37.0,2.6,1.1,751.0,2151.0,3.6375861597263857,1.2809338454620642,0.7419373447293773,7.674152921281675,6.62273632394984,2.6172504656604803,67.60000000000001,96.2,28.6,4.22829253473184,4.576770711466393,1
POND,ASSAM,2019,29.0,6.9,7.5,51.0,2.15,0.95,151.0,351.0,3.9512437185814275,1.1474024528375417,0.6678293725756554,5.863631175598097,5.0238805208462765,2.6267851073127395,62.349999999999994,109.64999999999999,27.549999999999997,4.148674906767148,4.7063720664970585,1
TANK,ASSAM,2019,24.5,6.5,7.25,28.5,1.85,1.0,181.0,301.0,3.3843902633457743,1.0473189942805592,0.6931471805599453,5.71042701737487,5.204006687076795,2.5495097567963922,45.325,52.725,24.5,3.8356817721714234,3.983878442528574,1
LAKE,BIHAR,2019,24.0,9.55,7.949999999999999,302.5,2.8,0.09,5500.0,11000.0,5.715381610499553,1.33500106673234,0.08617769624105233,9.305741456739435,8.612685172875459,3.0903074280724887,67.19999999999999,847.0,2.16,4.222444564849416,6.742880635791903,1
LAKE,BIHAR,2019,25.5,10.35,8.75,629.0,5.7,0.845,11090.0,27600.0,6.4457198193855785,1.9021075263969205,0.6124792774924905,10.225607282932941,9.313889247604742,3.2171415884290826,145.35,3585.3,21.5475,4.986001013137895,8.184876309338502,1
LAKE,BIHAR,2019,24.5,8.75,8.75,1029.0,9.2,1.075,18200.0,81650.0,6.937314081223682,2.322387720290225,0.7299611536826616,11.31020934572104,9.809231816610408,2.958039891549808,225.39999999999998,9466.8,26.3375,5.422303346329028,9.155651846625382,1
POND,BIHAR,2019,27.0,8.65,7.4,839.0,3.2,1.375,12050.0,18050.0,6.733401891837359,1.4350845252893227,0.8649974374866045,9.800956363888462,9.396902923027392,2.9410882339705484,86.4,2684.8,37.125,4.470495282661489,7.895733914147075,1
POND,BIHAR,2019,26.5,8.8,8.2,619.5,3.3,1.015,8965.0,19150.0,6.430525604644662,1.4586150226995167,0.7006191953986463,9.860110212566559,9.101194924715385,2.9664793948382653,87.44999999999999,2044.35,26.897499999999997,4.482437420605794,7.6233242029768125,1
LAKE,CHHATTISGARH,2019,31.0,6.35,7.35,663.0,6.65,0.025,91.0,801.0,6.498282149476434,2.0347056478384444,0.0246926125903715,6.687108607866515,4.5217885770490405,2.5199206336708304,206.15,4408.95,0.775,5.333443168523411,8.391618630508137,1
POND,CHHATTISGARH,2019,27.0,6.5,7.4,663.0,5.4,0.025,141.0,801.0,6.498282149476434,1.8562979903656263,0.0246926125903715,6.687108607866515,4.955827057601261,2.5495097567963922,145.8,3580.2000000000003,0.675,4.9890711161804155,8.18345321876,1
LAKE,DELHI,2019,14.0,6.8,7.4,1014.5,16.0,2.86,11000.0,17000.0,6.92313638102044,2.833213344056216,1.3506671834767394,9.741027444837728,9.305741456739435,2.6076809620810595,224.0,16232.0,40.04,5.41610040220442,9.694801486310846,1
LAKE,DELHI,2019,26.0,5.75,7.15,269.0,4.3999999999999995,1.745,1210.0,8700.0,5.598421958998375,1.6863989535702286,1.009781074961494,9.071193240566025,7.099201743553092,2.3979157616563596,114.39999999999999,1183.6,45.370000000000005,4.748404354073999,7.077160443842865,1
LAKE,DELHI,2019,14.0,10.35,8.75,808.0,30.0,1.02,49000.0,130000.0,6.695798917058491,3.4339872044851463,0.7030975114131134,11.775297421715827,10.799595985047786,3.2171415884290826,420.0,24240.0,14.280000000000001,6.042632833682381,10.095800693457734,1
LAKE,GOA,2019,29.0,7.65,7.1,106.5,4.5,0.245,56.0,1060.0,4.677490847567717,1.7047480922384253,0.21913552991667093,6.966967138613983,4.04305126783455,2.7658633371878665,130.5,479.25,7.1049999999999995,4.879006851617819,6.174306801648666,1
LAKE,GOA,2019,28.0,4.15,7.050000000000001,1219.0,4.5,1.745,2695.0,4345.0,7.106606137727303,1.7047480922384253,1.009781074961494,8.377011160816375,7.899524472032198,2.0371548787463363,126.0,5485.5,48.86,4.844187086458591,8.610045808430854,1
LAKE,GOA,2019,28.5,7.05,7.05,194.5,4.5,3.9,2460.0,3970.0,5.27556037942542,1.7047480922384253,1.589235205116581,8.286773231131251,7.8083230503910555,2.6551836094703507,128.25,875.25,111.14999999999999,4.861748513388538,6.7756514383488,1
LAKE,GOA,2019,29.0,3.45,7.05,327.0,4.5,1.27,15950.0,53000.0,5.793013608384144,1.7047480922384253,0.8197798314933114,10.87806606028079,9.677276802172448,1.857417562100671,130.5,1471.5,36.83,4.879006851617819,7.294716915525742,1
LAKE,GOA,2019,31.5,7.35,6.8,253.5,4.5,1.745,2550.0,6725.0,5.539300835990577,1.7047480922384253,1.009781074961494,8.813735892300215,7.844240718141811,2.711088342345192,141.75,1140.75,54.9675,4.96109484853612,7.040317452065108,1
LAKE,GOA,2019,28.0,7.9,6.65,97.5,4.5,1.745,3600.0,8150.0,4.590056548178043,1.7047480922384253,1.009781074961494,9.005895898094458,8.188966863648876,2.8106938645110393,126.0,438.75,48.86,4.844187086458591,6.086206383617667,1
LAKE,GUJARAT,2019,27.5,7.4,8.6,2905.0,17.5,0.175,29.0,330.0,7.974532844130228,2.917770732084279,0.16126814759612226,5.802118375377063,3.4011973816621555,2.7202941017470885,481.25,50837.5,4.8125,6.178462651785838,10.836409220540828,1
LAKE,GUJARAT,2019,28.5,7.1499999999999995,7.8500000000000005,471.0,8.5,0.14,35.0,246.0,6.156978985585555,2.2512917986064953,0.13102826240640408,5.5093883366279774,3.58351893845611,2.6739483914241875,242.25,4003.5,3.99,5.494089721066114,8.295174007763737,1
LAKE,GUJARAT,2019,14.5,7.15,7.95,257.0,0.6000000000000001,0.5549999999999999,3.0,25.5,5.552959584921617,0.47000362924573563,0.4414755456311974,3.2771447329921766,1.3862943611198906,2.6739483914241875,8.700000000000001,154.20000000000002,8.0475,2.2721258855093374,5.0447146077491185,1
LAKE,GUJARAT,2019,15.15,3.75,7.85,2222.5,5.95,0.5800000000000001,118.0,351.5,7.706837809950751,1.9387416595767009,0.4574248470388755,5.8650506222523235,4.77912349311153,1.9364916731037085,90.1425,13223.875,8.787,4.512424215786502,9.48985480488599,1
LAKE,GUJARAT,2019,27.0,7.25,8.35,1383.5,2.85,0.15,68.5,140.0,7.233094342611016,1.3480731482996928,0.1397619423751587,4.948759890378168,4.241326752570746,2.692582403567252,76.95,3942.975,4.05,4.356067595503785,8.279944376960042,1
LAKE,GUJARAT,2019,26.5,5.300000000000001,7.8999999999999995,1690.0,3.35,3.06,62.0,188.0,7.43307534889858,1.4701758451005926,1.4011829736136414,5.241747015059643,4.143134726391533,2.302172886644268,88.775,5661.5,81.09,4.497306540112147,8.64162076979129,1
LAKE,GUJARAT,2019,25.5,6.0,7.6499999999999995,486.0,5.199999999999999,0.29000000000000004,7.0,21.0,6.18826412308259,1.8245492920510458,0.25464221837358075,3.091042453358316,2.0794415416798357,2.449489742783178,132.6,2527.2,7.395000000000001,4.894850261102546,7.835262866061457,1
LAKE,GUJARAT,2019,23.0,9.3,7.9,1068.5,72.5,0.04,6.5,29.5,6.9749465285224606,4.297285406218791,0.039220713153281295,3.417726683613366,2.0149030205422647,3.0495901363953815,1667.5,77466.25,0.92,7.4196802981914285,11.257610545383914,1
LAKE,GUJARAT,2019,27.0,5.35,8.3,1364.0,2.0500000000000003,0.56,61.0,280.5,7.21890970761906,1.1151415906193203,0.44468582126144574,5.640132447579745,4.127134385045092,2.3130067012440754,55.35000000000001,2796.2000000000003,15.120000000000001,4.031582240485785,7.936374195829712,1
LAKE,GUJARAT,2019,29.5,7.1,8.0,949.5,0.65,0.295,21.5,71.5,6.856988161928484,0.5007752879124893,0.25851069515150105,4.283586561860629,3.1135153092103742,2.6645825188948455,19.175,617.1750000000001,8.702499999999999,3.0044442141560124,6.426771588893239,1
LAKE,GUJARAT,2019,27.5,6.65,7.699999999999999,561.5,1.1,0.09000000000000001,8.5,59.5,6.332391134078575,0.7419373447293773,0.08617769624105234,4.102643365036796,2.2512917986064953,2.5787593916455256,30.250000000000004,617.6500000000001,2.475,3.4420193761824107,6.427539684659985,1
LAKE,GUJARAT,2019,28.5,6.35,7.95,1568.0,1.3,0.165,265.0,1060.0,7.358193752733032,0.832909122935104,0.1527210870176639,6.966967138613983,5.583496308781699,2.5199206336708304,37.050000000000004,2038.4,4.702500000000001,3.6389010843076948,7.620410925930125,1
LAKE,GUJARAT,2019,27.0,4.95,7.85,475.5,0.65,0.56,26.5,136.5,6.166467723094256,0.5007752879124893,0.44468582126144574,4.923623917106626,3.3141860046725258,2.224859546128699,17.55,309.075,15.120000000000001,2.920469789053444,5.736814203701393,1
LAKE,GUJARAT,2019,14.5,3.45,6.6,255.0,0.6000000000000001,0.345,4.0,11.5,5.545177444479562,0.47000362924573563,0.2963940130538024,2.5257286443082556,1.6094379124341003,1.857417562100671,8.700000000000001,153.00000000000003,5.0024999999999995,2.2721258855093374,5.0369526024136295,1
LAKE,GUJARAT,2019,27.5,6.050000000000001,8.75,3840.0,19.5,0.155,48.0,271.0,8.253488028345904,3.0204248861443626,0.14410034397375684,5.605802066295998,3.8918202981106265,2.459674775249769,536.25,74880.0,4.2625,6.2864635355226195,11.223655465763155,1
LAKE,GUJARAT,2019,27.0,3.55,7.35,392.5,6.2,0.29,177.0,483.5,5.975081067857458,1.9740810260220096,0.2546422183735807,6.183117431330821,5.181783550292085,1.8841443681416772,167.4,2433.5,7.829999999999999,5.126342101808226,7.797496675622756,1
POND,GUJARAT,2019,28.0,6.85,7.7,823.5,1.25,0.24,11.5,61.0,6.714777141999654,0.8109302162163288,0.2151113796169455,4.127134385045092,2.5257286443082556,2.6172504656604803,35.0,1029.375,6.72,3.58351893845611,6.937678092633392,1
POND,GUJARAT,2019,29.5,6.75,7.65,1241.0,1.0,0.155,13.5,87.5,7.124478262493424,0.6931471805599453,0.14410034397375684,4.483002552013883,2.6741486494265287,2.598076211353316,29.5,1241.0,4.5725,3.417726683613366,7.124478262493424,1
TANK,GUJARAT,2019,27.0,5.75,7.949999999999999,1179.5,41.6,0.065,44.0,78.0,7.073693356525568,3.751854253275325,0.06297479916138844,4.3694478524670215,3.8066624897703196,2.3979157616563596,1123.2,49067.200000000004,1.7550000000000001,7.024826950567975,10.800966446120531,1
LAKE,HARYANA,2019,24.0,6.3500000000000005,8.25,456.5,5.4,0.105,6750.0,81050.0,6.125776884715576,1.8562979903656263,0.09984533496971613,11.302833865150633,8.81744592104187,2.5199206336708304,129.60000000000002,2465.1000000000004,2.52,4.8721392168423305,7.810393234402506,1
LAKE,HARYANA,2019,23.5,5.1,7.7,459.5,3.15,1.055,78500.0,175210.0,6.132312855695361,1.423108334242607,0.7202758479481979,12.073746240901636,11.270866642542865,2.258317958127243,74.02499999999999,1447.425,24.792499999999997,4.31782139132643,7.278232038167824,1
LAKE,HIMACHAL PRADESH,2019,19.5,9.7,8.1,205.0,0.6000000000000001,0.195,68.5,635.0,5.327876168789581,0.47000362924573563,0.178146185383474,6.455198563340122,4.241326752570746,3.1144823004794873,11.700000000000001,123.00000000000001,3.8025,2.5416019934645457,4.820281565605037,1
LAKE,HIMACHAL PRADESH,2019,14.15,8.75,7.5,947.5,0.6000000000000001,0.645,3.0,76.5,6.854881789375069,0.47000362924573563,0.49774038421733524,4.350277936359301,1.3862943611198906,2.958039891549808,8.490000000000002,568.5000000000001,9.126750000000001,2.2502386126218368,6.344758782887237,1
LAKE,HIMACHAL PRADESH,2019,20.5,6.4,7.75,3387.0,1.65,0.34,22.5,58.5,8.127995055771946,0.9745596399981308,0.29266961396282,4.085976312551584,3.1570004211501135,2.5298221281347035,33.824999999999996,5588.549999999999,6.970000000000001,3.5503355196658695,8.62865406201432,1
LAKE,HIMACHAL PRADESH,2019,19.5,8.9,7.55,232.5,10.0,0.265,147.0,1260.0,5.453182077108952,2.3978952727983707,0.23507212217948356,7.13966033596492,4.997212273764115,2.9832867780352594,195.0,2325.0,5.1675,5.278114659230517,7.75190533307861,1
LAKE,HIMACHAL PRADESH,2019,14.0,5.7,7.4,152.5,3.7,1.135,7.5,141.0,5.033700567027251,1.547562508716013,0.7584666466805879,4.955827057601261,2.1400661634962708,2.3874672772626644,51.800000000000004,564.25,15.89,3.966511190712216,6.337268111158079,1
LAKE,KARNATAKA,2019,26.0,5.4,7.800000000000001,635.5,39.0,9.315,39815.0,272700.0,6.4559844179974615,3.6888794541139363,2.3335991465232153,12.516131235860326,10.59202412053839,2.32379000772445,1014.0,24784.5,242.19,6.922643891475888,10.118014083743224,1
LAKE,KARNATAKA,2019,26.5,3.55,7.85,628.0,6.5,6.22,675.0,3750.0,6.444131256700441,2.0149030205422647,1.9768549529047348,8.229777750081887,6.516193076042964,1.8841443681416772,172.25,4082.0,164.82999999999998,5.1547356380700124,8.314587291319576,1
LAKE,KARNATAKA,2019,26.5,3.5,8.15,1780.0,14.0,7.5,2850.0,7850.0,7.484930283289661,2.70805020110221,2.1400661634962708,8.968396191198256,7.955425088912672,1.8708286933869707,371.0,24920.0,198.75,5.918893854273146,10.123466100507182,1
LAKE,KARNATAKA,2019,25.0,5.05,8.35,1611.0,6.7,1.8699999999999999,1470.0,5300.0,7.385230923066573,2.0412203288596382,1.0543120297715298,8.575650760987806,7.293697720601438,2.247220505424423,167.5,10793.7,46.75,5.126935749792416,9.286810551918924,1
LAKE,KARNATAKA,2019,25.0,5.75,8.2,955.0,17.1,5.550000000000001,4650.0,14000.0,6.862757913051401,2.89591193827178,1.8794650496471608,9.546884034617925,8.444837529224097,2.3979157616563596,427.50000000000006,16330.500000000002,138.75000000000003,6.060290738037835,9.700851037226766,1
LAKE,KARNATAKA,2019,25.5,1.6,7.699999999999999,1074.5,20.0,5.6,4250.0,10650.0,6.980540948707785,3.044522437723423,1.8870696490323797,9.273409063443166,8.35490952835879,1.2649110640673518,510.0,21490.0,142.79999999999998,6.236369590203704,9.975389521825207,1
LAKE,KARNATAKA,2019,25.5,5.75,7.65,1065.5,27.9,5.55,5200.0,26400.0,6.972137537911405,3.3638415951183864,1.8794650496471605,10.181157167204903,8.556606193773073,2.3979157616563596,711.4499999999999,29727.449999999997,141.525,6.568709734241797,10.299859778743347,1
LAKE,KARNATAKA,2019,18.1,5.4,8.35,820.0,6.0,4.989999999999999,1510.0,5200.0,6.710523109452428,1.9459101490553132,1.790091412127358,8.556606193773073,7.32052696227274,2.32379000772445,108.60000000000001,4920.0,90.31899999999999,4.696837374513915,8.501267040865978,1
LAKE,KARNATAKA,2019,27.0,4.85,7.85,536.5,7.0,28.225,121050.0,808000.0,6.2869287600018176,2.0794415416798357,3.375024507358132,13.60231857512623,11.703967223381236,2.202271554554524,189.0,3755.5,762.075,5.247024072160486,8.231242951809215,1
LAKE,KARNATAKA,2019,27.0,5.95,7.8500000000000005,382.0,10.5,8.735,110350.0,802700.0,5.948034989180646,2.4423470353692043,2.2757276388241627,13.595737569914332,11.611421473719037,2.4392621835300936,283.5,4011.0,235.84499999999997,5.6507332535663855,8.297045149081827,1
LAKE,KARNATAKA,2019,26.5,5.75,7.5,748.5,17.5,10.3,55240.0,460800.0,6.619406317542652,2.917770732084279,2.424802725718295,13.040721558500353,10.919460710183415,2.3979157616563596,463.75,13098.75,272.95000000000005,6.141499626601553,9.480348425037675,1
LAKE,KARNATAKA,2019,28.5,3.05,7.2,1150.5,20.5,16.85,200350.0,8002700.0,7.04882071926074,3.068052935133617,2.8820035082256483,15.895289667661615,12.20782610731712,1.746424919657298,584.25,23585.25,480.225,6.3720391063710204,10.068419194101924,1
LAKE,KARNATAKA,2019,27.5,4.8,7.35,978.5,18.0,14.35,850230.0,8001750.0,6.887042237384596,2.9444389791664403,2.731115474033206,15.895170950694471,13.653263356251044,2.1908902300206643,495.0,17613.0,394.625,6.206575926724928,9.776449319365405,1
LAKE,KARNATAKA,2019,27.5,3.5,7.15,1262.5,20.5,16.95,55235.0,461750.0,7.141640926828249,3.068052935133617,2.8875901149342877,13.042781063733207,10.919370193605241,1.8708286933869707,563.75,25881.25,466.125,6.336383155348113,10.161312684557592,1
LAKE,KARNATAKA,2019,27.5,3.3,8.05,1499.5,72.5,3.68,107400.0,817500.0,7.313553664880422,4.297285406218791,1.5432981099295553,13.614007404994387,11.58432477200052,1.816590212458495,1993.75,108713.75,101.2,7.59827400818839,11.596482758475842,1
LAKE,KARNATAKA,2019,27.5,3.65,7.55,1348.0,17.0,6.69,35420.0,274600.0,7.207118856207756,2.8903717578961645,2.0399207835175526,12.523074413969974,10.47506014357522,1.91049731745428,467.5,22916.0,183.97500000000002,6.149536101678477,10.039634272209469,1
LAKE,KARNATAKA,2019,27.5,5.1,7.15,1022.0,8.0,3.0599999999999996,11350.0,802700.0,6.930494765951626,2.1972245773362196,1.4011829736136412,13.595737569914332,9.337061124755339,2.258317958127243,220.0,8176.0,84.14999999999999,5.3981627015177525,9.009080614161977,1
LAKE,KARNATAKA,2019,29.0,4.15,7.300000000000001,1153.5,15.0,7.220000000000001,70315.0,462700.0,7.05142262879455,2.772588722239781,2.1065702090680887,13.044836336120333,11.16075464791978,2.0371548787463363,435.0,17302.5,209.38000000000002,6.077642243349034,9.758664072162258,1
LAKE,KARNATAKA,2019,28.0,6.2,7.7,436.0,3.0,2.74,8400.0,92000.0,6.07993319509559,1.3862943611198906,1.3190856114264407,11.429554725537322,9.036106025364846,2.4899799195977463,84.0,1308.0,76.72,4.442651256490317,7.1770187659099,1
LAKE,KARNATAKA,2019,27.5,3.6,7.35,1148.0,15.5,3.06,47230.0,271750.0,7.046647277848756,2.803360380906535,1.4011829736136414,12.51264148482949,10.762805735649291,1.8973665961010275,426.25,17794.0,84.15,6.0573693219957,9.786672797944293,1
LAKE,KARNATAKA,2019,27.5,8.9,7.3,1158.0,19.0,3.3,10740.0,802700.0,7.055312843339752,2.995732273553991,1.4586150226995167,13.595737569914332,9.281823473598047,2.9832867780352594,522.5,22002.0,90.75,6.260537030310592,9.99893408668014,1
LAKE,KARNATAKA,2019,28.0,3.1,7.85,1293.5,18.0,5.835,55470.0,462700.0,7.165879799191592,2.9444389791664403,1.9220564701759129,13.044836336120333,10.923615640649537,1.760681686165901,504.0,23283.0,163.38,6.22455842927536,10.055521708391627,1
LAKE,KARNATAKA,2019,28.5,3.1999999999999997,7.35,1096.5,19.4,7.1,11230.0,81750.0,7.000790144949327,3.0155349008501706,2.0918640616783932,11.311433321100587,9.326433090963036,1.7888543819998317,552.9,21272.1,202.35,6.316984165039059,9.965198642755492,1
LAKE,KARNATAKA,2019,27.0,5.1,6.9,1035.5,9.0,3.09,24550.0,192500.0,6.943604931875834,2.302585092994046,1.4085449700547104,12.167856627501678,10.10850786559065,2.258317958127243,243.0,9319.5,83.42999999999999,5.497168225293202,9.1399715543093,1
LAKE,KARNATAKA,2019,27.0,5.6,6.95,645.5,9.5,2.655,8815.0,50600.0,6.471573198211912,2.3513752571634776,1.2960960932017418,10.831726617926124,9.084323531392696,2.3664319132398464,256.5,6132.25,71.68499999999999,5.551019720103791,8.721480067880142,1
LAKE,KARNATAKA,2019,31.5,3.05,7.65,1034.5,19.5,3.505,48400.0,278000.0,6.942639680835639,3.0204248861443626,1.5051878910603012,12.535379989788607,10.78727575364831,1.746424919657298,614.25,20172.75,110.4075,6.4220286892711655,9.912137533350032,1
LAKE,KARNATAKA,2019,29.5,3.85,7.05,1011.0,28.0,2.72,35230.0,177700.0,6.919683849847411,3.367295829986474,1.3137236682850553,12.087857641588924,10.469681655831673,1.9621416870348585,826.0,28308.0,80.24000000000001,6.717804695023691,10.250935054274718,1
LAKE,KARNATAKA,2019,28.0,5.75,8.2,3565.0,33.5,8.55,17970.0,82700.0,8.179199798423086,3.5409593240373143,2.256541154492639,11.322986972837104,9.796514626532023,2.3979157616563596,938.0,119427.5,239.40000000000003,6.844815479208263,11.690473144925223,1
LAKE,KARNATAKA,2019,28.5,5.75,8.45,824.0,72.5,1.745,200230.0,1752700.0,6.715383386334681,4.297285406218791,1.009781074961494,14.376668584609401,12.207226979030828,2.3979157616563596,2066.25,59740.0,49.7325,7.633974500602276,10.997773830833216,1
LAKE,KARNATAKA,2019,29.0,4.85,8.7,782.5,11.5,1.745,350235.0,2701750.0,6.6637710617960755,2.5257286443082556,1.009781074961494,14.809410639295814,12.766362491951408,2.202271554554524,333.5,8998.75,50.605000000000004,5.8126368795682835,9.104952078154769,1
LAKE,KARNATAKA,2019,25.0,6.2,7.0,557.5,4.5,2.96,60470.0,464600.0,6.3252546185092555,1.7047480922384253,1.3762440252663892,13.048934251705282,11.009919190256369,2.4899799195977463,112.5,2508.75,74.0,4.7318028369214575,7.827938425571636,1
LAKE,KARNATAKA,2019,27.0,3.7,7.25,1331.5,16.0,3.085,7730.0,82700.0,7.194812156039999,2.833213344056216,1.4073217283119661,11.322986972837104,8.952993499320474,1.9235384061671346,432.0,21304.0,83.295,6.07073772800249,9.966697065934012,1
LAKE,KARNATAKA,2019,28.0,4.8500000000000005,8.55,964.0,12.100000000000001,21.0,1010.0,2050.0,6.872128101338986,2.572612230207106,3.091042453358316,7.62608275807238,6.918695219020472,2.202271554554524,338.80000000000007,11664.400000000001,588.0,5.828357209237832,9.364382474480566,1
LAKE,KARNATAKA,2019,28.0,7.55,8.05,454.0,1.8,17.75,1040.0,2400.0,6.12029741895095,1.0296194171811581,2.9311937524164198,7.783640596221253,6.947937068614969,2.7477263328068173,50.4,817.2,497.0,3.9396381724611196,6.7071068054952985,1
LAKE,KARNATAKA,2019,24.5,7.199999999999999,7.6000000000000005,984.5,4.45,0.96,485.0,1175.0,6.893149126592775,1.6956156086751528,0.6729444732424258,7.069874128458572,6.186208623900494,2.6832815729997477,109.025,4381.025000000001,23.52,4.700707612697155,8.3852662252966,1
LAKE,KARNATAKA,2019,27.5,3.4,7.35,1980.0,35.5,21.68,77400.0,477500.0,7.591357046698551,3.597312260588446,3.121483478859551,13.076321533141567,11.256754979390998,1.8439088914585775,976.25,70290.0,596.2,6.884742504673064,11.160399046843542,1
LAKE,KARNATAKA,2019,27.0,5.3,7.3,1023.0,16.5,2.19,470130.0,4602700.0,6.931471805599453,2.8622008809294686,1.1600209167967532,15.342153863053216,13.060766658254344,2.3021728866442674,445.5,16879.5,59.129999999999995,6.101439400316553,9.73391438856434,1
LAKE,KARNATAKA,2019,27.5,3.55,6.6,1483.5,72.5,28.25,29350.0,462700.0,7.302833294203815,4.297285406218791,3.3758795736778655,13.044836336120333,10.287081896226075,1.8841443681416772,1993.75,107553.75,776.875,7.59827400818839,11.585755299225026,1
LAKE,KARNATAKA,2019,26.0,6.85,6.6,539.5,4.5,7.495,14035.0,2700270.0,6.292494637079263,1.7047480922384253,2.1394777551238953,14.808862696308159,9.549380736703105,2.6172504656604803,117.0,2427.75,194.87,4.770684624465665,7.79513200069165,1
LAKE,KARNATAKA,2019,26.5,4.25,7.1,906.0,22.0,3.7699999999999996,7315.0,82700.0,6.810142450115136,3.1354942159291497,1.5623463049002497,11.322986972837104,8.897819009510757,2.0615528128088303,583.0,19932.0,99.90499999999999,6.369900982828227,9.900131928722766,1
LAKE,KARNATAKA,2019,30.0,5.55,7.0,620.5,7.5,5.6,10705.0,81750.0,6.432135910950766,2.1400661634962708,1.8870696490323797,11.311433321100587,9.278559610953327,2.355843797877949,225.0,4653.75,168.0,5.420534999272286,8.44564348257616,1
LAKE,KARNATAKA,2019,28.0,3.4,7.1,1300.0,17.0,8.0,850350.0,8002700.0,7.170888478512505,2.8903717578961645,2.1972245773362196,15.895289667661615,13.653404484406227,1.8439088914585775,476.0,22100.0,224.0,6.1675164908883415,10.003378135350923,1
LAKE,KARNATAKA,2019,28.25,6.4,7.6499999999999995,1024.0,5.5,7.36,35230.0,462700.0,6.932447891572509,1.8718021769015913,2.1234584270966104,13.044836336120333,10.469681655831673,2.5298221281347035,155.375,5632.0,207.92000000000002,5.052256968787075,8.636397438894713,1
LAKE,KARNATAKA,2019,27.5,6.45,7.949999999999999,731.0,3.5,6.4,42230.0,462700.0,6.595780513961311,1.5040773967762742,2.0014800002101243,13.044836336120333,10.650909827496076,2.539685019840059,96.25,2558.5,176.0,4.577284982498556,7.847567205897638,1
LAKE,KARNATAKA,2019,27.35,3.9,7.300000000000001,1263.5,15.0,7.5,420315.0,4602700.0,7.14243206611002,2.772588722239781,2.1400661634962708,15.342153863053216,12.948762088315272,1.9748417658131499,410.25,18952.5,205.125,6.019201302079582,9.849743890026181,1
LAKE,KARNATAKA,2019,28.950000000000003,3.85,6.95,892.5,18.5,5.25,232300.0,1777000.0,6.795146334599483,2.970414465569701,1.8325814637483102,14.390437669882832,12.35578922352754,1.9621416870348585,535.575,16511.25,151.9875,6.285206347267729,9.71185780867055,1
LAKE,KARNATAKA,2019,28.4,5.550000000000001,7.4,537.0,22.0,2.7600000000000002,42420.0,464600.0,6.2878585601617845,3.1354942159291497,1.3244189574018033,13.048934251705282,10.655398801626767,2.3558437978779496,624.8,11814.0,78.384,6.439030831234781,9.377125189621008,1
LAKE,KARNATAKA,2019,27.0,2.2,6.8,2012.5,40.0,11.75,7230.0,82700.0,7.607629780291509,3.713572066704308,2.545531271604435,11.322986972837104,8.886132618174951,1.4832396974191326,1080.0,80500.0,317.25,6.985641817639208,11.296024885689746,1
LAKE,KARNATAKA,2019,26.5,3.05,6.8,1492.0,38.5,5.9,850230.0,8001750.0,7.30854279753919,3.676300671907076,1.9315214116032138,15.895170950694471,13.653263356251044,1.746424919657298,1020.25,57442.0,156.35000000000002,6.928782646174213,10.958548430770506,1
LAKE,KARNATAKA,2019,28.0,5.7,7.8,484.0,3.0,2.88,1400.0,9200.0,6.184148890937483,1.3862943611198906,1.355835153635182,9.127067452782361,7.244941546337007,2.3874672772626644,84.0,1452.0,80.64,4.442651256490317,7.2813856635702825,1
LAKE,KARNATAKA,2019,28.0,2.8,7.8,805.0,8.4,1.31,8400.0,92000.0,6.692083742506628,2.2407096892759584,0.8372475245337022,11.429554725537322,9.036106025364846,1.6733200530681511,235.20000000000002,6762.0,36.68,5.464678903763262,8.81922185757494,1
LAKE,KARNATAKA,2019,28.0,4.5,7.5,985.0,7.3,1.4,4600.0,35000.0,6.893656354602635,2.1162555148025524,0.8754687373538999,10.463131911491967,8.434028950155469,2.1213203435596424,204.4,7190.5,39.199999999999996,5.324959297494458,8.880655052043943,1
LAKE,KARNATAKA,2019,28.0,4.0,7.7,399.0,18.0,2.0,7000.0,54000.0,5.991464547107982,2.9444389791664403,1.0986122886681098,10.896757843893464,8.853808274977197,2.0,504.0,7182.0,56.0,6.22455842927536,8.879472402074802,1
TANK,KARNATAKA,2019,27.0,7.0,8.25,374.0,4.05,0.565,288.0,924.0,5.926926025970411,1.6193882432872684,0.4478858239921165,6.829793737512425,5.666426688112432,2.6457513110645907,109.35,1514.7,15.254999999999999,4.703657132702745,7.323632657437611,1
TANK,KARNATAKA,2019,28.5,7.800000000000001,8.75,2902.0,53.0,0.23,17500.0,44500.0,7.97349996402463,3.9889840465642745,0.20701416938432615,10.703266939811954,9.770013301136158,2.7928480087537886,1510.5,153806.0,6.555000000000001,7.320857814219512,11.943453848672062,1
TANK,KARNATAKA,2019,27.0,6.5,7.65,484.0,5.15,7.5,4223.0,27069.0,6.184148890937483,1.8164520818184267,2.1400661634962708,10.206181382608348,8.348537825386098,2.5495097567963922,139.05,2492.6000000000004,202.5,4.941999501706118,7.821482728453128,1
TANK,KARNATAKA,2019,29.0,6.45,7.4,164.0,3.0,0.7100000000000001,16.5,27.0,5.10594547390058,1.3862943611198906,0.5364933705145686,3.332204510175204,2.8622008809294686,2.539685019840059,87.0,492.0,20.590000000000003,4.477336814478207,6.20050917404269,1
TANK,KARNATAKA,2019,24.5,5.5,8.100000000000001,606.0,5.8,1.475,1095.0,5500.0,6.408528791059498,1.916922612182061,0.9062403960206536,8.612685172875459,6.999422467507961,2.345207879911715,142.1,3514.7999999999997,36.1375,4.963543686562405,8.16502237436579,1
TANK,KARNATAKA,2019,28.0,6.0,7.65,523.0,5.0,8.36,35315.0,272700.0,6.261491684321042,1.791759469228055,2.2364452904895007,12.516131235860326,10.472091398021472,2.449489742783178,140.0,2615.0,234.07999999999998,4.948759890378168,7.86940171257709,1
TANK,KARNATAKA,2019,27.5,4.85,7.85,488.5,10.0,22.0,70315.0,462700.0,6.193384461970565,2.3978952727983707,3.1354942159291497,13.044836336120333,11.16075464791978,2.202271554554524,275.0,4885.0,605.0,5.62040086571715,8.494129251817686,1
TANK,KARNATAKA,2019,26.0,3.7,7.25,934.0,18.0,16.15,89700.0,846000.0,6.840546529288687,2.9444389791664403,2.8419981736119486,13.648275820620759,11.404237196256764,1.9235384061671346,468.0,16812.0,419.9,6.150602768446279,9.729907675678929,1
TANK,KARNATAKA,2019,27.0,6.25,6.9,370.0,8.0,1.065,48650.0,477500.0,5.916202062607435,2.1972245773362196,0.7251302264129961,13.076321533141567,10.792427642387484,2.5,216.0,2960.0,28.755,5.37989735354046,7.993282328101591,1
TANK,KARNATAKA,2019,27.0,3.85,7.6,655.5,30.3,8.15,47470.0,272700.0,6.486922693742851,3.4436180975461075,2.21375387928743,12.516131235860326,10.76787427725986,1.9621416870348585,818.1,19861.65,220.05,6.708206176521556,9.896596362735902,1
TANK,KARNATAKA,2019,27.0,3.15,7.9,984.5,72.5,10.120000000000001,62350.0,477500.0,6.893149126592775,4.297285406218791,2.4087452888224363,13.076321533141567,11.040534989471949,1.7748239349298849,1957.5,71376.25,273.24,7.579934153105886,11.175734470104183,1
TANK,KARNATAKA,2019,26.0,3.25,7.15,2638.0,36.5,16.5,245315.0,2704600.0,7.878155336503324,3.624340932976365,2.8622008809294686,14.81046495476177,12.410302454373008,1.8027756377319946,949.0,96287.0,429.0,6.856461984594587,11.475098979429772,1
TANK,KARNATAKA,2019,25.0,4.05,7.1,1124.5,25.5,28.25,85600.0,464600.0,7.025982660346787,3.2771447329921766,3.3758795736778655,13.048934251705282,11.357452244304588,2.0124611797498106,637.5,28674.75,706.25,6.459121675472594,10.263807096842976,1
TANK,KARNATAKA,2019,28.0,3.95,7.55,1637.0,11.5,3.5,70240.0,461750.0,7.401231264413015,2.5257286443082556,1.5040773967762742,13.042781063733207,11.159687465109705,1.9874606914351791,322.0,18825.5,98.0,5.777652323222656,9.843020730768611,1
TANK,KARNATAKA,2019,27.0,5.55,6.95,1238.0,9.5,28.25,55230.0,462700.0,7.122059881629142,2.3513752571634776,3.3758795736778655,13.044836336120333,10.919279668833076,2.355843797877949,256.5,11761.0,762.75,5.551019720103791,9.372629275019902,1
TANK,KARNATAKA,2019,27.0,3.6,7.5,842.5,20.0,9.15,47190.0,271750.0,6.737559901986023,3.044522437723423,2.3174737054877963,12.51264148482949,10.76195847542619,1.8973665961010275,540.0,16850.0,247.05,6.293419278846481,9.732165281200542,1
TANK,KARNATAKA,2019,27.0,3.65,7.449999999999999,1277.5,9.9,5.3,56400.0,468000.0,7.153442794731241,2.388762789235098,1.840549633397487,13.056225711649638,10.94024216782542,1.91049731745428,267.3,12647.25,143.1,5.592105757431579,9.445274144664868,1
TANK,KARNATAKA,2019,24.5,5.9,6.95,1231.5,5.0,2.27,1050.0,7300.0,7.116799905916845,1.791759469228055,1.184789984909162,8.895766604056085,6.957497370876951,2.4289915602982237,122.5,6157.5,55.615,4.816241156068032,8.725588520381539,1
TANK,KARNATAKA,2019,30.0,5.15,6.95,667.0,10.0,5.24,42315.0,461750.0,6.504288173536645,2.3978952727983707,1.8309801823813363,13.042781063733207,10.652920544106665,2.2693611435820435,300.0,6670.0,157.20000000000002,5.707110264748875,8.805525052709516,1
TANK,KARNATAKA,2019,30.0,3.6999999999999997,7.65,974.0,19.5,2.7800000000000002,750290.0,804600.0,6.882437470997847,3.0204248861443626,1.3297240096314964,13.598101781350644,13.528216410259958,1.9235384061671343,585.0,18993.0,83.4,6.373319789577012,9.851878418802897,1
TANK,KARNATAKA,2019,30.0,3.25,7.3,937.0,20.5,2.0,110470.0,802700.0,6.843749949006225,3.068052935133617,1.0986122886681098,13.595737569914332,11.612508322056724,1.8027756377319946,615.0,19208.5,60.0,6.423246963533519,9.863160227313506,1
TANK,KARNATAKA,2019,26.0,4.3,6.800000000000001,727.0,21.0,3.52,35350.0,272700.0,6.590301048196686,3.091042453358316,1.5085119938441398,12.516131235860326,10.473081959467745,2.073644135332772,546.0,15267.0,91.52,6.304448802421981,9.63351441386512,1
TANK,KARNATAKA,2019,29.15,5.2,6.85,526.0,6.5,2.3299999999999996,110470.0,804600.0,6.267200548541362,2.0149030205422647,1.2029723039923523,13.598101781350644,11.612508322056724,2.280350850198276,189.475,3419.0,67.91949999999999,5.249520952359073,8.13739583005665,1
TANK,KARNATAKA,2019,26.5,3.4000000000000004,7.2,1158.0,12.0,3.35,47700.0,2704600.0,7.055312843339752,2.5649493574615367,1.4701758451005926,14.81046495476177,10.77270764101727,1.8439088914585775,318.0,13896.0,88.775,5.765191102784844,9.539428268486581,1
TANK,KARNATAKA,2019,27.0,6.0,7.75,906.0,9.0,9.86,14550.0,464600.0,6.810142450115136,2.302585092994046,2.3850863145057892,13.048934251705282,9.585414998760278,2.449489742783178,243.0,8154.0,266.21999999999997,5.497168225293202,9.006386515055114,1
TANK,KARNATAKA,2019,28.049999999999997,4.65,7.199999999999999,787.0,21.0,6.95,232350.0,1767500.0,6.669498089857879,3.091042453358316,2.0731719286662407,14.385077242523568,12.35600443835581,2.1563858652847827,589.05,16527.0,194.9475,6.380207279071757,9.71281119135942,1
TANK,KARNATAKA,2019,28.4,5.35,7.3999999999999995,524.0,15.0,4.7,85315.0,462700.0,6.263398262591624,2.772588722239781,1.7404661748405046,13.044836336120333,11.354117289160913,2.3130067012440754,426.0,7860.0,133.48,6.056784013228625,8.969669103793757,1
TANK,KARNATAKA,2019,25.5,5.4,7.0,858.5,5.0,2.1,23850.0,278000.0,6.756350824822904,1.791759469228055,1.1314021114911006,12.535379989788607,10.079581424158677,2.32379000772445,127.5,4292.5,53.550000000000004,4.855928904335275,8.36485753011254,1
TANK,KARNATAKA,2019,26.5,4.15,7.05,1056.5,8.0,6.45,53000.0,316000.0,6.963662910920433,2.1972245773362196,2.0082140323914683,12.663500657121004,10.87806606028079,2.0371548787463363,212.0,8452.0,170.925,5.3612921657094255,9.042276686928927,1
TANK,KARNATAKA,2019,25.5,6.4,7.05,357.0,8.5,2.09,85315.0,802700.0,5.8805329864007,2.2512917986064953,1.128171090909654,13.595737569914332,11.354117289160913,2.5298221281347035,216.75,3034.5,53.294999999999995,5.383347615732612,8.018131434570488,1
TANK,KARNATAKA,2019,26.5,4.4,6.949999999999999,1034.0,9.5,15.305,86300.0,817500.0,6.942156705699469,2.3513752571634776,2.7914718092412825,13.614007404994387,11.3655964644899,2.0976176963403033,251.75,9823.0,405.5825,5.532400857900581,9.192583650386924,1
TANK,KARNATAKA,2019,26.0,3.7,6.9,1222.5,9.48,17.425,110470.0,802700.0,7.109470882882726,2.349468678892896,2.9137084380754,13.595737569914332,11.612508322056724,1.9235384061671346,246.48000000000002,11589.300000000001,453.05,5.511329770662788,9.357923820381892,1
TANK,KARNATAKA,2019,27.0,6.1,7.2,385.0,6.0,2.29,31705.0,271750.0,5.955837369464831,1.9459101490553132,1.1908875647772805,12.51264148482949,10.364261216403174,2.4698178070456938,162.0,2310.0,61.83,5.093750200806762,7.745435610274381,1
TANK,KARNATAKA,2019,27.0,5.3,7.3,405.0,2.5,0.15000000000000002,390.0,3400.0,6.0063531596017325,1.252762968495368,0.1397619423751587,8.131824785007195,5.968707559985366,2.3021728866442674,67.5,1012.5,4.050000000000001,4.22683374526818,6.921164965892054,1
TANK,KARNATAKA,2019,26.0,3.1500000000000004,8.350000000000001,3840.0,19.0,0.75,470.0,4800.0,8.253488028345904,2.995732273553991,0.5596157879354227,8.476579508530941,6.154858094016418,1.7748239349298849,494.0,72960.0,19.5,6.20455776256869,11.197680330794636,1
TANK,KARNATAKA,2019,25.0,5.0,8.1,440.0,3.0,0.2,465.0,3400.0,6.089044875446846,1.3862943611198906,0.18232155679395465,8.131824785007195,6.144185634125646,2.23606797749979,75.0,1320.0,5.0,4.330733340286331,7.186144304522325,1
TANK,KARNATAKA,2019,26.0,2.7,7.45,960.0,5.5,0.5,2110.0,22100.0,6.8679744089702925,1.8718021769015913,0.4054651081081644,10.003378135350923,7.65491704784832,1.6431676725154984,143.0,5280.0,13.0,4.969813299576001,8.571870752706934,1
TANK,KARNATAKA,2019,26.5,5.6,7.6,620.0,2.5,0.2,895.0,7250.0,6.431331081933479,1.252762968495368,0.18232155679395465,8.888894669371593,6.79794041297493,2.3664319132398464,66.25,1550.0,5.300000000000001,4.208417018481948,7.346655163176539,1
TANK,KARNATAKA,2019,26.5,6.65,8.75,1130.0,6.0,0.35,425.0,3800.0,7.030857476116121,1.9459101490553132,0.3001045924503381,8.24301946898925,6.054439346269371,2.5787593916455256,159.0,6780.0,9.274999999999999,5.075173815233827,8.821879862683842,1
TANK,KARNATAKA,2019,24.0,5.1,7.9,340.0,2.5,0.15000000000000002,216.5,1650.0,5.831882477283517,1.252762968495368,0.1397619423751587,7.409136443920128,5.382198850528739,2.258317958127243,60.0,850.0,3.6000000000000005,4.110873864173311,6.7464121285733745,1
TANK,KARNATAKA,2019,25.0,5.199999999999999,7.949999999999999,545.0,2.5,0.15000000000000002,280.0,2400.0,6.302618975744905,1.252762968495368,0.1397619423751587,7.783640596221253,5.638354669333745,2.2803508501982757,62.5,1362.5,3.7500000000000004,4.151039905898646,7.217810202285643,1
TANK,KARNATAKA,2019,24.5,4.35,7.9,460.0,2.5,0.15000000000000002,460.0,3100.0,6.133398042996649,1.252762968495368,0.1397619423751587,8.03947991910045,6.133398042996649,2.085665361461421,61.25,1150.0,3.6750000000000007,4.131158535344817,7.048386408721883,1
TANK,KARNATAKA,2019,25.0,5.1,8.0,585.0,2.5,0.25,295.0,3200.0,6.373319789577012,1.252762968495368,0.22314355131420976,8.071218539969863,5.69035945432406,2.258317958127243,62.5,1462.5,6.25,4.151039905898646,7.28858610613194,1
TANK,KARNATAKA,2019,26.0,4.85,8.0,360.0,2.5,0.1,215.0,2200.0,5.8888779583328805,1.252762968495368,0.09531017980432487,7.696667081526462,5.375278407684165,2.202271554554524,65.0,900.0,2.6,4.189654742026425,6.803505257608338,1
TANK,KARNATAKA,2019,25.5,5.65,8.15,590.0,2.5,0.2,295.0,2600.0,6.3818160174060985,1.252762968495368,0.18232155679395465,7.8636512654486515,5.69035945432406,2.3769728648009427,63.75,1475.0,5.1000000000000005,4.1705337005796475,7.297091005160418,1
TANK,KARNATAKA,2019,26.0,6.25,8.0,405.0,2.5,0.25,315.0,3200.0,6.0063531596017325,1.252762968495368,0.22314355131420976,8.071218539969863,5.755742213586912,2.5,65.0,1012.5,6.5,4.189654742026425,6.921164965892054,1
TANK,KARNATAKA,2019,26.5,5.8,7.8,465.0,2.5,0.2,220.0,2900.0,6.144185634125646,1.252762968495368,0.18232155679395465,7.972810784121404,5.3981627015177525,2.4083189157584592,66.25,1162.5,5.300000000000001,4.208417018481948,7.059187982742347,1
TANK,KARNATAKA,2019,26.5,4.6,7.75,260.0,2.1,0.1,225.0,1310.0,5.564520407322694,1.1314021114911006,0.09531017980432487,7.1785454837637,5.420534999272286,2.1447610589527217,55.650000000000006,546.0,2.6500000000000004,4.036891987474015,6.304448802421981,1
TANK,KARNATAKA,2019,26.5,5.95,7.85,405.0,2.5,0.15000000000000002,195.0,2250.0,6.0063531596017325,1.252762968495368,0.1397619423751587,7.719129840906732,5.278114659230517,2.4392621835300936,66.25,1012.5,3.9750000000000005,4.208417018481948,6.921164965892054,1
TANK,KARNATAKA,2019,26.0,5.25,7.699999999999999,310.0,2.5,0.15000000000000002,145.0,1310.0,5.739792912179234,1.252762968495368,0.1397619423751587,7.1785454837637,4.983606621708336,2.29128784747792,65.0,775.0,3.9000000000000004,4.189654742026425,6.654152520183219,1
TANK,KARNATAKA,2019,25.5,4.45,7.8999999999999995,875.0,3.0,0.45,475.0,3750.0,6.775366090936392,1.3862943611198906,0.37156355643248307,8.229777750081887,6.16541785423142,2.1095023109728985,76.5,2625.0,11.475,4.350277936359301,7.873217054862741,1
TANK,KARNATAKA,2019,25.5,5.15,7.65,250.0,2.5,0.15000000000000002,152.0,1310.0,5.5254529391317835,1.252762968495368,0.1397619423751587,7.1785454837637,5.030437921392435,2.2693611435820435,63.75,625.0,3.8250000000000006,4.1705337005796475,6.439350371100098,1
TANK,KARNATAKA,2019,25.5,4.8,7.199999999999999,230.0,2.0,0.15000000000000002,241.0,1570.0,5.442417710521793,1.0986122886681098,0.1397619423751587,7.359467638255621,5.488937726156687,2.1908902300206643,51.0,460.0,3.8250000000000006,3.9512437185814275,6.133398042996649,1
TANK,KARNATAKA,2019,25.5,5.65,7.5,235.0,2.0,0.15000000000000002,265.0,1750.0,5.4638318050256105,1.0986122886681098,0.1397619423751587,7.467942332285852,5.583496308781699,2.3769728648009427,51.0,470.0,3.8250000000000006,3.9512437185814275,6.154858094016418,1
TANK,KARNATAKA,2019,28.5,3.9,8.600000000000001,1776.5,11.5,0.07,1245.0,3900.0,7.482963161677396,2.5257286443082556,0.06765864847381481,8.268988209506656,7.1276936993473985,1.9748417658131499,327.75,20429.75,1.995,5.795297583491974,9.924796397857376,1
TANK,KARNATAKA,2019,27.5,5.55,7.699999999999999,576.5,9.25,19.3,1350.0,2400.0,6.358708442395948,2.327277705584417,3.0106208860477417,7.783640596221253,7.208600337960199,2.355843797877949,254.375,5332.625,530.75,5.542733053137786,8.581786398558501,1
TANK,KARNATAKA,2019,25.5,7.0,8.75,3840.0,11.65,28.25,1040.0,2400.0,8.253488028345904,2.5376572151735295,3.3758795736778655,7.783640596221253,6.947937068614969,2.6457513110645907,297.075,44736.0,720.375,5.697345132692195,10.708556178705596,1
TANK,KARNATAKA,2019,24.5,5.050000000000001,7.75,1300.0,17.6,1.665,515.0,1324.5,7.170888478512505,2.9231615807191558,0.9802040576178078,7.18954502572908,6.246106765481563,2.247220505424423,431.20000000000005,22880.000000000004,40.792500000000004,6.068888444072786,10.038062150832348,1
TANK,KARNATAKA,2019,24.5,7.199999999999999,7.85,870.0,3.5,0.655,475.0,1037.5,6.769641976852503,1.5040773967762742,0.5038010088290262,6.945532643316167,6.16541785423142,2.6832815729997477,85.75,3045.0,16.0475,4.4630304188269685,8.021584533455107,1
TANK,KARNATAKA,2019,24.5,7.4,7.800000000000001,417.0,2.65,0.3,119.0,822.5,6.035481432524756,1.2947271675944,0.262364264467491,6.713563549617695,4.787491742782046,2.7202941017470885,64.925,1105.05,7.35,4.18851773223935,7.0085503890170315,1
TANK,KARNATAKA,2019,24.0,6.75,7.699999999999999,702.5,3.5999999999999996,0.6950000000000001,130.0,360.0,6.556067876554444,1.5260563034950492,0.5276827408324136,5.8888779583328805,4.875197323201151,2.598076211353316,86.39999999999999,2528.9999999999995,16.68,4.470495282661489,7.835974581721565,1
TANK,KARNATAKA,2019,24.0,6.800000000000001,7.9,895.0,2.3,0.69,462.5,970.0,6.79794041297493,1.1939224684724346,0.5247285289349821,6.878326468291325,6.13880638500591,2.6076809620810595,55.199999999999996,2058.5,16.56,4.028916756899645,7.630218513876136,1
TANK,KARNATAKA,2019,24.0,6.449999999999999,7.550000000000001,928.5,4.6,1.06,467.5,998.5,6.834646807161499,1.7227665977411035,0.7227059828014898,6.907255153940455,6.149536101678477,2.539685019840059,110.39999999999999,4271.099999999999,25.44,4.713127327493184,8.359860788605763,1
TANK,KARNATAKA,2019,24.5,6.9,7.7,1015.0,4.05,0.79,467.5,1602.5,6.923628628138427,1.6193882432872684,0.5822156198526637,7.37994401913321,6.149536101678477,2.6267851073127395,99.225,4110.75,19.355,4.60741765852857,8.321604007621378,1
TANK,KARNATAKA,2019,28.5,6.9,7.35,119.0,2.8,1.745,335.0,700.0,4.787491742782046,1.33500106673234,1.009781074961494,6.55250788703459,5.817111159963204,2.6267851073127395,79.8,333.2,49.7325,4.39197696552705,5.811739616161293,1
TANK,KARNATAKA,2019,28.5,6.35,7.75,260.0,2.95,0.15,560.0,1350.0,5.564520407322694,1.3737155789130306,0.1397619423751587,7.208600337960199,6.329720905522696,2.5199206336708304,84.075,767.0,4.2749999999999995,4.4435332203869695,6.643789733147672,1
TANK,KARNATAKA,2019,28.5,6.0,7.449999999999999,558.5,13.7,1.745,27500.0,38500.0,6.32704352775198,2.6878474937846906,1.009781074961494,10.55843949396453,10.221977646629885,2.449489742783178,390.45,7651.45,49.7325,5.969857793353923,8.942781136985742,1
TANK,KARNATAKA,2019,28.0,6.9,7.65,405.5,2.8,0.21,950.0,1850.0,6.007583928987866,1.33500106673234,0.19062035960864973,7.523481312573497,6.85751406254539,2.6267851073127395,78.39999999999999,1135.3999999999999,5.88,4.37449836825309,7.035620649980033,1
TANK,KARNATAKA,2019,27.0,6.4,7.35,222.0,4.7,0.36,1100.0,9100.0,5.407171771460119,1.7404661748405046,0.3074846997479606,9.116139576577355,7.00397413672268,2.5298221281347035,126.9,1043.4,9.719999999999999,4.851248708584797,6.951197836824974,1
TANK,KARNATAKA,2019,28.5,5.3,7.550000000000001,1195.0,56.0,3.3249999999999997,96000.0,177500.0,7.086737934510577,4.04305126783455,1.4644121403838424,12.086731521684555,11.472113887062386,2.3021728866442674,1596.0,66920.0,94.76249999999999,7.3758821482150125,11.111268098204892,1
TANK,KARNATAKA,2019,28.5,4.95,7.75,578.0,5.0,1.5,2850.0,4750.0,6.361302477572996,1.791759469228055,0.9162907318741551,8.46611040118692,7.955425088912672,2.224859546128699,142.5,2890.0,42.75,4.966335035199676,7.969357742016346,1
TANK,KARNATAKA,2019,25.5,7.35,7.1,352.5,2.45,0.36000000000000004,183.5,420.0,5.867883485336628,1.2383742310432684,0.30748469974796067,6.042632833682381,5.217649463480582,2.711088342345192,62.475,863.6250000000001,9.180000000000001,4.1506461275907425,6.762295886920749,1
TANK,KARNATAKA,2019,26.0,5.5,7.6,1128.5,7.0,2.9,4865.0,47750.0,7.029530335908058,2.0794415416798357,1.3609765531356006,10.773755288097965,8.490027523343468,2.345207879911715,182.0,7899.5,75.39999999999999,5.209486152841421,8.974681327591554,1
TANK,KARNATAKA,2019,26.0,5.65,7.6000000000000005,1005.5,8.5,3.0500000000000003,60170.0,461750.0,6.914234245079846,2.2512917986064953,1.398716881118448,13.042781063733207,11.004945787654156,2.3769728648009427,221.0,8546.75,79.30000000000001,5.402677381872279,9.053423369403955,1
TANK,KARNATAKA,2019,27.0,4.6000000000000005,7.1,301.0,4.5,2.87,47042.0,460460.0,5.71042701737487,1.7047480922384253,1.3532545070416904,13.039983440537306,10.758817356049141,2.1447610589527217,121.5,1354.5,77.49000000000001,4.808111029984782,7.21192566893872,1
TANK,KARNATAKA,2019,27.0,1.75,6.95,1158.5,62.0,7.7,753500.0,8027000.0,7.055744156695586,4.143134726391533,2.163323025660538,15.89832154169325,13.532485624187819,1.3228756555322954,1674.0,71827.0,207.9,7.423568444259167,11.182029651161788,1
TANK,KARNATAKA,2019,26.0,5.25,7.55,1330.0,20.5,5.234999999999999,35850.0,278000.0,7.193685818395112,3.068052935133617,1.8301785791319998,12.535379989788607,10.487126739641525,2.29128784747792,533.0,27265.0,136.10999999999999,6.280395838960195,10.213395783746074,1
TANK,KARNATAKA,2019,23.0,2.65,7.1,1941.0,40.0,21.915,140230.0,801750.0,7.571473648851271,3.713572066704308,3.1317917179610872,13.594553364826217,11.851046341836966,1.6278820596099706,920.0,77640.0,504.04499999999996,6.825460036255307,11.259850917158785,1
TANK,KARNATAKA,2019,22.5,3.5999999999999996,7.05,1416.5,10.5,8.45,35000.0,202000.0,7.256650035601907,2.4423470353692043,2.2460147415056513,12.216027926866138,10.463131911491967,1.8973665961010275,236.25,14873.25,190.12499999999997,5.469114437490037,9.607386808974624,1
TANK,KARNATAKA,2019,22.5,3.55,7.1,1757.0,11.0,11.5,39850.0,462700.0,7.471932078245122,2.4849066497880004,2.5257286443082556,13.044836336120333,10.592902778006396,1.8841443681416772,247.5,19327.0,258.75,5.5154428455366835,9.869310100734541,1
LAKE,KERALA,2019,31.5,3.65,7.15,458.5,4.4,0.05,840.0,1465.0,6.1301389417957415,1.6863989535702288,0.048790164169432,7.290292882446597,6.734591659972948,1.91049731745428,138.60000000000002,2017.4,1.5750000000000002,4.938781190328272,7.610060397326848,1
LAKE,KERALA,2019,20.0,6.800000000000001,6.6,123.0,1.6,0.57,120.0,300.0,4.820281565605037,0.9555114450274363,0.4510756193602166,5.707110264748875,4.795790545596741,2.6076809620810595,32.0,196.8,11.399999999999999,3.4965075614664802,5.287256419188612,1
LAKE,KERALA,2019,27.0,7.050000000000001,7.35,50.5,0.6000000000000001,0.045000000000000005,396.0,551.0,3.9415818076696905,0.47000362924573563,0.044016885416774336,6.313548046277095,5.983936280687191,2.6551836094703507,16.200000000000003,30.300000000000004,1.215,2.8449093838194077,3.4436180975461075,1
LAKE,KERALA,2019,29.0,5.3,7.199999999999999,2877.0,3.0,0.495,301.0,555.0,7.964850887447313,1.3862943611198906,0.40212620684264977,6.320768294250582,5.71042701737487,2.3021728866442674,87.0,8631.0,14.355,4.477336814478207,9.06323150693797,1
LAKE,KERALA,2019,29.0,7.05,7.300000000000001,31.0,1.45,0.115,21.0,60.0,3.4657359027997265,0.8960880245566356,0.10885440491208209,4.110873864173311,3.091042453358316,2.6551836094703507,42.05,44.949999999999996,3.335,3.7623622308737397,3.827553848801696,1
LAKE,KERALA,2019,28.5,7.0,7.15,3840.0,2.4,0.115,91.0,160.0,8.253488028345904,1.2237754316221157,0.10885440491208209,5.081404364984463,4.5217885770490405,2.6457513110645907,68.39999999999999,9216.0,3.2775000000000003,4.239886867512759,9.128804883993665,1
LAKE,KERALA,2019,27.5,7.199999999999999,7.35,64.0,0.65,0.07,82.5,270.0,4.174387269895637,0.5007752879124893,0.06765864847381481,5.602118820879701,4.42484663185681,2.6832815729997477,17.875,41.6,1.9250000000000003,2.9378382951350885,3.751854253275325,1
LAKE,KERALA,2019,28.0,7.0,7.199999999999999,106.0,1.7,1.0,246.0,351.0,4.672828834461906,0.9932517730102833,0.6931471805599453,5.863631175598097,5.5093883366279774,2.6457513110645907,47.6,180.2,28.0,3.883623530906448,5.199601393608879,1
LAKE,KERALA,2019,27.0,7.95,7.15,34.0,1.4500000000000002,0.66,1279.0,2355.0,3.5553480614894135,0.8960880245566357,0.5068176023684519,7.764720544771477,7.154615356913663,2.819574435974337,39.150000000000006,49.300000000000004,17.82,3.6926224403927708,3.918005077105694,1
LAKE,KERALA,2019,27.5,7.8,7.4,28.5,1.6,0.105,127.0,165.0,3.3843902633457743,0.9555114450274363,0.09984533496971613,5.111987788356544,4.852030263919617,2.792848008753788,44.0,45.6,2.8874999999999997,3.8066624897703196,3.8416005411316,1
LAKE,KERALA,2019,31.5,3.15,6.65,172.5,3.4000000000000004,0.05,520.0,1200.0,5.156177599386914,1.4816045409242156,0.048790164169432,7.0909098220799835,6.255750041753367,1.7748239349298849,107.10000000000001,586.5000000000001,1.5750000000000002,4.683056724645163,6.375876246018314,1
POND,KERALA,2019,31.5,3.3499999999999996,7.1499999999999995,282.5,38.2,0.1,400.0,1400.0,5.647212123167807,3.6686767467964168,0.09531017980432487,7.244941546337007,5.993961427306569,1.8303005217723125,1203.3000000000002,10791.5,3.1500000000000004,7.093653764266435,9.286606727429632,1
POND,KERALA,2019,30.0,8.2,7.55,75.0,0.6000000000000001,0.255,305.0,374.5,4.330733340286331,0.47000362924573563,0.2271355725837472,5.928258471204189,5.723585101952381,2.8635642126552705,18.000000000000004,45.00000000000001,7.65,2.9444389791664407,3.828641396489095,1
LAKE,MADHYA PRADESH,2019,24.5,7.8,7.95,295.5,1.9500000000000002,4.295,2.0,175.0,5.69204721843778,1.0818051703517284,1.6667629790533698,5.170483995038151,1.0986122886681098,2.792848008753788,47.775000000000006,576.225,105.22749999999999,3.887217886509175,6.358232138505067,1
LAKE,MADHYA PRADESH,2019,24.0,7.15,8.0,368.0,6.6,10.989999999999998,155.0,1260.0,5.910796644040527,2.028148247292285,2.4840729690394228,7.13966033596492,5.049856007249537,2.6739483914241875,158.39999999999998,2428.7999999999997,263.76,5.071416766356115,7.795564228420641,1
LAKE,MADHYA PRADESH,2019,27.0,8.25,7.75,316.0,1.35,1.145,2.0,875.0,5.75890177387728,0.8544153281560676,0.7631395523799803,6.775366090936392,1.0986122886681098,2.8722813232690143,36.45,426.6,30.915,3.6230067099632284,6.05818817915089,1
LAKE,MADHYA PRADESH,2019,23.55,7.8500000000000005,7.7,326.0,1.4500000000000002,0.77,7.0,1060.0,5.7899601708972535,0.8960880245566357,0.5709795465857378,6.966967138613983,2.0794415416798357,2.8017851452243803,34.14750000000001,472.70000000000005,18.1335,3.5595534919719256,6.160574209929706,1
LAKE,MADHYA PRADESH,2019,24.0,6.4,7.8999999999999995,737.5,2.35,0.9099999999999999,4.0,79.0,6.604621101971435,1.208960345836975,0.6471032420585384,4.382026634673881,1.6094379124341003,2.5298221281347035,56.400000000000006,1733.125,21.839999999999996,4.050044303325521,7.458258242400889,1
LAKE,MADHYA PRADESH,2019,22.5,6.95,8.0,871.0,1.55,1.285,2.0,69.5,6.77078942390898,0.9360933591703349,0.826366024346168,4.255612709818223,1.0986122886681098,2.6362852652928135,34.875,1350.05,28.912499999999998,3.580040674079785,7.208637346897861,1
LAKE,MADHYA PRADESH,2019,22.5,7.15,8.3,409.0,1.85,2.195,2.0,114.0,6.016157159698354,1.0473189942805592,1.161587087829498,4.74493212836325,1.0986122886681098,2.6739483914241875,41.625,756.6500000000001,49.387499999999996,3.7524409356036807,6.630221537582171,1
LAKE,MADHYA PRADESH,2019,22.5,6.7,8.1,612.5,1.85,1.08,2.0,79.5,6.419180264150966,1.0473189942805592,0.7323678937132266,4.388257184424518,1.0986122886681098,2.588435821108957,41.625,1133.125,24.3,3.7524409356036807,7.033616707489793,1
LAKE,MADHYA PRADESH,2019,23.0,7.0,7.95,335.0,1.2,0.585,2.0,38.5,5.817111159963204,0.7884573603642702,0.46058440732924394,3.676300671907076,1.0986122886681098,2.6457513110645907,27.599999999999998,402.0,13.454999999999998,3.353406717825807,5.998936561946683,1
LAKE,MADHYA PRADESH,2019,26.25,6.800000000000001,7.449999999999999,334.5,1.2,0.265,2.0,1060.0,5.815621956411737,0.7884573603642702,0.23507212217948356,6.966967138613983,1.0986122886681098,2.6076809620810595,31.5,401.4,6.956250000000001,3.481240089335692,5.9974466187855295,1
LAKE,MADHYA PRADESH,2019,23.0,7.25,8.1,413.0,7.85,18.765,121.0,1335.0,6.025865973825314,2.180417459019838,2.9839126967486487,7.197435354096591,4.804021044733257,2.692582403567252,180.54999999999998,3242.0499999999997,431.595,5.201531097860345,8.084269524011468,1
LAKE,MADHYA PRADESH,2019,25.0,7.75,8.15,279.0,2.5,5.105,2.0,175.0,5.634789603169249,1.252762968495368,1.809108107562668,5.170483995038151,1.0986122886681098,2.7838821814150108,62.5,697.5,127.62500000000001,4.151039905898646,6.5489351786970165,1
LAKE,MADHYA PRADESH,2019,25.0,7.9,8.05,280.5,2.35,4.08,2.0,170.0,5.640132447579745,1.208960345836975,1.6253112615903906,5.14166355650266,1.0986122886681098,2.8106938645110393,58.75,659.1750000000001,102.0,4.09016919081162,6.492504951389172,1
LAKE,MADHYA PRADESH,2019,25.5,7.8999999999999995,8.05,271.0,2.1,5.675,2.0,190.0,5.605802066295998,1.1314021114911006,1.8983692042863132,5.25227342804663,1.0986122886681098,2.8106938645110393,53.550000000000004,569.1,144.7125,3.9991177122790798,6.3458117840375365,1
LAKE,MADHYA PRADESH,2019,23.0,7.65,7.9,266.5,2.3,2.125,2.0,58.0,5.589119566336061,1.1939224684724346,1.1394342831883648,4.07753744390572,1.0986122886681098,2.7658633371878665,52.9,612.9499999999999,48.875,3.9871304779149512,6.419913491606522,1
LAKE,MADHYA PRADESH,2019,23.5,8.25,7.9,1253.0,2.05,1.86,2.0,140.0,7.134093721192866,1.1151415906193203,1.0508216248317612,4.948759890378168,1.0986122886681098,2.8722813232690143,48.175,2568.6499999999996,43.71,3.8953853642751226,7.851524981844577,1
LAKE,MADHYA PRADESH,2019,20.0,6.25,8.45,407.5,1.75,0.43,2.0,1060.0,6.012491914300058,1.0116009116784799,0.35767444427181594,6.966967138613983,1.0986122886681098,2.5,35.0,713.125,8.6,3.58351893845611,6.571058017044627,1
LAKE,MADHYA PRADESH,2019,23.0,7.5,8.0,480.5,1.4,1.85,2.0,51.0,6.17690623123818,0.8754687373538999,1.0473189942805592,3.9512437185814275,1.0986122886681098,2.7386127875258306,32.199999999999996,672.6999999999999,42.550000000000004,3.5025498759224427,6.512784907966614,1
LAKE,MADHYA PRADESH,2019,26.0,5.9,7.6,735.0,2.3,2.5,3.0,19.5,6.601230118728877,1.1939224684724346,1.252762968495368,3.0204248861443626,1.3862943611198906,2.4289915602982237,59.8,1690.4999999999998,65.0,4.107589788972121,7.433370988220763,1
LAKE,MADHYA PRADESH,2019,23.5,7.1,7.6499999999999995,457.5,3.2,1.0150000000000001,20.5,1060.0,6.127960291696519,1.4350845252893227,0.7006191953986464,6.966967138613983,3.068052935133617,2.6645825188948455,75.2,1464.0,23.852500000000003,4.333361462692601,7.289610521451167,1
LAKE,MADHYA PRADESH,2019,25.05,6.95,7.800000000000001,496.0,3.6,1.45,25.0,1060.0,6.208590026096629,1.5260563034950492,0.8960880245566356,6.966967138613983,3.258096538021482,2.6362852652928135,90.18,1785.6000000000001,36.3225,4.512835574785296,7.488069651267739,1
LAKE,MADHYA PRADESH,2019,25.0,7.0,7.85,293.0,1.05,0.23,2.0,13.0,5.683579767338681,0.7178397931503169,0.20701416938432615,2.6390573296152584,1.0986122886681098,2.6457513110645907,26.25,307.65000000000003,5.75,3.305053521109253,5.732207948839905,1
POND,MADHYA PRADESH,2019,24.0,6.949999999999999,7.8,532.0,1.1,0.58,19.0,58.0,6.278521424165844,0.7419373447293773,0.4574248470388754,4.07753744390572,2.995732273553991,2.6362852652928135,26.400000000000002,585.2,13.919999999999998,3.3105430133940246,6.373661028276792,1
POND,MADHYA PRADESH,2019,22.0,7.25,7.550000000000001,253.0,2.0,0.385,4.0,44.0,5.537334267018537,1.0986122886681098,0.32570013963930183,3.8066624897703196,1.6094379124341003,2.692582403567252,44.0,506.0,8.47,3.8066624897703196,6.2285110035911835,1
POND,MADHYA PRADESH,2019,23.55,6.75,7.75,596.5,4.300000000000001,1.1,121.0,1060.0,6.392754283805666,1.6677068205580763,0.7419373447293773,6.966967138613983,4.804021044733257,2.598076211353316,101.26500000000001,2564.9500000000003,25.905,4.62756748343013,7.850084059405065,1
POND,MADHYA PRADESH,2019,25.25,6.35,7.699999999999999,2486.0,7.55,1.96,176.0,1060.0,7.818832443803404,2.145931282948669,1.085189268335969,6.966967138613983,5.176149732573829,2.5199206336708304,190.6375,18769.3,49.49,5.255605566636572,9.840031112404347,1
POND,MADHYA PRADESH,2019,24.9,7.05,7.55,2595.0,3.1,1.125,61.0,1060.0,7.86172707782398,1.410986973710262,0.7537718023763802,6.966967138613983,4.127134385045092,2.6551836094703507,77.19,8044.5,28.0125,4.359141762136423,8.992868207899205,1
POND,MADHYA PRADESH,2019,22.5,6.45,7.75,626.0,2.5999999999999996,2.145,2.0,127.0,6.440946540632921,1.2809338454620642,1.1458138901524038,4.852030263919617,1.0986122886681098,2.539685019840059,58.49999999999999,1627.5999999999997,48.2625,4.085976312551584,7.395476029033031,1
POND,MADHYA PRADESH,2019,28.0,6.6,7.75,315.5,1.25,0.35,3.0,29.5,5.757323241584231,0.8109302162163288,0.3001045924503381,3.417726683613366,1.3862943611198906,2.569046515733026,35.0,394.375,9.799999999999999,3.58351893845611,5.979834681625813,1
POND,MADHYA PRADESH,2019,30.0,6.9,7.4,355.0,1.8,0.4,2.0,16.0,5.87493073085203,1.0296194171811581,0.33647223662121295,2.833213344056216,1.0986122886681098,2.6267851073127395,54.0,639.0,12.0,4.007333185232471,6.461468176353717,1
POND,MADHYA PRADESH,2019,21.85,7.199999999999999,7.800000000000001,517.5,4.7,1.0,71.0,1060.0,6.250940027669582,1.7404661748405046,0.6931471805599453,6.966967138613983,4.276666119016055,2.6832815729997477,102.69500000000001,2432.25,21.85,4.641453898065338,7.796983091306603,1
POND,MADHYA PRADESH,2019,24.9,6.95,7.699999999999999,401.0,3.5,0.9700000000000001,43.0,1060.0,5.996452088619021,1.5040773967762742,0.6780335427498971,6.966967138613983,3.784189633918261,2.6362852652928135,87.14999999999999,1403.5,24.153000000000002,4.4790399088438795,7.2474366465442985,1
POND,MADHYA PRADESH,2019,23.5,6.05,7.8999999999999995,415.0,1.3,0.58,2.0,46.0,6.030685260261263,0.832909122935104,0.4574248470388754,3.8501476017100584,1.0986122886681098,2.4596747752497685,30.55,539.5,13.629999999999999,3.4515735889872223,6.292494637079263,1
POND,MADHYA PRADESH,2019,23.0,7.25,8.2,457.0,1.45,1.5,2.0,51.5,6.126869184114185,0.8960880245566356,0.9162907318741551,3.960813169597578,1.0986122886681098,2.692582403567252,33.35,662.65,34.5,3.536602018668358,6.497754902072211,1
TANK,MADHYA PRADESH,2019,23.0,7.65,7.75,1801.5,1.65,0.9700000000000001,6.0,1060.0,7.496929869159104,0.9745596399981308,0.6780335427498971,6.966967138613983,1.9459101490553132,2.7658633371878665,37.949999999999996,2972.475,22.310000000000002,3.6622787723167574,7.997486581510834,1
LAKE,MANIPUR,2019,22.0,7.2,7.15,192.0,3.4,0.025,3.5,112.5,5.262690188904886,1.4816045409242156,0.0246926125903715,4.7318028369214575,1.5040773967762742,2.6832815729997477,74.8,652.8,0.55,4.328098292648326,6.48280149429011,1
LAKE,MANIPUR,2019,22.0,7.6499999999999995,7.35,1286.0,3.35,0.03,28.5,55.0,7.160069207596127,1.4701758451005926,0.0295588022415444,4.02535169073515,3.3843902633457743,2.765863337187866,73.7,4308.1,0.6599999999999999,4.3134800921387715,8.368484344587213,1
LAKE,MANIPUR,2019,22.0,6.65,7.2,233.5,3.05,0.025,6.0,67.5,5.457455587886334,1.3987168811184478,0.0246926125903715,4.22683374526818,1.9459101490553132,2.5787593916455256,67.1,712.175,0.55,4.220977213155467,6.569726832093617,1
LAKE,MANIPUR,2019,22.0,6.75,7.35,280.5,3.0,0.025,2.0,55.0,5.640132447579745,1.3862943611198906,0.0246926125903715,4.02535169073515,1.0986122886681098,2.598076211353316,66.0,841.5,0.55,4.204692619390966,6.736373662226517,1
LAKE,MANIPUR,2019,22.1,6.3,7.25,1755.0,3.4000000000000004,0.025,8.5,150.0,7.470793774195062,1.4816045409242156,0.0246926125903715,5.017279836814924,2.2512917986064953,2.5099800796022267,75.14000000000001,5967.000000000001,0.5525000000000001,4.332573750954351,8.694167141883597,1
POND,MANIPUR,2019,22.0,7.25,7.1,256.0,3.3499999999999996,0.03,23.5,81.0,5.54907608489522,1.4701758451005926,0.0295588022415444,4.406719247264253,3.1986731175506815,2.692582403567252,73.69999999999999,857.5999999999999,0.6599999999999999,4.3134800921387715,6.75530315579046,1
POND,MANIPUR,2019,22.5,7.0,7.35,232.0,14.25,0.025,8.5,112.5,5.4510384535657,2.7245795030534206,0.0246926125903715,4.7318028369214575,2.2512917986064953,2.6457513110645907,320.625,3306.0,0.5625,5.773386270601908,8.103796712981794,1
POND,MANIPUR,2019,22.5,6.6,7.1,240.5,3.25,0.025,13.5,87.5,5.486869473092628,1.4469189829363254,0.0246926125903715,4.483002552013883,2.6741486494265287,2.569046515733026,73.125,781.625,0.5625,4.30575285731789,6.662653654065474,1
POND,MANIPUR,2019,22.4,7.449999999999999,6.9,277.0,3.25,0.025,11.0,75.0,5.627621113690637,1.4469189829363254,0.0246926125903715,4.330733340286331,2.4849066497880004,2.729468812791236,72.8,900.25,0.5599999999999999,4.301358731606427,6.803782688599159,1
POND,MANIPUR,2019,23.5,5.9,7.3,330.5,2.45,0.03,8.5,50.0,5.803627809625917,1.2383742310432684,0.0295588022415444,3.9318256327243257,2.2512917986064953,2.4289915602982237,57.575,809.725,0.705,4.070307984393859,6.697928909065992,1
POND,MANIPUR,2019,24.0,7.3,7.35,1728.5,3.25,0.025,6.0,95.0,7.4555876283772236,1.4469189829363254,0.0246926125903715,4.564348191467836,1.9459101490553132,2.701851217221259,78.0,5617.625,0.6000000000000001,4.3694478524670215,8.633842251031417,1
POND,MANIPUR,2019,25.0,7.5,7.35,201.0,3.25,0.025,11.0,97.5,5.308267697401205,1.4469189829363254,0.0246926125903715,4.590056548178043,2.4849066497880004,2.7386127875258306,81.25,653.25,0.625,4.409763389645481,6.483489541410255,1
POND,MANIPUR,2019,24.5,7.5,7.35,1313.5,3.25,0.025,11.0,45.0,7.181211644169936,1.4469189829363254,0.0246926125903715,3.828641396489095,2.4849066497880004,2.7386127875258306,79.625,4268.875,0.6125,4.389808775115936,8.359339831789494,1
POND,MANIPUR,2019,23.5,7.3,7.15,263.5,2.9,0.025,13.5,47.5,5.577841251298354,1.3609765531356006,0.0246926125903715,3.8815637979434374,2.6741486494265287,2.701851217221259,68.14999999999999,764.15,0.5875,4.236278058110767,6.640071893037045,1
POND,MANIPUR,2019,24.5,6.1,7.5,396.0,2.75,0.03,13.5,100.0,5.983936280687191,1.3217558399823195,0.0295588022415444,4.61512051684126,2.6741486494265287,2.4698178070456938,67.375,1089.0,0.735,4.225007260742145,6.993932975223189,1
POND,MANIPUR,2019,23.5,6.300000000000001,7.45,356.0,2.6500000000000004,0.025,3.5,147.5,5.877735781779639,1.2947271675944003,0.0246926125903715,5.000584958242754,1.5040773967762742,2.5099800796022267,62.275000000000006,943.4000000000001,0.5875,4.147490306431187,6.850549805211358,1
POND,MANIPUR,2019,25.0,6.5,7.199999999999999,258.5,3.2,0.025,28.5,272.5,5.558756702605943,1.4350845252893227,0.0246926125903715,5.611301621862036,3.3843902633457743,2.5495097567963922,80.0,827.2,0.625,4.394449154672439,6.719254671111467,1
POND,MANIPUR,2019,24.5,5.7,7.800000000000001,472.5,2.9000000000000004,0.03,26.0,295.0,6.160151912626133,1.3609765531356008,0.0295588022415444,5.69035945432406,3.295836866004329,2.3874672772626644,71.05000000000001,1370.2500000000002,0.735,4.277360322445531,7.223478011589441,1
LAKE,MEGHALAYA,2019,20.0,6.1,7.25,107.0,6.800000000000001,0.925,1620.0,3150.0,4.68213122712422,2.0541237336955462,0.6549259677397475,8.055475141757274,7.390798521735676,2.4698178070456938,136.0,727.6,18.5,4.919980925828125,6.591124884574463,1
LAKE,MEGHALAYA,2019,15.0,6.800000000000001,7.25,147.5,4.3,0.54,1220.0,2715.0,5.000584958242754,1.667706820558076,0.43178241642553783,7.906915488678587,7.107425474110705,2.6076809620810595,64.5,634.25,8.100000000000001,4.182050142641207,6.454018622200273,1
LAKE,MEGHALAYA,2019,17.5,7.05,7.0,48.5,1.7,0.485,22.5,162.0,3.901972669574645,0.9932517730102833,0.3954147722546629,5.093750200806762,3.1570004211501135,2.6551836094703507,29.75,82.45,8.487499999999999,3.4258899942525267,4.424247650107844,1
LAKE,MEGHALAYA,2019,19.5,5.050000000000001,7.2,137.5,7.75,1.045,1745.0,3650.0,4.930870325627393,2.169053700369523,0.7153977894947651,8.202756381655638,7.465082736399547,2.247220505424423,151.125,1065.625,20.377499999999998,5.0247025513076915,6.9722547368567485,1
LAKE,MEGHALAYA,2019,20.0,6.25,7.6,110.0,6.55,0.9850000000000001,1555.0,2900.0,4.709530201312334,2.0215475632609334,0.6856189141391538,7.972810784121404,7.349873704738337,2.5,131.0,720.5,19.700000000000003,4.882801922586371,6.581332378213926,1
LAKE,MEGHALAYA,2019,20.0,6.1,7.6,115.0,7.0,0.755,1490.0,3750.0,4.7535901911063645,2.0794415416798357,0.5624688569178292,8.229777750081887,7.307202314764738,2.4698178070456938,140.0,805.0,15.1,4.948759890378168,6.692083742506628,1
LAKE,MEGHALAYA,2019,24.0,7.1,7.199999999999999,72.5,1.9,0.355,34.0,195.0,4.297285406218791,1.0647107369924282,0.3038014543316642,5.278114659230517,3.5553480614894135,2.6645825188948455,45.599999999999994,137.75,8.52,3.8416005411316,4.932673752626544,1
LAKE,ODISHA,2019,26.5,6.5,7.5,157.0,1.4500000000000002,0.545,1760.0,2785.0,5.062595033026967,0.8960880245566357,0.4350239103497088,7.932362154339751,7.473637108496206,2.5495097567963922,38.425000000000004,227.65000000000003,14.4425,3.6744001328491023,5.432192450104064,1
LAKE,ODISHA,2019,21.0,6.75,7.550000000000001,874.5,4.2,0.7150000000000001,265.0,1060.0,6.774795151725907,1.6486586255873816,0.5394130806179033,6.966967138613983,5.583496308781699,2.598076211353316,88.2,3672.9,15.015000000000002,4.490881039585964,8.209009047113955,1
LAKE,ODISHA,2019,27.5,6.75,7.3,158.5,1.2999999999999998,0.6399999999999999,710.0,2395.0,5.072043922224899,0.8329091229351039,0.494696241836107,7.78155595923534,6.566672429803241,2.598076211353316,35.74999999999999,206.04999999999998,17.599999999999998,3.6041382256588457,5.332960309991576,1
LAKE,ODISHA,2019,27.5,6.9,7.15,155.5,1.5499999999999998,0.8,2320.0,3605.0,5.0530560099802075,0.9360933591703348,0.5877866649021191,8.190354403763262,7.749753406274437,2.6267851073127395,42.62499999999999,241.02499999999998,22.0,3.7756303805225913,5.489041026606135,1
LAKE,ODISHA,2019,27.0,7.3999999999999995,7.199999999999999,158.5,1.25,1.635,1660.0,2365.0,5.072043922224899,0.8109302162163288,0.9688831819933257,7.768956044538332,7.415175109613295,2.7202941017470885,33.75,198.125,44.145,3.548179572010801,5.293932768230213,1
POND,ODISHA,2019,24.0,7.9,7.5,447.0,1.95,4.9399999999999995,27022.5,46085.0,6.104793232414985,1.0818051703517284,1.7817091333745534,10.738264495226737,10.204462136804183,2.8106938645110393,46.8,871.65,118.55999999999999,3.86702563949741,6.771534559070846,1
POND,ODISHA,2019,24.5,7.1000000000000005,8.0,1012.0,5.1499999999999995,1.8299999999999998,8001.0,1060.0,6.920671504248683,1.8164520818184264,1.0402767116551463,6.966967138613983,8.98744678941718,2.6645825188948455,126.17499999999998,5211.799999999999,44.834999999999994,4.845564090708828,8.558872418407725,1
POND,ODISHA,2019,25.0,10.35,8.1,700.0,6.1,5.51,265.0,1060.0,6.55250788703459,1.9600947840472698,1.873339456220478,6.966967138613983,5.583496308781699,3.2171415884290826,152.5,4270.0,137.75,5.033700567027251,8.359603270841466,1
POND,ODISHA,2019,25.0,6.4,7.85,465.5,4.35,1.3,8010.0,8539.0,6.1452580202873985,1.6770965609079151,0.832909122935104,9.052516286782616,8.988570876215118,2.5298221281347035,108.74999999999999,2024.9249999999997,32.5,4.698205051955281,7.613781665367248,1
POND,ODISHA,2019,25.0,9.55,8.05,807.0,11.8,4.569999999999999,1210.0,8022.5,6.694562058521095,2.5494451709255714,1.7173950539391925,8.990130014639414,7.099201743553092,3.0903074280724887,295.0,9522.6,114.24999999999999,5.69035945432406,9.161528207564746,1
POND,ODISHA,2019,26.0,8.799999999999999,7.75,418.0,16.3,1.015,8065.0,11110.0,6.037870919922137,2.8507065015037334,0.7006191953986463,9.315690887584008,8.995412975433313,2.966479394838265,423.8,6813.400000000001,26.389999999999997,6.051618469927729,8.82679329916895,1
POND,ODISHA,2019,25.0,6.8,7.800000000000001,300.0,1.9,1.25,860.0,2484.0,5.707110264748875,1.0647107369924282,0.8109302162163288,7.818027938530729,6.7580945044277305,2.6076809620810595,47.5,570.0,31.25,3.8815637979434374,6.3473892096560105,1
POND,ODISHA,2019,25.5,7.0,7.85,769.0,5.550000000000001,2.445,8010.0,8039.0,6.646390514847729,1.8794650496471608,1.236923904465622,8.992184362173012,8.988570876215118,2.6457513110645907,141.525,4267.950000000001,62.3475,4.959517422917646,8.35912317434456,1
LAKE,PUDUCHERRY,2019,25.0,6.25,7.699999999999999,383.5,2.95,0.065,260.0,500.0,5.951943788945699,1.3737155789130306,0.06297479916138844,6.2166061010848646,5.564520407322694,2.5,73.75,1131.325,1.625,4.314149212270796,7.032028320030598,1
LAKE,PUDUCHERRY,2019,29.0,4.3,7.55,461.0,4.5,0.045,325.0,420.0,6.135564891081739,1.7047480922384253,0.04401688541677433,6.042632833682381,5.786897381366708,2.073644135332772,130.5,2074.5,1.305,4.879006851617819,7.637957367493094,1
LAKE,PUDUCHERRY,2019,29.5,7.55,7.85,234.5,2.0,0.11,4340.0,21000.0,5.461710913456472,1.0986122886681098,0.10436001532424277,9.952325334619427,8.375860015299594,2.7477263328068173,59.0,469.0,3.245,4.0943445622221,6.152732694704104,1
LAKE,PUNJAB,2019,22.5,7.75,7.6,304.5,1.55,0.75,1500.0,3800.0,5.72194977861165,0.9360933591703349,0.5596157879354227,8.24301946898925,7.313886831633462,2.7838821814150108,34.875,471.975,16.875,3.580040674079785,6.159042532972483,1
LAKE,PUNJAB,2019,22.5,7.300000000000001,7.699999999999999,302.0,2.45,0.8999999999999999,1230.0,2800.0,5.713732805509369,1.2383742310432684,0.6418538861723947,7.937731775260109,7.115582126184454,2.701851217221259,55.12500000000001,739.9000000000001,20.249999999999996,4.027581346062418,6.607865663422611,1
LAKE,PUNJAB,2019,19.0,8.05,7.550000000000001,189.0,4.5,0.1,34.5,73.5,5.247024072160486,1.7047480922384253,0.09531017980432487,4.310799125385514,3.56953269648137,2.8372521918222215,85.5,850.5,1.9000000000000001,4.460144413937834,6.746999500102743,1
LAKE,RAJASTHAN,2019,21.0,6.4,6.6,625.0,1.87,2.5549999999999997,37.5,92.0,6.439350371100098,1.0543120297715298,1.268355063255204,4.532599493153256,3.6506582412937387,2.5298221281347035,39.27,1168.75,53.654999999999994,3.695606774863363,7.064545329746326,1
LAKE,RAJASTHAN,2019,22.0,6.4,8.2,1360.0,4.9,2.4699999999999998,79.5,244.0,7.215975002651466,1.7749523509116738,1.2441545939587677,5.501258210544727,4.388257184424518,2.5298221281347035,107.80000000000001,6664.000000000001,54.339999999999996,4.689511334421843,8.804625232612809,1
LAKE,RAJASTHAN,2019,23.5,2.9000000000000004,7.85,380.0,12.1,2.85,47.5,124.5,5.942799375126701,2.5726122302071057,1.3480731482996928,4.832305758571839,3.8815637979434374,1.7029386365926402,284.34999999999997,4598.0,66.97500000000001,5.653716496982717,8.433594167539924,1
LAKE,RAJASTHAN,2019,20.0,6.55,8.4,680.0,1.8,2.0149999999999997,25.0,112.5,6.523562306149512,1.0296194171811581,1.1035998301791488,4.7318028369214575,3.258096538021482,2.5592967784139455,36.0,1224.0,40.3,3.6109179126442243,7.110696122978827,1
LAKE,RAJASTHAN,2019,26.0,7.25,7.800000000000001,325.0,1.15,2.29,15.0,33.5,5.786897381366708,0.7654678421395714,1.1908875647772805,3.5409593240373143,2.772588722239781,2.692582403567252,29.9,373.74999999999994,59.54,3.4307561839036995,5.926259136982707,1
LAKE,RAJASTHAN,2019,20.25,5.449999999999999,7.800000000000001,300.0,2.2,2.45,51.0,89.0,5.707110264748875,1.1631508098056809,1.2383742310432684,4.499809670330265,3.9512437185814275,2.33452350598575,44.550000000000004,660.0,49.612500000000004,3.8188106237059674,6.493753839851686,1
LAKE,RAJASTHAN,2019,25.0,5.1,7.75,435.0,2.4,2.255,47.5,112.5,6.077642243349034,1.2237754316221157,1.1801922756605325,4.7318028369214575,3.8815637979434374,2.258317958127243,60.0,1044.0,56.375,4.110873864173311,6.951772164398911,1
LAKE,RAJASTHAN,2019,25.5,5.75,7.1,220.0,1.17,1.44,15.0,39.0,5.3981627015177525,0.7747271675523681,0.8919980393051105,3.6888794541139363,2.772588722239781,2.3979157616563596,29.834999999999997,257.4,36.72,3.428650408443456,5.554508771908447,1
LAKE,RAJASTHAN,2019,24.5,6.85,7.75,230.0,2.35,1.9000000000000001,24.0,47.5,5.442417710521793,1.208960345836975,1.0647107369924285,3.8815637979434374,3.2188758248682006,2.6172504656604803,57.575,540.5,46.550000000000004,4.070307984393859,6.294343066441045,1
LAKE,RAJASTHAN,2019,19.0,4.1,8.1,565.0,1.98,2.035,52.0,134.0,6.338594078203183,1.091923300517313,1.1102114245114616,4.90527477843843,3.970291913552122,2.0248456731316584,37.62,1118.7,38.665000000000006,3.653770277000368,7.020816071266151,1
LAKE,RAJASTHAN,2019,19.25,4.4,8.1,550.0,1.62,2.095,52.0,134.0,6.311734809152915,0.9631743177730056,1.1297879061365594,4.90527477843843,3.970291913552122,2.0976176963403033,31.185000000000002,891.0000000000001,40.32875000000001,3.4715005055045793,6.79346613258001,1
LAKE,RAJASTHAN,2019,18.0,6.0,8.0,790.0,2.56,2.05,52.0,142.5,6.673297967767654,1.269760544863939,1.1151415906193203,4.966335035199676,3.970291913552122,2.449489742783178,46.08,2022.4,36.9,3.851848282392076,7.61253454377179,1
LAKE,RAJASTHAN,2019,19.0,7.25,8.1,585.0,1.5,1.9000000000000001,25.0,88.0,6.373319789577012,0.9162907318741551,1.0647107369924285,4.48863636973214,3.258096538021482,2.692582403567252,28.5,877.5,36.1,3.3843902633457743,6.7782159076271515,1
LAKE,RAJASTHAN,2019,19.0,7.4,8.15,570.0,1.25,1.8900000000000001,36.5,74.0,6.3473892096560105,0.8109302162163288,1.0612565021243408,4.31748811353631,3.624340932976365,2.7202941017470885,23.75,712.5,35.910000000000004,3.2088254890146994,6.570182436916891,1
LAKE,RAJASTHAN,2019,21.5,4.3,7.9,980.0,3.5,2.3049999999999997,86.5,180.0,6.8885724595653635,1.5040773967762742,1.1954364733036495,5.198497031265826,4.471638793363569,2.073644135332772,75.25,3430.0,49.55749999999999,4.334017415487521,8.14060704285845,1
LAKE,RAJASTHAN,2019,21.0,2.9,8.45,3750.0,16.6,2.665,139.5,290.0,8.229777750081887,2.8678989020441064,1.2988283353386147,5.673323267171493,4.945207488773801,1.70293863659264,348.6,62250.00000000001,55.965,5.85678964378138,11.038929878454953,1
LAKE,RAJASTHAN,2019,22.0,4.45,8.45,1320.0,5.25,1.71,130.0,267.5,7.186144304522325,1.8325814637483102,0.9969486348916096,5.5928509139489195,4.875197323201151,2.1095023109728985,115.5,6930.0,37.62,4.757891273005756,8.843759381917984,1
POND,RAJASTHAN,2019,21.0,5.9,8.05,750.0,2.3,2.11,36.5,119.0,6.621405651764134,1.1939224684724346,1.1346227261911428,4.787491742782046,3.624340932976365,2.4289915602982237,48.3,1724.9999999999998,44.309999999999995,3.8979240810486444,7.453561871643373,1
LAKE,TAMIL NADU,2019,21.0,6.75,7.1,118.5,3.9499999999999997,1.775,54.5,73.5,4.783316371371566,1.5993875765805987,1.0206507471983979,4.310799125385514,4.0163830207523885,2.598076211353316,82.94999999999999,468.075,37.275,4.430221383523549,6.150762670373438,1
LAKE,TAMIL NADU,2019,19.5,5.9,7.199999999999999,317.0,4.5,10.049999999999999,435.0,1295.0,5.762051382780177,1.7047480922384253,2.4024304279637616,7.16703787691222,6.077642243349034,2.4289915602982237,87.75,1426.5,195.97499999999997,4.485823428355525,7.263679941530166,1
LAKE,TAMIL NADU,2019,23.5,5.9,7.300000000000001,449.5,3.05,1.95,379.5,970.0,6.110358077048392,1.3987168811184478,1.0818051703517284,6.878326468291325,5.941486177301741,2.4289915602982237,71.675,1370.975,45.824999999999996,4.28599744644494,7.224006586545472,1
LAKE,TAMIL NADU,2019,29.0,5.550000000000001,8.0,485.5,6.45,2.23,121.0,305.0,6.1872369016260595,2.0082140323914683,1.172482137234565,5.723585101952381,4.804021044733257,2.3558437978779496,187.05,3131.475,64.67,5.2367078849163455,8.049578705892406,1
LAKE,TAMIL NADU,2019,15.5,5.7,7.65,736.0,7.0,1.525,265.0,1060.0,6.602587892189336,2.0794415416798357,0.9262410627273231,6.966967138613983,5.583496308781699,2.3874672772626644,108.5,5152.0,23.6375,4.695924549256556,8.547334348328224,1
LAKE,TAMIL NADU,2019,30.1,5.4,7.6,1390.0,7.0,1.025,126.0,1060.0,7.237778191923443,2.0794415416798357,0.7055697005585024,6.966967138613983,4.844187086458591,2.32379000772445,210.70000000000002,9730.0,30.8525,5.35517017814082,9.18307194482199,1
LAKE,TAMIL NADU,2019,30.5,5.5,8.25,1350.5,9.0,1.4,265.0,1060.0,7.208970365716502,2.302585092994046,0.8754687373538999,6.966967138613983,5.583496308781699,2.345207879911715,274.5,12154.5,42.699999999999996,5.6185876285929695,9.405537021239441,1
TANK,TAMIL NADU,2019,26.0,4.85,7.25,999.0,3.5,0.41500000000000004,265.0,1060.0,6.907755278982137,1.5040773967762742,0.34712953109520095,6.966967138613983,5.583496308781699,2.202271554554524,91.0,3496.5,10.790000000000001,4.5217885770490405,8.159803706539636,1
LAKE,TELANGANA,2019,25.0,2.5999999999999996,7.45,1433.0,21.0,10.5,470.0,920.0,7.2682230211595655,3.091042453358316,2.4423470353692043,6.825460036255307,6.154858094016418,1.6124515496597098,525.0,30093.0,262.5,6.26530121273771,10.312081095318824,1
LAKE,TELANGANA,2019,27.0,0.3,7.4,1485.0,33.5,9.35,36.0,1060.0,7.303843225277705,3.5409593240373143,2.336986519711378,6.966967138613983,3.6109179126442243,0.5477225575051661,904.5,49747.5,252.45,6.808487277323468,10.814735591378426,1
LAKE,TELANGANA,2019,27.5,5.2,7.75,412.0,3.0,4.5,5.0,1060.0,6.023447592961033,1.3862943611198906,1.7047480922384253,6.966967138613983,1.791759469228055,2.280350850198276,82.5,1236.0,123.75,4.42484663185681,7.1204443723924875,1
LAKE,TELANGANA,2019,27.0,1.4,7.5,1567.5,19.0,4.6,24.0,375.0,7.357875027630733,2.995732273553991,1.7227665977411035,5.929589143389895,3.2188758248682006,1.1832159566199232,513.0,29782.5,124.19999999999999,6.2422232654551655,10.301709827874708,1
LAKE,TELANGANA,2019,27.5,5.75,7.25,1631.0,18.0,7.01,29.0,375.0,7.397561535524052,2.9444389791664403,2.080690761080268,5.929589143389895,3.4011973816621555,2.3979157616563596,495.0,29358.0,192.775,6.206575926724928,10.287354422202895,1
LAKE,TELANGANA,2019,28.0,0.3,7.45,2556.0,45.0,11.79,57.0,445.0,7.846589975291186,3.828641396489095,2.548663615590751,6.100318952020064,4.060443010546419,0.5477225575051661,1260.0,115020.0,330.12,7.13966033596492,11.6528699993701,1
LAKE,TELANGANA,2019,27.5,5.85,7.699999999999999,291.0,2.5,1.0,2.0,1060.0,5.676753802268282,1.252762968495368,0.6931471805599453,6.966967138613983,1.0986122886681098,2.4186773244895647,68.75,727.5,27.5,4.244917420701475,6.590987625635259,1
LAKE,TELANGANA,2019,26.5,4.5,7.45,699.0,3.5,1.2799999999999998,2.0,1060.0,6.551080335043404,1.5040773967762742,0.8241754429663494,6.966967138613983,1.0986122886681098,2.1213203435596424,92.75,2446.5,33.919999999999995,4.54063166485052,7.802822374404665,1
LAKE,TELANGANA,2019,28.0,0.8,7.5,1651.5,17.0,3.7,25.5,435.0,7.410044571725841,2.8903717578961645,1.547562508716013,6.077642243349034,3.2771447329921766,0.8944271909999159,476.0,28075.5,103.60000000000001,6.1675164908883415,10.24268820649641,1
LAKE,TELANGANA,2019,28.5,0.3,7.449999999999999,1271.5,20.0,5.64,35.0,470.0,7.148738748424678,3.044522437723423,1.8931119634883424,6.154858094016418,3.58351893845611,0.5477225575051661,570.0,25430.0,160.73999999999998,6.3473892096560105,10.143724181276514,1
LAKE,TELANGANA,2019,26.5,0.3,7.35,1515.5,22.0,10.6,23.0,450.0,7.324160327128636,3.1354942159291497,2.451005098112319,6.111467339502679,3.1780538303479458,0.5477225575051661,583.0,33341.0,280.9,6.369900982828227,10.414573142507976,1
LAKE,TELANGANA,2019,26.0,0.5,7.35,1416.5,27.0,17.0,24.0,455.0,7.256650035601907,3.332204510175204,2.8903717578961645,6.1224928095143865,3.2188758248682006,0.7071067811865476,702.0,38245.5,442.0,6.555356891810665,10.55180733180003,1
LAKE,TELANGANA,2019,28.5,0.9,7.5,1138.0,18.0,2.8,22.0,410.0,7.037905963447182,2.9444389791664403,1.33500106673234,6.018593214496234,3.1354942159291497,0.9486832980505138,513.0,20484.0,79.8,6.2422232654551655,9.927448189980971,1
LAKE,TELANGANA,2019,27.5,0.5,7.449999999999999,1764.5,27.0,10.1,53.5,380.0,7.476189215368441,3.332204510175204,2.4069451083182885,5.942799375126701,3.9982007016691985,0.7071067811865476,742.5,47641.5,277.75,6.61136876590021,10.77148049900253,1
LAKE,TELANGANA,2019,28.5,2.85,7.949999999999999,1361.5,18.0,7.0,70.0,430.0,7.217076526537399,2.9444389791664403,2.0794415416798357,6.066108090103747,4.2626798770413155,1.6881943016134133,513.0,24507.0,199.5,6.2422232654551655,10.106754873845546,1
LAKE,TELANGANA,2019,29.0,3.4,7.6499999999999995,1684.5,20.6,9.055,91.0,1060.0,7.4298175346741155,3.0726933146901194,2.3080700232246154,6.966967138613983,4.5217885770490405,1.8439088914585775,597.4000000000001,34700.700000000004,262.59499999999997,6.394259426660268,10.454543956089381,1
LAKE,TELANGANA,2019,26.5,0.3,7.25,2343.5,47.0,17.12,34.5,625.0,7.759827438529641,3.871201010907891,2.8970163006148333,6.439350371100098,3.56953269648137,0.5477225575051661,1245.5,110144.5,453.68,7.128094902963612,11.609557498014215,1
LAKE,TELANGANA,2019,27.5,1.4,7.75,1498.0,45.0,28.25,31.5,325.0,7.312553498102598,3.828641396489095,3.3758795736778655,5.786897381366708,3.481240089335692,1.1832159566199232,1237.5,67410.0,776.875,7.121656248929415,11.118563488331727,1
LAKE,TELANGANA,2019,28.0,1.05,7.5,1849.5,26.0,15.0,14.0,1060.0,7.523211151826211,3.295836866004329,2.772588722239781,6.966967138613983,2.70805020110221,1.02469507659596,728.0,48087.0,420.0,6.591673732008658,10.780787944718998,1
LAKE,TELANGANA,2019,26.5,1.85,7.300000000000001,1439.0,22.0,16.23,12.0,1060.0,7.272398392570047,3.1354942159291497,2.8466520505398383,6.966967138613983,2.5649493574615367,1.3601470508735443,583.0,31658.0,430.095,6.369900982828227,10.3627777473392,1
LAKE,TELANGANA,2019,27.5,1.4,7.3,1088.0,12.0,7.7,24.0,325.0,6.9930151229329605,2.5649493574615367,2.163323025660538,5.786897381366708,3.2188758248682006,1.1832159566199232,330.0,13056.0,211.75,5.802118375377063,9.477079667408038,1
LAKE,TELANGANA,2019,28.5,0.3,7.5,1230.0,18.0,4.85,21.0,285.0,7.115582126184454,2.9444389791664403,1.766441661243765,5.655991810819852,3.091042453358316,0.5477225575051661,513.0,22140.0,138.225,6.2422232654551655,10.005186372360962,1
LAKE,TELANGANA,2019,28.0,2.75,7.4,1505.0,36.0,28.25,265.0,1060.0,7.317212408359839,3.6109179126442243,3.3758795736778655,6.966967138613983,5.583496308781699,1.6583123951777,1008.0,54180.0,791.0,6.9167150203536085,10.90008557246396,1
LAKE,TELANGANA,2019,27.5,6.3,7.55,245.5,2.5,1.05,2.0,1060.0,5.5073619934827445,1.252762968495368,0.7178397931503169,6.966967138613983,1.0986122886681098,2.5099800796022267,68.75,613.75,28.875,4.244917420701475,6.421215681096302,1
LAKE,TELANGANA,2019,28.0,1.1,7.65,1508.5,18.0,15.5,116.0,380.0,7.319533749146894,2.9444389791664403,2.803360380906535,5.942799375126701,4.762173934797756,1.0488088481701516,504.0,27153.0,434.0,6.22455842927536,10.209279644160226,1
LAKE,TELANGANA,2019,16.3,4.3999999999999995,7.3,602.0,3.5,1.45,18.5,1060.0,6.401917196727186,1.5040773967762742,0.8960880245566356,6.966967138613983,2.970414465569701,2.097617696340303,57.050000000000004,2107.0,23.635,4.061304708143901,7.653494909661253,1
LAKE,TELANGANA,2019,25.5,4.5,7.05,484.0,3.2,5.815,21.0,470.0,6.184148890937483,1.4350845252893227,1.919126065148496,6.154858094016418,3.091042453358316,2.1213203435596424,81.60000000000001,1548.8000000000002,148.2825,4.414009680526933,7.34588116932985,1
LAKE,TELANGANA,2019,24.0,6.35,7.050000000000001,1521.0,7.5,12.879999999999999,4.0,340.0,7.3277805384216315,2.1400661634962708,2.6304489550786583,5.831882477283517,1.6094379124341003,2.5199206336708304,180.0,11407.5,309.12,5.198497031265826,9.342113970585626,1
LAKE,TELANGANA,2019,24.0,5.6,7.1,982.0,7.8,10.415,4.5,1060.0,6.890609120147166,2.174751721484161,2.434928279981759,6.966967138613983,1.7047480922384253,2.3664319132398464,187.2,7659.599999999999,249.95999999999998,5.23750522715128,8.943845588648806,1
LAKE,TELANGANA,2019,24.5,6.050000000000001,7.050000000000001,910.5,12.0,12.495000000000001,31.0,6140.0,6.815091594118718,2.5649493574615367,2.602319246469968,8.722742874329398,3.4657359027997265,2.459674775249769,294.0,10926.0,306.1275,5.68697535633982,9.298992069570746,1
LAKE,TELANGANA,2019,24.0,6.35,7.25,542.0,2.35,9.34,2.0,1060.0,6.297109319933935,1.208960345836975,2.336019869080283,6.966967138613983,1.0986122886681098,2.5199206336708304,56.400000000000006,1273.7,224.16,4.050044303325521,7.150466135788876,1
LAKE,TELANGANA,2019,27.0,2.85,7.25,750.0,10.0,15.735,10.0,242.0,6.621405651764134,2.3978952727983707,2.8175023346632897,5.493061443340548,2.3978952727983707,1.6881943016134133,270.0,7500.0,424.84499999999997,5.602118820879701,8.922791623969637,1
LAKE,TELANGANA,2019,27.5,1.05,7.35,1212.0,11.0,13.0,30.0,390.0,7.10085190894405,2.4849066497880004,2.6390573296152584,5.968707559985366,3.4339872044851463,1.02469507659596,302.5,13332.0,357.5,5.715381610499553,9.497997444115459,1
LAKE,TELANGANA,2019,27.5,1.6,7.3,968.5,11.0,13.5,19.0,340.0,6.876780474682707,2.4849066497880004,2.6741486494265287,5.831882477283517,2.995732273553991,1.2649110640673518,302.5,10653.5,371.25,5.715381610499553,9.273737617105974,1
LAKE,TELANGANA,2019,27.0,0.9500000000000001,7.35,986.0,15.0,3.2,19.5,334.0,6.894670039433482,2.772588722239781,1.4350845252893227,5.814130531825066,3.0204248861443626,0.9746794344808964,405.0,14790.0,86.4,6.0063531596017325,9.60177416667137,1
LAKE,TELANGANA,2019,27.5,1.6500000000000001,7.4,1497.5,30.0,15.225,17.0,763.0,7.312219886756718,3.4339872044851463,2.7865532625901537,6.638567789166521,2.8903717578961645,1.284523257866513,825.0,44925.0,418.6875,6.716594773520978,10.712771970725116,1
LAKE,TELANGANA,2019,28.0,1.05,7.4,1470.5,61.5,28.25,28.0,975.0,7.294037567673527,4.135166556742356,3.3758795736778655,6.883462586413092,3.367295829986474,1.02469507659596,1722.0,90435.75,791.0,7.45182223652793,11.41240599031941,1
LAKE,TELANGANA,2019,27.5,1.35,7.5,1633.0,29.0,28.25,36.0,1060.0,7.3987862754199485,3.4011973816621555,3.3758795736778655,6.966967138613983,3.6109179126442243,1.161895003862225,797.5,47357.0,776.875,6.682734967655067,10.765491038936457,1
LAKE,TELANGANA,2019,27.5,0.3,8.15,1240.0,26.5,28.25,2.0,20.5,7.123672785204607,3.3141860046725258,3.3758795736778655,3.068052935133617,1.0986122886681098,0.5477225575051661,728.75,32860.0,776.875,6.592702009734224,10.400041823264546,1
LAKE,TELANGANA,2019,28.5,1.35,7.05,2208.0,51.5,28.25,17.0,325.0,7.700295203420117,3.960813169597578,3.3758795736778655,5.786897381366708,2.8903717578961645,1.161895003862225,1467.75,113712.0,805.125,7.292166977892469,11.641433009174625,1
LAKE,TELANGANA,2019,27.0,2.9,7.25,350.0,3.0,2.5,2.0,1060.0,5.860786223465865,1.3862943611198906,1.252762968495368,6.966967138613983,1.0986122886681098,1.70293863659264,81.0,1050.0,67.5,4.406719247264253,6.957497370876951,1
LAKE,TELANGANA,2019,28.5,0.5,7.25,1495.0,23.0,14.5,25.5,345.0,7.310550158534422,3.1780538303479458,2.740840023925201,5.846438775057725,3.2771447329921766,0.7071067811865476,655.5,34385.0,413.25,6.486922693742851,10.445404783779793,1
LAKE,TELANGANA,2019,30.5,1.85,7.5,1520.5,24.0,16.14,133.0,785.0,7.327451969337026,3.2188758248682006,2.8414149131696336,6.666956792429207,4.897839799950911,1.3601470508735443,732.0,36492.0,492.27000000000004,6.597145701886651,10.504875740356372,1
LAKE,TELANGANA,2019,28.0,1.95,7.6499999999999995,1747.5,44.0,28.25,25.5,355.0,7.466513556503431,3.8066624897703196,3.3758795736778655,5.87493073085203,3.2771447329921766,1.396424004376894,1232.0,76890.0,791.0,7.117205503164344,11.25014411353406,1
LAKE,TELANGANA,2019,28.0,1.6500000000000001,7.35,1853.5,37.0,28.25,15.0,1060.0,7.525370396929645,3.6375861597263857,3.3758795736778655,6.966967138613983,2.772588722239781,1.284523257866513,1036.0,68579.5,791.0,6.9440872082295275,11.135763516745657,1
LAKE,TELANGANA,2019,28.0,0.55,7.35,1506.5,42.0,19.0,25.0,445.0,7.318207928601341,3.7612001156935624,2.995732273553991,6.100318952020064,3.258096538021482,0.7416198487095663,1176.0,63273.0,532.0,7.0707241072602764,11.055229781258411,1
LAKE,TELANGANA,2019,31.0,0.5,7.4,1831.0,32.0,2.79,40.0,390.0,7.513163545234075,3.4965075614664802,1.332366019094335,5.968707559985366,3.713572066704308,0.7071067811865476,992.0,58592.0,86.49,6.900730664045173,10.978370514505,1
LAKE,TELANGANA,2019,28.0,6.199999999999999,8.15,229.0,2.5,1.3,2.0,1060.0,5.438079308923196,1.252762968495368,0.832909122935104,6.966967138613983,1.0986122886681098,2.4899799195977463,70.0,572.5,36.4,4.2626798770413155,6.351757936569426,1
POND,TELANGANA,2019,26.0,0.3,7.2,1507.0,38.0,6.0,14.0,350.0,7.318539548567902,3.6635616461296463,1.9459101490553132,5.860786223465865,2.70805020110221,0.5477225575051661,988.0,57266.0,156.0,6.8966943316227125,10.955479820569012,1
POND,TELANGANA,2019,28.0,5.75,7.8,469.0,2.5,1.4,2.0,1060.0,6.152732694704104,1.252762968495368,0.8754687373538999,6.966967138613983,1.0986122886681098,2.3979157616563596,70.0,1172.5,39.199999999999996,4.2626798770413155,7.067746015291078,1
POND,TELANGANA,2019,27.5,1.55,6.6,1160.0,14.0,4.3149999999999995,23.0,380.0,7.057036981697891,2.70805020110221,1.6705330117939112,5.942799375126701,3.1780538303479458,1.2449899597988732,385.0,16240.0,118.66249999999998,5.955837369464831,9.695294188174604,1
POND,TELANGANA,2019,27.5,5.75,7.75,1024.0,29.0,10.95,50.0,430.0,6.932447891572509,3.4011973816621555,2.4807312783775197,6.066108090103747,3.9318256327243257,2.3979157616563596,797.5,29696.0,301.125,6.682734967655067,10.298801309587917,1
POND,TELANGANA,2019,27.5,0.5,7.5,1385.0,17.0,2.7,39.0,291.0,7.234177179749849,2.8903717578961645,1.308332819650179,5.676753802268282,3.6888794541139363,0.7071067811865476,467.5,23545.0,74.25,6.149536101678477,10.066711233638141,1
POND,TELANGANA,2019,28.0,0.3,7.4,1641.5,46.0,16.36,25.5,370.0,7.403974750358765,3.8501476017100584,2.854168709232204,5.916202062607435,3.2771447329921766,0.5477225575051661,1288.0,75509.0,458.08,7.161622002939187,11.232020376797472,1
POND,TELANGANA,2019,26.0,5.75,7.4,1606.5,19.0,7.8,116.5,410.0,7.382435456111774,2.995732273553991,2.174751721484161,6.018593214496234,4.7664383335842135,2.3979157616563596,494.0,30523.5,202.79999999999998,6.20455776256869,10.326284918828371,1
POND,TELANGANA,2019,28.0,2.05,7.25,1138.0,21.5,10.2,21.0,1060.0,7.037905963447182,3.1135153092103742,2.4159137783010487,6.966967138613983,3.091042453358316,1.4317821063276353,602.0,24467.0,285.59999999999997,6.401917196727186,10.105121420362455,1
POND,TELANGANA,2019,28.5,4.85,7.8500000000000005,808.5,3.5,0.71,2.0,1060.0,6.69641677311769,1.5040773967762742,0.5364933705145685,6.966967138613983,1.0986122886681098,2.202271554554524,99.75,2829.75,20.235,4.612642200826793,7.948296973194149,1
POND,TELANGANA,2019,26.0,3.15,7.55,853.0,13.0,17.84,26.5,251.5,6.74993119378857,2.6390573296152584,2.935982269148217,5.531411248715415,3.3141860046725258,1.7748239349298849,338.0,11089.0,463.84,5.82600010738045,9.313799080344413,1
TANK,TELANGANA,2019,31.5,5.550000000000001,7.800000000000001,343.5,3.0,0.45,2.0,1060.0,5.842094090453713,1.3862943611198906,0.37156355643248307,6.966967138613983,1.0986122886681098,2.3558437978779496,94.5,1030.5,14.175,4.5591262474866845,6.938769332511306,1
TANK,TELANGANA,2019,20.5,6.35,7.0,1286.0,3.9,11.345,5.0,1060.0,7.160069207596127,1.589235205116581,2.513251122797143,6.966967138613983,1.791759469228055,2.5199206336708304,79.95,5015.4,232.57250000000002,4.393831680123644,8.520467823949895,1
TANK,TELANGANA,2019,24.0,4.25,7.25,2970.0,9.0,20.335,2.0,1060.0,7.9966538754626075,2.302585092994046,3.0603489166399633,6.966967138613983,1.0986122886681098,2.0615528128088303,216.0,26730.0,488.04,5.37989735354046,10.193579219581707,1
TANK,TELANGANA,2019,23.5,6.2,7.0,3840.0,8.7,23.915,4.0,1060.0,8.253488028345904,2.272125885509337,3.2154700317333678,6.966967138613983,1.6094379124341003,2.4899799195977463,204.45,33408.0,562.0024999999999,5.325202695329419,10.41658060374452,1
TANK,TELANGANA,2019,26.5,0.3,7.45,3840.0,39.0,14.0,72.0,455.0,8.253488028345904,3.6888794541139363,2.70805020110221,6.1224928095143865,4.290459441148391,0.5477225575051661,1033.5,149760.0,371.0,6.941673497185597,11.916795969039553,1
TANK,TELANGANA,2019,22.0,5.949999999999999,7.050000000000001,2595.5,2.7,19.295,2.0,1060.0,7.8619196632843735,1.308332819650179,3.010374550290861,6.966967138613983,1.0986122886681098,2.4392621835300936,59.400000000000006,7007.85,424.49,4.100989104940769,8.854928915215533,1
TANK,TELANGANA,2019,28.5,0.45,7.55,1810.5,36.0,8.3,57.0,605.0,7.501910510335132,3.6109179126442243,2.2300144001592104,6.406879986069314,4.060443010546419,0.6708203932499369,1026.0,65178.0,236.55,6.934397209928558,11.084892610144374,1
TANK,TELANGANA,2019,31.5,5.25,7.55,664.5,4.5,0.615,2.0,1060.0,6.500538637835167,1.7047480922384253,0.47933495667461984,6.966967138613983,1.0986122886681098,2.29128784747792,141.75,2990.25,19.3725,4.96109484853612,8.003446639222583,1
TANK,TELANGANA,2019,27.5,1.9,7.55,1635.0,22.0,2.64,46.0,391.0,7.400009517162692,3.1354942159291497,1.2919836816486494,5.971261839790462,3.8501476017100584,1.378404875209022,605.0,35970.0,72.60000000000001,6.406879986069314,10.490468337248462,1
TANK,TELANGANA,2019,23.5,6.75,7.15,1205.5,2.5,14.370000000000001,2.0,1060.0,7.095478885065086,1.252762968495368,2.7324175575505047,6.966967138613983,1.0986122886681098,2.598076211353316,58.75,3013.75,337.69500000000005,4.09016919081162,8.011272186983701,1
TANK,TELANGANA,2019,26.5,2.4,7.6,966.0,9.0,2.95,17.0,285.0,6.874198495453294,2.302585092994046,1.3737155789130306,5.655991810819852,2.8903717578961645,1.5491933384829668,238.5,8694.0,78.17500000000001,5.4785534168509695,9.070503426788383,1
TANK,TELANGANA,2019,27.0,2.0,7.4,1135.5,12.0,2.7,22.0,325.0,7.0357086432925975,2.5649493574615367,1.308332819650179,5.786897381366708,3.1354942159291497,1.4142135623730951,324.0,13626.0,72.9,5.783825182329737,9.51980839774982,1
TANK,TELANGANA,2019,26.0,5.25,7.949999999999999,666.5,2.55,4.66,2.0,1060.0,6.503539390274405,1.2669476034873244,1.7334238922150915,6.966967138613983,1.0986122886681098,2.29128784747792,66.3,1699.5749999999998,121.16,4.209160236650682,7.438721708149763,1
TANK,TELANGANA,2019,28.0,5.75,7.4,1763.5,31.0,16.15,63.0,370.0,7.475622643115325,3.4657359027997265,2.8419981736119486,5.916202062607435,4.1588830833596715,2.3979157616563596,868.0,54668.5,452.19999999999993,6.767343125265392,10.909061246063429,1
TANK,TELANGANA,2019,23.5,6.45,7.050000000000001,1329.0,2.5,8.705,2.0,1060.0,7.1929342212158,1.252762968495368,2.2726412166209737,6.966967138613983,1.0986122886681098,2.539685019840059,58.75,3322.5,204.5675,4.09016919081162,8.108773723481637,1
TANK,TELANGANA,2019,24.0,6.15,7.050000000000001,2543.0,3.1,12.79,2.0,1060.0,7.841492924460013,1.410986973710262,2.6239436918052106,6.966967138613983,1.0986122886681098,2.479919353527449,74.4,7883.3,306.96,4.32280727501391,8.972628719299042,1
TANK,TELANGANA,2019,24.5,6.65,7.25,857.5,3.6,13.395,5.0,1060.0,6.7551866803375304,1.5260563034950492,2.6668809240641393,6.966967138613983,1.791759469228055,2.5787593916455256,88.2,3087.0,328.1775,4.490881039585964,8.035278911144667,1
TANK,TELANGANA,2019,26.0,0.5,7.6499999999999995,1655.5,28.0,17.5,53.0,445.0,7.4124622217399505,3.367295829986474,2.917770732084279,6.100318952020064,3.9889840465642745,0.7071067811865476,728.0,46354.0,455.0,6.591673732008658,10.744084440041084,1
TANK,TELANGANA,2019,25.5,5.8,7.2,1553.0,7.6,14.43,10.0,1060.0,7.348587530927593,2.151762203259462,2.7363136663750693,6.966967138613983,2.3978952727983707,2.4083189157584592,193.79999999999998,11802.8,367.965,5.271973391208435,9.376176792510275,1
TANK,TELANGANA,2019,23.0,6.1,7.35,1432.0,5.1,13.844999999999999,3.0,1060.0,7.267525427828172,1.8082887711792655,2.697663108215723,6.966967138613983,1.3862943611198906,2.4698178070456938,117.3,7303.2,318.43499999999995,4.773223770984341,8.896204804156215,1
TANK,TELANGANA,2019,24.5,5.550000000000001,7.1,2830.0,6.4,17.845,2.0,1060.0,7.9483852851118995,2.0014800002101243,2.9362476267190987,6.966967138613983,1.0986122886681098,2.3558437978779496,156.8,18112.0,437.2025,5.061328408411774,9.804385191492917,1
TANK,TELANGANA,2019,24.0,5.1,7.1,1211.5,3.7,8.899999999999999,2.0,1060.0,7.100439622811638,1.547562508716013,2.292534757140544,6.966967138613983,1.0986122886681098,2.258317958127243,88.80000000000001,4482.55,213.59999999999997,4.497584975308154,8.408170422331704,1
TANK,TELANGANA,2019,23.0,6.5,7.199999999999999,1895.0,19.0,23.895000000000003,2.0,1060.0,7.547501682814967,2.995732273553991,3.214666980094146,6.966967138613983,1.0986122886681098,2.5495097567963922,437.0,36005.0,549.585,6.082218910376446,10.491440870217568,1
TANK,TELANGANA,2019,24.0,5.7,7.6,2374.0,5.7,24.334999999999997,2.0,1060.0,7.772752716468742,1.9021075263969205,3.232186838927873,6.966967138613983,1.0986122886681098,2.3874672772626644,136.8,13531.800000000001,584.04,4.925803358579558,9.51287164727817,1
TANK,TELANGANA,2019,28.0,1.6500000000000001,7.449999999999999,1218.5,16.0,7.185,35.5,325.0,7.106196217655975,2.833213344056216,2.102303210823098,5.786897381366708,3.597312260588446,1.284523257866513,448.0,19496.0,201.17999999999998,6.1070228877422545,9.878015886562459,1
TANK,TELANGANA,2019,28.0,2.8499999999999996,7.35,1201.0,11.0,11.25,21.0,315.0,7.091742115095153,2.4849066497880004,2.505525936990736,5.755742213586912,3.091042453358316,1.688194301613413,308.0,13211.0,315.0,5.733341276897746,9.48888078651068,1
TANK,TELANGANA,2019,28.0,5.75,7.5,1454.0,20.0,4.0,185.0,385.0,7.282761179605593,3.044522437723423,1.6094379124341003,5.955837369464831,5.225746673713202,2.3979157616563596,560.0,29080.0,112.0,6.329720905522696,10.277840318951666,1
TANK,TELANGANA,2019,23.5,6.25,6.75,2322.5,7.1,24.3,2.0,1060.0,7.750829948525033,2.0918640616783932,3.2308043957334744,6.966967138613983,1.0986122886681098,2.5,166.85,16489.75,571.0500000000001,5.123070723426044,9.710554896629734,1
TANK,TELANGANA,2019,27.5,1.65,7.25,1027.0,34.5,20.28,26.0,352.0,6.93537044601511,3.56953269648137,3.0577676644734435,5.8664680569332965,3.295836866004329,1.284523257866513,948.75,35431.5,557.7,6.856198792067735,10.475384757041061,1
TANK,TELANGANA,2019,28.5,0.5,7.35,1535.5,26.0,9.5,14.0,1060.0,7.33726238157054,3.295836866004329,2.3513752571634776,6.966967138613983,2.70805020110221,0.7071067811865476,741.0,39923.0,270.75,6.60934924316738,10.594732925806477,1
TANK,TELANGANA,2019,28.5,0.6,7.5,1713.0,18.0,11.9,40.0,390.0,7.446585099157725,2.9444389791664403,2.5572273113676265,5.968707559985366,3.713572066704308,0.7745966692414834,513.0,30834.0,339.15000000000003,6.2422232654551655,10.336405687425593,1
TANK,TELANGANA,2019,28.5,0.5,7.5,1581.0,27.0,13.3,39.0,227.5,7.366445148327599,3.332204510175204,2.6602595372658615,5.43153621033426,3.6888794541139363,0.7071067811865476,769.5,42687.0,379.05,6.64703965476017,10.661673129275295,1
LAKE,TRIPURA,2019,24.5,6.550000000000001,7.35,151.0,1.55,0.255,122.0,185.0,5.0238805208462765,0.9360933591703349,0.2271355725837472,5.225746673713202,4.812184355372417,2.5592967784139455,37.975,234.05,6.2475000000000005,3.6629204149438404,5.45979825747014,1
LAKE,TRIPURA,2019,23.75,6.95,7.0,150.0,2.05,0.305,100.0,205.0,5.017279836814924,1.1151415906193203,0.26620304077465673,5.327876168789581,4.61512051684126,2.6362852652928135,48.68749999999999,307.5,7.2437499999999995,3.9057533924145504,5.731721843345443,1
LAKE,TRIPURA,2019,24.25,6.949999999999999,7.300000000000001,176.5,1.73,1.615,102.0,185.0,5.178970608915471,1.0043016091968684,0.9612640975168862,5.225746673713202,4.634728988229636,2.6362852652928135,41.9525,305.34499999999997,39.16375,3.760094853953985,5.724711917837231,1
LAKE,TRIPURA,2019,24.75,7.25,7.199999999999999,138.5,1.6400000000000001,1.05,96.5,180.0,4.93806460126142,0.9707789171582248,0.7178397931503169,5.198497031265826,4.579852378003801,2.692582403567252,40.59,227.14000000000001,25.9875,3.7278597537548204,5.429959475599752,1
LAKE,TRIPURA,2019,25.0,7.2,7.35,141.5,1.7,1.34,94.0,175.0,4.959341999708705,0.9932517730102833,0.8501509293696101,5.170483995038151,4.553876891600541,2.6832815729997477,42.5,240.54999999999998,33.5,3.7727609380946383,5.4870764910004155,1
POND,TRIPURA,2019,24.25,6.8,7.1,136.5,2.02,1.52,94.0,180.0,4.923623917106626,1.1052568313867783,0.9242589015233319,5.198497031265826,4.553876891600541,2.6076809620810595,48.985,275.73,36.86,3.911722960419144,5.623042301587992,1
POND,TRIPURA,2019,24.75,7.05,7.2,144.0,1.85,1.325,81.5,170.0,4.976733742420574,1.0473189942805592,0.8437200390393196,5.14166355650266,4.412798293340635,2.6551836094703507,45.7875,266.40000000000003,32.793749999999996,3.8456160732305475,5.588745664667843,1
POND,TRIPURA,2019,24.5,7.0,6.949999999999999,146.5,2.33,1.35,99.5,185.0,4.993828175779875,1.2029723039923526,0.8544153281560676,5.225746673713202,4.61015772749913,2.6457513110645907,57.085,341.345,33.075,4.061907454965438,5.8358190005239505,1
POND,TRIPURA,2019,24.5,7.2,7.1,147.5,1.62,1.25,95.0,170.0,5.000584958242754,0.9631743177730056,0.8109302162163288,5.14166355650266,4.564348191467836,2.6832815729997477,39.690000000000005,238.95000000000002,30.625,3.7059823620135988,5.4804305683042545,1
POND,TRIPURA,2019,24.5,7.25,7.25,135.5,1.92,1.36,83.0,170.0,4.916324614625014,1.0715836162801904,0.8586616190375187,5.14166355650266,4.430816798843313,2.692582403567252,47.04,260.15999999999997,33.32,3.872033997211783,5.565133246318433,1
POND,TRIPURA,2019,25.0,6.9,7.2,139.0,1.55,0.785,98.5,175.0,4.941642422609304,0.9360933591703349,0.5794184152316023,5.170483995038151,4.600157644164547,2.6267851073127395,38.75,215.45000000000002,19.625,3.6826098411003407,5.37735957388799,1
POND,TRIPURA,2019,24.25,7.0,7.300000000000001,137.0,1.59,0.6649999999999999,81.5,175.0,4.927253685157205,0.9516578757114464,0.509825123432407,5.170483995038151,4.412798293340635,2.6457513110645907,38.557500000000005,217.83,16.12625,3.677755309611001,5.388295172666269,1
POND,TRIPURA,2019,25.0,7.35,7.3,141.0,1.9000000000000001,0.9,117.0,205.0,4.955827057601261,1.0647107369924285,0.6418538861723948,5.327876168789581,4.770684624465665,2.711088342345192,47.5,267.90000000000003,22.5,3.8815637979434374,5.594339563274819,1
POND,TRIPURA,2019,24.0,7.5,7.35,141.5,1.6,1.1199999999999999,82.0,175.0,4.959341999708705,0.9555114450274363,0.7514160886839211,5.170483995038151,4.418840607796598,2.7386127875258306,38.400000000000006,226.4,26.879999999999995,3.6737658163038884,5.426710581316436,1
POND,TRIPURA,2019,24.0,7.05,7.45,139.0,1.34,0.715,86.5,165.0,4.941642422609304,0.8501509293696101,0.5394130806179033,5.111987788356544,4.471638793363569,2.6551836094703507,32.160000000000004,186.26000000000002,17.16,3.501344330267094,5.232498025510743,1
LAKE,UTTAR PRADESH,2019,22.5,9.2,7.85,458.0,4.7,0.025,9600.0,18700.0,6.129050210060545,1.7404661748405046,0.0246926125903715,9.83633227734872,9.169622538697624,3.03315017762062,105.75,2152.6,0.5625,4.670489652108734,7.674896139450409,1
LAKE,UTTAR PRADESH,2019,25.0,7.15,8.3,405.0,4.5,0.48,4600.0,6350.0,6.0063531596017325,1.7047480922384253,0.3920420877760237,8.756367559802975,8.434028950155469,2.6739483914241875,112.5,1822.5,12.0,4.7318028369214575,7.508513010248735,1
POND,UTTAR PRADESH,2019,24.3,1.3,8.1,1276.0,40.0,0.025,1750.0,30000.0,7.152268856032539,3.713572066704308,0.0246926125903715,10.308985993422082,7.467942332285852,1.140175425099138,972.0,51040.0,0.6075,6.880384082186005,10.840384510303231,1
POND,UTTAR PRADESH,2019,27.65,4.0,7.8999999999999995,1320.0,47.0,0.025,2650.0,63500.0,7.186144304522325,3.871201010907891,0.0246926125903715,11.05881093278828,7.8826922062890254,2.0,1299.55,62040.0,0.69125,7.1705425309008985,11.035550735793711,1
LAKE,WEST BENGAL,2019,25.5,8.2,8.05,404.5,3.0,0.935,3600.0,8850.0,6.005120873555468,1.3862943611198906,0.6601073264817452,9.088285725968877,8.188966863648876,2.8635642126552705,76.5,1213.5,23.8425,4.350277936359301,7.102087748442227,1
LAKE,WEST BENGAL,2019,27.5,9.450000000000001,8.35,732.5,9.23,0.745,114000.0,258500.0,6.597827597583036,2.325324579963535,0.5567545556543905,12.462654841395091,11.643962499267984,3.0740852297878796,253.82500000000002,6760.975,20.4875,5.5405770350544765,8.819070286129971,1
LAKE,WEST BENGAL,2019,27.5,6.6,8.1,773.0,25.325000000000003,0.635,254000.0,458500.0,6.651571873589727,3.270519058020039,0.4916428043492167,13.03571775170136,12.445093483000798,2.569046515733026,696.4375000000001,19576.225000000002,17.4625,6.54741290394592,9.88212217978911,1
LAKE,WEST BENGAL,2019,27.5,9.75,8.3,752.0,10.4,0.76,465000.0,840000.0,6.6240652277998935,2.4336133554004498,0.5653138090500605,13.641158361294979,13.049794835104816,3.122498999199199,286.0,7820.8,20.9,5.659482215759621,8.964669986080361,1
LAKE,WEST BENGAL,2019,24.0,7.75,7.65,59.5,2.0,0.63,3350.0,16500.0,4.102643365036796,1.0986122886681098,0.48858001481867097,9.711176264112805,8.11701408773731,2.7838821814150108,48.0,119.0,15.120000000000001,3.8918202981106265,4.787491742782046,1
LAKE,WEST BENGAL,2019,14.5,4.5,7.15,123.0,16.4,1.42,5800.0,16500.0,4.820281565605037,2.856470206220483,0.883767540168595,9.711176264112805,8.665785595466064,2.1213203435596424,237.79999999999998,2017.1999999999998,20.59,5.475626381518447,7.609961304030429,1
LAKE,WEST BENGAL,2019,14.5,7.55,6.949999999999999,56.0,1.3,0.47,150.0,310.0,4.04305126783455,0.832909122935104,0.3852624007906449,5.739792912179234,5.017279836814924,2.7477263328068173,18.85,72.8,6.8149999999999995,2.9882040071331994,4.301358731606427,1
LAKE,WEST BENGAL,2019,14.0,7.699999999999999,7.45,28.5,1.4,1.125,120.0,305.0,3.3843902633457743,0.8754687373538999,0.7537718023763802,5.723585101952381,4.795790545596741,2.7748873851023212,19.599999999999998,39.9,15.75,3.0252910757955354,3.711130063048756,1
LAKE,WEST BENGAL,2019,26.0,8.0,7.8,214.5,2.625,0.43000000000000005,1250.0,2355.0,5.372960909543803,1.2878542883066382,0.357674444271816,7.764720544771477,7.1316985104669115,2.8284271247461903,68.25,563.0625,11.180000000000001,4.237723145067448,6.335165060961301,1
LAKE,WEST BENGAL,2019,27.5,8.8,8.05,477.5,4.075,0.45999999999999996,9500.0,15250.0,6.170656210893009,1.6243265249278511,0.37843643572024505,9.632400353656184,9.15915233520675,2.9664793948382653,112.0625,1945.8125,12.649999999999999,4.727940763155514,7.573948698731782,1
LAKE,WEST BENGAL,2019,25.0,7.199999999999999,7.6,91.5,2.05,0.72,355.0,1950.0,4.52720864451838,1.1151415906193203,0.5423242908253617,7.576097340623111,5.87493073085203,2.6832815729997477,51.24999999999999,187.575,18.0,3.95603989084492,5.239495805739694,1
LAKE,WEST BENGAL,2019,14.0,7.5,7.199999999999999,28.5,1.35,0.505,120.0,305.0,3.3843902633457743,0.8544153281560676,0.408792898200839,5.723585101952381,4.795790545596741,2.7386127875258306,18.900000000000002,38.475,7.07,2.990719731730447,3.6756675601417057,1
LAKE,WEST BENGAL,2019,14.0,6.7,7.1,35.5,1.7000000000000002,0.425,90.0,185.0,3.597312260588446,0.9932517730102834,0.35417181372061385,5.225746673713202,4.51085950651685,2.588435821108957,23.800000000000004,60.35000000000001,5.95,3.2108436531709366,4.116595171156921,1
LAKE,ANDHRA PRADESH,2020,26.5,5.2,7.7,735.0,3.5999999999999996,2.775,19.0,305.0,6.601230118728877,1.5260563034950492,1.328400382700988,5.723585101952381,2.995732273553991,2.280350850198276,95.39999999999999,2645.9999999999995,73.5375,4.5685062016165,7.881182202227101,1
TANK,ANDHRA PRADESH,2020,28.0,6.0,7.0,438.0,1.65,1.7049999999999998,123.5,405.0,6.0844994130751715,0.9745596399981308,0.9951019122984448,6.0063531596017325,4.824305715904762,2.449489742783178,46.199999999999996,722.6999999999999,47.739999999999995,3.8543938925915096,6.584376941872082,1
LAKE,ASSAM,2020,26.5,8.7,7.65,214.0,2.95,1.4,605.0,1110.0,5.3706380281276624,1.3737155789130306,0.8754687373538999,7.01301578963963,6.406879986069314,2.949576240750525,78.17500000000001,631.3000000000001,37.099999999999994,4.371660592424703,6.449363965064568,1
LAKE,ASSAM,2020,24.0,5.5,7.199999999999999,82.5,1.75,0.8,330.0,1060.0,4.42484663185681,1.0116009116784799,0.5877866649021191,6.966967138613983,5.802118375377063,2.345207879911715,42.0,144.375,19.200000000000003,3.7612001156935624,4.979316610838828,1
LAKE,ASSAM,2020,28.0,4.75,7.55,55.0,1.75,0.75,181.0,605.0,4.02535169073515,1.0116009116784799,0.5596157879354227,6.406879986069314,5.204006687076795,2.179449471770337,49.0,96.25,21.0,3.912023005428146,4.577284982498556,1
LAKE,ASSAM,2020,25.0,7.85,7.55,216.5,3.3499999999999996,1.6,515.0,930.0,5.382198850528739,1.4701758451005926,0.9555114450274363,6.836259277277067,6.246106765481563,2.80178514522438,83.74999999999999,725.275,40.0,4.439705746260559,6.587928730981567,1
LAKE,ASSAM,2020,24.5,0.3,7.35,225.0,1.7,0.7,2.0,2.0,5.420534999272286,0.9932517730102833,0.5306282510621704,1.0986122886681098,1.0986122886681098,0.5477225575051661,41.65,382.5,17.15,3.753027273937688,5.949339620807311,1
LAKE,ASSAM,2020,23.5,7.0,7.449999999999999,81.0,2.1,0.7,515.0,1350.0,4.406719247264253,1.1314021114911006,0.5306282510621704,7.208600337960199,6.246106765481563,2.6457513110645907,49.35,170.1,16.45,3.9189986191645714,5.1422481808981475,1
LAKE,ASSAM,2020,22.5,6.3,7.5,203.5,1.9500000000000002,1.0499999999999998,515.0,1350.0,5.320567975482857,1.0818051703517284,0.7178397931503168,7.208600337960199,6.246106765481563,2.5099800796022267,43.87500000000001,396.82500000000005,23.624999999999996,3.8038808468084433,5.986012210096248,1
LAKE,ASSAM,2020,26.0,4.949999999999999,7.3,102.5,2.05,0.95,515.0,930.0,4.639571612705423,1.1151415906193203,0.6678293725756554,6.836259277277067,6.246106765481563,2.2248595461286986,53.3,210.12499999999997,24.7,3.9945242269398897,5.352450375127964,1
LAKE,ASSAM,2020,22.5,4.25,6.800000000000001,139.0,2.35,0.9,330.0,930.0,4.941642422609304,1.208960345836975,0.6418538861723948,6.836259277277067,5.802118375377063,2.0615528128088303,52.875,326.65000000000003,20.25,3.9866665484239117,5.791945965485506,1
LAKE,ASSAM,2020,23.0,4.949999999999999,7.05,128.0,1.7999999999999998,0.95,510.0,1360.0,4.859812404361672,1.0296194171811581,0.6678293725756554,7.215975002651466,6.236369590203704,2.2248595461286986,41.4,230.39999999999998,21.849999999999998,3.7471483622379123,5.444147814759576,1
LAKE,ASSAM,2020,28.5,6.25,7.050000000000001,122.0,2.1500000000000004,1.35,605.0,1410.0,4.812184355372417,1.1474024528375417,0.8544153281560676,7.252053951852814,6.406879986069314,2.5,61.27500000000001,262.30000000000007,38.475,4.131560061148244,5.573294066502264,1
LAKE,ASSAM,2020,26.5,3.5,7.35,1153.5,25.85,3.0999999999999996,730.0,2450.0,7.05142262879455,3.2902658209548736,1.410986973710262,7.804251383528112,6.594413459749778,1.8708286933869707,685.0250000000001,29817.975000000002,82.14999999999999,6.530914070210538,10.302900214823877,1
LAKE,ASSAM,2020,27.0,1.3499999999999999,7.35,505.0,14.65,1.6500000000000001,2000.0,3550.0,6.226536669287466,2.750470916986162,0.9745596399981309,8.174984532943087,7.601402334583733,1.161895003862225,395.55,7398.25,44.550000000000004,5.982802136529329,8.909133922704514,1
LAKE,ASSAM,2020,26.5,1.2999999999999998,7.15,498.5,26.75,4.0,2650.0,7950.0,6.2136075980886085,3.3232358401924436,1.6094379124341003,8.981052985901483,7.8826922062890254,1.1401754250991378,708.875,13334.875,106.0,6.565088898197597,9.498213051261327,1
LAKE,ASSAM,2020,27.0,1.25,7.15,482.5,30.15,2.65,3150.0,8900.0,6.181051314893349,3.4388142452334622,1.2947271675944,9.093918908958932,8.055475141757274,1.118033988749895,814.05,14547.375,71.55,6.703249461052299,9.585234582513737,1
LAKE,ASSAM,2020,27.5,4.6,7.3,54.0,1.7999999999999998,0.8,515.0,880.0,4.007333185232471,1.0296194171811581,0.5877866649021191,6.78105762593618,6.246106765481563,2.1447610589527217,49.49999999999999,97.19999999999999,22.0,3.921973336281314,4.58700621536042,1
LAKE,ASSAM,2020,24.5,6.05,7.15,45.0,1.9500000000000002,0.65,2.0,466.0,3.828641396489095,1.0818051703517284,0.5007752879124893,6.1463292576688975,1.0986122886681098,2.4596747752497685,47.775000000000006,87.75000000000001,15.925,3.887217886509175,4.485823428355525,1
POND,ASSAM,2020,26.0,3.8,7.4,925.5,2.5999999999999996,1.5,700.0,1760.0,6.831414045725414,1.2809338454620642,0.9162907318741551,7.473637108496206,6.55250788703459,1.9493588689617927,67.6,2406.2999999999997,39.0,4.22829253473184,7.786261066493534,1
POND,ASSAM,2020,23.0,5.95,7.15,178.0,1.9,0.8500000000000001,605.0,1410.0,5.187385805840755,1.0647107369924282,0.6151856390902335,7.252053951852814,6.406879986069314,2.4392621835300936,43.699999999999996,338.2,19.55,3.799973501619523,5.826589903917748,1
POND,ASSAM,2020,25.0,6.300000000000001,7.449999999999999,45.0,1.9,0.8500000000000001,181.0,456.0,3.828641396489095,1.0647107369924282,0.6151856390902335,6.124683390894205,5.204006687076795,2.5099800796022267,47.5,85.5,21.250000000000004,3.8815637979434374,4.460144413937834,1
POND,ASSAM,2020,25.5,6.75,7.4,28.5,1.7,0.5,181.0,515.0,3.3843902633457743,0.9932517730102833,0.4054651081081644,6.246106765481563,5.204006687076795,2.598076211353316,43.35,48.449999999999996,12.75,3.7921127087555884,3.900962058068721,1
POND,ASSAM,2020,26.0,7.1,7.449999999999999,86.5,2.0999999999999996,1.0,456.0,900.0,4.471638793363569,1.1314021114911004,0.6931471805599453,6.803505257608338,6.124683390894205,2.6645825188948455,54.599999999999994,181.64999999999998,26.0,4.018183201256536,5.207571753241291,1
POND,ASSAM,2020,26.5,7.4,7.6,293.0,1.9,0.95,605.0,1360.0,5.683579767338681,1.0647107369924282,0.6678293725756554,7.215975002651466,6.406879986069314,2.7202941017470885,50.349999999999994,556.6999999999999,25.174999999999997,3.938664936374567,6.323821183395508,1
POND,ASSAM,2020,26.5,7.3,7.4,92.0,2.2,0.9500000000000001,366.0,1115.0,4.532599493153256,1.1631508098056809,0.6678293725756554,7.017506142941256,5.905361848054571,2.701851217221259,58.300000000000004,202.4,25.175,4.08260930600368,5.315174483614459,1
POND,ASSAM,2020,26.5,7.65,7.699999999999999,179.0,1.85,0.75,700.0,1710.0,5.19295685089021,1.0473189942805592,0.5596157879354227,7.444833273892193,6.55250788703459,2.7658633371878665,49.025000000000006,331.15000000000003,19.875,3.912522880469797,5.80558667411125,1
POND,ASSAM,2020,27.0,5.9,7.35,50.5,2.1,1.15,515.0,1360.0,3.9415818076696905,1.1314021114911006,0.7654678421395714,7.215975002651466,6.246106765481563,2.4289915602982237,56.7,106.05000000000001,31.049999999999997,4.055257173514054,4.6732960150356915,1
POND,ASSAM,2020,27.0,7.15,7.35,70.5,2.0,1.35,366.0,1150.0,4.269697449699962,1.0986122886681098,0.8544153281560676,7.048386408721883,5.905361848054571,2.6739483914241875,54.0,141.0,36.45,4.007333185232471,4.955827057601261,1
POND,ASSAM,2020,27.0,7.8,7.6,201.5,2.5,1.15,605.0,1365.0,5.310739886546594,1.252762968495368,0.7654678421395714,7.2196420401307355,6.406879986069314,2.792848008753788,67.5,503.75,31.049999999999997,4.22683374526818,6.224063257192947,1
POND,ASSAM,2020,25.0,7.9,7.3,312.0,2.4000000000000004,1.55,1115.0,2450.0,5.746203190540153,1.2237754316221159,0.9360933591703349,7.804251383528112,7.017506142941256,2.8106938645110393,60.00000000000001,748.8000000000001,38.75,4.110873864173311,6.6198065043018115,1
POND,ASSAM,2020,27.5,7.65,7.4,233.0,3.1,1.4,515.0,1410.0,5.455321115357702,1.410986973710262,0.8754687373538999,7.252053951852814,6.246106765481563,2.7658633371878665,85.25,722.3000000000001,38.5,4.457250055911469,6.583824073855235,1
POND,ASSAM,2020,27.0,8.45,7.25,61.0,1.9,0.8,456.0,1580.0,4.127134385045092,1.0647107369924282,0.5877866649021191,7.365812837209472,6.124683390894205,2.9068883707497264,51.3,115.89999999999999,21.6,3.9569963710708773,4.761318868478023,1
POND,ASSAM,2020,27.5,8.75,7.699999999999999,55.5,2.0,1.1,605.0,1600.0,4.034240638152395,1.0986122886681098,0.7419373447293773,7.3783837129967145,6.406879986069314,2.958039891549808,55.0,111.0,30.250000000000004,4.02535169073515,4.718498871295094,1
POND,ASSAM,2020,29.0,4.45,7.75,46.0,1.85,0.8500000000000001,510.0,1110.0,3.8501476017100584,1.0473189942805592,0.6151856390902335,7.01301578963963,6.236369590203704,2.1095023109728985,53.650000000000006,85.10000000000001,24.650000000000002,4.000949214622548,4.4555094114336855,1
POND,ASSAM,2020,28.5,4.449999999999999,7.45,59.5,2.0,0.75,456.0,1530.0,4.102643365036796,1.0986122886681098,0.5596157879354227,7.333676395657684,6.124683390894205,2.1095023109728985,57.0,119.0,21.375,4.060443010546419,4.787491742782046,1
POND,ASSAM,2020,28.5,4.9,7.45,84.5,2.0,0.8500000000000001,456.0,1415.0,4.448516375942715,1.0986122886681098,0.6151856390902335,7.255591274253665,6.124683390894205,2.2135943621178655,57.0,169.0,24.225,4.060443010546419,5.135798437050262,1
POND,ASSAM,2020,22.0,4.65,7.4,113.5,2.35,1.0,515.0,1150.0,4.740574822994295,1.208960345836975,0.6931471805599453,7.048386408721883,6.246106765481563,2.1563858652847827,51.7,266.725,22.0,3.9646154555473165,5.589960334286939,1
POND,ASSAM,2020,26.0,6.6,7.25,28.5,1.95,0.5,151.0,515.0,3.3843902633457743,1.0818051703517284,0.4054651081081644,6.246106765481563,5.0238805208462765,2.569046515733026,50.699999999999996,55.574999999999996,13.0,3.945457781514383,4.035567191519601,1
POND,ASSAM,2020,25.5,6.0,7.25,39.5,2.15,0.75,2.0,366.0,3.7013019741124933,1.1474024528375417,0.5596157879354227,5.905361848054571,1.0986122886681098,2.449489742783178,54.824999999999996,84.925,19.125,4.022221797726221,4.453474822735897,1
POND,ASSAM,2020,25.0,8.1,7.35,50.5,1.7999999999999998,0.75,605.0,1180.0,3.9415818076696905,1.0296194171811581,0.5596157879354227,7.074116816197362,6.406879986069314,2.8460498941515415,44.99999999999999,90.89999999999999,18.75,3.8286413964890946,4.520701029361641,1
POND,ASSAM,2020,25.0,6.6,7.300000000000001,79.0,2.0,1.15,181.0,701.0,4.382026634673881,1.0986122886681098,0.7654678421395714,6.553933404025811,5.204006687076795,2.569046515733026,50.0,158.0,28.749999999999996,3.9318256327243257,5.0689042022202315,1
POND,ASSAM,2020,24.0,4.6,6.85,164.0,2.15,0.95,605.0,1200.0,5.10594547390058,1.1474024528375417,0.6678293725756554,7.0909098220799835,6.406879986069314,2.1447610589527217,51.599999999999994,352.59999999999997,22.799999999999997,3.9627161197436642,5.868166330763488,1
POND,ASSAM,2020,27.5,7.25,7.35,404.0,2.45,1.3,730.0,2205.0,6.003887067106539,1.2383742310432684,0.832909122935104,7.698936199813447,6.594413459749778,2.692582403567252,67.375,989.8000000000001,35.75,4.225007260742145,6.898512697615205,1
POND,ASSAM,2020,25.5,6.8,7.35,28.5,2.2,0.85,151.0,515.0,3.3843902633457743,1.1631508098056809,0.6151856390902334,6.246106765481563,5.0238805208462765,2.6076809620810595,56.1,62.7,21.675,4.044804116661965,4.154184562578117,1
POND,ASSAM,2020,26.0,6.0,7.5,60.0,1.9,1.0,181.0,605.0,4.110873864173311,1.0647107369924282,0.6931471805599453,6.406879986069314,5.204006687076795,2.449489742783178,49.4,114.0,26.0,3.919991175077323,4.74493212836325,1
TANK,ASSAM,2020,25.0,6.949999999999999,7.15,28.5,1.7999999999999998,0.9,2.0,450.0,3.3843902633457743,1.0296194171811581,0.6418538861723948,6.111467339502679,1.0986122886681098,2.6362852652928135,44.99999999999999,51.3,22.5,3.8286413964890946,3.9569963710708773,1
LAKE,BIHAR,2020,26.0,9.75,8.15,234.0,3.75,0.155,80390.0,81350.0,5.459585514144159,1.55814461804655,0.14410034397375684,11.30652840513463,11.294657508602768,3.122498999199199,97.5,877.5,4.03,4.590056548178043,6.7782159076271515,1
LAKE,BIHAR,2020,23.5,10.35,8.5,838.5,13.9,0.52,14550.0,81650.0,6.732806476517595,2.7013612129514133,0.41871033485818504,11.31020934572104,9.585414998760278,3.2171415884290826,326.65000000000003,11655.15,12.22,5.791945965485506,9.363589216700953,1
LAKE,BIHAR,2020,25.5,10.35,8.35,694.0,10.149999999999999,0.395,28050.0,48300.0,6.543911845564792,2.4114394979061275,0.33289441527332897,10.785207543360087,10.24177956093926,3.2171415884290826,258.825,7044.099999999999,10.0725,5.560008327474486,8.860087618696198,1
POND,BIHAR,2020,22.0,7.95,8.05,719.0,3.1,3.085,88500.0,91000.0,6.579251212010101,1.410986973710262,1.4073217283119661,11.418625774449598,11.390769130367211,2.819574435974337,68.2,2228.9,67.87,4.237000862623624,7.709712020399357,1
POND,BIHAR,2020,22.5,10.0,8.05,462.5,5.5,0.53,80180.0,81650.0,6.13880638500591,1.8718021769015913,0.4252677354043441,11.31020934572104,11.292041858056864,3.1622776601683795,123.75,2543.75,11.925,4.826311734631628,7.841787692332449,1
LAKE,CHANDIGARH,2020,23.0,8.45,7.95,251.5,2.15,2.26,2728.5,40004.5,5.531411248715415,1.1474024528375417,1.1817271953786161,10.596772223643814,7.911873721221812,2.9068883707497264,49.449999999999996,540.725,51.98,3.9209827467996177,6.294758492605021,1
LAKE,CHHATTISGARH,2020,29.5,6.6,7.4,308.0,11.5,0.44,180.5,803.0,5.733341276897746,2.5257286443082556,0.3646431135879093,6.6895992691789665,5.201255653704905,2.569046515733026,339.25,3542.0,12.98,5.829680641531575,8.172729104865471,1
POND,CHHATTISGARH,2020,28.5,6.95,7.35,322.0,44.0,0.36,152.5,800.5,5.777652323222656,3.8066624897703196,0.3074846997479606,6.686484972049608,5.033700567027251,2.6362852652928135,1254.0,14168.0,10.26,7.134890851565884,9.558811758564227,1
LAKE,GOA,2020,29.0,7.3500000000000005,7.05,52.0,1.1,0.215,87.5,181.5,3.970291913552122,0.7419373447293773,0.1947440767925118,5.206750173022546,4.483002552013883,2.711088342345192,31.900000000000002,57.2,6.235,3.4934726577713264,4.063885354737392,1
LAKE,GOA,2020,29.5,6.75,6.6,57.0,0.6000000000000001,0.215,1700.0,3550.0,4.060443010546419,0.47000362924573563,0.1947440767925118,8.174984532943087,7.438971592395862,2.598076211353316,17.700000000000003,34.2,6.3425,2.928523523860541,3.5610460826040513,1
LAKE,GOA,2020,28.5,5.8,6.6,59.5,1.05,0.215,274.0,466.5,4.102643365036796,0.7178397931503169,0.1947440767925118,6.147399348728742,5.616771097666572,2.4083189157584592,29.925,62.475,6.1274999999999995,3.4315649182785517,4.1506461275907425,1
LAKE,GOA,2020,28.5,6.4,7.199999999999999,214.5,1.85,0.31,1395.0,2845.0,5.372960909543803,1.0473189942805592,0.27002713721306015,7.953669778649798,7.241366283322318,2.5298221281347035,52.725,396.82500000000005,8.834999999999999,3.983878442528574,5.986012210096248,1
LAKE,GOA,2020,28.0,6.2,7.3999999999999995,147.5,1.9000000000000001,2.4450000000000003,3100.0,5100.0,5.000584958242754,1.0647107369924285,1.236923904465622,8.537191877922927,8.03947991910045,2.4899799195977463,53.2,280.25,68.46000000000001,3.9926809084456005,5.63924395351863,1
LAKE,GOA,2020,29.0,4.949999999999999,7.15,267.0,2.55,1.6099999999999999,5150.0,7950.0,5.5909869805108565,1.2669476034873244,0.959350221334602,8.981052985901483,8.546946149565585,2.2248595461286986,73.94999999999999,680.8499999999999,46.69,4.316821224548606,6.524809692303843,1
LAKE,GOA,2020,28.0,5.1499999999999995,6.75,866.5,3.15,1.035,4050.0,5850.0,6.765615511821014,1.423108334242607,0.7104958188945583,8.674367865788236,8.30671904320269,2.269361143582043,88.2,2729.475,28.979999999999997,4.490881039585964,7.912230865718028,1
LAKE,GOA,2020,29.0,7.65,6.75,104.0,1.2,0.28,3300.0,5250.0,4.653960350157523,0.7884573603642702,0.2468600779315258,8.566173813637858,8.101980731853192,2.7658633371878665,34.8,124.8,8.120000000000001,3.5779478934066544,4.8346933442663405,1
LAKE,GUJARAT,2020,27.5,6.949999999999999,8.4,3071.5,11.4,0.24,44.0,262.0,8.03024684144019,2.517696472610991,0.2151113796169455,5.572154032177765,3.8066624897703196,2.6362852652928135,313.5,35015.1,6.6,5.750984076140496,10.463563234703985,1
LAKE,GUJARAT,2020,27.5,6.949999999999999,7.800000000000001,318.5,4.35,0.18,53.5,290.0,5.766757273817589,1.6770965609079151,0.16551443847757338,5.673323267171493,3.9982007016691985,2.6362852652928135,119.62499999999999,1385.475,4.95,4.79268655965915,7.234519833879929,1
LAKE,GUJARAT,2020,27.0,6.15,8.15,214.0,0.6000000000000001,0.37,11.0,68.5,5.3706380281276624,0.47000362924573563,0.31481073984003355,4.241326752570746,2.4849066497880004,2.479919353527449,16.200000000000003,128.4,9.99,2.8449093838194077,4.8629083820668,1
LAKE,GUJARAT,2020,27.0,4.449999999999999,7.85,1034.5,2.5999999999999996,0.45999999999999996,280.5,520.0,6.942639680835639,1.2809338454620642,0.37843643572024505,6.255750041753367,5.640132447579745,2.1095023109728985,70.19999999999999,2689.7,12.419999999999998,4.26549281841793,7.897556661792067,1
LAKE,GUJARAT,2020,27.0,6.85,7.699999999999999,2097.5,3.45,3.475,19.0,105.0,7.648978082773645,1.4929040961781488,1.4985063517268187,4.663439094112067,2.995732273553991,2.6172504656604803,93.15,7236.375,93.825,4.544889255103161,8.887013850574935,1
LAKE,GUJARAT,2020,25.0,4.45,7.75,905.0,1.7,0.30000000000000004,6.5,22.0,6.80903930604298,0.9932517730102833,0.26236426446749106,3.1354942159291497,2.0149030205422647,2.1095023109728985,42.5,1538.5,7.500000000000001,3.7727609380946383,7.339212967364555,1
LAKE,GUJARAT,2020,25.0,5.75,7.85,798.0,14.25,1.145,9.5,56.0,6.683360945766275,2.7245795030534206,0.7631395523799803,4.04305126783455,2.3513752571634776,2.3979157616563596,356.25,11371.5,28.625,5.878435816809977,9.33895343944416,1
LAKE,GUJARAT,2020,27.0,5.05,8.05,1214.0,3.1999999999999997,0.53,66.0,325.0,7.102499355774649,1.4350845252893225,0.4252677354043441,5.786897381366708,4.204692619390966,2.247220505424423,86.39999999999999,3884.7999999999997,14.31,4.470495282661489,8.265084161809012,1
LAKE,GUJARAT,2020,30.0,6.949999999999999,7.85,459.5,0.6000000000000001,0.195,21.5,51.5,6.132312855695361,0.47000362924573563,0.178146185383474,3.960813169597578,3.1135153092103742,2.6362852652928135,18.000000000000004,275.70000000000005,5.8500000000000005,2.9444389791664407,5.622933886792881,1
LAKE,GUJARAT,2020,28.0,7.050000000000001,7.7,2418.5,0.85,0.1,7.0,37.5,7.791316186233373,0.6151856390902334,0.09531017980432487,3.6506582412937387,2.0794415416798357,2.6551836094703507,23.8,2055.725,2.8000000000000003,3.2108436531709366,7.628870190876102,1
LAKE,GUJARAT,2020,27.5,5.75,7.800000000000001,1636.0,2.35,0.39,2.0,5.0,7.400620577371135,1.208960345836975,0.3293037471426004,1.791759469228055,1.0986122886681098,2.3979157616563596,64.625,3844.6000000000004,10.725,4.183956720911787,8.254684916579752,1
LAKE,GUJARAT,2020,27.0,6.300000000000001,7.45,1167.0,1.2,0.15500000000000003,2.0,2.0,7.0630481633881725,0.7884573603642702,0.14410034397375687,1.0986122886681098,1.0986122886681098,2.5099800796022267,32.4,1400.3999999999999,4.1850000000000005,3.5085558999826545,7.245227015936433,1
LAKE,GUJARAT,2020,26.0,5.199999999999999,7.699999999999999,472.5,1.6,0.4,53.0,217.0,6.160151912626133,0.9555114450274363,0.33647223662121295,5.384495062789089,3.9889840465642745,2.2803508501982757,41.6,756.0,10.4,3.751854253275325,6.6293632534374485,1
LAKE,GUJARAT,2020,29.0,6.5,7.35,533.0,1.85,0.13,4.5,14.0,6.280395838960195,1.0473189942805592,0.12221763272424921,2.70805020110221,1.7047480922384253,2.5495097567963922,53.650000000000006,986.0500000000001,3.77,4.000949214622548,6.894720696711677,1
LAKE,GUJARAT,2020,28.5,6.6,8.75,3429.5,15.0,0.18,283.0,520.0,8.140461302130946,2.772588722239781,0.16551443847757338,6.255750041753367,5.648974238161206,2.569046515733026,427.5,51442.5,5.13,6.060290738037835,10.848239397032314,1
LAKE,GUJARAT,2020,27.0,6.1,8.0,526.0,5.050000000000001,0.16999999999999998,905.0,1260.0,6.267200548541362,1.8000582720427503,0.15700374880966475,7.13966033596492,6.80903930604298,2.4698178070456938,136.35000000000002,2656.3,4.59,4.922532412541283,7.885065848682237,1
POND,GUJARAT,2020,28.0,7.15,7.7,3840.0,1.45,0.155,28.0,235.5,8.253488028345904,0.8960880245566356,0.14410034397375684,5.465948207931988,3.367295829986474,2.6739483914241875,40.6,5568.0,4.34,3.728100167267218,8.624970783589669,1
POND,GUJARAT,2020,29.0,6.300000000000001,7.8,2320.5,1.0,0.15500000000000003,19.0,43.0,7.749968807459976,0.6931471805599453,0.14410034397375687,3.784189633918261,2.995732273553991,2.5099800796022267,29.0,2320.5,4.495000000000001,3.4011973816621555,7.749968807459976,1
TANK,GUJARAT,2020,27.0,6.25,7.800000000000001,631.5,12.0,0.35000000000000003,87.0,239.0,6.4496802206016755,2.5649493574615367,0.3001045924503381,5.480638923341991,4.477336814478207,2.5,324.0,7578.0,9.450000000000001,5.783825182329737,8.93313654381203,1
LAKE,HARYANA,2020,21.0,8.75,7.65,1033.0,3.4000000000000004,1.1949999999999998,1100.0,5570.0,6.9411900550683745,1.4816045409242156,0.7861820465271346,8.625329850020815,7.00397413672268,2.958039891549808,71.4,3512.2000000000003,25.094999999999995,4.282206299391671,8.164282582042963,1
LAKE,HARYANA,2020,21.5,8.15,7.7,617.0,4.3999999999999995,1.6,13065.0,116630.0,6.42648845745769,1.6863989535702286,0.9555114450274363,11.666770383771635,9.477768715400696,2.8548204847240397,94.6,2714.7999999999997,34.4,4.560172820057356,7.906841848264694,1
POND,HARYANA,2020,26.5,8.35,7.7,980.0,4.85,1.2149999999999999,100.0,755.0,6.8885724595653635,1.766441661243765,0.7952524034970989,6.628041376179533,4.61512051684126,2.8896366553599777,128.52499999999998,4753.0,32.1975,4.863873912700852,8.46674164792014,1
LAKE,HIMACHAL PRADESH,2020,19.0,9.2,7.9,283.0,0.6000000000000001,1.745,101.5,600.0,5.648974238161206,0.47000362924573563,1.009781074961494,6.398594934535208,4.629862798578463,3.03315017762062,11.400000000000002,169.8,33.155,2.517696472610991,5.14049328135447,1
LAKE,HIMACHAL PRADESH,2020,20.5,8.85,7.35,242.0,0.6000000000000001,0.685,2.0,47.5,5.493061443340548,0.47000362924573563,0.521765563804325,3.8815637979434374,1.0986122886681098,2.9748949561287032,12.300000000000002,145.20000000000002,14.0425,2.5877640352277083,4.9849755473156785,1
LAKE,HIMACHAL PRADESH,2020,21.0,6.85,7.15,3303.5,1.4,0.62,22.5,104.0,8.103040454910508,0.8754687373538999,0.4824261492442927,4.653960350157523,3.1570004211501135,2.6172504656604803,29.4,4624.9,13.02,3.414442608412176,8.439426225610047,1
LAKE,HIMACHAL PRADESH,2020,20.0,7.6,7.6,174.0,5.3,0.87,199.5,975.0,5.1647859739235145,1.840549633397487,0.6259384308664953,6.883462586413092,5.300814246746624,2.756809750418044,106.0,922.1999999999999,17.4,4.672828834461906,6.827845895753835,1
LAKE,HIMACHAL PRADESH,2020,14.0,6.300000000000001,7.25,99.5,3.45,0.9249999999999999,11.0,136.0,4.61015772749913,1.4929040961781488,0.6549259677397475,4.919980925828125,2.4849066497880004,2.5099800796022267,48.300000000000004,343.27500000000003,12.95,3.8979240810486444,5.841440756613189,1
LAKE,KARNATAKA,2020,26.0,5.95,8.15,398.0,31.5,2.405,17470.0,122700.0,5.988961416889864,3.481240089335692,1.2252449396014757,11.717505780625043,9.768297642474444,2.4392621835300936,819.0,12537.0,62.529999999999994,6.709304340258298,9.436519311833914,1
LAKE,KARNATAKA,2020,25.5,4.05,7.85,639.0,4.4,4.95,765.0,3250.0,6.461468176353717,1.6863989535702288,1.7833912195575383,8.086717920303906,6.641182169740591,2.0124611797498106,112.2,2811.6000000000004,126.22500000000001,4.729156165769083,7.941864601436148,1
LAKE,KARNATAKA,2020,27.0,1.95,7.95,1783.0,13.1,6.065,3200.0,10700.0,7.486613313139955,2.6461747973841225,1.9551530161364907,9.278092474027002,8.071218539969863,1.396424004376894,353.7,23357.3,163.75500000000002,5.871272361779576,10.058707660321407,1
LAKE,KARNATAKA,2020,25.0,6.45,8.55,572.5,4.0,1.9,1140.0,5300.0,6.351757936569426,1.6094379124341003,1.0647107369924282,8.575650760987806,7.039660349862076,2.539685019840059,100.0,2290.0,47.5,4.61512051684126,7.736743682453495,1
LAKE,KARNATAKA,2020,26.5,1.85,7.800000000000001,949.0,11.3,3.5999999999999996,4200.0,11200.0,6.856461984594587,2.509599262378372,1.5260563034950492,9.32375833901174,8.343077871169383,1.3601470508735443,299.45000000000005,10723.7,95.39999999999999,5.705281350779937,9.280304771377022,1
LAKE,KARNATAKA,2020,26.0,1.5499999999999998,7.9,1043.5,12.8,5.25,4550.0,11700.0,6.95129358099662,2.624668592163159,1.8325814637483102,9.367429587218957,8.423102268016642,1.2449899597988732,332.8,13356.800000000001,136.5,5.810542011227735,9.499855762872253,1
LAKE,KARNATAKA,2020,26.0,5.25,8.15,941.0,5.5,5.5,1650.0,5900.0,6.848005274576363,1.8718021769015913,1.8718021769015913,8.682877107057168,7.409136443920128,2.29128784747792,143.0,5175.5,143.0,4.969813299576001,8.551884431206167,1
LAKE,KARNATAKA,2020,26.0,5.85,8.15,736.0,4.5,3.85,1505.0,5550.0,6.602587892189336,1.7047480922384253,1.5789787049493917,8.621733370690162,7.317212408359839,2.4186773244895647,117.0,3312.0,100.10000000000001,4.770684624465665,8.105609402299896,1
LAKE,KARNATAKA,2020,27.5,7.8,7.45,560.0,10.2,2.005,165850.0,1754600.0,6.329720905522696,2.4159137783010487,1.1002775679871708,14.377752038606726,12.01884507390179,2.792848008753788,280.5,5712.0,55.137499999999996,5.640132447579745,8.650499558724462,1
LAKE,KARNATAKA,2020,27.0,6.2,8.25,487.5,9.5,1.7550000000000001,7970.0,82700.0,6.191339471482838,2.3513752571634776,1.0134174426048779,11.322986972837104,8.983565234427923,2.4899799195977463,256.5,4631.25,47.385000000000005,5.551019720103791,8.440797990162524,1
LAKE,KARNATAKA,2020,26.0,7.4,8.0,410.0,14.0,1.625,107050.0,812000.0,6.018593214496234,2.70805020110221,0.965080896043587,13.60725685067015,11.581060635403437,2.7202941017470885,364.0,5740.0,42.25,5.8998973535824915,8.655388690167637,1
LAKE,KARNATAKA,2020,26.5,3.1,7.2,1818.0,19.0,28.25,47315.0,272700.0,7.506042178518122,2.995732273553991,3.3758795736778655,12.516131235860326,10.764603783665628,1.760681686165901,503.5,34542.0,748.625,6.223567839793664,10.449960203748262,1
LAKE,KARNATAKA,2020,27.0,5.5,7.6,1650.0,38.0,2.88,1052400.0,8003500.0,7.409136443920128,3.6635616461296463,1.355835153635182,15.895389628914218,13.86658477835687,2.345207879911715,1026.0,62700.0,77.75999999999999,6.934397209928558,11.046132675457146,1
LAKE,KARNATAKA,2020,27.0,4.95,7.45,1331.5,11.5,4.8,48650.0,282000.0,7.194812156039999,2.5257286443082556,1.7578579175523736,12.549665896013254,10.792427642387484,2.224859546128699,310.5,15312.25,129.6,5.741399338227508,9.636473745679458,1
LAKE,KARNATAKA,2020,26.5,5.25,7.15,958.5,9.2,4.36,37400.0,477500.0,6.8664123154477545,2.322387720290225,1.6789639750827108,13.076321533141567,10.529452721013085,2.29128784747792,243.79999999999998,8818.199999999999,115.54,5.500441550638171,9.08468644193923,1
LAKE,KARNATAKA,2020,25.0,6.1,6.6,1101.0,4.0,1.9,17000.0,92000.0,7.004881989712859,1.6094379124341003,1.0647107369924282,11.429554725537322,9.741027444837728,2.4698178070456938,100.0,4404.0,47.5,4.61512051684126,8.39049553837028,1
LAKE,KARNATAKA,2020,26.5,5.449999999999999,7.300000000000001,1049.0,5.85,2.575,55165.0,461750.0,6.956545443151569,1.9242486522741338,1.273965176145971,13.042781063733207,10.918102100465982,2.33452350598575,155.02499999999998,6136.65,68.23750000000001,5.050016250820106,8.72219721172266,1
LAKE,KARNATAKA,2020,26.5,4.9,7.2,1340.5,24.0,3.85,23395.0,179600.0,7.2015436698656785,3.2188758248682006,1.5789787049493917,12.098493002763465,10.060320346562916,2.2135943621178655,636.0,32172.0,102.025,6.456769655572163,10.37888287047015,1
LAKE,KARNATAKA,2020,27.0,5.2,7.25,1010.0,8.05,6.32,35170.0,461750.0,6.918695219020472,2.2027647577118348,1.9906103279732201,13.042781063733207,10.467977158387665,2.280350850198276,217.35000000000002,8130.500000000001,170.64000000000001,5.38609927993157,9.003500687368502,1
LAKE,KARNATAKA,2020,26.5,5.55,7.1,856.5,6.8,1.7,39920.0,274600.0,6.754021179040095,2.0541237336955462,0.9932517730102833,12.523074413969974,10.594657780211852,2.355843797877949,180.2,5824.2,45.05,5.199601393608879,8.669948612608426,1
LAKE,KARNATAKA,2020,27.0,7.8,7.2,925.0,11.3,1.955,60315.0,462700.0,6.8308742346461795,2.509599262378372,1.0834986508580615,13.044836336120333,11.007352687485687,2.792848008753788,305.1,10452.5,52.785000000000004,5.723911845951367,9.254692129546683,1
LAKE,KARNATAKA,2020,26.5,3.6,7.25,1061.5,13.5,2.1799999999999997,65315.0,462700.0,6.968379900798572,2.6741486494265287,1.1568811967920853,13.044836336120333,11.0869923082222,1.8973665961010275,357.75,14330.25,57.769999999999996,5.882625767073831,9.570197746606215,1
LAKE,KARNATAKA,2020,27.5,5.25,6.65,837.5,8.0,6.42,70230.0,462700.0,6.731614581263264,2.1972245773362196,2.004179057179289,13.044836336120333,11.159545087980925,2.29128784747792,220.0,6700.0,176.55,5.3981627015177525,8.81001204797317,1
LAKE,KARNATAKA,2020,26.5,4.45,6.85,440.0,8.5,3.145,700750.0,4608000.0,6.089044875446846,2.2512917986064953,1.4219027885872582,15.34330469837173,13.45990789606847,2.1095023109728985,225.25,3740.0,83.3425,5.421640582580036,8.227108234348146,1
LAKE,KARNATAKA,2020,28.0,4.05,8.100000000000001,931.0,23.0,4.11,600315.0,4602700.0,6.837332814685591,3.1780538303479458,1.631199404215613,15.342153863053216,13.305211462224737,2.0124611797498106,644.0,21413.0,115.08000000000001,6.4692503167957724,9.971800192718215,1
LAKE,KARNATAKA,2020,27.5,4.55,7.3,725.0,10.0,2.115,470850.0,2708000.0,6.587550014824796,2.3978952727983707,1.1362291522394166,14.811721282290453,13.06229697475458,2.1330729007701543,275.0,7250.0,58.16250000000001,5.62040086571715,8.888894669371593,1
LAKE,KARNATAKA,2020,25.0,5.3,6.9,1264.0,7.0,2.4,4600.0,35000.0,7.142827401161621,2.0794415416798357,1.2237754316221157,10.463131911491967,8.434028950155469,2.3021728866442674,175.0,8848.0,60.0,5.170483995038151,9.08805973726735,1
LAKE,KARNATAKA,2020,25.0,6.3,6.6,182.0,4.0,0.46,4100.0,24000.0,5.209486152841421,1.6094379124341003,0.3784364357202451,10.085850775128717,8.31898612539206,2.5099800796022267,100.0,728.0,11.5,4.61512051684126,6.591673732008658,1
LAKE,KARNATAKA,2020,25.5,6.2,7.8,804.5,5.5,3.3,6470.0,48700.0,6.691463202617029,1.8718021769015913,1.4586150226995167,10.793454842740767,8.775085935057266,2.4899799195977463,140.25,4424.75,84.14999999999999,4.9505313700265505,8.395195034605388,1
LAKE,KARNATAKA,2020,25.0,5.75,7.2,873.5,5.0,1.975,600195.0,4602700.0,6.773652294458657,1.791759469228055,1.0902440389975931,15.342153863053216,13.305011547521012,2.3979157616563596,125.0,4367.5,49.375,4.836281906951478,8.38217497973815,1
LAKE,KARNATAKA,2020,29.0,3.25,6.65,1177.0,21.0,5.43,20042.0,175460.0,7.071573364211532,3.091042453358316,1.860974538249528,12.07517207497082,9.905635244593586,1.8027756377319946,609.0,24717.0,157.47,6.413458957167357,10.11528700214968,1
LAKE,KARNATAKA,2020,27.0,7.5,8.45,793.0,5.5,2.285,710.0,1250.0,6.677083461247136,1.8718021769015913,1.189366651936574,7.1316985104669115,6.566672429803241,2.7386127875258306,148.5,4361.5,61.69500000000001,5.0072963928307415,8.380800566510683,1
LAKE,KARNATAKA,2020,24.0,7.6,8.25,386.0,2.85,2.1399999999999997,635.0,1250.0,5.958424693029782,1.3480731482996928,1.144222799920162,7.1316985104669115,6.455198563340122,2.756809750418044,68.4,1100.1000000000001,51.35999999999999,4.239886867512759,7.004064959119545,1
LAKE,KARNATAKA,2020,25.0,6.8,7.8500000000000005,657.5,3.8,0.84,64.5,454.0,6.489964521183336,1.5686159179138452,0.6097655716208943,6.12029741895095,4.182050142641207,2.6076809620810595,95.0,2498.5,21.0,4.564348191467836,7.823845990853625,1
LAKE,KARNATAKA,2020,30.0,3.5500000000000003,6.6,1565.0,72.5,8.435,601650.0,4612000.0,7.356279876550748,4.297285406218791,2.2444261788205138,15.344172377196735,13.30743282196083,1.8841443681416772,2175.0,113462.5,253.05,7.685243607975833,11.639236478280676,1
LAKE,KARNATAKA,2020,28.5,3.3,6.95,1186.5,19.65,6.2,42850.0,804600.0,7.079605535908796,3.027715319407042,1.9740810260220096,13.598101781350644,10.665484260976488,1.816590212458495,560.025,23314.725,176.70000000000002,6.32976546780964,10.056883304619989,1
LAKE,KARNATAKA,2020,30.0,3.25,7.35,939.0,17.0,7.86,230470.0,2702700.0,6.84587987526405,2.8903717578961645,2.1815467646169897,14.809762201307942,12.34788032005464,1.8027756377319946,510.0,15963.0,235.8,6.236369590203704,9.678091466168624,1
LAKE,KARNATAKA,2020,30.5,3.6,7.1,1741.0,20.5,7.15,75245.0,802700.0,7.462789157412448,3.068052935133617,2.0980179272527715,13.595737569914332,11.228518025052106,1.8973665961010275,625.25,35690.5,218.07500000000002,6.439749652399074,10.482667844180463,1
LAKE,KARNATAKA,2020,27.0,5.25,7.3999999999999995,624.5,6.0,7.17,17550.0,124600.0,6.438551329906966,1.9459101490553132,2.1004689088719113,11.732871910985468,9.77286620732769,2.29128784747792,162.0,3747.0,193.59,5.093750200806762,8.228977643358313,1
LAKE,KARNATAKA,2020,27.5,5.25,7.699999999999999,1084.0,19.0,10.215,850350.0,4602700.0,6.98933526597456,2.995732273553991,2.4172521679721717,15.342153863053216,13.653404484406227,2.29128784747792,522.5,20596.0,280.9125,6.260537030310592,9.932900713104477,1
LAKE,KARNATAKA,2020,28.5,3.1500000000000004,6.75,989.0,8.0,7.4,31850.0,272700.0,6.897704943128636,2.1972245773362196,2.128231705849268,12.516131235860326,10.368824057681683,1.7748239349298849,228.0,7912.0,210.9,5.43372200355424,8.976262255609193,1
LAKE,KARNATAKA,2020,28.0,5.300000000000001,7.05,606.0,9.0,3.04,85240.0,801750.0,6.408528791059498,2.302585092994046,1.3962446919730587,13.594553364826217,11.353237817725157,2.302172886644268,252.0,5454.0,85.12,5.53338948872752,8.604287898267172,1
LAKE,KARNATAKA,2020,28.0,3.9000000000000004,8.149999999999999,1048.5,17.0,3.385,26150.0,297000.0,6.956069139260688,2.8903717578961645,1.4781896258241463,12.601490784782536,10.171642709679686,1.97484176581315,476.0,17824.5,94.78,6.1675164908883415,9.788385295379973,1
LAKE,KARNATAKA,2020,26.5,4.8,6.949999999999999,991.0,7.0,1.7149999999999999,31740.0,271200.0,6.899723107284872,2.0794415416798357,0.9987919533858987,12.510615522357213,10.365364499570234,2.1908902300206643,185.5,6937.0,45.4475,5.2284312390838705,8.844768827529695,1
LAKE,KARNATAKA,2020,26.5,4.6,7.3999999999999995,960.5,10.0,1.99,247300.0,1217000.0,6.8684945650288345,2.3978952727983707,1.095273387402595,14.011900193662013,12.418361497172986,2.1447610589527217,265.0,9605.0,52.735,5.583496308781699,9.17014318222477,1
LAKE,KARNATAKA,2020,25.0,5.550000000000001,7.449999999999999,1143.5,6.5,1.6649999999999998,8740.0,81750.0,7.0427231393926215,2.0149030205422647,0.9802040576178077,11.311433321100587,9.075779878580487,2.3558437978779496,162.5,7432.75,41.62499999999999,5.096812990337308,8.913785721020803,1
LAKE,KARNATAKA,2020,26.0,5.699999999999999,6.6,607.5,9.0,3.955,77050.0,827000.0,6.410996912427582,2.302585092994046,1.6003971677819513,13.62556118319494,11.252222819249376,2.3874672772626644,234.0,5467.5,102.83,5.459585514144159,8.60675963477528,1
LAKE,KARNATAKA,2020,25.5,4.05,7.55,677.5,9.5,5.24,10850.0,82700.0,6.519884479274924,2.3513752571634776,1.8309801823813363,11.322986972837104,9.292012520620208,2.0124611797498106,242.25,6436.25,133.62,5.494089721066114,8.769856709266438,1
LAKE,KARNATAKA,2020,25.5,1.65,6.65,970.5,67.3,7.105,475500.0,2746000.0,6.878841268817495,4.223909766576744,2.0924811551876394,14.825656229476047,13.072124264014793,1.284523257866513,1716.1499999999999,65314.649999999994,181.1775,7.448421218759011,11.086986949643325,1
LAKE,KARNATAKA,2020,25.5,2.85,8.1,1019.0,21.75,6.25,49050.0,477500.0,6.927557906278317,3.1245651453969594,1.9810014688665833,13.076321533141567,10.800615852145526,1.6881943016134133,554.625,22163.25,159.375,6.320093606268169,10.006235909476054,1
LAKE,KARNATAKA,2020,27.0,6.9,7.3,954.0,8.6,1.7149999999999999,31730.0,271750.0,6.86171134048073,2.2617630984737906,0.9987919533858987,12.51264148482949,10.365049399996163,2.6267851073127395,232.2,8204.4,46.30499999999999,5.451896454476337,9.012547753097643,1
LAKE,KARNATAKA,2020,29.0,2.2,7.25,1245.0,13.5,9.0,58000.0,540000.0,7.1276936993473985,2.6741486494265287,2.302585092994046,13.199326270390594,10.968215530759236,1.4832396974191326,391.5,16807.5,261.0,5.972536537222463,9.729639989821553,1
LAKE,KARNATAKA,2020,26.5,3.4,7.15,930.0,8.0,5.35,167050.0,1762000.0,6.836259277277067,2.1972245773362196,1.8484548129046001,14.38196065301499,12.026054433998652,1.8439088914585775,212.0,7440.0,141.77499999999998,5.3612921657094255,8.914760527397261,1
LAKE,KARNATAKA,2020,26.5,2.55,7.1,1687.5,23.0,8.095,76650.0,817500.0,7.431595839825622,3.1780538303479458,2.2077248119700856,13.614007404994387,11.247017930529275,1.5968719422671311,609.5,38812.5,214.5175,6.414278293550759,10.566523403239255,1
LAKE,KARNATAKA,2020,26.0,4.8,7.55,1400.0,6.5,24.805,5730.0,47750.0,7.244941546337007,2.0149030205422647,3.2505682716006903,10.773755288097965,8.653645314551737,2.1908902300206643,169.0,9100.0,644.93,5.135798437050262,9.116139576577355,1
LAKE,KARNATAKA,2020,28.5,5.85,6.949999999999999,569.5,3.5,2.385,22100.0,274600.0,6.34651316930213,1.5040773967762742,1.2193539063642382,12.523074413969974,10.003378135350923,2.4186773244895647,99.75,1993.25,67.9725,4.612642200826793,7.598023318791239,1
LAKE,KARNATAKA,2020,26.0,4.55,7.1,1014.0,9.5,2.5949999999999998,350270.0,2704600.0,6.922643891475888,2.3513752571634776,1.27954399117301,14.81046495476177,12.766462419575342,2.1330729007701543,247.0,9633.0,67.47,5.5134287461649825,9.173053787190167,1
LAKE,KARNATAKA,2020,28.0,5.95,7.35,420.5,4.0,2.805,35600.0,179600.0,6.04381977744191,1.6094379124341003,1.3363159913136493,12.098493002763465,10.480129006333248,2.4392621835300936,112.0,1682.0,78.54,4.727387818712341,7.428333194190806,1
LAKE,KARNATAKA,2020,30.0,3.8,6.7,1807.5,29.5,4.609999999999999,47315.0,272700.0,7.500253051392153,3.417726683613366,1.7245507195346048,12.516131235860326,10.764603783665628,1.9493588689617927,885.0,53321.25,138.29999999999998,6.786716950605081,10.884108971451845,1
LAKE,KARNATAKA,2020,29.5,3.55,7.2,1190.0,20.5,10.695,600550.0,4608000.0,7.0825485693553,3.068052935133617,2.4591614000361424,15.34330469837173,13.305602846121538,1.8841443681416772,604.75,24395.0,315.5025,6.406467359696635,10.102174463416347,1
LAKE,KARNATAKA,2020,28.0,3.55,7.3,933.0,61.8,4.16,550395.0,4602700.0,6.839476438228843,4.139955073474153,1.6409365794934714,15.342153863053216,13.218393298133002,1.8841443681416772,1730.3999999999999,57659.399999999994,116.48,7.456685608781673,10.962325908386505,1
LAKE,KARNATAKA,2020,26.5,5.65,7.35,927.0,8.5,2.185,24230.0,176750.0,6.833031732786201,2.2512917986064953,1.1584522890241267,12.082497241451442,10.095388084110406,2.3769728648009427,225.25,7879.5,57.9025,5.421640582580036,8.972146632615596,1
LAKE,KARNATAKA,2020,27.0,5.15,7.35,720.5,10.7,6.9399999999999995,55850.0,804600.0,6.581332378213926,2.4595888418037104,2.0719132752590443,13.598101781350644,10.930442709440007,2.2693611435820435,288.9,7709.349999999999,187.38,5.66953603592761,8.95031886111717,1
LAKE,KARNATAKA,2020,26.5,7.3,7.15,666.0,17.1,1.8849999999999998,11895.0,179600.0,6.502790045915623,2.89591193827178,1.0595248999600628,12.098493002763465,9.383957488139991,2.701851217221259,453.15000000000003,11388.6,49.95249999999999,6.118427539948223,9.340455937299536,1
LAKE,KARNATAKA,2020,28.0,4.85,7.449999999999999,1032.5,10.0,6.0,4300.0,48700.0,6.940706379121823,2.3978952727983707,1.9459101490553132,10.793454842740767,8.366602832783736,2.202271554554524,280.0,10325.0,168.0,5.638354669333745,9.242420265439595,1
LAKE,KARNATAKA,2020,26.5,3.65,7.15,930.5,7.0,6.835,7600.0,50600.0,6.836796190041643,2.0794415416798357,2.058600875807984,10.831726617926124,8.936035096566041,1.91049731745428,185.5,6513.5,181.1275,5.2284312390838705,8.781785740642986,1
LAKE,KARNATAKA,2020,26.5,5.05,7.4,863.0,6.0,1.8900000000000001,70470.0,802700.0,6.761572768804055,1.9459101490553132,1.0612565021243408,13.595737569914332,11.162956556656031,2.247220505424423,159.0,5178.0,50.085,5.075173815233827,8.552367266423891,1
TANK,KARNATAKA,2020,24.0,7.0,7.8999999999999995,339.0,4.5,0.2,725.0,2550.0,5.8289456176102075,1.7047480922384253,0.18232155679395465,7.844240718141811,6.587550014824796,2.6457513110645907,108.0,1525.5,4.800000000000001,4.6913478822291435,7.330732812174933,1
TANK,KARNATAKA,2020,27.0,6.199999999999999,8.75,1976.0,27.5,0.675,17150.0,57000.0,7.589335823170617,3.349904087274605,0.5158131652770298,10.950824090522445,9.749811759932081,2.4899799195977463,742.5,54340.0,18.225,6.61136876590021,10.903034285460993,1
TANK,KARNATAKA,2020,24.0,7.0,8.3,399.5,5.0,0.2,840.0,2800.0,5.992713766508414,1.791759469228055,0.18232155679395465,7.937731775260109,6.734591659972948,2.6457513110645907,120.0,1997.5,4.800000000000001,4.795790545596741,7.600152178151379,1
TANK,KARNATAKA,2020,29.5,6.449999999999999,7.0,147.0,2.5,1.2850000000000001,801.0,803.5,4.997212273764115,1.252762968495368,0.8263660243461681,6.690220966432438,6.687108607866515,2.539685019840059,73.75,367.5,37.907500000000006,4.314149212270796,5.909440711629391,1
TANK,KARNATAKA,2020,23.5,5.6,7.800000000000001,710.0,5.1,3.25,1040.0,5300.0,6.566672429803241,1.8082887711792655,1.4469189829363254,8.575650760987806,6.947937068614969,2.3664319132398464,119.85,3620.9999999999995,76.375,4.794550107149492,8.19478163844336,1
TANK,KARNATAKA,2020,26.5,5.7,7.05,1074.0,6.0,2.315,470470.0,4602700.0,6.980075940561763,1.9459101490553132,1.1984576236378257,15.342153863053216,13.061489599551106,2.3874672772626644,159.0,6444.0,61.3475,5.075173815233827,8.771059915373288,1
TANK,KARNATAKA,2020,27.0,6.1,7.55,495.5,6.5,1.715,7115.0,81750.0,6.2075834834852275,2.0149030205422647,0.9987919533858988,11.311433321100587,8.870101048785726,2.4698178070456938,175.5,3220.75,46.305,5.173320876373351,8.0776799691685,1
TANK,KARNATAKA,2020,26.0,5.6,7.55,463.5,5.5,2.385,35115.0,271750.0,6.140961558253893,1.8718021769015913,1.2193539063642382,12.51264148482949,10.4664121460461,2.3664319132398464,143.0,2549.25,62.00999999999999,4.969813299576001,7.843946672562629,1
TANK,KARNATAKA,2020,26.5,3.4,7.15,947.5,22.5,2.29,107300.0,827000.0,6.854881789375069,3.1570004211501135,1.1908875647772805,13.62556118319494,11.583393248239855,1.8439088914585775,596.25,21318.75,60.685,6.392335786205919,9.967389152132231,1
TANK,KARNATAKA,2020,25.0,5.4,6.6,301.0,4.5,1.6500000000000001,75350.0,802700.0,5.71042701737487,1.7047480922384253,0.9745596399981309,13.595737569914332,11.22991247536671,2.32379000772445,112.5,1354.5,41.25,4.7318028369214575,7.21192566893872,1
TANK,KARNATAKA,2020,29.0,3.8000000000000003,7.0,964.0,16.5,2.66,85395.0,804600.0,6.872128101338986,2.8622008809294686,1.297463147413275,13.598101781350644,11.355054540272215,1.949358868961793,478.5,15906.0,77.14,6.172743894323493,9.674514542898361,1
TANK,KARNATAKA,2020,29.5,7.25,7.699999999999999,676.0,16.5,2.925,600350.0,4602700.0,6.517671272912275,2.8622008809294686,1.3673663512343717,15.342153863053216,13.305269763152488,2.692582403567252,486.75,11154.0,86.2875,6.189802979503221,9.319643106866632,1
TANK,KARNATAKA,2020,29.0,4.6,7.35,1059.5,12.0,3.45,24039.5,179600.0,6.966495774004737,2.5649493574615367,1.4929040961781488,12.098493002763465,10.087495187101739,2.1447610589527217,348.0,12714.0,100.05000000000001,5.855071922202427,9.45053767785622,1
TANK,KARNATAKA,2020,26.0,4.45,7.35,2447.0,26.0,9.21,750550.0,8004600.0,7.803026643632217,3.295836866004329,2.3233676321765744,15.895527059323111,13.528562882443707,2.1095023109728985,676.0,63622.0,239.46000000000004,6.517671272912275,11.060730319174084,1
TANK,KARNATAKA,2020,29.0,3.5,7.05,1034.0,27.0,6.93,240420.0,2704600.0,6.942156705699469,3.332204510175204,2.0706530356467567,14.81046495476177,12.390146832237333,1.8708286933869707,783.0,27918.0,200.97,6.664409020350408,10.237062739615967,1
TANK,KARNATAKA,2020,25.0,4.949999999999999,6.6,752.5,6.5,2.355,11650.0,73000.0,6.62472901806655,2.0149030205422647,1.210451770423645,11.19822841866684,9.36314729221994,2.2248595461286986,162.5,4891.25,58.875,5.096812990337308,8.495407599344315,1
TANK,KARNATAKA,2020,26.5,3.15,7.0,1312.5,27.5,15.2,47395.0,468000.0,7.180450609125595,3.349904087274605,2.785011242238338,13.056225711649638,10.76629311593663,1.7748239349298849,728.75,36093.75,402.79999999999995,6.592702009734224,10.493902704382217,1
TANK,KARNATAKA,2020,28.5,7.05,7.0,798.5,8.0,6.865,24350.0,177700.0,6.683986532274009,2.1972245773362196,2.0624225365102413,12.087857641588924,10.100328195429285,2.6551836094703507,228.0,6388.0,195.6525,5.43372200355424,8.762333040602343,1
TANK,KARNATAKA,2020,26.5,4.55,7.1,1249.0,22.0,4.115,702300.0,4617500.0,7.1308988302963465,3.1354942159291497,1.6321773994035897,15.345364207622914,13.46211736603902,2.1330729007701543,583.0,27478.0,109.0475,6.369900982828227,10.221177355572257,1
TANK,KARNATAKA,2020,26.5,4.1,7.2,1102.0,16.0,4.665,60200.0,461750.0,7.005789019253503,2.833213344056216,1.7343068944799696,13.042781063733207,11.005444242454628,2.0248456731316584,424.0,17632.0,123.6225,6.052089168924417,9.777527425407923,1
TANK,KARNATAKA,2020,27.5,5.75,7.4,1560.5,12.0,4.28,70230.0,461750.0,7.353402176723133,2.5649493574615367,1.6639260977181702,13.042781063733207,11.159545087980925,2.3979157616563596,330.0,18726.0,117.7,5.802118375377063,9.837721611760509,1
TANK,KARNATAKA,2020,28.0,4.15,7.8,935.5,18.5,4.0600000000000005,56650.0,817500.0,6.842149521884143,2.970414465569701,1.6213664832993744,13.614007404994387,10.944664918551014,2.0371548787463363,518.0,17306.75,113.68,6.251903883165888,9.758909657052799,1
TANK,KARNATAKA,2020,25.0,3.3,7.05,1571.0,40.5,3.3200000000000003,470315.0,2702700.0,7.360103972989152,3.7256934272366524,1.463255402256019,14.809762201307942,13.061160088192207,1.816590212458495,1012.5,63625.5,83.0,6.921164965892054,11.060785329213429,1
TANK,KARNATAKA,2020,29.5,5.4,7.15,1386.5,16.0,4.56,29290.0,464600.0,7.2352588456205895,2.833213344056216,1.715598108262491,13.048934251705282,10.285035580584145,2.32379000772445,472.0,22184.0,134.51999999999998,6.159095388491933,10.00717166381301,1
TANK,KARNATAKA,2020,29.5,5.15,7.1,1098.5,5.8,1.395,65230.0,462700.0,7.002610809994816,1.916922612182061,0.8733832308628786,13.044836336120333,11.085690095042095,2.2693611435820435,171.1,6371.3,41.1525,5.1480757032174935,8.759715750900948,1
TANK,KARNATAKA,2020,26.5,3.3,7.25,973.0,9.5,6.85,9650.0,97500.0,6.881411303642535,2.3513752571634776,2.060513531794317,11.487617913343598,9.174816815907135,1.816590212458495,251.75,9243.5,181.52499999999998,5.532400857900581,9.131784059070407,1
TANK,KARNATAKA,2020,25.5,3.7,7.05,1090.0,16.0,2.8600000000000003,70700.0,804600.0,6.994849985833071,2.833213344056216,1.3506671834767396,13.598101781350644,11.166214996056205,1.9235384061671346,408.0,17440.0,72.93,6.013715156042802,9.766579035268668,1
TANK,KARNATAKA,2020,27.5,5.5,7.25,312.5,5.5,1.56,5740.0,47750.0,5.7477993600729755,1.8718021769015913,0.9400072584914712,10.773755288097965,8.655388690167637,2.345207879911715,151.25,1718.75,42.9,5.025523906590006,7.4499342104061235,1
TANK,KARNATAKA,2020,27.0,4.8,7.05,1068.0,8.1,3.73,49300.0,477500.0,6.974478911025045,2.2082744135228043,1.5539252025038417,13.076321533141567,10.805699643800724,2.1908902300206643,218.7,8650.8,100.71,5.392262979390565,9.065522670763237,1
TANK,KARNATAKA,2020,30.0,4.15,7.85,423.0,32.0,3.14,471150.0,2717500.0,6.049733455231958,3.4965075614664802,1.420695787837223,14.815223265962715,13.062933916098956,2.0371548787463363,960.0,13536.0,94.2,6.8679744089702925,9.513181956185786,1
TANK,KARNATAKA,2020,29.5,4.0,7.3,696.0,43.5,3.095,230470.0,1754600.0,6.546785410760524,3.7954891891721947,1.409766717305033,14.377752038606726,12.34788032005464,2.0,1283.25,30276.0,91.30250000000001,7.157930169347377,10.318143627345878,1
TANK,KARNATAKA,2020,26.0,6.05,7.25,885.5,10.5,3.45,85230.0,802700.0,6.787281125514262,2.4423470353692043,1.4929040961781488,13.595737569914332,11.353120496405392,2.4596747752497685,273.0,9297.75,89.7,5.6131281063880705,9.137635261505551,1
TANK,KARNATAKA,2020,25.5,4.550000000000001,7.3999999999999995,583.5,9.5,1.75,23600.0,274600.0,6.3707567809121235,2.3513752571634776,1.0116009116784799,12.523074413969974,10.069044362997353,2.1330729007701543,242.25,5543.25,44.625,5.494089721066114,8.620516633648139,1
TANK,KARNATAKA,2020,28.5,5.4,7.3,274.0,7.0,2.145,5730.0,48700.0,5.616771097666572,2.0794415416798357,1.1458138901524038,10.793454842740767,8.653645314551737,2.32379000772445,199.5,1918.0,61.1325,5.300814246746624,7.5595594960077,1
TANK,KARNATAKA,2020,26.0,3.5,7.2,981.0,8.0,4.745,470230.0,2702700.0,6.889591308354466,2.1972245773362196,1.7483299113007191,14.809762201307942,13.060979342306608,1.8708286933869707,208.0,7848.0,123.37,5.342334251964811,8.968141414126814,1
TANK,KARNATAKA,2020,25.5,3.7,7.35,1322.5,12.55,10.75,35230.0,176750.0,7.188035021667156,2.60638654732571,2.463853240590168,12.082497241451442,10.469681655831673,1.9235384061671346,320.02500000000003,16597.375,274.125,5.771519001717338,9.717060077986677,1
TANK,KARNATAKA,2020,27.5,6.05,7.199999999999999,346.0,5.0,2.3600000000000003,7531.5,80270.0,5.849324779946859,1.791759469228055,1.211940973975113,11.293163689002427,8.926982271004457,2.4596747752497685,137.5,1730.0,64.9,4.930870325627393,7.456454555176209,1
TANK,KARNATAKA,2020,27.0,4.6,7.7,510.0,3.0,0.2,680.0,3900.0,6.236369590203704,1.3862943611198906,0.18232155679395465,8.268988209506656,6.523562306149512,2.1447610589527217,81.0,1530.0,5.4,4.406719247264253,7.333676395657684,1
TANK,KARNATAKA,2020,26.0,4.4,8.1,2335.0,6.0,1.0,805.0,6100.0,7.756195343948118,1.9459101490553132,0.6931471805599453,8.716207971151853,6.692083742506628,2.0976176963403033,156.0,14010.0,26.0,5.056245805348308,9.547598014371232,1
TANK,KARNATAKA,2020,26.0,3.9499999999999997,7.55,885.0,4.8,0.405,2160.0,12000.0,6.786716950605081,1.7578579175523736,0.3400373027857091,9.392745258631441,7.6783263565068856,1.987460691435179,124.8,4248.0,10.530000000000001,4.8346933442663405,8.354438940114811,1
TANK,KARNATAKA,2020,26.0,5.7,7.7,480.0,2.4,0.17,560.0,3650.0,6.175867270105761,1.2237754316221157,0.15700374880966478,8.202756381655638,6.329720905522696,2.3874672772626644,62.4,1152.0,4.42,4.14946386144318,7.050122520269059,1
TANK,KARNATAKA,2020,26.0,5.75,8.1,970.0,4.0,0.86,550.0,3200.0,6.878326468291325,1.6094379124341003,0.6205764877251099,8.071218539969863,6.311734809152915,2.3979157616563596,104.0,3880.0,22.36,4.653960350157523,8.263848131368906,1
TANK,KARNATAKA,2020,25.5,6.1,7.85,420.0,2.2,0.195,215.0,1650.0,6.042632833682381,1.1631508098056809,0.178146185383474,7.409136443920128,5.375278407684165,2.4698178070456938,56.1,924.0000000000001,4.9725,4.044804116661965,6.829793737512425,1
TANK,KARNATAKA,2020,25.0,5.8,7.9,535.0,2.5,0.22,370.0,2850.0,6.284134161070802,1.252762968495368,0.1988508587451652,7.955425088912672,5.916202062607435,2.4083189157584592,62.5,1337.5,5.5,4.151039905898646,7.199304862960407,1
TANK,KARNATAKA,2020,26.0,5.7,7.85,435.0,2.6,0.225,500.0,3100.0,6.077642243349034,1.2809338454620642,0.20294084399669032,8.03947991910045,6.2166061010848646,2.3874672772626644,67.60000000000001,1131.0,5.8500000000000005,4.22829253473184,7.0317412587631285,1
TANK,KARNATAKA,2020,25.5,5.699999999999999,7.949999999999999,545.0,2.6,0.235,550.0,2800.0,6.302618975744905,1.2809338454620642,0.2110709700799405,7.937731775260109,6.311734809152915,2.3874672772626644,66.3,1417.0,5.9925,4.209160236650682,7.257002707092073,1
TANK,KARNATAKA,2020,26.0,6.15,7.949999999999999,445.0,2.5,0.15000000000000002,265.0,1860.0,6.100318952020064,1.252762968495368,0.1397619423751587,7.528869256642251,5.583496308781699,2.479919353527449,65.0,1112.5,3.9000000000000004,4.189654742026425,7.015263486697422,1
TANK,KARNATAKA,2020,26.0,5.5,7.949999999999999,800.0,2.9,0.65,480.0,3550.0,6.68586094706836,1.3609765531356006,0.5007752879124893,8.174984532943087,6.175867270105761,2.345207879911715,75.39999999999999,2320.0,16.900000000000002,4.335982696172475,7.749753406274437,1
TANK,KARNATAKA,2020,25.5,5.7,7.75,600.0,2.5,0.195,350.0,2600.0,6.398594934535208,1.252762968495368,0.178146185383474,7.8636512654486515,5.860786223465865,2.3874672772626644,63.75,1500.0,4.9725,4.1705337005796475,7.313886831633462,1
TANK,KARNATAKA,2020,25.5,5.550000000000001,7.75,480.0,2.5,0.15000000000000002,330.0,2800.0,6.175867270105761,1.252762968495368,0.1397619423751587,7.937731775260109,5.802118375377063,2.3558437978779496,63.75,1200.0,3.8250000000000006,4.1705337005796475,7.0909098220799835,1
TANK,KARNATAKA,2020,25.5,5.6,7.65,400.0,2.4,0.19,405.0,2250.0,5.993961427306569,1.2237754316221157,0.17395330712343804,7.719129840906732,6.0063531596017325,2.3664319132398464,61.199999999999996,960.0,4.845,4.130354999745133,6.8679744089702925,1
TANK,KARNATAKA,2020,26.0,6.15,7.6,420.0,2.5,0.20500000000000002,305.0,2050.0,6.042632833682381,1.252762968495368,0.18647956694261833,7.62608275807238,5.723585101952381,2.479919353527449,65.0,1050.0,5.33,4.189654742026425,6.957497370876951,1
TANK,KARNATAKA,2020,26.5,5.3,7.7,440.0,2.5,0.20500000000000002,215.0,1250.0,6.089044875446846,1.252762968495368,0.18647956694261833,7.1316985104669115,5.375278407684165,2.3021728866442674,66.25,1100.0,5.4325,4.208417018481948,7.00397413672268,1
TANK,KARNATAKA,2020,26.0,3.8,7.85,1550.0,5.0,1.2000000000000002,775.0,5000.0,7.346655163176539,1.791759469228055,0.7884573603642703,8.517393171418904,6.654152520183219,1.9493588689617927,130.0,7750.0,31.200000000000003,4.875197323201151,8.955577146281511,1
TANK,KARNATAKA,2020,26.0,5.9,7.8,370.0,2.3,0.15000000000000002,260.0,1650.0,5.916202062607435,1.1939224684724346,0.1397619423751587,7.409136443920128,5.564520407322694,2.4289915602982237,59.8,850.9999999999999,3.9000000000000004,4.107589788972121,6.747586526829315,1
TANK,KARNATAKA,2020,26.0,6.15,7.75,350.0,2.4,0.21000000000000002,180.0,1310.0,5.860786223465865,1.2237754316221157,0.19062035960864976,7.1785454837637,5.198497031265826,2.479919353527449,62.4,840.0,5.460000000000001,4.14946386144318,6.734591659972948,1
TANK,KARNATAKA,2020,25.0,5.75,7.8999999999999995,320.0,2.3,0.14,190.0,1320.0,5.771441123130016,1.1939224684724346,0.13102826240640408,7.186144304522325,5.25227342804663,2.3979157616563596,57.49999999999999,736.0,3.5000000000000004,4.069026754237811,6.602587892189336,1
TANK,KARNATAKA,2020,28.5,7.1,8.2,1617.0,10.25,0.48,1450.0,6000.0,7.388946097618437,2.4203681286504293,0.3920420877760237,8.699681400989514,7.280008252884188,2.6645825188948455,292.125,16574.25,13.68,5.6805991392005435,9.715665897896576,1
TANK,KARNATAKA,2020,25.5,3.5,7.4,526.0,10.25,2.435,1350.0,2400.0,6.267200548541362,2.4203681286504293,1.2340169256743128,7.783640596221253,7.208600337960199,1.8708286933869707,261.375,5391.5,62.0925,5.569774778140797,8.592764378263311,1
TANK,KARNATAKA,2020,24.5,6.8,8.75,2530.0,3.35,2.885,910.0,1600.0,7.836369760545124,1.4701758451005926,1.3571229838196106,7.3783837129967145,6.814542897259958,2.6076809620810595,82.075,8475.5,70.68249999999999,4.419743814240658,9.045052907738008,1
TANK,KARNATAKA,2020,24.5,5.45,7.2,1201.5,6.45,1.435,128.5,488.0,7.092158001979916,2.0082140323914683,0.8899467565345531,6.192362489474872,4.863680881139593,2.3345235059857505,158.025,7749.675,35.1575,5.069061422564868,8.955535215328883,1
TANK,KARNATAKA,2020,24.0,7.5,7.8500000000000005,405.0,3.5,0.535,92.5,471.5,6.0063531596017325,1.5040773967762742,0.4285303810391605,6.158037746933798,4.537961436294641,2.7386127875258306,84.0,1417.5,12.84,4.442651256490317,7.257355254248906,1
TANK,KARNATAKA,2020,25.0,7.5,7.95,602.0,2.9000000000000004,0.5449999999999999,20.5,93.0,6.401917196727186,1.3609765531356008,0.4350239103497087,4.543294782270004,3.068052935133617,2.7386127875258306,72.50000000000001,1745.8000000000002,13.624999999999998,4.2972854062187915,7.465540821611406,1
TANK,KARNATAKA,2020,25.0,7.0,7.75,711.5,3.7,0.57,50.5,170.5,6.568779912142806,1.547562508716013,0.4510756193602166,5.144583266605995,3.9415818076696905,2.6457513110645907,92.5,2632.55,14.249999999999998,4.537961436294641,7.876088024883328,1
TANK,KARNATAKA,2020,24.0,7.1,7.75,860.0,3.45,0.61,26.5,635.0,6.7580945044277305,1.4929040961781488,0.4762341789963716,6.455198563340122,3.3141860046725258,2.6645825188948455,82.80000000000001,2967.0,14.64,4.428433007488038,7.995643604287271,1
TANK,KARNATAKA,2020,24.0,6.75,7.699999999999999,931.0,3.8,0.71,30.0,90.5,6.837332814685591,1.5686159179138452,0.5364933705145685,4.516338972281476,3.4339872044851463,2.598076211353316,91.19999999999999,3537.7999999999997,17.04,4.523960130562548,8.17154296560923,1
TANK,KARNATAKA,2020,25.0,7.199999999999999,7.8500000000000005,892.0,3.9,0.915,133.0,567.5,6.794586580876499,1.589235205116581,0.6497176226326093,6.343001313190591,4.897839799950911,2.6832815729997477,97.5,3478.7999999999997,22.875,4.590056548178043,8.154730099852616,1
TANK,KARNATAKA,2020,27.5,7.15,7.6,190.0,2.15,0.65,370.0,850.0,5.25227342804663,1.1474024528375417,0.5007752879124893,6.7464121285733745,5.916202062607435,2.6739483914241875,59.125,408.5,17.875,4.096425728425925,6.014936903293124,1
TANK,KARNATAKA,2020,27.0,5.65,7.699999999999999,209.0,3.5,3.1,7800.0,80450.0,5.3471075307174685,1.5040773967762742,1.410986973710262,11.295403582424072,8.962007209588313,2.3769728648009427,94.5,731.5,83.7,4.5591262474866845,6.596463340891223,1
TANK,KARNATAKA,2020,28.0,6.1,7.6000000000000005,695.0,9.7,11.75,8000.0,14500.0,6.54534966033442,2.3702437414678603,2.545531271604435,9.581972891547895,8.987321812850125,2.4698178070456938,271.59999999999997,6741.499999999999,329.0,5.6080055192624325,8.816186055013885,1
TANK,KARNATAKA,2020,29.5,7.3,7.6499999999999995,221.0,2.7,0.6,700.0,1800.0,5.402677381872279,1.308332819650179,0.4700036292457356,7.496097345175956,6.55250788703459,2.701851217221259,79.65,596.7,17.7,4.390118804571218,6.393088955830208,1
TANK,KARNATAKA,2020,28.5,6.0,7.65,429.0,3.4,0.5,1150.0,2500.0,6.063785208687608,1.4816045409242156,0.4054651081081644,7.824445930877619,7.048386408721883,2.449489742783178,96.89999999999999,1458.6,14.25,4.583946549536464,7.2859177045622925,1
TANK,KARNATAKA,2020,27.0,4.550000000000001,8.35,1205.0,53.3,2.3,95000.0,165000.0,7.095064377287131,3.9945242269398897,1.1939224684724346,12.013706813470414,11.461642696843066,2.1330729007701543,1439.1,64226.5,62.099999999999994,7.2724678346033365,11.070186746872505,1
TANK,KARNATAKA,2020,28.0,5.5,7.7,805.0,18.4,17.65,22500.0,34000.0,6.692083742506628,2.9652730660692823,2.9258461460898246,10.434145214930487,10.021315031649332,2.345207879911715,515.1999999999999,14811.999999999998,494.19999999999993,6.246494287284514,9.603260452582052,1
TANK,KARNATAKA,2020,28.0,6.95,8.35,1765.5,12.5,0.21000000000000002,6700.0,26100.0,7.4767554667992,2.6026896854443837,0.19062035960864976,10.169728906753061,8.81001204797317,2.6362852652928135,350.0,22068.75,5.880000000000001,5.860786223465865,10.001963171592605,1
TANK,KARNATAKA,2020,25.0,7.4,7.15,172.5,2.45,0.46499999999999997,15.0,54.0,5.156177599386914,1.2383742310432684,0.3818552424690306,4.007333185232471,2.772588722239781,2.7202941017470885,61.25000000000001,422.62500000000006,11.625,4.1311585353448175,6.048848629927216,1
TANK,KARNATAKA,2020,25.5,5.2,7.75,1074.0,6.5,9.344999999999999,8700.0,47200.0,6.980075940561763,2.0149030205422647,2.3365033111975064,10.762170357789895,9.071193240566025,2.280350850198276,165.75,6981.0,238.29749999999996,5.1164956847957335,8.851090687664982,1
TANK,KARNATAKA,2020,25.5,3.45,7.85,1111.5,11.0,9.610000000000001,7815.0,82700.0,7.014365014040395,2.4849066497880004,2.361796952625892,11.322986972837104,8.96392819372262,1.857417562100671,280.5,12226.5,245.05500000000004,5.640132447579745,9.411442792413512,1
TANK,KARNATAKA,2020,31.0,3.1999999999999997,6.95,904.5,59.0,6.38,600395.0,4604600.0,6.808487277323468,4.0943445622221,1.998773638612381,15.342566578966514,13.305344716494067,1.7888543819998317,1829.0,53365.5,197.78,7.512071245835466,10.884938487263724,1
TANK,KARNATAKA,2020,29.0,3.8,6.949999999999999,1299.0,8.0,5.83,6730.0,82700.0,7.170119543449628,2.1972245773362196,1.9213246735826988,11.322986972837104,8.814479000010714,1.9493588689617927,232.0,10392.0,169.07,5.4510384535657,9.248887781588422,1
TANK,KARNATAKA,2020,27.0,4.5,6.8,549.5,7.25,2.25,8815.0,48700.0,6.310826956162734,2.1102132003465894,1.1786549963416462,10.793454842740767,9.084323531392696,2.1213203435596424,195.75,3983.875,60.75,5.281933887297512,8.290261223103734,1
TANK,KARNATAKA,2020,22.5,2.9,7.3,1525.5,26.5,3.7300000000000004,85420.0,802700.0,7.330732812174933,3.3141860046725258,1.5539252025038417,13.595737569914332,11.355347251187153,1.70293863659264,596.25,40425.75,83.92500000000001,6.392335786205919,10.60724697355161,1
TANK,KARNATAKA,2020,22.5,5.55,7.65,1266.0,11.5,5.405,55750.0,468000.0,7.144407180321139,2.5257286443082556,1.8570789353486976,13.056225711649638,10.928650626381225,2.355843797877949,258.75,14559.0,121.61250000000001,5.5597196299793366,9.586033321750676,1
TANK,KARNATAKA,2020,23.0,3.5,7.35,1762.0,23.0,7.63,55470.0,802700.0,7.47477218239787,3.1780538303479458,2.1552445050953364,13.595737569914332,10.923615640649537,1.8708286933869707,529.0,40526.0,175.49,6.272877006546167,10.609723697637792,1
TANK,KARNATAKA,2020,25.0,3.4,6.85,1191.5,8.0,2.5,3750.0,31600.0,7.083807222762497,2.1972245773362196,1.252762968495368,10.360944044643913,8.229777750081887,1.8439088914585775,200.0,9532.0,62.5,5.303304908059076,9.162514742493578,1
LAKE,KERALA,2020,27.5,1.75,7.0,358.0,6.25,0.06,600.0,1850.0,5.883322388488279,1.9810014688665833,0.05826890812397577,7.523481312573497,6.398594934535208,1.3228756555322954,171.875,2237.5,1.65,5.152568789984922,7.71356127768102,1
LAKE,KERALA,2020,22.5,7.15,7.35,157.0,1.9500000000000002,0.7,70.0,280.0,5.062595033026967,1.0818051703517284,0.5306282510621704,5.638354669333745,4.2626798770413155,2.6739483914241875,43.87500000000001,306.15000000000003,15.749999999999998,3.8038808468084433,5.727336227609936,1
LAKE,KERALA,2020,25.5,7.550000000000001,7.25,42.5,0.6000000000000001,0.030000000000000002,201.0,301.0,3.7727609380946383,0.47000362924573563,0.029558802241544405,5.71042701737487,5.308267697401205,2.7477263328068173,15.300000000000002,25.500000000000004,0.765,2.791165107812717,3.2771447329921766,1
LAKE,KERALA,2020,28.0,5.9,7.4,671.5,2.95,0.39,750.0,1400.0,6.511002111475994,1.3737155789130306,0.3293037471426004,7.244941546337007,6.621405651764134,2.4289915602982237,82.60000000000001,1980.9250000000002,10.92,4.426043520090656,7.591823873608876,1
LAKE,KERALA,2020,27.0,7.65,7.2,28.5,0.8500000000000001,0.055,62.0,82.0,3.3843902633457743,0.6151856390902335,0.05354076692802982,4.418840607796598,4.143134726391533,2.7658633371878665,22.950000000000003,24.225,1.485,3.1759683238569245,3.2278355662396727,1
LAKE,KERALA,2020,28.0,6.35,7.1,765.5,2.45,0.125,201.0,351.0,6.641834698311869,1.2383742310432684,0.11778303565638346,5.863631175598097,5.308267697401205,2.5199206336708304,68.60000000000001,1875.4750000000001,3.5,4.242764567340374,7.537150295811135,1
LAKE,KERALA,2020,27.0,7.3,7.1,56.0,0.75,0.034999999999999996,90.0,330.0,4.04305126783455,0.5596157879354227,0.034401426717332394,5.802118375377063,4.51085950651685,2.701851217221259,20.25,42.0,0.945,3.056356895370426,3.7612001156935624,1
LAKE,KERALA,2020,25.5,7.35,7.25,109.5,0.65,0.74,301.0,461.0,4.705015520957808,0.5007752879124893,0.5538851132264376,6.135564891081739,5.71042701737487,2.711088342345192,16.575,71.175,18.87,2.8664774376967284,4.279093725548999,1
LAKE,KERALA,2020,26.5,7.95,6.85,35.5,1.1,0.5,1120.0,3529.0,3.597312260588446,0.7419373447293773,0.4054651081081644,8.169053149927343,7.02197642307216,2.819574435974337,29.150000000000002,39.050000000000004,13.25,3.4061849231731944,3.6901286735143684,1
LAKE,KERALA,2020,27.0,7.8,7.050000000000001,28.5,0.9500000000000001,0.065,75.0,173.5,3.3843902633457743,0.6678293725756554,0.06297479916138844,5.161924741642482,4.330733340286331,2.792848008753788,25.650000000000002,27.075000000000003,1.7550000000000001,3.282789150611854,3.334879500624507,1
LAKE,KERALA,2020,27.5,4.3500000000000005,6.6,157.0,7.3,0.025,250.0,900.0,5.062595033026967,2.1162555148025524,0.0246926125903715,6.803505257608338,5.5254529391317835,2.0856653614614213,200.75,1146.1,0.6875,5.307029307150058,7.044992297287222,1
POND,KERALA,2020,27.5,2.8000000000000003,7.5,313.5,15.0,0.025,700.0,2250.0,5.750984076140496,2.772588722239781,0.0246926125903715,7.719129840906732,6.55250788703459,1.6733200530681511,412.5,4702.5,0.6875,6.024657514463746,8.456062191412006,1
POND,KERALA,2020,26.0,6.85,7.3,62.0,0.6000000000000001,0.195,475.5,627.0,4.143134726391533,0.47000362924573563,0.178146185383474,6.4425401664681985,6.166467723094256,2.6172504656604803,15.600000000000001,37.2,5.07,2.8094026953624978,3.6428355156125294,1
LAKE,MADHYA PRADESH,2020,25.0,8.35,8.05,538.0,1.7,2.365,181.0,11020.0,6.289715570908998,0.9932517730102833,1.213427963096691,9.307557822691543,5.204006687076795,2.8896366553599777,42.5,914.6,59.12500000000001,3.7727609380946383,6.819579588078412,1
LAKE,MADHYA PRADESH,2020,25.0,6.8,7.75,624.0,10.95,3.8800000000000003,11019.5,800460.0,6.437751649736401,2.4807312783775197,1.585145219865056,13.59294309068179,9.307512453728442,2.6076809620810595,273.75,6832.799999999999,97.00000000000001,5.61586159328373,8.829636166809477,1
LAKE,MADHYA PRADESH,2020,29.5,7.15,7.8,715.5,6.5,2.4000000000000004,5.0,44.5,6.574378247268227,2.0149030205422647,1.2237754316221159,3.817712325956905,1.791759469228055,2.6739483914241875,191.75,4650.75,70.80000000000001,5.261394012443439,8.44499877186775,1
LAKE,MADHYA PRADESH,2020,20.5,7.7,7.7,321.0,1.3,0.775,2.0,28.5,5.7745515455444085,0.832909122935104,0.5738004229273792,3.3843902633457743,1.0986122886681098,2.7748873851023217,26.650000000000002,417.3,15.887500000000001,3.319625727968344,6.036198878448153,1
LAKE,MADHYA PRADESH,2020,23.0,6.75,7.9,524.0,2.35,0.76,4.5,71.0,6.263398262591624,1.208960345836975,0.5653138090500605,4.276666119016055,1.7047480922384253,2.598076211353316,54.050000000000004,1231.4,17.48,4.008241863168689,7.116718766722513,1
LAKE,MADHYA PRADESH,2020,22.5,7.3999999999999995,7.75,554.5,1.25,1.105,1.0,75.5,6.319868609079685,0.8109302162163288,0.7443154671343447,4.33729074083249,0.6931471805599453,2.7202941017470885,28.125,693.125,24.8625,3.371596911885865,6.542652059561771,1
LAKE,MADHYA PRADESH,2020,22.0,7.05,8.1,726.5,1.25,1.19,1.0,99.5,6.589613999045648,0.8109302162163288,0.7839015438284094,4.61015772749913,0.6931471805599453,2.6551836094703507,27.5,908.125,26.18,3.349904087274605,6.812482598474705,1
LAKE,MADHYA PRADESH,2020,20.5,7.6,7.85,461.0,1.2,0.845,1.0,76.5,6.135564891081739,0.7884573603642702,0.6124792774924905,4.350277936359301,0.6931471805599453,2.756809750418044,24.599999999999998,553.1999999999999,17.322499999999998,3.242592351485517,6.317525632428878,1
LAKE,MADHYA PRADESH,2020,21.5,6.9,7.75,378.5,1.1,0.9950000000000001,1.5,51.0,5.938854596835685,0.7419373447293773,0.6906440503418269,3.9512437185814275,0.9162907318741551,2.6267851073127395,23.650000000000002,416.35,21.392500000000002,3.204776900488699,6.033925198296746,1
LAKE,MADHYA PRADESH,2020,25.0,7.45,7.6,295.5,1.35,0.42500000000000004,10.0,40.5,5.69204721843778,0.8544153281560676,0.3541718137206139,3.7256934272366524,2.3978952727983707,2.7294688127912363,33.75,398.925,10.625000000000002,3.548179572010801,5.99127702952766,1
LAKE,MADHYA PRADESH,2020,25.0,8.100000000000001,7.800000000000001,589.5,10.6,8.48,17505.0,800270.0,6.380969635637417,2.451005098112319,2.2491843162669305,13.592705699287237,9.770298958292383,2.8460498941515415,265.0,6248.7,212.0,5.583496308781699,8.74028874157841,1
LAKE,MADHYA PRADESH,2020,25.5,9.15,8.15,497.5,1.05,2.4850000000000003,801.0,14017.0,6.211603589401893,0.7178397931503169,1.2484680442124874,9.54809749706027,6.687108607866515,3.024896692450835,26.775000000000002,522.375,63.36750000000001,3.3241363355256937,6.260298224339308,1
LAKE,MADHYA PRADESH,2020,25.5,9.600000000000001,7.949999999999999,532.5,2.55,2.385,1201.0,21523.5,6.279459070741808,1.2669476034873244,1.2193539063642382,9.976947100222421,7.091742115095153,3.0983866769659336,65.02499999999999,1357.875,60.817499999999995,4.190033458183196,7.214412430524164,1
LAKE,MADHYA PRADESH,2020,25.0,9.05,8.05,551.0,2.4,4.38,8501.0,46023.0,6.313548046277095,1.2237754316221157,1.682688374173693,10.73691827854313,9.048056708918736,3.0083217912982647,60.0,1322.3999999999999,109.5,4.110873864173311,7.187959461577959,1
LAKE,MADHYA PRADESH,2020,26.0,6.55,7.7,534.5,1.4000000000000001,2.26,43.0,8510.5,6.283200889887803,0.8754687373539,1.1817271953786161,9.049173469254626,3.784189633918261,2.5592967784139455,36.400000000000006,748.3000000000001,58.75999999999999,3.6216707044204863,6.619139437370265,1
LAKE,MADHYA PRADESH,2020,29.0,8.8,8.0,374.5,1.95,0.735,2.0,45.5,5.928258471204189,1.0818051703517284,0.5510074133988225,3.8394523125933104,1.0986122886681098,2.9664793948382653,56.55,730.275,21.315,4.0526541351678915,6.594789585995857,1
LAKE,MADHYA PRADESH,2020,19.0,7.4,7.550000000000001,438.0,1.5,1.05,2.5,38.0,6.0844994130751715,0.9162907318741551,0.7178397931503169,3.6635616461296463,1.252762968495368,2.7202941017470885,28.5,657.0,19.95,3.3843902633457743,6.489204931325317,1
LAKE,MADHYA PRADESH,2020,22.5,7.3,7.75,464.5,1.35,1.275,1.0,47.5,6.143112096717122,0.8544153281560676,0.8219800524029137,3.8815637979434374,0.6931471805599453,2.701851217221259,30.375000000000004,627.075,28.687499999999996,3.446011397451948,6.442659586088984,1
LAKE,MADHYA PRADESH,2020,20.0,7.0,7.699999999999999,511.0,3.3,1.175,36.0,808.5,6.238324625039508,1.4586150226995167,0.7770286645406475,6.69641677311769,3.6109179126442243,2.6457513110645907,66.0,1686.3,23.5,4.204692619390966,7.430884897204292,1
LAKE,MADHYA PRADESH,2020,20.0,6.65,7.35,545.5,5.15,0.8600000000000001,86.0,805.5,6.3035343076165935,1.8164520818184267,0.62057648772511,6.692703897565264,4.465908118654584,2.5787593916455256,103.0,2809.3250000000003,17.200000000000003,4.6443908991413725,7.941055414002868,1
LAKE,MADHYA PRADESH,2020,25.0,7.15,7.449999999999999,231.0,1.3,0.09000000000000001,2.0,14.5,5.44673737166631,0.832909122935104,0.08617769624105234,2.740840023925201,1.0986122886681098,2.6739483914241875,32.5,300.3,2.2500000000000004,3.5115454388310208,5.708106446136256,1
POND,MADHYA PRADESH,2020,23.0,7.1,7.6,421.5,2.6,1.0,19.0,89.5,6.046189446797229,1.2809338454620642,0.6931471805599453,4.505349850705881,2.995732273553991,2.6645825188948455,59.800000000000004,1095.9,23.0,4.107589788972121,7.000243298417288,1
POND,MADHYA PRADESH,2020,25.0,7.4,7.699999999999999,516.0,1.8,0.6499999999999999,2.0,44.5,6.248042874508429,1.0296194171811581,0.5007752879124892,3.817712325956905,1.0986122886681098,2.7202941017470885,45.0,928.8000000000001,16.249999999999996,3.828641396489095,6.834969509256484,1
POND,MADHYA PRADESH,2020,20.0,6.9,7.6,433.5,2.8,1.06,60.5,278.5,6.074195944705447,1.33500106673234,0.7227059828014898,5.633002292595154,4.119037174812473,2.6267851073127395,56.0,1213.8,21.200000000000003,4.04305126783455,7.102334733171594,1
POND,MADHYA PRADESH,2020,21.0,6.3,7.5,583.5,3.05,1.6600000000000001,111.0,810.0,6.3707567809121235,1.3987168811184478,0.9783261227936078,6.698268054115413,4.718498871295094,2.5099800796022267,64.05,1779.675,34.86,4.1751562049585145,7.484747784886016,1
POND,MADHYA PRADESH,2020,22.5,6.85,7.6499999999999995,373.5,2.5500000000000003,0.805,14.5,273.5,5.925591802957274,1.2669476034873246,0.5905605917848442,5.614951260949585,2.740840023925201,2.6172504656604803,57.37500000000001,952.4250000000001,18.1125,4.066887715989061,6.860060764369457,1
POND,MADHYA PRADESH,2020,20.5,7.65,8.0,500.0,1.35,1.425,1.0,94.0,6.2166061010848646,0.8544153281560676,0.8858315243894466,4.553876891600541,0.6931471805599453,2.7658633371878665,27.675,675.0,29.212500000000002,3.3560256630154344,6.516193076042964,1
POND,MADHYA PRADESH,2020,25.5,7.05,7.65,407.0,1.2999999999999998,0.495,10.0,37.5,6.0112671744041615,0.8329091229351039,0.40212620684264977,3.6506582412937387,2.3978952727983707,2.6551836094703507,33.15,529.0999999999999,12.6225,3.530762586016799,6.273065667993761,1
POND,MADHYA PRADESH,2020,20.5,6.6,7.949999999999999,504.5,2.5500000000000003,0.6100000000000001,141.0,812.5,6.225548038460526,1.2669476034873246,0.4762341789963717,6.7013459266590925,4.955827057601261,2.569046515733026,52.275000000000006,1286.4750000000001,12.505000000000003,3.975467177984681,7.160438214873642,1
POND,MADHYA PRADESH,2020,21.5,7.1,7.65,2965.0,2.45,0.89,6.5,463.5,7.994969522697877,1.2383742310432684,0.636576829071551,6.140961558253893,2.0149030205422647,2.6645825188948455,52.675000000000004,7264.250000000001,19.135,3.982947343764845,8.890857986974604,1
POND,MADHYA PRADESH,2020,22.5,6.9,8.2,413.5,1.1,1.385,1.0,47.0,6.02707297457535,0.7419373447293773,0.8691991243403046,3.871201010907891,0.6931471805599453,2.6267851073127395,24.750000000000004,454.85,31.1625,3.2484346271097455,6.122163808030912,1
POND,MADHYA PRADESH,2020,21.5,7.4,7.6,358.0,1.05,0.9950000000000001,1.0,39.5,5.883322388488279,0.7178397931503169,0.6906440503418269,3.7013019741124933,0.6931471805599453,2.7202941017470885,22.575,375.90000000000003,21.392500000000002,3.1601868285195214,5.93197990027309,1
TANK,MADHYA PRADESH,2020,21.0,7.6,7.6,276.5,1.35,0.655,2.0,29.5,5.625820933186489,0.8544153281560676,0.5038010088290262,3.417726683613366,1.0986122886681098,2.756809750418044,28.35,373.27500000000003,13.755,3.3792925462741055,5.924990821335901,1
LAKE,MEGHALAYA,2020,20.0,6.25,7.55,88.5,5.4,1.615,565.0,1260.0,4.4942386252808095,1.8562979903656263,0.9612640975168862,7.13966033596492,6.338594078203183,2.5,108.0,477.90000000000003,32.3,4.6913478822291435,6.171491807348564,1
LAKE,MEGHALAYA,2020,20.5,7.5,7.5,137.5,3.6500000000000004,0.64,127.0,590.0,4.930870325627393,1.536867219599265,0.49469624183610705,6.3818160174060985,4.852030263919617,2.7386127875258306,74.825,501.87500000000006,13.120000000000001,4.328428053574645,6.220341630269952,1
LAKE,MEGHALAYA,2020,14.0,6.9,7.0,212.5,3.5999999999999996,0.585,214.5,647.0,5.363636832668679,1.5260563034950492,0.46058440732924394,6.473890696352274,5.372960909543803,2.6267851073127395,50.39999999999999,764.9999999999999,8.19,3.939638172461119,6.641182169740591,1
LAKE,MEGHALAYA,2020,21.5,5.4,7.6000000000000005,94.0,6.4,1.62,560.0,1245.0,4.553876891600541,2.0014800002101243,0.9631743177730056,7.1276936993473985,6.329720905522696,2.32379000772445,137.6,601.6,34.830000000000005,4.931592086755803,6.401253626696201,1
LAKE,MEGHALAYA,2020,22.0,6.35,7.65,88.5,5.75,1.465,370.0,940.0,4.4942386252808095,1.9095425048844386,0.9021918074946534,6.846943139585379,5.916202062607435,2.5199206336708304,126.5,508.875,32.230000000000004,4.848116364598481,6.234165597637722,1
LAKE,MEGHALAYA,2020,20.0,6.199999999999999,7.300000000000001,87.0,5.550000000000001,1.755,470.0,915.0,4.477336814478207,1.8794650496471608,1.0134174426048779,6.82001636467413,6.154858094016418,2.4899799195977463,111.00000000000001,482.8500000000001,35.099999999999994,4.718498871295095,6.181774941326951,1
LAKE,MEGHALAYA,2020,24.5,7.15,7.1,67.0,1.9000000000000001,0.395,70.5,325.0,4.219507705176107,1.0647107369924285,0.33289441527332897,5.786897381366708,4.269697449699962,2.6739483914241875,46.550000000000004,127.30000000000001,9.6775,3.8617817889913995,4.8543712716215905,1
LAKE,ODISHA,2020,28.5,6.449999999999999,7.65,990.0,1.55,0.9400000000000001,1185.0,2945.0,6.898714534329988,0.9360933591703349,0.6626879730752369,7.988203597022576,7.078341579557671,2.539685019840059,44.175000000000004,1534.5,26.790000000000003,3.8105438364782924,7.336611339880877,1
LAKE,ODISHA,2020,21.0,6.35,8.25,959.5,5.2,0.95,1715.0,8615.0,6.867453982208612,1.824549292051046,0.6678293725756554,9.061376218836225,7.447751280047908,2.5199206336708304,109.2,4989.400000000001,19.95,4.702296896718814,8.515271345853538,1
LAKE,ODISHA,2020,28.0,6.2,7.5,173.5,1.35,2.34,605.0,1860.0,5.161924741642482,0.8544153281560676,1.205970806988609,7.528869256642251,6.406879986069314,2.4899799195977463,37.800000000000004,234.22500000000002,65.52,3.6584202466292277,5.46054250289283,1
LAKE,ODISHA,2020,26.5,6.199999999999999,7.4,160.5,1.45,0.8200000000000001,1110.0,1805.0,5.084505142662711,0.8960880245566356,0.598836501088704,7.498869733976931,7.01301578963963,2.4899799195977463,38.425,232.725,21.73,3.674400132849102,5.454145210577379,1
LAKE,ODISHA,2020,27.5,7.0,7.45,154.5,1.5,0.545,672.5,1835.0,5.0466457316192885,0.9162907318741551,0.4350239103497088,7.515344571180436,6.512487995850418,2.6457513110645907,41.25,231.75,14.9875,3.7436043538031827,5.449964916157176,1
POND,ODISHA,2020,24.5,8.0,7.6,353.0,2.1,0.845,11010.0,80245.0,5.869296913133774,1.1314021114911006,0.6124792774924905,11.292852195513237,9.306650052113591,2.8284271247461903,51.45,741.3000000000001,20.7025,3.9598603348423063,6.609753474123502,1
POND,ODISHA,2020,27.5,8.45,8.3,921.0,4.3,1.02,7001.0,11010.0,6.826545223556594,1.667706820558076,0.7030975114131134,9.306650052113591,8.85395110151461,2.9068883707497264,118.25,3960.2999999999997,28.05,4.781222129768451,8.284327533203792,1
POND,ODISHA,2020,27.5,9.9,8.25,624.0,6.25,4.57,851.0,2468.0,6.437751649736401,1.9810014688665833,1.7173950539391927,7.81156848934518,6.747586526829315,3.146426544510455,171.875,3900.0,125.67500000000001,5.152568789984922,8.268988209506656,1
POND,ODISHA,2020,26.0,7.0,7.95,773.0,5.1,7.295,3951.0,12039.0,6.651571873589727,1.8082887711792655,2.1156529236424078,9.395989718862811,8.281977058867758,2.6457513110645907,132.6,3942.2999999999997,189.67,4.894850261102546,8.27977321518322,1
POND,ODISHA,2020,27.0,10.35,8.4,789.5,6.1499999999999995,3.4499999999999997,5501.0,11001.0,6.672665656649527,1.967112356705916,1.4929040961781488,9.305832353435404,8.61286694148452,3.2171415884290826,166.04999999999998,4855.424999999999,93.14999999999999,5.118293168802765,8.488057849502711,1
POND,ODISHA,2020,24.0,7.9,7.85,403.5,5.85,2.24,3951.0,12022.5,6.002651736498547,1.9242486522741338,1.1755733298042381,9.394618347068526,8.281977058867758,2.8106938645110393,140.39999999999998,2360.475,53.760000000000005,4.951592753462473,7.7670417027884975,1
POND,ODISHA,2020,24.0,6.9,7.6499999999999995,272.5,1.8,1.16,1760.0,4345.0,5.611301621862036,1.0296194171811581,0.7701082216960736,8.377011160816375,7.473637108496206,2.6267851073127395,43.2,490.5,27.839999999999996,3.7887247890836524,6.197461939587221,1
POND,ODISHA,2020,24.0,6.449999999999999,7.65,663.0,5.2,1.41,4060.0,6895.0,6.498282149476434,1.824549292051046,0.8796267475025635,8.83869681234353,8.309184527686298,2.539685019840059,124.80000000000001,3447.6,33.839999999999996,4.8346933442663405,8.145723630566032,1
LAKE,PUDUCHERRY,2020,29.5,5.9,7.35,543.5,1.4,0.48500000000000004,806.5,811.5,6.299867942373015,0.8754687373538999,0.3954147722546629,6.700115914203892,6.6939430550968115,2.4289915602982237,41.3,760.9,14.307500000000001,3.744787086052232,6.635815313478964,1
LAKE,PUDUCHERRY,2020,28.0,5.5,7.050000000000001,309.5,1.25,0.72,920.0,1600.0,5.738183901373533,0.8109302162163288,0.5423242908253617,7.3783837129967145,6.825460036255307,2.345207879911715,35.0,386.875,20.16,3.58351893845611,5.960683122768544,1
LAKE,PUDUCHERRY,2020,22.5,6.8,8.0,880.0,6.25,0.425,1951.0,6300.0,6.78105762593618,1.9810014688665833,0.35417181372061385,8.748463629942055,7.5766097669730375,2.6076809620810595,140.625,5500.0,9.5625,4.95318271934817,8.612685172875459,1
LAKE,PUNJAB,2020,21.5,7.65,7.75,243.5,1.4500000000000002,0.85,360.0,1200.0,5.499215308914927,0.8960880245566357,0.6151856390902334,7.0909098220799835,5.8888779583328805,2.7658633371878665,31.175000000000004,353.07500000000005,18.275,3.4711897534821903,5.86950875510046,1
LAKE,PUNJAB,2020,22.5,7.95,7.85,257.0,1.5,0.75,530.0,1850.0,5.552959584921617,0.9162907318741551,0.5596157879354227,7.523481312573497,6.274762021241939,2.819574435974337,33.75,385.5,16.875,3.548179572010801,5.957131868027477,1
LAKE,PUNJAB,2020,20.0,4.45,7.95,192.0,0.6000000000000001,0.35,28.5,77.5,5.262690188904886,0.47000362924573563,0.3001045924503381,4.363098624788363,3.3843902633457743,2.1095023109728985,12.000000000000002,115.20000000000002,7.0,2.5649493574615367,4.755312844417811,1
LAKE,RAJASTHAN,2020,24.5,7.75,8.4,540.0,1.9500000000000002,1.92,48.0,89.0,6.293419278846481,1.0818051703517284,1.0715836162801904,4.499809670330265,3.8918202981106265,2.7838821814150108,47.775000000000006,1053.0,47.04,3.887217886509175,6.960347729101308,1
LAKE,RAJASTHAN,2020,23.0,5.949999999999999,8.2,1155.0,2.5,2.375,107.0,180.0,7.052721049232323,1.252762968495368,1.2163953243244932,5.198497031265826,4.68213122712422,2.4392621835300936,57.5,2887.5,54.625,4.069026754237811,7.9684926152213205,1
LAKE,RAJASTHAN,2020,26.0,3.5,8.3,375.0,3.4,3.135,44.5,119.0,5.929589143389895,1.4816045409242156,1.4194873284756546,4.787491742782046,3.817712325956905,1.8708286933869707,88.39999999999999,1275.0,81.50999999999999,4.493120682179469,7.151485463904735,1
LAKE,RAJASTHAN,2020,25.0,7.9,8.55,1065.0,1.9500000000000002,1.45,78.5,135.0,6.97166860472579,1.0818051703517284,0.8960880245566356,4.912654885736052,4.375757021660286,2.8106938645110393,48.75000000000001,2076.75,36.25,3.907010463604602,7.639040856433136,1
LAKE,RAJASTHAN,2020,21.0,5.35,8.0,280.0,1.7000000000000002,1.8849999999999998,66.0,142.5,5.638354669333745,0.9932517730102834,1.0595248999600628,4.966335035199676,4.204692619390966,2.3130067012440754,35.7,476.00000000000006,39.584999999999994,3.6027767550605247,6.1675164908883415,1
LAKE,RAJASTHAN,2020,25.0,4.25,8.25,410.0,2.2,1.605,139.5,267.5,6.018593214496234,1.1631508098056809,0.9574326752053303,5.5928509139489195,4.945207488773801,2.0615528128088303,55.00000000000001,902.0000000000001,40.125,4.02535169073515,6.805722553416985,1
LAKE,RAJASTHAN,2020,26.0,6.0,7.65,245.0,1.85,0.92,18.5,42.5,5.5053315359323625,1.0473189942805592,0.6523251860396903,3.7727609380946383,2.970414465569701,2.449489742783178,48.1,453.25,23.92,3.893859034800475,6.11864770727628,1
LAKE,RAJASTHAN,2020,19.5,5.35,8.5,470.0,2.2,1.51,94.5,157.5,6.154858094016418,1.1631508098056809,0.9202827531436926,5.065754593317335,4.5591262474866845,2.3130067012440754,42.900000000000006,1034.0,29.445,3.7819143200811256,6.942156705699469,1
LAKE,RAJASTHAN,2020,19.5,5.45,8.600000000000001,530.0,1.7999999999999998,1.58,139.5,262.0,6.274762021241939,1.0296194171811581,0.9477893989335261,5.572154032177765,4.945207488773801,2.3345235059857505,35.099999999999994,953.9999999999999,30.810000000000002,3.586292865338835,6.86171134048073,1
LAKE,RAJASTHAN,2020,23.5,6.35,8.45,655.0,2.55,1.915,152.0,610.0,6.486160788944089,1.2669476034873244,1.0698698198024557,6.415096959171596,5.030437921392435,2.5199206336708304,59.925,1670.2499999999998,45.0025,4.10964359951127,7.421327128416153,1
LAKE,RAJASTHAN,2020,24.0,8.1,8.600000000000001,495.0,1.65,1.45,49.0,94.5,6.206575926724928,0.9745596399981308,0.8960880245566356,4.5591262474866845,3.912023005428146,2.8460498941515415,39.599999999999994,816.75,34.8,3.7037680666076866,6.706556666418494,1
LAKE,RAJASTHAN,2020,24.0,7.9,8.45,600.0,1.85,1.9300000000000002,43.5,92.0,6.398594934535208,1.0473189942805592,1.075002423028976,4.532599493153256,3.7954891891721947,2.8106938645110393,44.400000000000006,1110.0,46.32000000000001,3.8155121050473024,7.01301578963963,1
LAKE,RAJASTHAN,2020,26.5,3.4,7.85,720.0,3.0,2.5599999999999996,267.5,1275.0,6.580639137284949,1.3862943611198906,1.269760544863939,7.151485463904735,5.5928509139489195,1.8439088914585775,79.5,2160.0,67.83999999999999,4.388257184424518,7.6783263565068856,1
LAKE,RAJASTHAN,2020,23.0,6.199999999999999,8.65,520.0,1.7,1.875,82.0,240.5,6.255750041753367,0.9932517730102833,1.0560526742493137,5.486869473092628,4.418840607796598,2.4899799195977463,39.1,884.0,43.125,3.6913763343125234,6.785587645007929,1
LAKE,RAJASTHAN,2020,23.0,4.7,8.5,805.0,2.75,1.82,262.0,610.0,6.692083742506628,1.3217558399823195,1.0367368849500223,6.415096959171596,5.572154032177765,2.16794833886788,63.25,2213.75,41.86,4.162781723775329,7.702894809292141,1
LAKE,RAJASTHAN,2020,23.0,4.15,8.3,710.0,2.75,1.945,121.5,195.0,6.566672429803241,1.3217558399823195,1.0801088171035502,5.278114659230517,4.808111029984782,2.0371548787463363,63.25,1952.5,44.735,4.162781723775329,7.577377914495125,1
POND,RAJASTHAN,2020,25.0,8.0,8.25,395.0,1.65,1.42,42.0,79.5,5.981414211254481,0.9745596399981308,0.883767540168595,4.388257184424518,3.7612001156935624,2.8284271247461903,41.25,651.75,35.5,3.7436043538031827,6.481194207579239,1
LAKE,TAMIL NADU,2020,24.0,6.25,6.9,125.0,3.0,1.3399999999999999,42.5,78.0,4.836281906951478,1.3862943611198906,0.85015092936961,4.3694478524670215,3.7727609380946383,2.5,72.0,375.0,32.16,4.290459441148391,5.929589143389895,1
LAKE,TAMIL NADU,2020,20.0,5.6,7.300000000000001,431.0,6.55,0.5,116.0,287.0,6.068425588244111,2.0215475632609334,0.4054651081081644,5.662960480135946,4.762173934797756,2.3664319132398464,131.0,2823.0499999999997,10.0,4.882801922586371,7.945927303838831,1
LAKE,TAMIL NADU,2020,22.0,6.5,7.25,332.0,1.05,0.495,142.5,375.0,5.808142489980444,0.7178397931503169,0.40212620684264977,5.929589143389895,4.966335035199676,2.5495097567963922,23.1,348.6,10.89,3.1822118404966093,5.85678964378138,1
LAKE,TAMIL NADU,2020,25.0,6.35,8.15,589.5,1.25,0.495,62.5,175.0,6.380969635637417,0.8109302162163288,0.40212620684264977,5.170483995038151,4.151039905898646,2.5199206336708304,31.25,736.875,12.375,3.4735180432417816,6.6037744335608535,1
LAKE,TAMIL NADU,2020,29.0,6.0,7.75,486.5,2.5,0.685,2.0,86.0,6.189290290437902,1.252762968495368,0.521765563804325,4.465908118654584,1.0986122886681098,2.449489742783178,72.5,1216.25,19.865000000000002,4.297285406218791,7.10434949506281,1
LAKE,TAMIL NADU,2020,28.5,5.65,7.65,435.5,2.0,1.095,47.5,246.0,6.0787883752796565,1.0986122886681098,0.739553553374101,5.5093883366279774,3.8815637979434374,2.3769728648009427,57.0,871.0,31.2075,4.060443010546419,6.77078942390898,1
LAKE,TAMIL NADU,2020,28.0,6.0,7.949999999999999,1246.5,2.0,1.085,61.0,670.0,7.128896827625674,1.0986122886681098,0.7347688552507647,6.508769136971682,4.127134385045092,2.449489742783178,56.0,2493.0,30.38,4.04305126783455,7.821643126239982,1
LAKE,TELANGANA,2020,28.0,3.2,7.5,1316.0,18.0,26.795,277.0,975.0,7.183111701743281,2.9444389791664403,3.324856148405433,6.883462586413092,5.627621113690637,1.7888543819998317,504.0,23688.0,750.26,6.22455842927536,10.072766084358127,1
LAKE,TELANGANA,2020,29.5,2.0,7.35,1284.0,27.0,4.55,39.0,815.5,7.158513997329321,3.332204510175204,1.713797927758343,6.70502691241052,3.6888794541139363,1.4142135623730951,796.5,34668.0,134.225,6.6814818346589995,10.453601194882646,1
LAKE,TELANGANA,2020,28.5,5.75,7.699999999999999,437.0,2.55,1.195,5.0,79.5,6.082218910376446,1.2669476034873244,0.7861820465271346,4.388257184424518,1.791759469228055,2.3979157616563596,72.675,1114.35,34.057500000000005,4.299663528623759,7.016923535982791,1
LAKE,TELANGANA,2020,25.5,2.9499999999999997,7.85,1357.0,11.35,4.35,13.0,216.0,7.213768308118642,2.513656063073986,1.6770965609079151,5.37989735354046,2.6390573296152584,1.7175564037317668,289.425,15401.949999999999,110.925,5.671345367399539,9.642314328498303,1
LAKE,TELANGANA,2020,29.0,2.75,7.55,1297.5,13.0,28.25,19.0,910.0,7.168965031102803,2.6390573296152584,3.3758795736778655,6.814542897259958,2.995732273553991,1.6583123951777,377.0,16867.5,819.25,5.934894195619588,9.733203256352677,1
LAKE,TELANGANA,2020,27.5,0.3,7.35,1891.0,55.0,11.45,36.0,855.0,7.545389749611823,4.02535169073515,2.5217206229107165,6.752270376141742,3.6109179126442243,0.5477225575051661,1512.5,104005.0,314.875,7.322180128461773,11.552203868767064,1
LAKE,TELANGANA,2020,27.0,6.3,8.0,214.5,3.05,3.505,2.0,36.0,5.372960909543803,1.3987168811184478,1.5051878910603012,3.6109179126442243,1.0986122886681098,2.5099800796022267,82.35,654.2249999999999,94.63499999999999,4.423048609196803,6.484978688099083,1
LAKE,TELANGANA,2020,28.0,5.1,7.6000000000000005,553.5,3.0,1.95,6.0,149.0,6.318066806790422,1.3862943611198906,1.0818051703517284,5.0106352940962555,1.9459101490553132,2.258317958127243,84.0,1660.5,54.6,4.442651256490317,7.415476087794649,1
LAKE,TELANGANA,2020,28.5,2.4499999999999997,7.449999999999999,1781.0,27.0,6.82,25.5,839.5,7.485491608030754,3.332204510175204,2.05668455455722,6.7339969528486705,3.2771447329921766,1.5652475842498528,769.5,48087.0,194.37,6.64703965476017,10.780787944718998,1
LAKE,TELANGANA,2020,29.0,1.75,7.300000000000001,1127.0,16.0,9.7,19.0,280.0,7.028201432058005,2.833213344056216,2.3702437414678603,5.638354669333745,2.995732273553991,1.3228756555322954,464.0,18032.0,281.29999999999995,6.142037405587356,9.799958691707271,1
LAKE,TELANGANA,2020,27.5,1.05,7.25,1296.0,17.0,12.02,17.0,228.0,7.167809184316444,2.8903717578961645,2.5664866367804233,5.43372200355424,2.8903717578961645,1.02469507659596,467.5,22032.0,330.55,6.149536101678477,10.000296608464188,1
LAKE,TELANGANA,2020,27.0,0.65,7.2,1328.0,21.0,12.85,83.5,915.0,7.192182058713246,3.091042453358316,2.6282852326333477,6.82001636467413,4.436751534363128,0.806225774829855,567.0,27888.0,346.95,6.342121418721152,10.23598762483351,1
LAKE,TELANGANA,2020,28.0,0.6,7.4,1112.0,10.0,1.345,72.0,600.0,7.014814351275545,2.3978952727983707,0.8522854018982426,6.398594934535208,4.290459441148391,0.7745966692414834,280.0,11120.0,37.66,5.638354669333745,9.316590491818841,1
LAKE,TELANGANA,2020,30.0,2.65,7.35,1590.5,18.45,4.635,17.0,252.0,7.3724322467221475,2.9678470700644555,1.7289971474917396,5.53338948872752,2.8903717578961645,1.6278820596099706,553.5,29344.725,139.04999999999998,6.318066806790422,10.286902158770053,1
LAKE,TELANGANA,2020,27.5,2.4,7.800000000000001,1096.0,17.0,6.65,67.0,360.0,7.00033446027523,2.8903717578961645,2.0347056478384444,5.8888779583328805,4.219507705176107,1.5491933384829668,467.5,18632.0,182.875,6.149536101678477,9.832689481227412,1
LAKE,TELANGANA,2020,27.5,2.5999999999999996,7.8,1269.5,15.3,10.5,19.0,252.0,7.1471658027602185,2.791165107812717,2.4423470353692043,5.53338948872752,2.995732273553991,1.6124515496597098,420.75,19423.350000000002,288.75,6.044412721426077,9.87428271264252,1
LAKE,TELANGANA,2020,28.0,1.55,7.550000000000001,1799.5,25.0,10.7,24.0,301.5,7.49581968308893,3.258096538021482,2.4595888418037104,5.7120812774708964,3.2188758248682006,1.2449899597988732,700.0,44987.5,299.59999999999997,6.55250788703459,10.714162180537016,1
LAKE,TELANGANA,2020,28.0,2.3,7.4,1548.5,20.0,8.5,11.0,239.5,7.345687577227803,3.044522437723423,2.2512917986064953,5.482720089545816,2.4849066497880004,1.51657508881031,560.0,30970.0,238.0,6.329720905522696,10.340806561758198,1
LAKE,TELANGANA,2020,24.0,2.0,7.550000000000001,1803.5,19.0,9.55,24.0,330.0,7.498038824082843,2.995732273553991,2.3561258599220753,5.802118375377063,3.2188758248682006,1.4142135623730951,456.0,34266.5,229.20000000000002,6.124683390894205,10.441952662105535,1
LAKE,TELANGANA,2020,28.0,2.1999999999999997,7.55,917.0,10.1,2.1999999999999997,9.5,145.0,6.822197390620491,2.4069451083182885,1.1631508098056809,4.983606621708336,2.3513752571634776,1.4832396974191324,282.8,9261.699999999999,61.599999999999994,5.648269764725942,9.133750861813875,1
LAKE,TELANGANA,2020,28.5,2.55,7.800000000000001,1183.5,13.0,4.75,20.0,257.0,7.07707602359884,2.6390573296152584,1.749199854809259,5.552959584921617,3.044522437723423,1.5968719422671311,370.5,15385.5,135.375,5.917548864157814,9.641245780566125,1
LAKE,TELANGANA,2020,23.5,1.6500000000000001,7.15,1119.0,20.0,2.9,15.0,515.0,7.02108396428914,3.044522437723423,1.3609765531356006,6.246106765481563,2.772588722239781,1.284523257866513,470.0,22380.0,68.14999999999999,6.154858094016418,10.01596766362013,1
LAKE,TELANGANA,2020,23.5,1.65,7.55,972.5,8.0,6.3,8.5,257.0,6.880897824812254,2.1972245773362196,1.9878743481543455,5.552959584921617,2.2512917986064953,1.284523257866513,188.0,7780.0,148.04999999999998,5.241747015059643,8.95944014361693,1
LAKE,TELANGANA,2020,28.0,1.45,7.35,1429.0,19.5,11.9,36.0,246.5,7.265429723253953,3.0204248861443626,2.5572273113676265,5.511410582008745,3.6109179126442243,1.2041594578792296,546.0,27865.5,333.2,6.304448802421981,10.235180529525554,1
LAKE,TELANGANA,2020,28.0,2.55,7.4,1533.5,16.0,15.05,25.5,295.0,7.335959874059791,2.833213344056216,2.775708849576025,5.69035945432406,3.2771447329921766,1.5968719422671311,448.0,24536.0,421.40000000000003,6.1070228877422545,10.107937461403084,1
LAKE,TELANGANA,2020,24.0,0.55,7.45,1520.0,20.0,6.4,37.5,286.5,7.327123292259293,3.044522437723423,2.0014800002101243,5.661222860237405,3.6506582412937387,0.7416198487095663,480.0,30400.0,153.60000000000002,6.175867270105761,10.322230781590136,1
LAKE,TELANGANA,2020,28.5,1.35,7.35,1922.5,23.0,4.05,43.5,325.0,7.56190172219235,3.1780538303479458,1.6193882432872684,5.786897381366708,3.7954891891721947,1.161895003862225,655.5,44217.5,115.425,6.486922693742851,10.696898532533519,1
LAKE,TELANGANA,2020,28.5,6.15,7.25,369.0,7.0,2.2800000000000002,9.5,95.0,5.91350300563827,2.0794415416798357,1.1878434223960523,4.564348191467836,2.3513752571634776,2.479919353527449,199.5,2583.0,64.98,5.300814246746624,7.857093864902493,1
LAKE,TELANGANA,2020,28.5,5.4,7.8999999999999995,275.5,2.4,1.05,14.0,127.0,5.6222108209623896,1.2237754316221157,0.7178397931503169,4.852030263919617,2.70805020110221,2.32379000772445,68.39999999999999,661.1999999999999,29.925,4.239886867512759,6.495567625113146,1
LAKE,TELANGANA,2020,27.5,2.8499999999999996,7.699999999999999,1144.0,10.5,2.15,46.0,285.0,7.0431599159883405,2.4423470353692043,1.1474024528375417,5.655991810819852,3.8501476017100584,1.688194301613413,288.75,12012.0,59.125,5.669018482219861,9.393744675721376,1
LAKE,TELANGANA,2020,27.5,4.0,7.800000000000001,567.5,7.1,0.97,12.0,73.5,6.343001313190591,2.0918640616783932,0.6780335427498971,4.310799125385514,2.5649493574615367,2.0,195.25,4029.25,26.675,5.279389356662517,8.301583687756107,1
LAKE,TELANGANA,2020,22.5,6.15,7.1,554.0,3.1,4.695,43.5,260.0,6.318968113746434,1.410986973710262,1.7395885968991456,5.564520407322694,3.7954891891721947,2.479919353527449,69.75,1717.4,105.6375,4.259152536523347,7.449148904314546,1
LAKE,TELANGANA,2020,21.5,6.2,7.1,502.0,3.7,5.245,121.5,885.0,6.220590170099739,1.547562508716013,1.831781143577541,6.786716950605081,4.808111029984782,2.4899799195977463,79.55,1857.4,112.7675,4.388878109622984,7.5274711814562,1
LAKE,TELANGANA,2020,22.0,6.25,6.949999999999999,570.5,3.9,8.385,19.5,286.5,6.348264483234865,1.589235205116581,2.2391126700384723,5.661222860237405,3.0204248861443626,2.5,85.8,2224.95,184.47,4.463606621666305,7.7079390697683055,1
LAKE,TELANGANA,2020,21.5,6.35,7.05,782.5,3.9,11.28,8.5,270.0,6.6637710617960755,1.589235205116581,2.5079719227189963,5.602118820879701,2.2512917986064953,2.5199206336708304,83.85,3051.75,242.51999999999998,4.440884991680235,8.023798102713132,1
LAKE,TELANGANA,2020,24.0,6.95,7.15,218.5,2.55,2.245,17.5,58.0,5.391352232515226,1.2669476034873244,1.1771153501560534,4.07753744390572,2.917770732084279,2.6362852652928135,61.199999999999996,557.175,53.88,4.130354999745133,6.324672533284501,1
LAKE,TELANGANA,2020,27.5,1.95,7.449999999999999,1144.0,21.0,7.005,40.5,270.0,7.0431599159883405,3.091042453358316,2.0800663464486777,5.602118820879701,3.7256934272366524,1.396424004376894,577.5,24024.0,192.6375,6.360438546633731,10.086850233838494,1
LAKE,TELANGANA,2020,26.5,1.45,7.3,1458.5,25.0,7.4,43.0,570.0,7.2858491902941696,3.258096538021482,2.128231705849268,6.3473892096560105,3.784189633918261,1.2041594578792296,662.5,36462.5,196.10000000000002,6.497528853772263,10.504067039236999,1
LAKE,TELANGANA,2020,22.5,1.1500000000000001,7.1,1234.5,12.5,6.6,43.5,345.0,7.119231025428665,2.6026896854443837,2.028148247292285,5.846438775057725,3.7954891891721947,1.0723805294763609,281.25,15431.25,148.5,5.642793203029772,9.644214754558025,1
LAKE,TELANGANA,2020,27.0,1.95,7.6,1430.5,23.0,15.95,40.5,466.5,7.266478124538169,3.1780538303479458,2.830267833826459,6.147399348728742,3.7256934272366524,1.396424004376894,621.0,32901.5,430.65,6.432940092739179,10.401303921708479,1
LAKE,TELANGANA,2020,27.0,5.2,8.5,561.0,6.0,16.0,5.0,33.0,6.331501849893691,1.9459101490553132,2.833213344056216,3.5263605246161616,1.791759469228055,2.280350850198276,162.0,3366.0,432.0,5.093750200806762,8.121777419161074,1
LAKE,TELANGANA,2020,28.5,2.05,7.4,1580.0,30.5,7.45,18.0,246.5,7.365812837209472,3.449987545831587,2.134166441369082,5.511410582008745,2.9444389791664403,1.4317821063276353,869.25,48190.0,212.32500000000002,6.768780526691549,10.782927560612269,1
LAKE,TELANGANA,2020,26.5,3.0,7.199999999999999,673.5,5.05,1.65,58.5,284.0,6.51397167564781,1.80005827204275,0.9745596399981308,5.652489180268651,4.085976312551584,1.7320508075688772,133.825,3401.1749999999997,43.724999999999994,4.903977641223291,8.132170211962016,1
LAKE,TELANGANA,2020,24.5,1.6500000000000001,7.3,1454.5,16.5,6.8100000000000005,48.0,317.0,7.283104763185678,2.8622008809294686,2.0554049638515948,5.762051382780177,3.8918202981106265,1.284523257866513,404.25,23999.25,166.845,6.004504160615785,10.085819525942496,1
LAKE,TELANGANA,2020,26.0,4.0,7.65,1462.5,21.0,27.0,146.5,824.5,7.28858610613194,3.091042453358316,3.332204510175204,6.715989263360183,4.993828175779875,2.0,546.0,30712.5,702.0,6.304448802421981,10.332457576331928,1
LAKE,TELANGANA,2020,28.0,1.45,7.3,1808.0,24.0,13.65,30.0,280.0,7.500529485395295,3.2188758248682006,2.6844403354630764,5.638354669333745,3.4339872044851463,1.2041594578792296,672.0,43392.0,382.2,6.511745329644728,10.678053416757233,1
POND,TELANGANA,2020,28.0,1.3499999999999999,7.65,1584.0,12.0,2.6550000000000002,11.0,179.0,7.368339686311381,2.5649493574615367,1.2960960932017418,5.19295685089021,2.4849066497880004,1.161895003862225,336.0,19008.0,74.34,5.820082930352362,9.852667830206153,1
POND,TELANGANA,2020,28.0,5.45,8.0,470.0,2.6500000000000004,1.3,2.0,32.0,6.154858094016418,1.2947271675944003,0.832909122935104,3.4965075614664802,1.0986122886681098,2.3345235059857505,74.20000000000002,1245.5000000000002,36.4,4.320151230955794,7.128094902963613,1
POND,TELANGANA,2020,28.5,2.4499999999999997,7.8999999999999995,1035.0,12.0,4.1,19.0,870.0,6.943122422819428,2.5649493574615367,1.62924053973028,6.769641976852503,2.995732273553991,1.5652475842498528,342.0,12420.0,116.85,5.8377304471659395,9.427143867544194,1
POND,TELANGANA,2020,29.0,0.6000000000000001,7.449999999999999,1264.5,36.0,10.1,30.5,905.0,7.143222579985179,3.6109179126442243,2.4069451083182885,6.80903930604298,3.449987545831587,0.7745966692414834,1044.0,45522.0,292.9,6.951772164398911,10.725972971725227,1
POND,TELANGANA,2020,28.0,2.05,7.5,1155.5,18.5,9.4,36.0,340.0,7.053153481671494,2.970414465569701,2.341805806147327,5.831882477283517,3.6109179126442243,1.4317821063276353,518.0,21376.75,263.2,6.251903883165888,9.97010594050038,1
POND,TELANGANA,2020,29.0,1.5,7.4,1429.0,21.0,9.785,43.0,385.0,7.265429723253953,3.091042453358316,2.3781562798411198,5.955837369464831,3.784189633918261,1.224744871391589,609.0,30009.0,283.765,6.413458957167357,10.309285938434412,1
POND,TELANGANA,2020,28.0,2.3499999999999996,7.45,1403.0,10.0,2.65,32.0,565.0,7.247080584585756,2.3978952727983707,1.2947271675944,6.338594078203183,3.4965075614664802,1.532970971675589,280.0,14030.0,74.2,5.638354669333745,9.549024446393997,1
POND,TELANGANA,2020,29.0,1.45,7.35,1357.0,23.0,7.75,76.0,635.0,7.213768308118642,3.1780538303479458,2.169053700369523,6.455198563340122,4.343805421853684,1.2041594578792296,667.0,31211.0,224.75,6.504288173536645,10.348557915236652,1
POND,TELANGANA,2020,28.0,0.3,7.5,1498.0,15.0,2.83,265.0,1060.0,7.312553498102598,2.772588722239781,1.3428648031925547,6.966967138613983,5.583496308781699,0.5477225575051661,420.0,22470.0,79.24000000000001,6.042632833682381,10.019980867971933,1
POND,TELANGANA,2020,28.0,4.55,7.9,735.0,3.65,1.35,12.5,74.0,6.601230118728877,1.536867219599265,0.8544153281560676,4.31748811353631,2.6026896854443837,2.1330729007701543,102.2,2682.75,37.800000000000004,4.636668853047462,7.894970349192991,1
POND,TELANGANA,2020,27.0,2.9,7.6000000000000005,740.0,9.5,16.6,17.0,185.5,6.608000625296087,2.3513752571634776,2.8678989020441064,5.2284312390838705,2.8903717578961645,1.70293863659264,256.5,7030.0,448.20000000000005,5.551019720103791,8.858084222199162,1
TANK,TELANGANA,2020,27.5,6.05,8.15,283.5,2.5,1.15,2.0,21.5,5.6507332535663855,1.252762968495368,0.7654678421395714,3.1135153092103742,1.0986122886681098,2.4596747752497685,68.75,708.75,31.624999999999996,4.244917420701475,6.564912795353081,1
TANK,TELANGANA,2020,22.0,6.25,7.25,495.0,3.5,4.73,7.5,68.5,6.206575926724928,1.5040773967762742,1.7457155307266483,4.241326752570746,2.1400661634962708,2.5,77.0,1732.5,104.06,4.356708826689592,7.457897765125078,1
TANK,TELANGANA,2020,25.5,6.1,7.15,1855.5,5.4,13.270000000000001,7.5,66.5,7.5264482736171345,1.8562979903656263,2.658159431488745,4.212127597878484,2.1400661634962708,2.4698178070456938,137.70000000000002,10019.7,338.38500000000005,4.932313327320786,9.21240823247818,1
TANK,TELANGANA,2020,24.0,6.050000000000001,7.050000000000001,3685.0,6.5,19.674999999999997,14.0,63.0,8.212297138229768,2.0149030205422647,3.028925240909755,4.1588830833596715,2.70805020110221,2.459674775249769,156.0,23952.5,472.19999999999993,5.056245805348308,10.083869729949031,1
TANK,TELANGANA,2020,30.0,1.95,7.65,3840.0,42.0,9.25,19.0,277.0,8.253488028345904,3.7612001156935624,2.327277705584417,5.627621113690637,2.995732273553991,1.396424004376894,1260.0,161280.0,277.5,7.13966033596492,11.990903464242743,1
TANK,TELANGANA,2020,23.0,5.199999999999999,7.15,2795.0,4.2,28.25,3.0,43.5,7.935945103353701,1.6486586255873816,3.3758795736778655,3.7954891891721947,1.3862943611198906,2.2803508501982757,96.60000000000001,11739.0,649.75,4.580877493419047,9.370757093382087,1
TANK,TELANGANA,2020,27.5,0.3,7.4,1806.5,34.0,9.3,222.0,975.0,7.49969995403292,3.5553480614894135,2.33214389523559,6.883462586413092,5.407171771460119,0.5477225575051661,935.0,61421.0,255.75000000000003,6.841615476477592,11.025523356147826,1
TANK,TELANGANA,2020,23.5,5.35,7.65,820.0,4.0,4.255000000000001,5.0,54.0,6.710523109452428,1.6094379124341003,1.6591800043289147,4.007333185232471,1.791759469228055,2.3130067012440754,94.0,3280.0,99.99250000000002,4.553876891600541,8.0959035329611,1
TANK,TELANGANA,2020,28.0,2.9499999999999997,8.2,888.5,21.05,8.9,20.5,301.5,6.7906595071058895,3.093312601892855,2.2925347571405443,5.7120812774708964,3.068052935133617,1.7175564037317668,589.4,18702.925,249.20000000000002,6.380800273286263,9.836488673866342,1
TANK,TELANGANA,2020,22.0,6.05,7.25,1289.0,4.7,4.75,5.5,54.5,7.162397497355718,1.7404661748405046,1.749199854809259,4.0163830207523885,1.8718021769015913,2.4596747752497685,103.4,6058.3,104.5,4.648229675448539,8.709349560840232,1
TANK,TELANGANA,2020,27.0,3.4,7.35,1141.5,7.0,4.3,42.0,335.0,7.040974122768359,2.0794415416798357,1.667706820558076,5.817111159963204,3.7612001156935624,1.8439088914585775,189.0,7990.5,116.1,5.247024072160486,8.986133755808709,1
TANK,TELANGANA,2020,27.0,2.75,7.199999999999999,1184.5,15.0,4.5,23.0,355.0,7.0779199055054605,2.772588722239781,1.7047480922384253,5.87493073085203,3.1780538303479458,1.6583123951777,405.0,17767.5,121.5,6.0063531596017325,9.78518250565559,1
TANK,TELANGANA,2020,28.5,5.5,7.65,1234.0,3.0,2.1,7.5,38.0,7.118826249062078,1.3862943611198906,1.1314021114911006,3.6635616461296463,2.1400661634962708,2.345207879911715,85.5,3702.0,59.85,4.460144413937834,8.216898580913613,1
TANK,TELANGANA,2020,31.0,1.0,7.1,1466.0,10.0,4.05,14.5,476.5,7.2909747781429814,2.3978952727983707,1.6193882432872684,6.168564159920785,2.740840023925201,1.0,310.0,14660.0,125.55,5.739792912179234,9.592946185938265,1
TANK,TELANGANA,2020,29.0,3.5500000000000003,7.25,2233.0,7.05,15.64,14.5,461.0,7.711548979629146,2.0856720914304723,2.8118094353930627,6.135564891081739,2.740840023925201,1.8841443681416772,204.45,15742.65,453.56,5.325202695329419,9.664192388353872,1
TANK,TELANGANA,2020,29.0,5.7,7.2,429.5,2.75,5.58,3.5,56.0,6.064947323867785,1.3217558399823195,1.884034745337226,4.04305126783455,1.5040773967762742,2.3874672772626644,79.75,1181.125,161.82,4.391357962102766,7.075068945335676,1
TANK,TELANGANA,2020,30.5,6.3,7.2,633.0,3.1500000000000004,6.225,35.0,36.0,6.452048954437226,1.423108334242607,1.9775472339984959,3.6109179126442243,3.58351893845611,2.5099800796022267,96.07500000000002,1993.9500000000003,189.86249999999998,4.575483875617731,7.5983742663532485,1
TANK,TELANGANA,2020,29.0,4.55,6.85,3840.0,8.0,25.365000000000002,9.5,111.0,8.253488028345904,2.1972245773362196,3.272037372982433,4.718498871295094,2.3513752571634776,2.1330729007701543,232.0,30720.0,735.585,5.4510384535657,10.332701738815134,1
TANK,TELANGANA,2020,28.5,0.3,7.35,1358.0,14.0,3.25,19.0,545.0,7.214504414151143,2.70805020110221,1.4469189829363254,6.302618975744905,2.995732273553991,0.5477225575051661,399.0,19012.0,92.625,5.991464547107982,9.852878234709586,1
TANK,TELANGANA,2020,23.5,5.55,7.15,1182.5,4.2,10.295,13.0,186.0,7.0762314289540384,1.6486586255873816,2.4243601499199667,5.231108616854587,2.6390573296152584,2.355843797877949,98.7,4966.5,241.9325,4.602165676967792,8.510671974425971,1
TANK,TELANGANA,2020,21.5,5.5,7.1,1154.5,4.0,9.705,47.5,136.5,7.0522884297144355,1.6094379124341003,2.370710922041646,4.923623917106626,3.8815637979434374,2.345207879911715,86.0,4618.0,208.6575,4.465908118654584,8.437933510430605,1
TANK,TELANGANA,2020,23.5,5.15,7.25,287.0,3.0,3.62,3.0,19.5,5.662960480135946,1.3862943611198906,1.5303947050936475,3.0204248861443626,1.3862943611198906,2.2693611435820435,70.5,861.0,85.07000000000001,4.269697449699962,6.759255270663693,1
TANK,TELANGANA,2020,22.5,4.95,7.1,1702.5,4.3,16.725,35.0,75.0,7.440440237101021,1.667706820558076,2.874976072418191,4.330733340286331,3.58351893845611,2.224859546128699,96.75,7320.75,376.31250000000006,4.582413198865475,8.898604649420681,1
TANK,TELANGANA,2020,21.0,5.15,7.0,1286.0,4.5,10.745000000000001,7.0,57.0,7.160069207596127,1.7047480922384253,2.463427618110876,4.060443010546419,2.0794415416798357,2.2693611435820435,94.5,5787.0,225.645,4.5591262474866845,8.663542087751374,1
TANK,TELANGANA,2020,21.0,6.2,7.1,1131.5,3.0,10.32,4.0,55.0,7.032182857357189,1.3862943611198906,2.4265710727750367,4.02535169073515,1.6094379124341003,2.4899799195977463,63.0,3394.5,216.72,4.1588830833596715,8.130206304553846,1
TANK,TELANGANA,2020,22.0,5.800000000000001,7.1,1709.0,4.0,12.34,8.5,50.5,7.444248649496705,1.6094379124341003,2.590767040487478,3.9415818076696905,2.2512917986064953,2.4083189157584592,88.0,6836.0,271.48,4.48863636973214,8.830104317913793,1
TANK,TELANGANA,2020,27.0,3.25,7.95,768.5,9.1,1.65,14.0,229.0,6.645740953278934,2.312535423847214,0.9745596399981308,5.438079308923196,2.70805020110221,1.8027756377319946,245.7,6993.349999999999,44.55,5.508173023535311,8.852857959265126,1
TANK,TELANGANA,2020,28.0,2.1999999999999997,7.6,911.0,11.0,4.3,12.0,277.0,6.815639990074331,2.4849066497880004,1.667706820558076,5.627621113690637,2.5649493574615367,1.4832396974191324,308.0,10021.0,120.39999999999999,5.733341276897746,9.21253795551967,1
TANK,TELANGANA,2020,28.0,2.4499999999999997,7.800000000000001,1114.5,10.9,2.15,23.0,251.5,7.017058013872587,2.4765384001174837,1.1474024528375417,5.531411248715415,3.1780538303479458,1.5652475842498528,305.2,12148.050000000001,60.199999999999996,5.7242384832235835,9.40500625641134,1
TANK,TELANGANA,2020,23.0,5.8,7.1,1847.0,3.8,15.155000000000001,5.5,52.0,7.521859252201629,1.5686159179138452,2.782229599276462,3.970291913552122,1.8718021769015913,2.4083189157584592,87.39999999999999,7018.599999999999,348.56500000000005,4.481871969643597,8.856461515339452,1
TANK,TELANGANA,2020,27.5,2.3,7.55,732.0,15.0,9.44,14.0,204.0,6.597145701886651,2.772588722239781,2.3456445824544927,5.3230099791384085,2.70805020110221,1.51657508881031,412.5,10980.0,259.59999999999997,6.024657514463746,9.303921785597714,1
TANK,TELANGANA,2020,27.0,1.3,7.15,1458.0,18.0,4.31,48.0,335.0,7.285506548522785,2.9444389791664403,1.6695918352538475,5.817111159963204,3.8918202981106265,1.140175425099138,486.0,26244.0,116.36999999999999,6.18826412308259,10.1752307736864,1
TANK,TELANGANA,2020,26.0,1.6500000000000001,7.449999999999999,1742.0,24.0,4.7,63.5,620.0,7.463363045520021,3.2188758248682006,1.7404661748405046,6.431331081933479,4.1666652238017265,1.284523257866513,624.0,41808.0,122.2,6.437751649736401,10.640866906341545,1
TANK,TELANGANA,2020,28.5,1.7,8.75,1146.5,18.0,10.15,21.5,280.0,7.0453409419347,2.9444389791664403,2.411439497906128,5.638354669333745,3.1135153092103742,1.3038404810405297,513.0,20637.0,289.27500000000003,6.2422232654551655,9.93488931567566,1
LAKE,TRIPURA,2020,26.5,6.2,7.65,152.5,1.15,0.79,26.5,98.5,5.033700567027251,0.7654678421395714,0.5822156198526637,4.600157644164547,3.3141860046725258,2.4899799195977463,30.474999999999998,175.375,20.935000000000002,3.449193579930411,5.172612410172978,1
LAKE,TRIPURA,2020,25.5,5.699999999999999,7.0,673.5,1.85,1.35,41.5,187.0,6.51397167564781,1.0473189942805592,0.8544153281560676,5.236441962829949,3.7495040759303713,2.3874672772626644,47.175000000000004,1245.9750000000001,34.425000000000004,3.87484021430043,7.128475897363593,1
LAKE,TRIPURA,2020,25.5,6.15,7.25,157.5,0.75,0.9349999999999999,32.0,116.5,5.065754593317335,0.5596157879354227,0.6601073264817451,4.7664383335842135,3.4965075614664802,2.479919353527449,19.125,118.125,23.842499999999998,3.001962823304627,4.7801733619743665,1
LAKE,TRIPURA,2020,26.0,5.75,7.2,141.0,0.7000000000000001,0.6,31.5,162.0,4.955827057601261,0.5306282510621704,0.4700036292457356,5.093750200806762,3.481240089335692,2.3979157616563596,18.200000000000003,98.7,15.6,2.954910279033736,4.602165676967792,1
LAKE,TRIPURA,2020,26.0,6.0,6.6,133.5,1.15,0.735,36.5,139.0,4.901564199041894,0.7654678421395714,0.5510074133988225,4.941642422609304,3.624340932976365,2.449489742783178,29.9,153.52499999999998,19.11,3.4307561839036995,5.0403558955453365,1
LAKE,TRIPURA,2020,25.5,6.3,6.95,145.0,1.4,0.72,37.5,134.0,4.983606621708336,0.8754687373538999,0.5423242908253617,4.90527477843843,3.6506582412937387,2.5099800796022267,35.699999999999996,203.0,18.36,3.6027767550605243,5.318119993844216,1
LAKE,TRIPURA,2020,25.5,5.85,7.15,152.5,0.9500000000000001,0.775,40.0,117.0,5.033700567027251,0.6678293725756554,0.5738004229273792,4.770684624465665,3.713572066704308,2.4186773244895647,24.225,144.875,19.7625,3.2278355662396727,4.98275009060672,1
LAKE,TRIPURA,2020,25.5,6.05,6.95,143.0,0.9500000000000001,0.755,37.5,134.0,4.969813299576001,0.6678293725756554,0.5624688569178292,4.90527477843843,3.6506582412937387,2.4596747752497685,24.225,135.85000000000002,19.2525,3.2278355662396727,4.918885435486688,1
POND,TRIPURA,2020,20.0,5.55,6.75,144.0,1.1,1.21,27.5,88.5,4.976733742420574,0.7419373447293773,0.7929925155296614,4.4942386252808095,3.349904087274605,2.355843797877949,22.0,158.4,24.2,3.1354942159291497,5.071416766356115,1
POND,TRIPURA,2020,25.5,6.4,7.1,157.5,1.1,1.165,28.5,94.0,5.065754593317335,0.7419373447293773,0.7724203614544531,4.553876891600541,3.3843902633457743,2.5298221281347035,28.05,173.25,29.7075,3.3690184832979204,5.160491049640633,1
POND,TRIPURA,2020,26.0,6.45,6.95,157.5,1.4,1.475,44.0,157.0,5.065754593317335,0.8754687373538999,0.9062403960206536,5.062595033026967,3.8066624897703196,2.539685019840059,36.4,220.5,38.35,3.6216707044204863,5.40042258948519,1
POND,TRIPURA,2020,25.5,6.5,7.2,150.0,0.8,0.875,36.5,99.0,5.017279836814924,0.5877866649021191,0.6286086594223741,4.605170185988092,3.624340932976365,2.5495097567963922,20.400000000000002,120.0,22.3125,3.0633909220278057,4.795790545596741,1
POND,TRIPURA,2020,25.5,6.45,6.9,140.0,1.0,0.8200000000000001,24.0,80.5,4.948759890378168,0.6931471805599453,0.598836501088704,4.400603020246817,3.2188758248682006,2.539685019840059,25.5,140.0,20.91,3.2771447329921766,4.948759890378168,1
POND,TRIPURA,2020,25.5,5.9,6.8,149.5,1.55,0.865,31.5,90.5,5.01396308418893,0.9360933591703349,0.6232610530957788,4.516338972281476,3.481240089335692,2.4289915602982237,39.525,231.725,22.0575,3.70191906762174,5.449857499002554,1
POND,TRIPURA,2020,25.5,5.8,6.65,153.5,0.7000000000000001,0.76,18.5,80.0,5.0401940963378005,0.5306282510621704,0.5653138090500605,4.394449154672439,2.970414465569701,2.4083189157584592,17.85,107.45000000000002,19.38,2.93651291389402,4.6862892372728835,1
POND,TRIPURA,2020,26.0,5.949999999999999,6.85,152.5,3.05,1.095,47.5,195.0,5.033700567027251,1.3987168811184478,0.739553553374101,5.278114659230517,3.8815637979434374,2.4392621835300936,79.3,465.125,28.47,4.385769620952716,6.144453838498985,1
POND,TRIPURA,2020,25.5,6.55,6.6,151.5,0.7000000000000001,0.915,27.0,83.0,5.0271645960474665,0.5306282510621704,0.6497176226326093,4.430816798843313,3.332204510175204,2.5592967784139455,17.85,106.05000000000001,23.3325,2.93651291389402,4.6732960150356915,1
POND,TRIPURA,2020,26.0,6.2,6.95,155.5,1.05,0.7150000000000001,32.0,95.0,5.0530560099802075,0.7178397931503169,0.5394130806179033,4.564348191467836,3.4965075614664802,2.4899799195977463,27.3,163.275,18.590000000000003,3.342861804649192,5.101541852783932,1
LAKE,UTTAR PRADESH,2020,24.5,4.15,8.0,335.0,4.3,0.8400000000000001,4400.0,6050.0,5.817111159963204,1.667706820558076,0.6097655716208943,8.707978826622321,8.38958706681109,2.0371548787463363,105.35,1440.5,20.580000000000002,4.666735541646246,7.273439517078457,1
LAKE,WEST BENGAL,2020,27.5,7.6,7.7,643.0,3.3,2.265,775.0,2050.0,6.467698726104354,1.4586150226995167,1.1832597627283945,7.62608275807238,6.654152520183219,2.756809750418044,90.75,2121.9,62.2875,4.51906748693468,7.660538357437956,1
LAKE,WEST BENGAL,2020,29.0,6.9,8.25,696.5,5.6,0.47,17600.0,27200.0,6.5475025136955205,1.8870696490323797,0.3852624007906449,10.211009016314167,9.77571099759397,2.6267851073127395,162.39999999999998,3900.3999999999996,13.629999999999999,5.096201182425903,8.269090742060833,1
LAKE,WEST BENGAL,2020,29.0,6.65,8.3,690.5,5.0,0.565,29000.0,50000.0,6.538863151104813,1.791759469228055,0.4478858239921165,10.819798284210286,10.275085591132715,2.5787593916455256,145.0,3452.5,16.384999999999998,4.983606621708336,8.147143488529027,1
LAKE,WEST BENGAL,2020,28.5,7.35,8.35,707.5,4.4,0.5,11100.0,17700.0,6.563150059130735,1.6863989535702288,0.4054651081081644,9.781376414141157,9.314790473332646,2.711088342345192,125.4,3113.0000000000005,14.25,4.839451481712757,8.043663352393944,1
LAKE,WEST BENGAL,2020,22.5,6.9,7.25,73.0,1.9,1.025,8050.0,10500.0,4.30406509320417,1.0647107369924282,0.7055697005585024,9.259225769705994,8.993551586299981,2.6267851073127395,42.75,138.7,23.062499999999996,3.7784916128036232,4.939497266262916,1
LAKE,WEST BENGAL,2020,14.0,6.4,7.05,73.0,1.9,1.345,1745.0,8585.0,4.30406509320417,1.0647107369924282,0.8522854018982426,9.057888248784506,7.465082736399547,2.5298221281347035,26.599999999999998,138.7,18.83,3.317815772723104,4.939497266262916,1
LAKE,WEST BENGAL,2020,14.0,7.3,7.35,28.5,1.1,0.73,155.0,605.0,3.3843902633457743,0.7419373447293773,0.5481214085096876,6.406879986069314,5.049856007249537,2.701851217221259,15.400000000000002,31.35,10.219999999999999,2.797281334830153,3.4766140209469096,1
LAKE,WEST BENGAL,2020,14.0,7.85,7.35,28.5,1.1,0.5599999999999999,120.0,210.0,3.3843902633457743,0.7419373447293773,0.4446858212614457,5.351858133476067,4.795790545596741,2.80178514522438,15.400000000000002,31.35,7.839999999999999,2.797281334830153,3.4766140209469096,1
LAKE,WEST BENGAL,2020,26.5,8.3,7.35,172.0,1.75,0.3,1075.0,1515.0,5.153291594497779,1.0116009116784799,0.262364264467491,7.323830566202317,6.98100574072173,2.8809720581775866,46.375,301.0,7.949999999999999,3.8580946634025906,5.71042701737487,1
LAKE,WEST BENGAL,2020,26.5,9.0,7.800000000000001,390.5,3.45,0.3,3300.0,6100.0,5.969985515430857,1.4929040961781488,0.262364264467491,8.716207971151853,8.101980731853192,3.0,91.42500000000001,1347.2250000000001,7.949999999999999,4.526397504822696,7.2065441914902575,1
LAKE,WEST BENGAL,2020,23.5,7.4,7.75,70.5,1.75,1.5299999999999998,695.0,2100.0,4.269697449699962,1.0116009116784799,0.9282193027394288,7.650168700845001,6.54534966033442,2.7202941017470885,41.125,123.375,35.955,3.740641388672526,4.823301195478757,1
LAKE,WEST BENGAL,2020,15.5,7.6499999999999995,7.4,28.5,1.55,1.5299999999999998,685.0,1785.0,3.3843902633457743,0.9360933591703349,0.9282193027394288,7.487733761436444,6.530877627725885,2.765863337187866,24.025000000000002,44.175000000000004,23.714999999999996,3.219875325201284,3.8105438364782924,1
LAKE,WEST BENGAL,2020,14.0,7.35,7.4,72.5,1.2,1.2899999999999998,160.0,220.0,4.297285406218791,0.7884573603642702,0.8285518175661482,5.3981627015177525,5.081404364984463,2.711088342345192,16.8,87.0,18.06,2.8791984572980396,4.477336814478207,1
LAKE,ANDHRA PRADESH,2021,25.5,4.85,7.5,2702.5,2.4000000000000004,2.31,15.0,165.0,7.90230250882206,1.2237754316221159,1.1969481893889715,5.111987788356544,2.772588722239781,2.202271554554524,61.20000000000001,6486.000000000001,58.905,4.130354999745134,8.777555453213056,1
LAKE,ANDHRA PRADESH,2021,27.5,4.9,7.35,889.0,3.25,2.165,19.0,195.0,6.7912214627261855,1.4469189829363254,1.1521530555961395,5.278114659230517,2.995732273553991,2.2135943621178655,89.375,2889.25,59.5375,4.503967680478929,7.969098282555431,1
TANK,ANDHRA PRADESH,2021,25.5,5.800000000000001,7.1,328.0,1.75,1.3199999999999998,194.5,359.5,5.796057750765372,1.0116009116784799,0.8415671856782185,5.887491956725004,5.27556037942542,2.4083189157584592,44.625,574.0,33.66,3.8204558119026557,6.354370040797351,1
WETLAND,ANDHRA PRADESH,2021,25.5,5.95,7.65,615.0,1.65,0.675,166.0,483.5,6.423246963533519,0.9745596399981308,0.5158131652770298,6.183117431330821,5.117993812416755,2.4392621835300936,42.074999999999996,1014.75,17.212500000000002,3.7629427824139934,6.923382534867836,1
WETLAND,ANDHRA PRADESH,2021,22.5,7.15,8.05,239.0,1.7000000000000002,1.105,3.5,106.5,5.480638923341991,0.9932517730102834,0.7443154671343447,4.677490847567717,1.5040773967762742,2.6739483914241875,38.25000000000001,406.30000000000007,24.8625,3.669951444228418,6.0095500146543674,1
WETLAND,ANDHRA PRADESH,2021,24.5,5.75,7.5,494.5,1.6,0.495,183.5,406.0,6.205567353770043,0.9555114450274363,0.40212620684264977,6.008813185442595,5.217649463480582,2.3979157616563596,39.2,791.2,12.1275,3.6938669956249757,6.674813885187817,1
WETLAND,ANDHRA PRADESH,2021,25.5,4.8,7.35,1064.0,2.85,2.795,425.0,830.0,6.970730078143525,1.3480731482996928,1.3336844108475931,6.7226297948554485,6.054439346269371,2.1908902300206643,72.675,3032.4,71.2725,4.299663528623759,8.017439381617297,1
WETLAND,ANDHRA PRADESH,2021,26.5,4.949999999999999,7.449999999999999,1018.0,2.5,1.78,347.5,775.0,6.926577033222725,1.252762968495368,1.0224509277025458,6.654152520183219,5.853638230200579,2.2248595461286986,66.25,2545.0,47.17,4.208417018481948,7.842278779117352,1
WETLAND,ANDHRA PRADESH,2021,24.0,5.8,7.45,453.0,1.35,1.45,230.0,439.5,6.118097198041348,0.8544153281560676,0.8960880245566356,6.0879104453762345,5.442417710521793,2.4083189157584592,32.400000000000006,611.5500000000001,34.8,3.508555899982655,6.41763057174018,1
WETLAND,ANDHRA PRADESH,2021,27.0,6.9,7.5,900.0,2.8,1.1199999999999999,12.5,137.0,6.803505257608338,1.33500106673234,0.7514160886839211,4.927253685157205,2.6026896854443837,2.6267851073127395,75.6,2520.0,30.24,4.338597076746545,7.83241092718792,1
WETLAND,ANDHRA PRADESH,2021,25.5,5.35,7.6,1316.5,2.4,1.68,404.5,738.0,7.1834912804155175,1.2237754316221157,0.9858167945227653,6.6052979209482015,6.005120873555468,2.3130067012440754,61.199999999999996,3159.6,42.839999999999996,4.130354999745133,8.058517161975004,1
WETLAND,ANDHRA PRADESH,2021,29.0,3.9,7.15,1035.0,27.95,4.025,30.0,1320.0,6.943122422819428,3.3655702040190043,1.6144254539451395,7.186144304522325,3.4339872044851463,1.9748417658131499,810.55,28928.25,116.72500000000001,6.698945999351079,10.272608472988434,1
WETLAND,ANDHRA PRADESH,2021,24.5,5.75,7.35,783.5,1.9500000000000002,1.3599999999999999,198.5,530.0,6.665046572173087,1.0818051703517284,0.8586616190375187,6.274762021241939,5.295814236329918,2.3979157616563596,47.775000000000006,1527.825,33.32,3.887217886509175,7.332254745487283,1
WETLAND,ANDHRA PRADESH,2021,25.0,5.85,7.550000000000001,637.5,1.4,0.64,199.0,417.0,6.459121675472594,0.8754687373538999,0.49469624183610705,6.035481432524756,5.298317366548036,2.4186773244895647,35.0,892.5,16.0,3.58351893845611,6.795146334599483,1
WETLAND,ANDHRA PRADESH,2021,28.5,6.05,7.6,304.0,1.7999999999999998,1.315,3.5,57.0,5.720311776607412,1.0296194171811581,0.8394096875381973,4.060443010546419,1.5040773967762742,2.4596747752497685,51.3,547.1999999999999,37.4775,3.9569963710708773,6.306640183868685,1
WETLAND,ANDHRA PRADESH,2021,22.5,7.0,7.7,789.0,3.5,2.8949999999999996,3.5,1275.0,6.672032945461067,1.5040773967762742,1.3596936793227115,7.151485463904735,1.5040773967762742,2.6457513110645907,78.75,2761.5,65.13749999999999,4.378896741664954,7.923891345826008,1
WETLAND,ANDHRA PRADESH,2021,25.5,5.199999999999999,7.55,680.0,2.0999999999999996,1.355,5.5,68.0,6.523562306149512,1.1314021114911004,0.8565407274683811,4.23410650459726,1.8718021769015913,2.2803508501982757,53.54999999999999,1427.9999999999998,34.5525,3.9991177122790798,7.264730177929867,1
LAKE,ASSAM,2021,24.0,1.0,7.75,280.0,2.3499999999999996,1.0,2.0,2.0,5.638354669333745,1.2089603458369749,0.6931471805599453,1.0986122886681098,1.0986122886681098,1.0,56.39999999999999,657.9999999999999,24.0,4.050044303325521,6.490723534502507,1
LAKE,ASSAM,2021,24.0,6.15,7.35,193.5,2.35,0.8999999999999999,605.0,1700.0,5.270432163058501,1.208960345836975,0.6418538861723947,7.438971592395862,6.406879986069314,2.479919353527449,56.400000000000006,454.725,21.599999999999998,4.050044303325521,6.121889557418985,1
LAKE,ASSAM,2021,26.5,3.3,7.55,461.0,26.4,2.4,3100.0,5400.0,6.135564891081739,3.3105430133940246,1.2237754316221157,8.594339400592892,8.03947991910045,1.816590212458495,699.5999999999999,12170.4,63.599999999999994,6.551937110763387,9.406844216341499,1
LAKE,ASSAM,2021,30.0,5.0,7.4,73.5,2.1,0.9,515.0,1055.0,4.310799125385514,1.1314021114911006,0.6418538861723948,6.962243464266207,6.246106765481563,2.23606797749979,63.0,154.35,27.0,4.1588830833596715,5.045680635839056,1
LAKE,ASSAM,2021,26.0,7.7,7.5,222.0,3.5,1.3,515.0,1350.0,5.407171771460119,1.5040773967762742,0.832909122935104,7.208600337960199,6.246106765481563,2.7748873851023217,91.0,777.0,33.800000000000004,4.5217885770490405,6.656726524178391,1
LAKE,ASSAM,2021,25.5,7.5,7.5,220.5,3.7,1.3,515.0,1255.0,5.40042258948519,1.547562508716013,0.832909122935104,7.135687347028144,6.246106765481563,2.7386127875258306,94.35000000000001,815.85,33.15,4.557554332046428,6.705455479472517,1
LAKE,ASSAM,2021,28.0,4.85,7.3,81.0,2.45,1.0499999999999998,515.0,1255.0,4.406719247264253,1.2383742310432684,0.7178397931503168,7.135687347028144,6.246106765481563,2.202271554554524,68.60000000000001,198.45000000000002,29.399999999999995,4.242764567340374,5.295563578351416,1
LAKE,ASSAM,2021,23.5,6.300000000000001,7.3,107.0,2.4,0.75,515.0,1205.0,4.68213122712422,1.2237754316221157,0.5596157879354227,7.095064377287131,6.246106765481563,2.5099800796022267,56.4,256.8,17.625,4.050044303325521,5.552184090505087,1
LAKE,ASSAM,2021,27.5,6.5,7.199999999999999,69.0,2.2,0.95,330.0,635.0,4.248495242049359,1.1631508098056809,0.6678293725756554,6.455198563340122,5.802118375377063,2.5495097567963922,60.50000000000001,151.8,26.125,4.119037174812473,5.02912987673242,1
LAKE,ASSAM,2021,24.0,2.05,7.5,1098.0,27.799999999999997,2.8,880.0,1805.0,7.002155954403621,3.3603753871419,1.33500106673234,7.498869733976931,6.78105762593618,1.4317821063276353,667.1999999999999,30524.399999999998,67.19999999999999,6.504587529922656,10.326314402906153,1
LAKE,ASSAM,2021,22.5,5.1,7.35,145.0,2.45,0.8,455.0,1105.0,4.983606621708336,1.2383742310432684,0.5877866649021191,7.00850518208228,6.1224928095143865,2.258317958127243,55.12500000000001,355.25,18.0,4.027581346062418,5.8756327315828605,1
LAKE,ASSAM,2021,23.5,5.9,7.6,148.5,2.55,0.9500000000000001,510.0,1455.0,5.0072963928307415,1.2669476034873244,0.6678293725756554,7.283448228756631,6.236369590203704,2.4289915602982237,59.925,378.67499999999995,22.325000000000003,4.10964359951127,5.939315623616333,1
LAKE,ASSAM,2021,25.0,8.0,7.3,136.0,2.5,0.8999999999999999,615.0,1455.0,4.919980925828125,1.252762968495368,0.6418538861723947,7.283448228756631,6.423246963533519,2.8284271247461903,62.5,340.0,22.499999999999996,4.151039905898646,5.831882477283517,1
LAKE,ASSAM,2021,26.5,5.55,7.25,130.5,2.45,0.8500000000000001,515.0,1360.0,4.879006851617819,1.2383742310432684,0.6151856390902335,7.215975002651466,6.246106765481563,2.355843797877949,64.92500000000001,319.725,22.525000000000002,4.188517732239351,5.770584058135404,1
LAKE,ASSAM,2021,26.5,0.85,7.35,521.5,16.5,1.9,1850.0,3500.0,6.258624983838966,2.8622008809294686,1.0647107369924282,8.160803920954665,7.523481312573497,0.9219544457292888,437.25,8604.75,50.349999999999994,6.082789523801344,9.060185863476251,1
LAKE,ASSAM,2021,23.0,4.15,7.15,140.5,2.5,0.8999999999999999,605.0,1415.0,4.952299717083292,1.252762968495368,0.6418538861723947,7.255591274253665,6.406879986069314,2.0371548787463363,57.5,351.25,20.7,4.069026754237811,5.86434115077879,1
LAKE,ASSAM,2021,26.5,3.5,7.5,474.0,27.0,2.4,3100.0,4750.0,6.163314804034641,3.332204510175204,1.2237754316221157,8.46611040118692,8.03947991910045,1.8708286933869707,715.5,12798.0,63.599999999999994,6.574378247268227,9.457122321855792,1
POND,ASSAM,2021,21.0,4.5,7.35,115.5,2.35,0.8999999999999999,605.0,1550.0,4.757891273005756,1.208960345836975,0.6418538861723947,7.346655163176539,6.406879986069314,2.1213203435596424,49.35,271.425,18.9,3.9189986191645714,5.60736334686295,1
POND,ASSAM,2021,23.5,7.25,7.3,226.0,2.3,1.15,1300.0,2515.0,5.424950017481403,1.1939224684724346,0.7654678421395714,7.830425617820331,7.170888478512505,2.692582403567252,54.05,519.8,27.025,4.008241863168689,6.255366090894359,1
POND,ASSAM,2021,23.0,5.5,7.5,248.5,2.4,0.8500000000000001,515.0,1055.0,5.519458915191573,1.2237754316221157,0.6151856390902335,6.962243464266207,6.246106765481563,2.345207879911715,55.199999999999996,596.4,19.55,4.028916756899645,6.392586905782009,1
POND,ASSAM,2021,25.5,6.6,7.4,89.5,2.3,0.8500000000000001,330.0,730.0,4.505349850705881,1.1939224684724346,0.6151856390902335,6.594413459749778,5.802118375377063,2.569046515733026,58.65,205.85,21.675,4.0884941485439255,5.331993892907421,1
POND,ASSAM,2021,26.5,6.6,7.300000000000001,76.0,2.25,0.9,330.0,605.0,4.343805421853684,1.1786549963416462,0.6418538861723948,6.406879986069314,5.802118375377063,2.569046515733026,59.625,171.0,23.85,4.104707349257647,5.147494476813453,1
POND,ASSAM,2021,25.0,5.1,7.4,75.5,2.4,0.9500000000000001,515.0,1115.0,4.33729074083249,1.2237754316221157,0.6678293725756554,7.017506142941256,6.246106765481563,2.258317958127243,60.0,181.2,23.75,4.110873864173311,5.205104984825858,1
POND,ASSAM,2021,27.0,7.45,7.45,95.5,2.35,0.9,515.0,1110.0,4.56954300834494,1.208960345836975,0.6418538861723948,7.01301578963963,6.246106765481563,2.7294688127912363,63.45,224.425,24.3,4.165889729385197,5.417987509385971,1
POND,ASSAM,2021,27.5,7.699999999999999,7.4,269.5,2.65,1.4,545.0,1455.0,5.600272098286537,1.2947271675944,0.8754687373538999,7.283448228756631,6.302618975744905,2.7748873851023212,72.875,714.175,38.5,4.302374475726262,6.572527267991084,1
POND,ASSAM,2021,24.0,5.4,7.3,544.0,2.5,1.05,605.0,1415.0,6.300785794663244,1.252762968495368,0.7178397931503169,7.255591274253665,6.406879986069314,2.32379000772445,60.0,1360.0,25.200000000000003,4.110873864173311,7.215975002651466,1
POND,ASSAM,2021,25.0,8.0,7.55,83.0,2.3,0.9,510.0,1110.0,4.430816798843313,1.1939224684724346,0.6418538861723948,7.01301578963963,6.236369590203704,2.8284271247461903,57.49999999999999,190.89999999999998,22.5,4.069026754237811,5.256974403013654,1
POND,ASSAM,2021,24.0,7.35,7.4,79.5,2.3,0.8500000000000001,515.0,1055.0,4.388257184424518,1.1939224684724346,0.6151856390902335,6.962243464266207,6.246106765481563,2.711088342345192,55.199999999999996,182.85,20.400000000000002,4.028916756899645,5.214120207747281,1
POND,ASSAM,2021,28.0,5.9,7.0,74.0,2.0,1.0499999999999998,366.0,930.0,4.31748811353631,1.0986122886681098,0.7178397931503168,6.836259277277067,5.905361848054571,2.4289915602982237,56.0,148.0,29.399999999999995,4.04305126783455,5.003946305945459,1
POND,ASSAM,2021,26.0,7.199999999999999,7.6,110.0,2.45,0.8999999999999999,330.0,1060.0,4.709530201312334,1.2383742310432684,0.6418538861723947,6.966967138613983,5.802118375377063,2.6832815729997477,63.7,269.5,23.4,4.169761201506855,5.600272098286537,1
POND,ASSAM,2021,25.0,6.4,7.050000000000001,70.5,2.25,0.9500000000000001,330.0,635.0,4.269697449699962,1.1786549963416462,0.6678293725756554,6.455198563340122,5.802118375377063,2.5298221281347035,56.25,158.625,23.75,4.047427642434349,5.072827314352703,1
POND,ASSAM,2021,26.5,7.5,7.6,149.5,2.5,0.9500000000000001,510.0,1065.0,5.01396308418893,1.252762968495368,0.6678293725756554,6.97166860472579,6.236369590203704,2.7386127875258306,66.25,373.75,25.175,4.208417018481948,5.926259136982707,1
POND,ASSAM,2021,27.5,7.75,7.5,393.0,2.5,1.0,635.0,1455.0,5.976350909297934,1.252762968495368,0.6931471805599453,7.283448228756631,6.455198563340122,2.7838821814150108,68.75,982.5,27.5,4.244917420701475,6.8911176378291135,1
POND,ASSAM,2021,29.0,4.55,7.6,81.5,2.25,0.9,605.0,1505.0,4.412798293340635,1.1786549963416462,0.6418538861723948,7.317212408359839,6.406879986069314,2.1330729007701543,65.25,183.375,26.1,4.193435464866331,5.2169717270940845,1
POND,ASSAM,2021,26.5,6.3,6.95,76.0,2.2,0.9,330.0,635.0,4.343805421853684,1.1631508098056809,0.6418538861723948,6.455198563340122,5.802118375377063,2.5099800796022267,58.300000000000004,167.20000000000002,23.85,4.08260930600368,5.125153747538848,1
POND,ASSAM,2021,28.0,7.4,7.5,284.0,2.45,1.05,515.0,1110.0,5.652489180268651,1.2383742310432684,0.7178397931503169,7.01301578963963,6.246106765481563,2.7202941017470885,68.60000000000001,695.8000000000001,29.400000000000002,4.242764567340374,6.546498425538293,1
POND,ASSAM,2021,23.5,4.7,7.25,150.5,2.4000000000000004,0.85,620.0,1255.0,5.020585624949423,1.2237754316221159,0.6151856390902334,7.135687347028144,6.431331081933479,2.16794833886788,56.400000000000006,361.20000000000005,19.974999999999998,4.050044303325521,5.8921965454493135,1
POND,ASSAM,2021,31.0,4.9,7.35,70.0,2.25,0.95,605.0,1365.0,4.2626798770413155,1.1786549963416462,0.6678293725756554,7.2196420401307355,6.406879986069314,2.2135943621178655,69.75,157.5,29.45,4.259152536523347,5.065754593317335,1
POND,ASSAM,2021,30.0,4.949999999999999,7.6,111.0,2.35,0.95,605.0,1455.0,4.718498871295094,1.208960345836975,0.6678293725756554,7.283448228756631,6.406879986069314,2.2248595461286986,70.5,260.85,28.5,4.269697449699962,5.567771820725497,1
POND,ASSAM,2021,27.0,6.699999999999999,7.3,91.0,2.35,0.8999999999999999,330.0,635.0,4.5217885770490405,1.208960345836975,0.6418538861723947,6.455198563340122,5.802118375377063,2.588435821108957,63.45,213.85,24.299999999999997,4.165889729385197,5.3699401102210045,1
POND,ASSAM,2021,26.5,5.5,7.3,90.0,2.35,0.9,515.0,1110.0,4.51085950651685,1.208960345836975,0.6418538861723948,7.01301578963963,6.246106765481563,2.345207879911715,62.275000000000006,211.5,23.85,4.147490306431187,5.358941988364472,1
POND,ASSAM,2021,28.0,5.75,7.1,78.0,2.3,0.9,515.0,930.0,4.3694478524670215,1.1939224684724346,0.6418538861723948,6.836259277277067,6.246106765481563,2.3979157616563596,64.39999999999999,179.39999999999998,25.2,4.180522258463153,5.1951766076285235,1
POND,ASSAM,2021,24.5,6.25,7.55,232.5,2.35,0.8500000000000001,515.0,1410.0,5.453182077108952,1.208960345836975,0.6151856390902335,7.252053951852814,6.246106765481563,2.5,57.575,546.375,20.825000000000003,4.070307984393859,6.305134125121563,1
POND,ASSAM,2021,27.5,6.65,7.25,80.0,2.4,0.9,330.0,635.0,4.394449154672439,1.2237754316221157,0.6418538861723948,6.455198563340122,5.802118375377063,2.5787593916455256,66.0,192.0,24.75,4.204692619390966,5.262690188904886,1
TANK,ASSAM,2021,28.0,6.0,6.949999999999999,75.0,2.0,0.9,151.0,545.0,4.330733340286331,1.0986122886681098,0.6418538861723948,6.302618975744905,5.0238805208462765,2.449489742783178,56.0,150.0,25.2,4.04305126783455,5.017279836814924,1
LAKE,BIHAR,2021,21.5,5.449999999999999,7.15,248.0,3.3,3.1750000000000003,46390.0,81150.0,5.517452896464707,1.4586150226995167,1.429114358302819,11.304066895725715,10.744860753883362,2.33452350598575,70.95,818.4,68.2625,4.2759714333333765,6.70857236511277,1
LAKE,BIHAR,2021,24.5,10.35,7.75,735.0,8.5,1.315,80340.0,80550.0,6.601230118728877,2.2512917986064953,0.8394096875381973,11.296645803177345,11.294035354935634,3.2171415884290826,208.25,6247.5,32.2175,5.343529709369585,8.740096713925839,1
LAKE,BIHAR,2021,22.0,10.35,8.3,696.0,6.85,0.4,80850.0,81650.0,6.546785410760524,2.060513531794317,0.33647223662121295,11.31020934572104,11.30036323351256,3.2171415884290826,150.7,4767.599999999999,8.8,5.021904886354487,8.469808039754307,1
POND,BIHAR,2021,24.5,9.65,7.6499999999999995,622.0,4.6,0.8899999999999999,81100.0,81300.0,6.434546518787453,1.7227665977411035,0.636576829071551,11.305913595583258,11.303450570483712,3.1064449134018135,112.69999999999999,2861.2,21.804999999999996,4.73356340075649,7.959345838876775,1
POND,BIHAR,2021,24.5,10.35,8.100000000000001,848.5,5.05,0.735,80460.0,80850.0,6.744647941111987,1.80005827204275,0.5510074133988225,11.30036323351256,11.295527873962465,3.2171415884290826,123.725,4284.925,18.0075,4.826111313747101,8.363091677047004,1
LAKE,CHANDIGARH,2021,25.0,8.9,7.8,251.5,3.0,7.75,13502.5,5450016.5,5.531411248715415,1.3862943611198906,2.169053700369523,15.511129377643446,9.510704190083906,2.9832867780352594,75.0,754.5,193.75,4.330733340286331,6.627379781712794,1
LAKE,CHHATTISGARH,2021,28.0,6.4,7.449999999999999,663.0,12.0,0.64,86.0,120.0,6.498282149476434,2.5649493574615367,0.49469624183610705,4.795790545596741,4.465908118654584,2.5298221281347035,336.0,7956.0,17.92,5.820082930352362,8.981807323377534,1
POND,CHHATTISGARH,2021,26.0,7.1,7.449999999999999,663.0,2.4,0.59,60.0,140.0,6.498282149476434,1.2237754316221157,0.4637340162321401,4.948759890378168,4.110873864173311,2.6645825188948455,62.4,1591.2,15.34,4.14946386144318,7.372871986654478,1
LAKE,DELHI,2021,31.5,5.65,8.75,940.0,72.5,2.49,490024.5,79.0,6.846943139585379,4.297285406218791,1.2499017362143359,4.382026634673881,13.10221270954906,2.3769728648009427,2283.75,68150.0,78.435,7.734011888152311,11.12948111053133,1
LAKE,DELHI,2021,31.5,4.65,8.2,1194.0,41.5,1.525,20024.5,130.0,7.085901464365611,3.7495040759303713,0.9262410627273231,4.875197323201151,9.904761740413859,2.1563858652847827,1307.25,49551.0,48.037499999999994,7.1764456452523175,10.810777902212983,1
LAKE,GOA,2021,29.5,6.35,6.6,90.0,1.3,0.43000000000000005,121.0,271.0,4.51085950651685,0.832909122935104,0.357674444271816,5.605802066295998,4.804021044733257,2.5199206336708304,38.35,117.0,12.685000000000002,3.6724959748634123,4.770684624465665,1
LAKE,GOA,2021,28.5,6.550000000000001,7.300000000000001,351.0,1.9,0.355,689.0,1705.0,5.863631175598097,1.0647107369924282,0.3038014543316642,7.441906728051625,6.536691597591305,2.5592967784139455,54.15,666.9,10.1175,4.0100567456995115,6.50413846173159,1
LAKE,GOA,2021,29.0,4.15,6.85,136.5,1.95,0.77,1215.0,2535.0,4.923623917106626,1.0818051703517284,0.5709795465857378,7.8383433155571165,7.103322062526113,2.0371548787463363,56.55,266.175,22.330000000000002,4.0526541351678915,5.58790387441096,1
LAKE,GOA,2021,30.0,7.15,6.800000000000001,111.0,1.45,0.38,1674.5,2770.0,4.718498871295094,0.8960880245566356,0.3220834991691133,7.9269635448629785,7.4238669071773655,2.6739483914241875,43.5,160.95,11.4,3.7954891891721947,5.087287645617338,1
LAKE,GOA,2021,30.0,7.05,6.75,67.5,1.4,0.32,1185.0,1515.0,4.22683374526818,0.8754687373538999,0.2776317365982795,7.323830566202317,7.078341579557671,2.6551836094703507,42.0,94.5,9.6,3.7612001156935624,4.5591262474866845,1
LAKE,GOA,2021,29.0,5.25,7.050000000000001,133.5,2.3,0.7200000000000001,1372.5,1984.0,4.901564199041894,1.1939224684724346,0.5423242908253617,7.59337419312129,7.225117505535328,2.29128784747792,66.69999999999999,307.04999999999995,20.880000000000003,4.215086179918229,5.73026210746058,1
LAKE,GOA,2021,29.5,3.6,6.949999999999999,118.0,2.4,0.42000000000000004,1215.0,2565.0,4.77912349311153,1.2237754316221157,0.3506568716131694,7.850103545175582,7.103322062526113,1.8973665961010275,70.8,283.2,12.39,4.273884476054178,5.649678215663,1
LAKE,GOA,2021,29.0,3.0500000000000003,7.15,329.5,5.25,0.75,2565.0,4420.0,5.800606659291741,1.8325814637483102,0.5596157879354227,8.394121193826242,7.850103545175582,1.746424919657298,152.25,1729.875,21.75,5.032070574816321,7.456382339974878,1
LAKE,GOA,2021,30.25,7.1,7.6,88.5,1.4,0.61,25.5,41.5,4.4942386252808095,0.8754687373538999,0.4762341789963716,3.7495040759303713,3.2771447329921766,2.6645825188948455,42.349999999999994,123.89999999999999,18.4525,3.7693067032265506,4.827513417131532,1
LAKE,GUJARAT,2021,28.5,6.8,8.05,433.5,1.0,0.355,6.5,43.5,6.074195944705447,0.6931471805599453,0.3038014543316642,3.7954891891721947,2.0149030205422647,2.6076809620810595,28.5,433.5,10.1175,3.3843902633457743,6.074195944705447,1
LAKE,GUJARAT,2021,28.5,7.5,7.95,407.0,1.0,0.4,14.5,45.0,6.0112671744041615,0.6931471805599453,0.33647223662121295,3.828641396489095,2.740840023925201,2.7386127875258306,28.5,407.0,11.4,3.3843902633457743,6.0112671744041615,1
LAKE,GUJARAT,2021,28.0,5.35,7.65,1310.0,5.75,0.8,66.0,198.0,7.1785454837637,1.9095425048844386,0.5877866649021191,5.293304824724492,4.204692619390966,2.3130067012440754,161.0,7532.5,22.400000000000002,5.087596335232384,8.927115020241343,1
LAKE,GUJARAT,2021,27.5,5.5,7.85,559.0,10.7,0.99,473.0,865.0,6.327936783729195,2.4595888418037104,0.688134638736401,6.763884908562435,6.161207321695077,2.345207879911715,294.25,5981.299999999999,27.225,5.687822455077471,8.696560388383755,1
LAKE,GUJARAT,2021,31.0,5.7,8.1,1256.5,2.35,0.48,210.0,410.0,7.136880901973894,1.208960345836975,0.3920420877760237,6.018593214496234,5.351858133476067,2.3874672772626644,72.85000000000001,2952.775,14.879999999999999,4.302036008977389,7.990839292282481,1
LAKE,GUJARAT,2021,29.5,5.1,7.95,490.5,2.25,0.9600000000000001,81.5,240.0,6.197461939587221,1.1786549963416462,0.6729444732424259,5.484796933490655,4.412798293340635,2.258317958127243,66.375,1103.625,28.320000000000004,4.210274029229161,7.007261189838169,1
LAKE,GUJARAT,2021,26.5,5.800000000000001,7.800000000000001,526.5,2.5,0.395,6.0,25.0,6.268148865350222,1.252762968495368,0.33289441527332897,3.258096538021482,1.9459101490553132,2.4083189157584592,66.25,1316.25,10.467500000000001,4.208417018481948,7.183301509089395,1
LAKE,GUJARAT,2021,27.5,6.6,8.75,3285.0,14.5,0.975,476.5,940.0,8.097426298597213,2.740840023925201,0.6805683983530851,6.846943139585379,6.168564159920785,2.569046515733026,398.75,47632.5,26.8125,5.9908393517140635,10.771291574194043,1
LAKE,GUJARAT,2021,28.0,6.4,7.85,1786.0,2.05,0.535,86.0,275.0,7.488293515159428,1.1151415906193203,0.4285303810391605,5.62040086571715,4.465908118654584,2.5298221281347035,57.39999999999999,3661.2999999999997,14.98,4.067315889834181,8.205846644325746,1
LAKE,GUJARAT,2021,23.5,3.7,7.6,596.5,1.55,0.45999999999999996,4.5,16.5,6.392754283805666,0.9360933591703349,0.37843643572024505,2.8622008809294686,1.7047480922384253,1.9235384061671346,36.425000000000004,924.575,10.809999999999999,3.622338930305692,6.830415166007357,1
LAKE,GUJARAT,2021,26.5,6.6,7.949999999999999,655.5,2.2,0.295,11.5,25.5,6.486922693742851,1.1631508098056809,0.25851069515150105,3.2771447329921766,2.5257286443082556,2.569046515733026,58.300000000000004,1442.1000000000001,7.8175,4.08260930600368,7.274548856442032,1
LAKE,GUJARAT,2021,28.0,6.699999999999999,8.7,3259.5,15.0,0.51,276.0,491.5,8.089635836833256,2.772588722239781,0.412109650826833,6.199494460612144,5.6240175061873385,2.588435821108957,420.0,48892.5,14.280000000000001,6.042632833682381,10.797399742292363,1
LAKE,GUJARAT,2021,28.0,3.9,8.65,3840.0,34.5,0.63,507.0,940.0,8.253488028345904,3.56953269648137,0.48858001481867097,6.846943139585379,6.230481447578482,1.9748417658131499,966.0,132480.0,17.64,6.874198495453294,11.794194517899777,1
LAKE,GUJARAT,2021,25.0,6.9,7.9,578.0,1.05,0.215,4.0,17.5,6.361302477572996,0.7178397931503169,0.1947440767925118,2.917770732084279,1.6094379124341003,2.6267851073127395,26.25,606.9,5.375,3.305053521109253,6.410010394754677,1
LAKE,GUJARAT,2021,26.0,5.0,7.75,667.0,2.55,0.33999999999999997,25.5,73.5,6.504288173536645,1.2669476034873244,0.29266961396281993,4.310799125385514,3.2771447329921766,2.23606797749979,66.3,1700.85,8.84,4.209160236650682,7.43947117363963,1
LAKE,GUJARAT,2021,29.0,6.1,8.05,968.0,2.8499999999999996,0.385,198.0,355.0,6.876264611890766,1.3480731482996928,0.32570013963930183,5.87493073085203,5.293304824724492,2.4698178070456938,82.64999999999999,2758.7999999999997,11.165000000000001,4.426641427432833,7.922913492317454,1
LAKE,GUJARAT,2021,27.0,4.5,7.9,604.5,2.9499999999999997,0.605,240.0,390.0,6.406054562993147,1.3737155789130304,0.4731237565819792,5.968707559985366,5.484796933490655,2.1213203435596424,79.64999999999999,1783.2749999999999,16.335,4.390118804571218,7.486767449242438,1
POND,GUJARAT,2021,29.5,7.4,7.95,466.5,1.45,0.43499999999999994,9.5,65.0,6.147399348728742,0.8960880245566356,0.3611648492115844,4.189654742026425,2.3513752571634776,2.7202941017470885,42.775,676.425,12.832499999999998,3.7790628781719153,6.518298845519025,1
POND,GUJARAT,2021,25.0,6.8,7.85,725.5,1.75,0.18,56.0,153.5,6.588238483010338,1.0116009116784799,0.16551443847757338,5.0401940963378005,4.04305126783455,2.6076809620810595,43.75,1269.625,4.5,3.8010914447208646,7.147264184382611,1
TANK,GUJARAT,2021,28.5,5.15,7.8,900.0,18.5,0.68,273.0,485.0,6.803505257608338,2.970414465569701,0.5187937934151675,6.186208623900494,5.6131281063880705,2.2693611435820435,527.25,16650.0,19.380000000000003,6.2695696564961665,9.720225553665117,1
LAKE,HARYANA,2021,26.0,7.0,7.6,550.5,4.0,1.49,7100.0,17450.0,6.312641838693557,1.6094379124341003,0.9122827104766162,9.767152232578871,8.867990898182093,2.6457513110645907,104.0,2202.0,38.74,4.653960350157523,7.697575346802343,1
LAKE,HARYANA,2021,26.0,5.55,7.8999999999999995,408.5,4.0,0.59,2600.0,6050.0,6.014936903293124,1.6094379124341003,0.4637340162321401,8.707978826622321,7.8636512654486515,2.355843797877949,104.0,1634.0,15.34,4.653960350157523,7.399398083331354,1
LAKE,HARYANA,2021,26.2,6.85,7.45,1110.0,6.5,2.0,22800.0,71000.0,7.01301578963963,2.0149030205422647,1.0986122886681098,11.170449240431308,10.034559673629849,2.6172504656604803,170.29999999999998,7215.0,52.4,5.143416405330074,8.88405606174246,1
POND,HARYANA,2021,26.0,7.15,7.4,532.5,4.0,0.24,5950.0,12050.0,6.279459070741808,1.6094379124341003,0.2151113796169455,9.396902923027392,8.691314551644853,2.6739483914241875,104.0,2130.0,6.24,4.653960350157523,7.664346632098617,1
LAKE,HIMACHAL PRADESH,2021,18.5,9.05,7.6,283.5,1.0,1.23,317.0,940.0,5.6507332535663855,0.6931471805599453,0.8020015854720274,6.846943139585379,5.762051382780177,3.0083217912982647,18.5,283.5,22.755,2.970414465569701,5.6507332535663855,1
LAKE,HIMACHAL PRADESH,2021,14.0,6.4,6.9,87.5,1.5,1.0999999999999999,2.0,57.5,4.483002552013883,0.9162907318741551,0.7419373447293772,4.069026754237811,1.0986122886681098,2.5298221281347035,21.0,131.25,15.399999999999999,3.091042453358316,4.8846940707384086,1
LAKE,HIMACHAL PRADESH,2021,19.5,7.6,7.6499999999999995,167.0,1.0,0.75,2.0,44.0,5.123963979403259,0.6931471805599453,0.5596157879354227,3.8066624897703196,1.0986122886681098,2.756809750418044,19.5,167.0,14.625,3.0204248861443626,5.123963979403259,1
LAKE,HIMACHAL PRADESH,2021,16.0,7.7,7.9,498.5,1.5,0.57,36.0,240.0,6.2136075980886085,0.9162907318741551,0.4510756193602166,5.484796933490655,3.6109179126442243,2.7748873851023217,24.0,747.75,9.12,3.2188758248682006,6.618405149429659,1
LAKE,HIMACHAL PRADESH,2021,19.0,7.550000000000001,7.6000000000000005,402.0,3.0,1.075,515.0,1260.0,5.998936561946683,1.3862943611198906,0.7299611536826616,7.13966033596492,6.246106765481563,2.7477263328068173,57.0,1206.0,20.425,4.060443010546419,7.095893221097532,1
LAKE,KARNATAKA,2021,25.0,3.75,7.3,812.5,22.5,1.85,472300.0,2717500.0,6.7013459266590925,3.1570004211501135,1.0473189942805592,14.815223265962715,13.065371773180294,1.9364916731037085,562.5,18281.25,46.25,6.334167333479831,9.813685922772931,1
LAKE,KARNATAKA,2021,25.0,4.45,7.1,796.0,13.0,3.6,76650.0,812000.0,6.680854678790215,2.6390573296152584,1.5260563034950492,13.60725685067015,11.247017930529275,2.1095023109728985,325.0,10348.0,90.0,5.786897381366708,9.244645175668174,1
LAKE,KARNATAKA,2021,25.0,5.4,7.1,706.0,5.5,1.45,551150.0,1762000.0,6.561030665896573,1.8718021769015913,0.8960880245566356,14.38196065301499,13.219764097777913,2.32379000772445,137.5,3883.0,36.25,4.930870325627393,8.264620829411216,1
LAKE,KARNATAKA,2021,25.0,3.25,6.75,997.5,16.5,1.25,351700.0,2712000.0,6.90625415285587,2.8622008809294686,0.8109302162163288,14.813197296773918,12.770536661790418,1.8027756377319946,412.5,16458.75,31.25,6.024657514463746,9.708673285780359,1
LAKE,KARNATAKA,2021,25.0,5.699999999999999,7.35,845.5,5.35,2.3449999999999998,7745.0,82700.0,6.74111020157319,1.8484548129046001,1.2074666935801917,11.322986972837104,8.954931860074698,2.3874672772626644,133.75,4523.424999999999,58.62499999999999,4.903421209789107,8.417245776236514,1
LAKE,KARNATAKA,2021,25.0,5.45,7.3,701.5,6.5,1.9500000000000002,71650.0,282000.0,6.5546454012079005,2.0149030205422647,1.0818051703517284,12.549665896013254,11.179562389893048,2.3345235059857505,162.5,4559.75,48.75000000000001,5.096812990337308,8.425242362668328,1
LAKE,KARNATAKA,2021,25.0,5.0,7.8,827.5,10.5,3.4450000000000003,76650.0,812000.0,6.719616836866618,2.4423470353692043,1.491779868965868,13.60725685067015,11.247017930529275,2.23606797749979,262.5,8688.75,86.125,5.574053367981417,9.069899449145955,1
LAKE,KARNATAKA,2021,26.5,5.6000000000000005,8.3,1118.0,19.5,3.16,1380.0,2400.0,7.020190708311925,3.0204248861443626,1.425515074273172,7.783640596221253,7.2305631534092925,2.3664319132398464,516.75,21801.0,83.74000000000001,6.249492500275694,9.989756987688304,1
LAKE,KARNATAKA,2021,25.0,6.300000000000001,6.85,226.5,4.0,5.95,8100.0,88000.0,5.427150238391005,1.6094379124341003,1.9387416595767009,11.385103457032141,8.999742789830492,2.5099800796022267,100.0,906.0,148.75,4.61512051684126,6.810142450115136,1
LAKE,KARNATAKA,2021,25.0,5.5,6.95,811.5,7.0,1.45,471650.0,2712000.0,6.700115914203892,2.0794415416798357,0.8960880245566356,14.813197296773918,13.063994584292013,2.345207879911715,175.0,5680.5,36.25,5.170483995038151,8.644970561358063,1
LAKE,KARNATAKA,2021,25.0,4.0,7.1,1048.0,13.0,1.68,551650.0,4612000.0,6.955592608396297,2.6390573296152584,0.9858167945227653,15.344172377196735,13.220670878930397,2.0,325.0,13624.0,42.0,5.786897381366708,9.519661619531444,1
LAKE,KARNATAKA,2021,25.05,6.1,7.15,364.5,6.0,1.25,23011.5,187000.0,5.901266279189834,1.9459101490553132,0.8109302162163288,12.138869243416009,10.043792825541333,2.4698178070456938,150.3,2187.0,31.3125,5.01926462079431,7.690743163541872,1
LAKE,KARNATAKA,2021,25.0,3.45,7.5,954.5,21.0,2.55,41500.0,282000.0,6.862234763680328,3.091042453358316,1.2669476034873244,12.549665896013254,10.633472802314019,1.857417562100671,525.0,20044.5,63.74999999999999,6.26530121273771,9.905759968641792,1
LAKE,KARNATAKA,2021,23.5,1.95,7.8,946.5,11.0,3.5,2700.0,9500.0,6.853826936956581,2.4849066497880004,1.5040773967762742,9.15915233520675,7.901377353792616,1.396424004376894,258.5,10411.5,82.25,5.558756702605943,9.250762286475098,1
LAKE,KARNATAKA,2021,23.0,4.35,7.05,880.5,16.5,5.25,9000.0,92000.0,6.7816250018379245,2.8622008809294686,1.8325814637483102,11.429554725537322,9.105090961257085,2.085665361461421,379.5,14528.25,120.75,5.941486177301741,9.58391913788868,1
LAKE,KARNATAKA,2021,25.0,5.0,7.05,649.5,5.5,5.045,62000.0,812000.0,6.47774129795256,1.8718021769015913,1.799231484066756,13.60725685067015,11.034905792929415,2.23606797749979,137.5,3572.25,126.125,4.930870325627393,8.181230824789225,1
LAKE,KARNATAKA,2021,25.0,5.1,7.05,1047.0,9.5,2.5,48150.0,282000.0,6.954638864880987,2.3513752571634776,1.252762968495368,12.549665896013254,10.782097185442595,2.258317958127243,237.5,9946.5,62.5,5.474369310328396,9.205076542301084,1
LAKE,KARNATAKA,2021,25.0,4.55,7.4,837.0,23.0,2.1,24150.0,187000.0,6.731018100482083,3.1780538303479458,1.1314021114911006,12.138869243416009,10.092081066090932,2.1330729007701543,575.0,19251.0,52.5,6.3561076606958915,9.865370230423,1
LAKE,KARNATAKA,2021,25.5,4.45,6.6,1480.0,18.5,4.550000000000001,62000.0,472000.0,7.300472814267799,2.970414465569701,1.7137979277583433,13.064736383209516,11.034905792929415,2.1095023109728985,471.75,27380.0,116.02500000000002,6.158566707538567,10.217604621184988,1
LAKE,KARNATAKA,2021,25.0,5.6,7.1,309.0,7.0,0.6000000000000001,8250.0,88000.0,5.736572297479192,2.0794415416798357,0.47000362924573563,11.385103457032141,9.018089684104343,2.3664319132398464,175.0,2163.0,15.000000000000002,5.170483995038151,7.679713639966372,1
LAKE,KARNATAKA,2021,25.0,3.5500000000000003,7.45,1047.0,17.0,3.05,13150.0,132000.0,6.954638864880987,2.8903717578961645,1.3987168811184478,11.790564777297387,9.484253080341965,1.8841443681416772,425.0,17799.0,76.25,6.054439346269371,9.786953736280177,1
LAKE,KARNATAKA,2021,25.5,5.5,8.0,520.5,4.15,3.9,515.0,3000.0,6.256709274440827,1.6389967146756448,1.589235205116581,8.006700845440367,6.246106765481563,2.345207879911715,105.825,2160.0750000000003,99.45,4.671191981530089,7.678361062059199,1
LAKE,KARNATAKA,2021,22.0,5.35,8.25,1267.5,5.45,5.199999999999999,1755.0,6400.0,7.145590379039336,1.864080130807681,1.8245492920510458,8.764209507142004,7.470793774195062,2.3130067012440754,119.9,6907.875,114.39999999999998,4.794963757620747,8.840562095981806,1
LAKE,KARNATAKA,2021,25.0,5.050000000000001,6.9,638.5,9.5,2.45,242000.0,1767500.0,6.460686621018898,2.3513752571634776,1.2383742310432684,14.385077242523568,12.396697137361691,2.247220505424423,237.5,6065.75,61.25000000000001,5.474369310328396,8.71057832056617,1
LAKE,KARNATAKA,2021,25.05,3.15,6.75,1063.0,41.5,2.6,351650.0,1762000.0,6.96979066990159,3.7495040759303713,1.2809338454620642,14.38196065301499,12.77039448546879,1.7748239349298849,1039.575,44114.5,65.13000000000001,6.947528723966416,10.69456647360535,1
LAKE,KARNATAKA,2021,25.0,5.15,7.4,841.5,6.5,3.1,10150.0,92000.0,6.736373662226517,2.0149030205422647,1.410986973710262,11.429554725537322,9.225327501784431,2.2693611435820435,162.5,5469.75,77.5,5.096812990337308,8.60717099753447,1
LAKE,KARNATAKA,2021,25.0,4.2,6.95,472.0,10.0,1.95,167300.0,1217500.0,6.159095388491933,2.3978952727983707,1.0818051703517284,14.012310955293781,12.027549864243364,2.04939015319192,250.0,4720.0,48.75,5.5254529391317835,8.459775920546287,1
LAKE,KARNATAKA,2021,25.0,3.65,6.95,769.0,19.0,2.6,32650.0,282000.0,6.646390514847729,2.995732273553991,1.2809338454620642,12.549665896013254,10.393630762106916,1.91049731745428,475.0,14611.0,65.0,6.16541785423142,9.589598387915172,1
LAKE,KARNATAKA,2021,25.0,4.449999999999999,7.35,885.0,8.0,2.9850000000000003,351150.0,8012000.0,6.786716950605081,2.1972245773362196,1.3825373122421785,15.896451100580618,12.768971609368958,2.1095023109728985,200.0,7080.0,74.62500000000001,5.303304908059076,8.865170419651774,1
LAKE,KARNATAKA,2021,25.0,2.9,6.949999999999999,1283.0,65.0,9.8,241650.0,1762000.0,7.157735484249907,4.189654742026425,2.379546134130174,14.38196065301499,12.395249815481096,1.70293863659264,1625.0,83395.0,245.00000000000003,7.3938782901077555,11.331355625565948,1
LAKE,KARNATAKA,2021,25.0,3.75,7.15,1039.0,15.0,3.465,851100.0,8012000.0,6.946975992135418,2.772588722239781,1.4962692143284624,15.896451100580618,13.654286084414426,1.9364916731037085,375.0,15585.0,86.625,5.929589143389895,9.654128354403506,1
LAKE,KARNATAKA,2021,25.0,5.65,7.45,864.0,7.5,3.15,13150.0,132000.0,6.762729506931879,2.1400661634962708,1.423108334242607,11.790564777297387,9.484253080341965,2.3769728648009427,187.5,6480.0,78.75,5.2390980068880655,8.776630098427717,1
LAKE,KARNATAKA,2021,25.0,4.55,7.0,1148.0,7.5,2.15,67450.0,812000.0,7.046647277848756,2.1400661634962708,1.1474024528375417,13.60725685067015,11.119156687322887,2.1330729007701543,187.5,8610.0,53.75,5.2390980068880655,9.060795734696166,1
LAKE,KARNATAKA,2021,25.0,5.85,6.85,531.5,5.0,3.0,25300.0,192500.0,6.277582897583581,1.791759469228055,1.3862943611198906,12.167856627501678,10.138599199626192,2.4186773244895647,125.0,2657.5,75.0,4.836281906951478,7.885517332944393,1
LAKE,KARNATAKA,2021,25.0,5.55,7.5,543.0,8.5,1.5899999999999999,71150.0,812000.0,6.298949246855942,2.2512917986064953,0.9516578757114463,13.60725685067015,11.172559658233004,2.355843797877949,212.5,4615.5,39.75,5.363636832668679,8.437392121212683,1
LAKE,KARNATAKA,2021,27.0,7.3,7.9,512.0,3.85,2.5,920.0,1600.0,6.240275845170769,1.5789787049493917,1.252762968495368,7.3783837129967145,6.825460036255307,2.701851217221259,103.95,1971.2,67.5,4.653484046266642,7.586904949898229,1
LAKE,KARNATAKA,2021,25.0,4.800000000000001,7.25,870.5,11.5,3.55,24150.0,187000.0,6.770215864960075,2.5257286443082556,1.5151272329628591,12.138869243416009,10.092081066090932,2.1908902300206647,287.5,10010.75,88.75,5.664695085948154,9.211514682203951,1
LAKE,KARNATAKA,2021,25.0,4.6,7.1,857.0,19.0,2.25,8350.0,92000.0,6.754604099487962,2.995732273553991,1.1786549963416462,11.429554725537322,9.03013657115323,2.1447610589527217,475.0,16283.0,56.25,6.16541785423142,9.69793830962287,1
LAKE,KARNATAKA,2021,25.05,3.4,7.4,1841.5,29.5,4.195,166300.0,1212000.0,7.5188786240634915,3.417726683613366,1.6476966245511908,14.007783270693565,12.021554678392043,1.8439088914585775,738.975,54324.25,105.08475000000001,6.6066164018437465,10.902744407046853,1
LAKE,KARNATAKA,2021,23.0,5.9,8.05,632.5,3.5500000000000003,2.05,1115.0,5450.0,6.451259999761194,1.5151272329628591,1.1151415906193203,8.603554357064281,7.017506142941256,2.4289915602982237,81.65,2245.375,47.15,4.4146148242670336,7.717073084852186,1
LAKE,KARNATAKA,2021,25.0,4.55,7.3,1012.0,10.5,7.905,47230.0,271750.0,6.920671504248683,2.4423470353692043,2.186612916741625,12.51264148482949,10.762805735649291,2.1330729007701543,262.5,10626.0,197.625,5.574053367981417,9.271153211372695,1
LAKE,KARNATAKA,2021,23.0,5.3,8.05,707.0,4.35,2.3,1240.0,7100.0,6.56244409369372,1.6770965609079151,1.1939224684724346,8.867990898182093,7.123672785204607,2.3021728866442674,100.05,3075.45,52.9,4.61561544384963,8.031531613813794,1
LAKE,KARNATAKA,2021,25.0,3.35,6.949999999999999,2292.5,72.5,5.8,601650.0,4612000.0,7.737834314037227,4.297285406218791,1.916922612182061,15.344172377196735,13.30743282196083,1.8303005217723127,1812.5,166206.25,145.0,7.503013958722957,12.020990782594064,1
LAKE,KARNATAKA,2021,25.0,3.3000000000000003,7.5,1328.0,41.0,3.55,33150.0,282000.0,7.192182058713246,3.7376696182833684,1.5151272329628591,12.549665896013254,10.408828161071545,1.8165902124584952,1025.0,54448.0,88.75,6.933423025730715,10.905019762719549,1
LAKE,KARNATAKA,2021,24.5,5.05,6.6,597.0,6.5,2.1,5450.0,39000.0,6.393590753950631,2.0149030205422647,1.1314021114911006,10.571342565808699,8.603554357064281,2.247220505424423,159.25,3880.5,51.45,5.076735095800779,8.263976955845735,1
LAKE,KARNATAKA,2021,25.0,5.15,7.45,782.0,6.5,4.025,66650.0,472000.0,6.663132695990803,2.0149030205422647,1.6144254539451395,13.064736383209516,11.107225329245237,2.2693611435820435,162.5,5083.0,100.62500000000001,5.096812990337308,8.533853632309345,1
LAKE,KARNATAKA,2021,25.0,6.65,7.7,940.0,3.65,1.07,39.0,137.0,6.846943139585379,1.536867219599265,0.7275486072772778,4.927253685157205,3.6888794541139363,2.5787593916455256,91.25,3431.0,26.75,4.524502282920636,8.140898460607852,1
LAKE,KARNATAKA,2021,25.0,3.55,7.05,1271.0,25.0,4.41,19300.0,137500.0,7.148345743900068,3.258096538021482,1.6882490928583902,11.83138646878959,9.867912187022208,1.8841443681416772,625.0,31775.0,110.25,6.439350371100098,10.366466566844899,1
LAKE,KARNATAKA,2021,25.0,4.15,7.25,752.0,21.5,4.1000000000000005,551150.0,4612000.0,6.6240652277998935,3.1135153092103742,1.6292405397302803,15.344172377196735,13.219764097777913,2.0371548787463363,537.5,16168.0,102.50000000000001,6.288787496596443,9.690851107739814,1
LAKE,KARNATAKA,2021,25.0,3.55,7.35,543.5,18.0,1.65,31665.0,274600.0,6.299867942373015,2.9444389791664403,0.9745596399981308,12.523074413969974,10.362998829061379,1.8841443681416772,450.0,9783.0,41.25,6.111467339502679,9.188503677367008,1
LAKE,KARNATAKA,2021,25.0,4.65,7.15,816.0,12.5,1.835,48650.0,282000.0,6.705639094860003,2.6026896854443837,1.0420419371797154,12.549665896013254,10.792427642387484,2.1563858652847827,312.5,10200.0,45.875,5.7477993600729755,9.23024103368252,1
LAKE,KARNATAKA,2021,25.0,5.35,7.35,761.5,7.0,2.05,6700.0,44500.0,6.636602508481567,2.0794415416798357,1.1151415906193203,10.703266939811954,8.81001204797317,2.3130067012440754,175.0,5330.5,51.24999999999999,5.170483995038151,8.581387903458234,1
LAKE,KARNATAKA,2021,25.0,4.9,7.55,824.5,13.5,2.5349999999999997,76650.0,812000.0,6.715989263360183,2.6741486494265287,1.262713299348536,13.60725685067015,11.247017930529275,2.2135943621178655,337.5,11130.75,63.37499999999999,5.82452409235233,9.317556664614226,1
LAKE,KARNATAKA,2021,25.0,2.25,7.0,1251.5,51.0,3.45,851650.0,4617500.0,7.13289683295902,3.9512437185814275,1.4929040961781488,15.345364207622914,13.65493209747931,1.5,1275.0,63826.5,86.25,7.151485463904735,11.063939410946963,1
LAKE,KARNATAKA,2021,24.5,4.25,7.4,789.5,19.5,5.7,9150.0,92000.0,6.672665656649527,3.0204248861443626,1.9021075263969205,11.429554725537322,9.121618441915379,2.0615528128088303,477.75,15395.25,139.65,6.171178540494855,9.641879252255695,1
LAKE,KARNATAKA,2021,25.0,6.0,7.55,599.0,6.0,2.65,61650.0,472000.0,6.396929655216146,1.9459101490553132,1.2947271675944,13.064736383209516,11.0292447290611,2.449489742783178,150.0,3594.0,66.25,5.017279836814924,8.187299270155147,1
LAKE,KARNATAKA,2021,25.0,3.1,7.8999999999999995,2186.0,27.0,6.545,33150.0,282000.0,7.690286020676768,3.332204510175204,2.020885092219812,12.549665896013254,10.408828161071545,1.760681686165901,675.0,59022.0,163.625,6.516193076042964,10.98568247743216,1
LAKE,KARNATAKA,2021,27.0,5.449999999999999,7.9,805.5,4.5,2.7,1450.0,5850.0,6.692703897565264,1.7047480922384253,1.308332819650179,8.674367865788236,7.280008252884188,2.33452350598575,121.5,3624.75,72.9,4.808111029984782,8.195816442440359,1
LAKE,KARNATAKA,2021,25.0,2.75,6.85,1130.0,26.0,3.1,397400.0,2717500.0,7.030857476116121,3.295836866004329,1.410986973710262,14.815223265962715,12.892701125453003,1.6583123951777,650.0,29380.0,77.5,6.478509642208569,10.288103485908332,1
LAKE,KARNATAKA,2021,25.0,4.05,7.05,964.5,20.0,3.25,67150.0,817500.0,6.872646101868569,3.044522437723423,1.4469189829363254,13.614007404994387,11.114699093873261,2.0124611797498106,500.0,19290.0,81.25,6.2166061010848646,9.867393944887889,1
LAKE,KARNATAKA,2021,25.0,4.85,7.1,769.5,12.2,1.95,71150.0,472000.0,6.64703965476017,2.580216829592325,1.0818051703517284,13.064736383209516,11.172559658233004,2.202271554554524,305.0,9387.9,48.75,5.723585101952381,9.147283419440297,1
LAKE,KARNATAKA,2021,25.05,5.7,7.35,385.5,4.0,1.35,56150.0,472000.0,5.957131868027477,1.6094379124341003,0.8544153281560676,13.064736383209516,10.935799769447005,2.3874672772626644,100.2,1542.0,33.8175,4.617098756853365,7.341483852363161,1
LAKE,KARNATAKA,2021,25.0,5.5,7.5,882.0,6.0,1.75,61150.0,812000.0,6.78332520060396,1.9459101490553132,1.0116009116784799,13.60725685067015,11.021101494211369,2.345207879911715,150.0,5292.0,43.75,5.017279836814924,8.574140471857987,1
LAKE,KARNATAKA,2021,25.0,2.55,7.4,1351.0,44.0,1.7,11200.0,107000.0,7.20934025660291,3.8066624897703196,0.9932517730102833,11.580593459194764,9.32375833901174,1.5968719422671311,1100.0,59444.0,42.5,7.00397413672268,10.992806794292646,1
LAKE,KARNATAKA,2021,25.0,4.15,7.1,965.0,9.0,12.79,316700.0,2712000.0,6.873163834212518,2.302585092994046,2.6239436918052106,14.813197296773918,12.665713390084107,2.0371548787463363,225.0,8685.0,319.75,5.420534999272286,9.069467813094768,1
LAKE,KARNATAKA,2021,25.0,4.4,7.7,402.5,22.5,1.1549999999999998,352000.0,1762000.0,6.000176487710004,3.1570004211501135,0.767790723555711,14.38196065301499,12.77138929548529,2.0976176963403033,562.5,9056.25,28.874999999999996,6.334167333479831,9.111320820953031,1
LAKE,KARNATAKA,2021,25.0,4.4,7.65,411.5,20.5,1.335,246150.0,1212000.0,6.022236205774735,3.068052935133617,0.8480118911208606,14.007783270693565,12.413700447741572,2.0976176963403033,512.5,8435.75,33.375,6.241250029368613,9.040352442341044,1
LAKE,KARNATAKA,2021,24.5,3.6,7.5,692.5,33.0,6.8500000000000005,76650.0,812000.0,6.541751239754887,3.5263605246161616,2.0605135317943173,13.60725685067015,11.247017930529275,1.8973665961010275,808.5,22852.5,167.82500000000002,6.69641677311769,10.036859557459106,1
LAKE,KARNATAKA,2021,25.0,5.6,7.35,267.5,10.5,1.5,25300.0,472000.0,5.5928509139489195,2.4423470353692043,0.9162907318741551,13.064736383209516,10.138599199626192,2.3664319132398464,262.5,2808.75,37.5,5.574053367981417,7.940850790398376,1
LAKE,KARNATAKA,2021,27.0,2.45,7.75,997.0,7.7,5.0,3100.0,10950.0,6.905753276311464,2.163323025660538,1.791759469228055,9.301186055275759,8.03947991910045,1.5652475842498528,207.9,7676.900000000001,135.0,5.34185566856252,8.946101351250869,1
TANK,KARNATAKA,2021,25.0,5.550000000000001,6.9,383.5,9.5,1.15,26150.0,137500.0,5.951943788945699,2.3513752571634776,0.7654678421395714,11.83138646878959,10.171642709679686,2.3558437978779496,237.5,3643.25,28.749999999999996,5.474369310328396,8.200905861954123,1
TANK,KARNATAKA,2021,25.0,3.8,7.3,1717.0,35.5,5.91,9150.0,92000.0,7.4489161025442,3.597312260588446,1.9329696377795786,11.429554725537322,9.121618441915379,1.9493588689617927,887.5,60953.5,147.75,6.789534647594706,11.017882963193067,1
TANK,KARNATAKA,2021,27.0,4.15,8.05,438.5,30.35,2.89,1660.0,3200.0,6.085637717125231,3.4452142670789296,1.358409157630355,8.071218539969863,7.415175109613295,2.0371548787463363,819.45,13308.475,78.03,6.709852970221159,9.496231466584174,1
TANK,KARNATAKA,2021,25.0,5.5,7.3,333.0,5.5,0.915,25050.0,282000.0,5.811140992976701,1.8718021769015913,0.6497176226326093,12.549665896013254,10.128669025875903,2.345207879911715,137.5,1831.5,22.875,4.930870325627393,7.513436433760806,1
TANK,KARNATAKA,2021,24.0,3.65,7.6,1455.0,5.1,1.0,530.0,3000.0,7.283448228756631,1.8082887711792655,0.6931471805599453,8.006700845440367,6.274762021241939,1.91049731745428,122.39999999999999,7420.499999999999,24.0,4.8154311114712876,8.91213647206482,1
TANK,KARNATAKA,2021,24.0,6.050000000000001,7.65,370.0,2.2,0.3,125.0,1060.0,5.916202062607435,1.1631508098056809,0.262364264467491,6.966967138613983,4.836281906951478,2.459674775249769,52.800000000000004,814.0000000000001,7.199999999999999,3.985273467167739,6.703188113240863,1
TANK,KARNATAKA,2021,25.0,4.95,7.05,732.0,11.5,1.815,19650.0,147000.0,6.597145701886651,2.5257286443082556,1.0349622615916536,11.898194668458823,9.885883506587767,2.224859546128699,287.5,8418.0,45.375,5.664695085948154,9.038246335337664,1
TANK,KARNATAKA,2021,25.0,5.9,7.7,500.0,2.0,0.3,330.0,2200.0,6.2166061010848646,1.0986122886681098,0.262364264467491,7.696667081526462,5.802118375377063,2.4289915602982237,50.0,1000.0,7.5,3.9318256327243257,6.90875477931522,1
TANK,KARNATAKA,2021,25.0,3.75,7.25,691.5,13.5,1.715,36650.0,812000.0,6.540308238061494,2.6741486494265287,0.9987919533858988,13.60725685067015,10.50919599207217,1.9364916731037085,337.5,9335.25,42.875,5.82452409235233,9.141659951671276,1
TANK,KARNATAKA,2021,25.0,5.3,6.95,935.0,6.5,4.35,56350.0,472000.0,6.841615476477592,2.0149030205422647,1.6770965609079151,13.064736383209516,10.939355265539387,2.3021728866442674,162.5,6077.5,108.74999999999999,5.096812990337308,8.712513233995848,1
TANK,KARNATAKA,2021,25.0,3.6,7.050000000000001,1305.0,25.0,28.25,56650.0,477500.0,7.174724309836376,3.258096538021482,3.3758795736778655,13.076321533141567,10.944664918551014,1.8973665961010275,625.0,32625.0,706.25,6.439350371100098,10.392864795496248,1
TANK,KARNATAKA,2021,25.0,4.15,7.25,1117.0,15.5,3.455,61650.0,472000.0,7.0192966537150445,2.803360380906535,1.4940270609227726,13.064736383209516,11.0292447290611,2.0371548787463363,387.5,17313.5,86.375,5.962293169807702,9.759299579723077,1
TANK,KARNATAKA,2021,25.05,4.7,7.1,748.5,8.5,2.62,77400.0,817500.0,6.619406317542652,2.2512917986064953,1.2864740258376797,13.614007404994387,11.256754979390998,2.16794833886788,212.925,6362.25,65.631,5.365625486304118,8.758294532104225,1
TANK,KARNATAKA,2021,25.0,2.65,7.050000000000001,1704.0,24.0,14.0,231150.0,1762000.0,7.4413203897176174,3.2188758248682006,2.70805020110221,14.38196065301499,12.350826455602125,1.6278820596099706,600.0,40896.0,350.0,6.398594934535208,10.618811989707426,1
TANK,KARNATAKA,2021,25.5,4.85,6.75,657.0,8.0,1.505,21650.0,181500.0,6.489204931325317,2.1972245773362196,0.9182887345368281,12.109016442313738,9.982806921740384,2.202271554554524,204.0,5256.0,38.3775,5.3230099791384085,8.567315800819449,1
TANK,KARNATAKA,2021,25.0,5.15,7.05,1405.5,10.0,3.4499999999999997,49350.0,477500.0,7.248859627929911,2.3978952727983707,1.4929040961781488,13.076321533141567,10.806713308080846,2.2693611435820435,250.0,14055.0,86.25,5.5254529391317835,9.550804629866933,1
TANK,KARNATAKA,2021,25.0,3.3,6.95,691.0,21.4,2.95,61150.0,472000.0,6.539585955617669,3.109060958860994,1.3737155789130306,13.064736383209516,11.021101494211369,1.816590212458495,535.0,14787.4,73.75,6.284134161070802,9.601598368649322,1
TANK,KARNATAKA,2021,25.5,6.0,6.9,280.5,4.5,0.65,8650.0,92000.0,5.640132447579745,1.7047480922384253,0.5007752879124893,11.429554725537322,9.065430200180375,2.449489742783178,114.75,1262.25,16.575,4.751432692966343,7.141443044172018,1
TANK,KARNATAKA,2021,25.0,4.699999999999999,7.15,1652.0,7.0,2.8,26150.0,137500.0,7.410347097821024,2.0794415416798357,1.33500106673234,11.83138646878959,10.171642709679686,2.16794833886788,175.0,11564.0,70.0,5.170483995038151,9.355738574665539,1
TANK,KARNATAKA,2021,25.0,5.4,7.1,505.5,5.5,1.8,8650.0,92000.0,6.227524323688738,1.8718021769015913,1.0296194171811581,11.429554725537322,9.065430200180375,2.32379000772445,137.5,2780.25,45.0,4.930870325627393,7.93065574591455,1
TANK,KARNATAKA,2021,23.0,5.3,7.95,820.0,2.6,0.35,230.0,1600.0,6.710523109452428,1.2809338454620642,0.3001045924503381,7.3783837129967145,5.442417710521793,2.3021728866442674,59.800000000000004,2132.0,8.049999999999999,4.107589788972121,7.665284718471351,1
TANK,KARNATAKA,2021,24.0,6.449999999999999,7.65,400.0,2.1,0.3,156.0,1160.0,5.993961427306569,1.1314021114911006,0.262364264467491,7.057036981697891,5.056245805348308,2.539685019840059,50.400000000000006,840.0,7.199999999999999,3.9396381724611196,6.734591659972948,1
TANK,KARNATAKA,2021,24.5,4.95,7.65,445.0,2.4000000000000004,0.3,275.0,1950.0,6.100318952020064,1.2237754316221159,0.262364264467491,7.576097340623111,5.62040086571715,2.224859546128699,58.80000000000001,1068.0000000000002,7.35,4.091005660956586,6.974478911025045,1
TANK,KARNATAKA,2021,25.0,5.0,7.65,814.0,16.5,1.4449999999999998,119.0,420.0,6.703188113240863,2.8622008809294686,0.8940451229268352,6.042632833682381,4.787491742782046,2.23606797749979,412.5,13431.0,36.12499999999999,6.024657514463746,9.505395198757377,1
TANK,KARNATAKA,2021,25.0,3.3,6.800000000000001,943.5,17.0,3.3,24700.0,187000.0,6.850655686941565,2.8903717578961645,1.4586150226995167,12.138869243416009,10.114599007626499,1.816590212458495,425.0,16039.5,82.5,6.054439346269371,9.682872053004493,1
TANK,KARNATAKA,2021,26.5,7.2,7.9,898.5,4.25,0.8,875.0,3500.0,6.801839053390588,1.6582280766035324,0.5877866649021191,8.160803920954665,6.775366090936392,2.6832815729997477,112.625,3818.625,21.200000000000003,4.732903552497643,8.247907529242605,1
TANK,KARNATAKA,2021,24.0,6.199999999999999,7.55,485.0,2.3,0.3,435.0,2350.0,6.186208623900494,1.1939224684724346,0.262364264467491,7.762596048540069,6.077642243349034,2.4899799195977463,55.199999999999996,1115.5,7.199999999999999,4.028916756899645,7.017954071280212,1
TANK,KARNATAKA,2021,26.5,7.3,7.95,892.0,4.5,0.3,825.0,3500.0,6.794586580876499,1.7047480922384253,0.262364264467491,8.160803920954665,6.716594773520978,2.701851217221259,119.25,4014.0,7.949999999999999,4.78957290898587,8.297792626380861,1
TANK,KARNATAKA,2021,23.5,5.3,7.55,380.0,2.1,0.31,265.0,1950.0,5.942799375126701,1.1314021114911006,0.27002713721306015,7.576097340623111,5.583496308781699,2.3021728866442674,49.35,798.0,7.285,3.9189986191645714,6.683360945766275,1
TANK,KARNATAKA,2021,24.0,5.85,6.9,968.5,11.0,2.5,36350.0,472000.0,6.876780474682707,2.4849066497880004,1.252762968495368,13.064736383209516,10.500976992899632,2.4186773244895647,264.0,10653.5,60.0,5.579729825986222,9.273737617105974,1
TANK,KARNATAKA,2021,24.0,5.0,7.9,520.0,2.55,0.3,340.0,2450.0,6.255750041753367,1.2669476034873244,0.262364264467491,7.804251383528112,5.831882477283517,2.23606797749979,61.199999999999996,1326.0,7.199999999999999,4.130354999745133,7.190676034332207,1
TANK,KARNATAKA,2021,26.5,6.5,8.75,2499.5,8.65,3.4650000000000003,1380.0,2400.0,7.824245990858959,2.2669579153508947,1.4962692143284624,7.783640596221253,7.2305631534092925,2.5495097567963922,229.22500000000002,21620.675,91.8225,5.439057091607431,9.981451562752792,1
TANK,KARNATAKA,2021,25.0,4.05,7.45,797.0,14.5,2.85,1401650.0,8012000.0,6.682108597449809,2.740840023925201,1.3480731482996928,15.896451100580618,14.153161385488575,2.0124611797498106,362.5,11556.5,71.25,5.895779296973574,9.35508985586238,1
TANK,KARNATAKA,2021,24.0,3.7,7.699999999999999,2645.0,5.1,1.2,405.0,2810.0,7.880804344674901,1.8082887711792655,0.7884573603642702,7.941295570906532,6.0063531596017325,1.9235384061671346,122.39999999999999,13489.499999999998,28.799999999999997,4.8154311114712876,9.509741013007147,1
TANK,KARNATAKA,2021,22.5,6.7,8.0,630.0,4.25,2.35,900.0,5050.0,6.447305862541213,1.6582280766035324,1.208960345836975,8.527341522468053,6.803505257608338,2.588435821108957,95.625,2677.5,52.875,4.570837506907586,7.893012215321015,1
TANK,KARNATAKA,2021,24.5,7.050000000000001,7.85,519.5,3.65,0.75,55.5,251.0,6.254789888055024,1.536867219599265,0.5596157879354227,5.529429087511423,4.034240638152395,2.6551836094703507,89.425,1896.175,18.375,4.504520777838161,7.548121216602668,1
TANK,KARNATAKA,2021,25.0,4.45,7.1,839.0,21.5,3.445,471650.0,2712000.0,6.733401891837359,3.1135153092103742,1.491779868965868,14.813197296773918,13.063994584292013,2.1095023109728985,537.5,18038.5,86.125,6.288787496596443,9.800319077046261,1
TANK,KARNATAKA,2021,24.5,5.25,8.25,1700.0,4.9,0.8,270.0,1950.0,7.438971592395862,1.7749523509116738,0.5877866649021191,7.576097340623111,5.602118820879701,2.29128784747792,120.05000000000001,8330.0,19.6,4.796203683384068,9.027738775974909,1
TANK,KARNATAKA,2021,27.0,6.6,7.8999999999999995,295.0,4.35,0.3,265.0,1060.0,5.69035945432406,1.6770965609079151,0.262364264467491,6.966967138613983,5.583496308781699,2.569046515733026,117.44999999999999,1283.25,8.1,4.774490930604794,7.157930169347377,1
TANK,KARNATAKA,2021,24.0,6.5,7.55,495.0,2.05,0.3,156.5,1160.0,6.206575926724928,1.1151415906193203,0.262364264467491,7.057036981697891,5.059425458265688,2.5495097567963922,49.199999999999996,1014.7499999999999,7.199999999999999,3.9160150266976834,6.923382534867836,1
TANK,KARNATAKA,2021,27.0,6.9,8.0,330.0,2.3,1.1,265.0,1060.0,5.802118375377063,1.1939224684724346,0.7419373447293773,6.966967138613983,5.583496308781699,2.6267851073127395,62.099999999999994,758.9999999999999,29.700000000000003,4.144720769547168,6.633318433280377,1
TANK,KARNATAKA,2021,25.0,4.75,7.35,453.0,15.5,1.805,26050.0,282000.0,6.118097198041348,2.803360380906535,1.0314035389746596,12.549665896013254,10.167811434160654,2.179449471770337,387.5,7021.5,45.125,5.962293169807702,8.856874558978399,1
TANK,KARNATAKA,2021,24.0,6.0,7.7,495.0,2.5,0.3,182.0,1310.0,6.206575926724928,1.252762968495368,0.262364264467491,7.1785454837637,5.209486152841421,2.449489742783178,60.0,1237.5,7.199999999999999,4.110873864173311,7.121656248929415,1
TANK,KARNATAKA,2021,25.0,5.0,6.9,726.5,7.5,2.1799999999999997,231150.0,1762000.0,6.589613999045648,2.1400661634962708,1.1568811967920853,14.38196065301499,12.350826455602125,2.23606797749979,187.5,5448.75,54.49999999999999,5.2390980068880655,8.603325015045524,1
TANK,KARNATAKA,2021,25.0,5.65,7.550000000000001,844.0,6.5,2.665,86150.0,812000.0,6.739336627357174,2.0149030205422647,1.2988283353386147,13.60725685067015,11.363856849549764,2.3769728648009427,162.5,5486.0,66.625,5.096812990337308,8.610136937058975,1
TANK,KARNATAKA,2021,24.0,2.45,7.65,1070.0,4.8,0.95,1765.0,10000.0,6.976348070447749,1.7578579175523736,0.6678293725756554,9.210440366976517,7.476472381163905,1.5652475842498528,115.19999999999999,5136.0,22.799999999999997,4.75531284441781,8.544224530467268,1
TANK,KARNATAKA,2021,25.0,3.05,6.949999999999999,1136.5,21.0,4.7,552450.0,4612000.0,7.036588150825105,3.091042453358316,1.7404661748405046,15.344172377196735,13.222120020658245,1.746424919657298,525.0,23866.5,117.5,6.26530121273771,10.080272979872188,1
TANK,KARNATAKA,2021,27.5,6.85,8.3,1653.5,12.0,1.285,30950.0,97500.0,7.4112541273616666,2.5649493574615367,0.826366024346168,11.487617913343598,10.340160587768485,2.6172504656604803,330.0,19842.0,35.3375,5.802118375377063,9.895606579085252,1
TANK,KARNATAKA,2021,25.0,5.15,7.45,871.5,7.0,7.17,18150.0,187000.0,6.771362654076582,2.0794415416798357,2.1004689088719113,12.138869243416009,9.806480934593978,2.2693611435820435,175.0,6100.5,179.25,5.170483995038151,8.716289921571894,1
TANK,KARNATAKA,2021,25.0,3.4,6.95,958.0,72.5,22.9,33800.0,287500.0,6.8658910748834385,4.297285406218791,3.173878458937465,12.568981617474362,10.428245666832275,1.8439088914585775,1812.5,69455.0,572.5,7.503013958722957,11.148448737539375,1
TANK,KARNATAKA,2021,26.75,6.300000000000001,7.800000000000001,845.0,19.5,1.65,265.0,1060.0,6.740519359606223,3.0204248861443626,0.9745596399981308,6.966967138613983,5.583496308781699,2.5099800796022267,521.625,16477.5,44.137499999999996,6.258864189676729,9.709811779903468,1
TANK,KARNATAKA,2021,27.5,6.85,8.4,1559.0,18.5,0.32999999999999996,34000.0,107000.0,7.352441100243583,2.970414465569701,0.28517894223366236,11.580593459194764,10.434145214930487,2.6172504656604803,508.75,28841.5,9.075,6.233920409454565,10.269605272801444,1
TANK,KARNATAKA,2021,25.0,3.75,7.3,1050.5,28.0,3.65,57300.0,477500.0,6.957972995142755,3.367295829986474,1.536867219599265,13.076321533141567,10.956073354557526,1.9364916731037085,700.0,29414.0,91.25,6.55250788703459,10.289260027298557,1
TANK,KARNATAKA,2021,25.0,6.05,6.85,375.0,3.5,1.26,8815.0,82700.0,5.929589143389895,1.5040773967762742,0.8153648132841945,11.322986972837104,9.084323531392696,2.4596747752497685,87.5,1312.5,31.5,4.483002552013883,7.180450609125595,1
TANK,KARNATAKA,2021,25.05,3.15,7.05,721.0,72.5,1.745,351650.0,1762000.0,6.582025138892826,4.297285406218791,1.009781074961494,14.38196065301499,12.77039448546879,1.7748239349298849,1816.125,52272.5,43.712250000000004,7.505010860746489,10.864244829480551,1
TANK,KARNATAKA,2021,24.5,7.449999999999999,7.85,382.0,1.75,0.62,8.0,21.0,5.948034989180646,1.0116009116784799,0.4824261492442927,3.091042453358316,2.1972245773362196,2.729468812791236,42.875,668.5,15.19,3.7813446817860297,6.506531165131227,1
TANK,KARNATAKA,2021,24.0,6.7,7.699999999999999,735.0,3.5,1.3199999999999998,35.5,112.0,6.601230118728877,1.5040773967762742,0.8415671856782185,4.727387818712341,3.597312260588446,2.588435821108957,84.0,2572.5,31.679999999999996,4.442651256490317,7.85302211909281,1
TANK,KARNATAKA,2021,24.5,5.800000000000001,7.6,450.0,2.15,0.3,247.0,2110.0,6.111467339502679,1.1474024528375417,0.262364264467491,7.65491704784832,5.5134287461649825,2.4083189157584592,52.675,967.5,7.35,3.982947343764845,6.875748482847051,1
TANK,KARNATAKA,2021,29.0,6.4,6.85,176.0,2.5,4.55,811.5,811.5,5.176149732573829,1.252762968495368,1.713797927758343,6.700115914203892,6.700115914203892,2.5298221281347035,72.5,440.0,131.95,4.297285406218791,6.089044875446846,1
TANK,KARNATAKA,2021,25.0,4.85,7.800000000000001,1130.5,12.5,3.0,47600.0,817500.0,7.031299465073592,2.6026896854443837,1.3862943611198906,13.614007404994387,10.7706090484022,2.202271554554524,312.5,14131.25,75.0,5.7477993600729755,9.55621469867071,1
TANK,KARNATAKA,2021,25.0,4.05,6.7,798.0,24.5,2.035,76650.0,812000.0,6.683360945766275,3.2386784521643803,1.1102114245114616,13.60725685067015,11.247017930529275,2.0124611797498106,612.5,19551.0,50.875,6.419180264150966,9.880832861971323,1
TANK,KARNATAKA,2021,25.0,3.05,7.300000000000001,1299.0,12.5,12.575,50950.0,297000.0,7.170119543449628,2.6026896854443837,2.608229865819999,12.601490784782536,10.83861966554364,1.746424919657298,312.5,16237.5,314.375,5.7477993600729755,9.695140244917782,1
TANK,KARNATAKA,2021,25.5,7.25,7.05,207.0,2.45,0.545,5.0,25.0,5.337538079701318,1.2383742310432684,0.4350239103497088,3.258096538021482,1.791759469228055,2.692582403567252,62.475,507.15000000000003,13.8975,4.1506461275907425,6.230776679583776,1
TANK,KARNATAKA,2021,24.5,5.25,7.65,575.0,2.3,0.3,315.0,2300.0,6.3561076606958915,1.1939224684724346,0.262364264467491,7.741099090035366,5.755742213586912,2.29128784747792,56.349999999999994,1322.5,7.35,4.04917284357538,7.188035021667156,1
TANK,KARNATAKA,2021,25.0,5.35,7.85,1030.0,3.5,1.0,415.0,2800.0,6.93828448401696,1.5040773967762742,0.6931471805599453,7.937731775260109,6.030685260261263,2.3130067012440754,87.5,3605.0,25.0,4.483002552013883,8.190354403763262,1
TANK,KARNATAKA,2021,25.0,5.95,7.7,420.0,2.1,0.3,240.0,1750.0,6.042632833682381,1.1314021114911006,0.262364264467491,7.467942332285852,5.484796933490655,2.4392621835300936,52.5,882.0,7.5,3.979681653901961,6.78332520060396,1
TANK,KARNATAKA,2021,28.0,7.1,7.95,1352.5,4.5,1.05,1015.0,3800.0,7.210449109054355,1.7047480922384253,0.7178397931503169,8.24301946898925,6.923628628138427,2.6645825188948455,126.0,6086.25,29.400000000000002,4.844187086458591,8.713951698785735,1
TANK,KARNATAKA,2021,24.0,6.3,7.5,1036.0,3.9,1.17,35.5,133.0,6.9440872082295275,1.589235205116581,0.7747271675523681,4.897839799950911,3.597312260588446,2.5099800796022267,93.6,4040.4,28.08,4.549657476057832,8.304346445579396,1
TANK,KARNATAKA,2021,24.0,5.1,7.55,920.0,3.3499999999999996,0.6,415.0,2850.0,6.825460036255307,1.4701758451005926,0.4700036292457356,7.955425088912672,6.030685260261263,2.258317958127243,80.39999999999999,3081.9999999999995,14.399999999999999,4.399375273008494,8.03365842788615,1
TANK,KARNATAKA,2021,25.0,2.55,7.05,1487.0,27.5,6.15,472300.0,2717500.0,7.305188215393037,3.349904087274605,1.9671123567059163,14.815223265962715,13.065371773180294,1.5968719422671311,687.5,40892.5,153.75,6.53451531816871,10.618726405195725,1
TANK,KARNATAKA,2021,24.5,7.1,7.949999999999999,685.5,3.65,0.655,88.5,307.5,6.531606225208026,1.536867219599265,0.5038010088290262,5.731721843345443,4.4942386252808095,2.6645825188948455,89.425,2502.075,16.0475,4.504520777838161,7.82527525502601,1
TANK,KARNATAKA,2021,25.5,7.1,8.0,942.0,3.5999999999999996,1.07,42.0,152.5,6.849066282633458,1.5260563034950492,0.7275486072772778,5.033700567027251,3.7612001156935624,2.6645825188948455,91.8,3391.2,27.285,4.530446639792155,8.129233957437739,1
TANK,KARNATAKA,2021,25.0,3.6999999999999997,8.0,321.0,26.0,1.3,48350.0,282000.0,5.7745515455444085,3.295836866004329,0.832909122935104,12.549665896013254,10.786242183190828,1.9235384061671343,650.0,8346.0,32.5,6.478509642208569,9.029657471850737,1
TANK,KARNATAKA,2021,25.0,3.4,7.3,3084.5,63.5,4.9,49300.0,282000.0,8.034468997761122,4.1666652238017265,1.7749523509116738,12.549665896013254,10.805699643800724,1.8439088914585775,1587.5,195865.75,122.50000000000001,7.370545453709571,12.185189860073155,1
TANK,KARNATAKA,2021,24.5,4.05,6.85,998.5,41.5,6.4,56150.0,472000.0,6.907255153940455,3.7495040759303713,2.0014800002101243,13.064736383209516,10.935799769447005,2.0124611797498106,1016.75,41437.75,156.8,6.925349587383089,10.631971712385756,1
TANK,KARNATAKA,2021,25.0,5.45,7.5,816.0,9.0,2.45,47070.0,812000.0,6.705639094860003,2.302585092994046,1.2383742310432684,13.60725685067015,10.759412379123841,2.3345235059857505,225.0,7344.0,61.25000000000001,5.420534999272286,8.901775088607979,1
TANK,KARNATAKA,2021,25.0,4.35,7.1,1339.0,9.5,4.409999999999999,86650.0,472000.0,7.200424892944957,2.3513752571634776,1.68824909285839,13.064736383209516,11.36964383575806,2.085665361461421,237.5,12720.5,110.24999999999999,5.474369310328396,9.451048754469864,1
LAKE,KERALA,2021,29.5,6.6,7.2,658.0,2.5,0.55,701.0,1101.0,6.490723534502507,1.252762968495368,0.4382549309311553,7.004881989712859,6.553933404025811,2.569046515733026,73.75,1645.0,16.225,4.314149212270796,7.406103381237015,1
LAKE,KERALA,2021,29.5,4.35,7.45,3840.0,3.6500000000000004,0.3,950.0,1950.0,8.253488028345904,1.536867219599265,0.262364264467491,7.576097340623111,6.85751406254539,2.085665361461421,107.67500000000001,14016.000000000002,8.85,4.688361776874856,9.548026157663058,1
LAKE,KERALA,2021,28.5,7.0,7.0,722.5,2.4,0.3,701.0,2051.0,6.5841005460715385,1.2237754316221157,0.262364264467491,7.62657020629066,6.553933404025811,2.6457513110645907,68.39999999999999,1734.0,8.549999999999999,4.239886867512759,7.45876269238096,1
LAKE,KERALA,2021,26.5,2.4000000000000004,7.1,206.5,4.1,0.3,1310.0,2600.0,5.335131339670753,1.62924053973028,0.262364264467491,7.8636512654486515,7.1785454837637,1.5491933384829668,108.64999999999999,846.65,7.949999999999999,4.697293474863897,6.742467814743962,1
LAKE,KERALA,2021,27.0,7.35,7.199999999999999,60.0,1.1,0.3,50.0,360.0,4.110873864173311,0.7419373447293773,0.262364264467491,5.8888779583328805,3.9318256327243257,2.711088342345192,29.700000000000003,66.0,8.1,3.4242626545931514,4.204692619390966,1
LAKE,KERALA,2021,25.0,7.15,7.15,40.0,1.0,0.3,2.0,51.0,3.713572066704308,0.6931471805599453,0.262364264467491,3.9512437185814275,1.0986122886681098,2.6739483914241875,25.0,40.0,7.5,3.258096538021482,3.713572066704308,1
LAKE,KERALA,2021,27.0,7.55,6.75,28.5,1.25,0.3,14.5,46.5,3.3843902633457743,0.8109302162163288,0.262364264467491,3.8607297110405954,2.740840023925201,2.7477263328068173,33.75,35.625,8.1,3.548179572010801,3.6007310673372315,1
LAKE,KERALA,2021,26.5,7.55,7.15,39.5,1.15,0.5,1773.5,2742.0,3.7013019741124933,0.7654678421395714,0.4054651081081644,7.916807490937603,7.4812739720865515,2.7477263328068173,30.474999999999998,45.425,13.25,3.449193579930411,3.8378381072387695,1
LAKE,KERALA,2021,27.0,7.55,7.050000000000001,34.5,1.0,0.3,61.0,206.0,3.56953269648137,0.6931471805599453,0.262364264467491,5.332718793265369,4.127134385045092,2.7477263328068173,27.0,34.5,8.1,3.332204510175204,3.56953269648137,1
LAKE,KERALA,2021,26.5,6.949999999999999,7.3,107.5,2.2,1.95,351.0,650.0,4.686750172980514,1.1631508098056809,1.0818051703517284,6.478509642208569,5.863631175598097,2.6362852652928135,58.300000000000004,236.50000000000003,51.675,4.08260930600368,5.470167623474696,1
LAKE,KERALA,2021,23.0,7.0,7.1,173.5,1.5,0.5,90.0,325.0,5.161924741642482,0.9162907318741551,0.4054651081081644,5.786897381366708,4.51085950651685,2.6457513110645907,34.5,260.25,11.5,3.56953269648137,5.565477803279021,1
LAKE,KERALA,2021,26.5,6.15,6.6,135.0,2.75,0.3,450.0,1200.0,4.912654885736052,1.3217558399823195,0.262364264467491,7.0909098220799835,6.111467339502679,2.479919353527449,72.875,371.25,7.949999999999999,4.302374475726262,5.9195656715641185,1
POND,KERALA,2021,27.5,7.35,7.35,116.5,1.55,0.51,415.0,670.0,4.7664383335842135,0.9360933591703349,0.412109650826833,6.508769136971682,6.030685260261263,2.711088342345192,42.625,180.57500000000002,14.025,3.7756303805225913,5.201668791492232,1
POND,KERALA,2021,26.5,4.6,7.45,265.0,5.75,0.3,1600.0,5050.0,5.583496308781699,1.9095425048844386,0.262364264467491,8.527341522468053,7.3783837129967145,2.1447610589527217,152.375,1523.75,7.949999999999999,5.032885903031075,7.329585741176566,1
POND,LAKSHADWEEP,2021,29.0,9.0,8.3,600.0,1.0,0.32,5.0,1600.0,6.398594934535208,0.6931471805599453,0.2776317365982795,7.3783837129967145,1.791759469228055,3.0,29.0,600.0,9.28,3.4011973816621555,6.398594934535208,1
LAKE,MADHYA PRADESH,2021,21.65,7.35,8.100000000000001,419.0,1.5,2.48,2.0,53.0,6.040254711277414,0.9162907318741551,1.247032293786383,3.9889840465642745,1.0986122886681098,2.711088342345192,32.474999999999994,628.5,53.69199999999999,3.510798891577236,6.444925853484402,1
LAKE,MADHYA PRADESH,2021,22.0,7.4,7.75,449.0,1.15,0.515,2.0,49.0,6.1092475827643655,0.7654678421395714,0.4154154389613325,3.912023005428146,1.0986122886681098,2.7202941017470885,25.299999999999997,516.3499999999999,11.33,3.269568939183719,6.248719628050959,1
LAKE,MADHYA PRADESH,2021,22.6,6.55,7.6499999999999995,522.0,4.35,0.535,56.0,481.5,6.259581464064923,1.6770965609079151,0.4285303810391605,6.178980920779041,4.04305126783455,2.5592967784139455,98.31,2270.7,12.091000000000001,4.598246270915268,7.728283728869175,1
LAKE,MADHYA PRADESH,2021,26.049999999999997,7.300000000000001,7.55,246.0,1.3,0.7649999999999999,2.0,40.0,5.5093883366279774,0.832909122935104,0.56815069038526,3.713572066704308,1.0986122886681098,2.701851217221259,33.864999999999995,319.8,19.928249999999995,3.5514834606729737,5.77081787599236,1
LAKE,MADHYA PRADESH,2021,26.0,7.3,7.449999999999999,369.5,4.9,4.75,91.0,12024.5,5.914853444736141,1.7749523509116738,1.749199854809259,9.394784674151117,4.5217885770490405,2.701851217221259,127.4,1810.5500000000002,123.5,4.855150391255861,7.501938111389494,1
LAKE,MADHYA PRADESH,2021,22.0,7.45,7.550000000000001,370.0,1.9,0.4,2.0,29.0,5.916202062607435,1.0647107369924282,0.33647223662121295,3.4011973816621555,1.0986122886681098,2.7294688127912363,41.8,703.0,8.8,3.756538102587751,6.556778356158042,1
LAKE,MADHYA PRADESH,2021,23.5,7.5,8.0,612.0,1.4,2.6,3.5,28.5,6.418364935936212,0.8754687373538999,1.2809338454620642,3.3843902633457743,1.5040773967762742,2.7386127875258306,32.9,856.8,61.1,3.5234150143864045,6.75437097208278,1
LAKE,MADHYA PRADESH,2021,24.5,7.800000000000001,7.7,302.5,1.2,4.27,91.0,17555.0,5.715381610499553,0.7884573603642702,1.6620303625532709,9.773151050808124,4.5217885770490405,2.7928480087537886,29.4,363.0,104.615,3.414442608412176,5.8971538676367405,1
LAKE,MADHYA PRADESH,2021,21.8,7.7,7.65,324.5,1.45,0.265,3.0,28.0,5.785362461648624,0.8960880245566356,0.23507212217948356,3.367295829986474,1.3862943611198906,2.7748873851023217,31.61,470.525,5.777,3.484618989801228,6.155972122937235,1
LAKE,MADHYA PRADESH,2021,26.0,5.699999999999999,7.85,472.5,1.95,0.26,2.0,21.0,6.160151912626133,1.0818051703517284,0.23111172096338664,3.091042453358316,1.0986122886681098,2.3874672772626644,50.699999999999996,921.375,6.76,3.945457781514383,6.826951865378531,1
LAKE,MADHYA PRADESH,2021,26.0,6.5,7.6,367.5,4.6,9.515,461.0,60075.0,5.909440711629391,1.7227665977411035,2.3528028091546633,11.003365706325472,6.135564891081739,2.5495097567963922,119.6,1690.4999999999998,247.39000000000001,4.792479284293085,7.433370988220763,1
LAKE,MADHYA PRADESH,2021,23.5,6.5,7.85,539.0,2.45,0.79,5.0,71.0,6.29156913955832,1.2383742310432684,0.5822156198526637,4.276666119016055,1.791759469228055,2.5495097567963922,57.575,1320.5500000000002,18.565,4.070307984393859,7.186560569121248,1
LAKE,MADHYA PRADESH,2021,24.5,7.5,7.75,712.0,1.5,2.55,5.0,45.0,6.569481420414296,0.9162907318741551,1.2669476034873244,3.828641396489095,1.791759469228055,2.7386127875258306,36.75,1068.0,62.474999999999994,3.6309854756950335,6.974478911025045,1
LAKE,MADHYA PRADESH,2021,21.4,6.95,7.3,315.5,1.4,2.35,2.0,49.5,5.757323241584231,0.8754687373538999,1.208960345836975,3.9219733362813143,1.0986122886681098,2.6362852652928135,29.959999999999997,441.7,50.29,3.4326960487215263,6.092892339738095,1
LAKE,MADHYA PRADESH,2021,26.5,6.1,7.699999999999999,591.5,8.4,12.370000000000001,1057.0,110140.0,6.384350873009287,2.2407096892759584,2.593013391113852,11.609516642128806,6.964135612418245,2.4698178070456938,222.60000000000002,4968.6,327.805,5.409858741280944,8.511094632954368,1
LAKE,MADHYA PRADESH,2021,21.5,7.25,7.8,570.0,1.2,0.95,2.0,48.5,6.3473892096560105,0.7884573603642702,0.6678293725756554,3.901972669574645,1.0986122886681098,2.692582403567252,25.8,684.0,20.425,3.288401887516811,6.529418838262226,1
LAKE,MADHYA PRADESH,2021,22.35,6.85,7.449999999999999,529.0,3.8,0.44999999999999996,176.0,823.0,6.272877006546167,1.5686159179138452,0.371563556432483,6.714170529909472,5.176149732573829,2.6172504656604803,84.93,2010.1999999999998,10.0575,4.453533011325132,7.606486837835983,1
LAKE,MADHYA PRADESH,2021,25.5,6.05,7.75,248.0,1.35,3.625,1751.0,46120.0,5.517452896464707,0.8544153281560676,1.5314763709643886,10.739023656715148,7.468513271496337,2.4596747752497685,34.425000000000004,334.8,92.4375,3.5674177855767444,5.81651574464344,1
LAKE,MADHYA PRADESH,2021,25.5,6.55,7.45,256.5,2.6500000000000004,3.165,2351.0,21575.0,5.551019720103791,1.2947271675944003,1.426716275618806,9.979336864819565,7.763021309018518,2.5592967784139455,67.575,679.7250000000001,80.7075,4.227928036823667,6.52315840667827,1
LAKE,MADHYA PRADESH,2021,26.0,6.8,7.699999999999999,230.5,2.6,3.63,1301.0,46055.0,5.444579873526289,1.2809338454620642,1.5325568680981427,10.737613326355646,7.171656822768514,2.6076809620810595,67.60000000000001,599.3000000000001,94.38,4.22829253473184,6.3974295302577975,1
LAKE,MADHYA PRADESH,2021,25.5,6.65,7.75,249.0,2.35,3.3899999999999997,1751.0,27070.0,5.521460917862246,1.208960345836975,1.47932922708708,10.206218323189427,7.468513271496337,2.5787593916455256,59.925000000000004,585.15,86.445,4.10964359951127,6.373575729517837,1
LAKE,MADHYA PRADESH,2021,22.0,7.25,8.05,618.0,1.6,0.885,2.0,55.0,6.428105272684596,0.9555114450274363,0.6339278208999741,4.02535169073515,1.0986122886681098,2.692582403567252,35.2,988.8000000000001,19.47,3.5890591188317256,6.897502902517786,1
POND,MADHYA PRADESH,2021,22.0,7.35,7.9,375.5,1.15,1.23,2.0,218.0,5.930918047239948,0.7654678421395714,0.8020015854720274,5.389071729816501,1.0986122886681098,2.711088342345192,25.299999999999997,431.825,27.06,3.269568939183719,6.07033348926514,1
POND,MADHYA PRADESH,2021,23.15,6.8,7.6,416.0,3.1,1.2999999999999998,61.0,808.5,6.0330862217988015,1.410986973710262,0.8329091229351039,6.69641677311769,4.127134385045092,2.6076809620810595,71.765,1289.6000000000001,30.094999999999995,4.2872350703652895,7.16286250550174,1
POND,MADHYA PRADESH,2021,22.450000000000003,6.65,8.0,425.5,5.2,0.515,76.0,807.0,6.055612366931734,1.824549292051046,0.4154154389613325,6.694562058521095,4.343805421853684,2.5787593916455256,116.74000000000002,2212.6,11.561750000000002,4.768478803600115,7.702375428472716,1
POND,MADHYA PRADESH,2021,22.45,6.449999999999999,7.550000000000001,448.0,3.15,0.515,36.0,820.5,6.1070228877422545,1.423108334242607,0.4154154389613325,6.711131937477322,3.6109179126442243,2.539685019840059,70.7175,1411.2,11.56175,4.272734790349129,7.252904051082247,1
POND,MADHYA PRADESH,2021,25.5,7.35,7.85,389.5,2.25,0.66,4.0,78.5,5.967427969279741,1.1786549963416462,0.5068176023684519,4.375757021660286,1.6094379124341003,2.711088342345192,57.375,876.375,16.830000000000002,4.066887715989061,6.776934495050585,1
POND,MADHYA PRADESH,2021,23.6,7.0,7.550000000000001,474.5,3.1500000000000004,0.255,56.0,468.5,6.164366881985445,1.423108334242607,0.2271355725837472,6.1516682986483175,4.04305126783455,2.6457513110645907,74.34000000000002,1494.6750000000002,6.018000000000001,4.322011202263895,7.3103328889437895,1
POND,MADHYA PRADESH,2021,21.5,7.05,8.05,530.5,1.7000000000000002,1.95,2.0,101.5,6.275703197782002,0.9932517730102834,1.0818051703517284,4.629862798578463,1.0986122886681098,2.6551836094703507,36.550000000000004,901.8500000000001,41.925,3.625673378210144,6.80555642666189,1
POND,MADHYA PRADESH,2021,18.2,7.15,7.550000000000001,401.0,1.9,0.815,3.0,48.5,5.996452088619021,1.0647107369924282,0.596085467716814,3.901972669574645,1.3862943611198906,2.6739483914241875,34.58,761.9,14.832999999999998,3.571783682237689,6.637126961096183,1
POND,MADHYA PRADESH,2021,24.5,6.65,8.0,351.5,1.45,0.69,2.0,40.5,5.8650506222523235,0.8960880245566356,0.5247285289349821,3.7256934272366524,1.0986122886681098,2.5787593916455256,35.525,509.675,16.904999999999998,3.597996957636763,6.23573338003714,1
POND,MADHYA PRADESH,2021,21.5,6.75,7.699999999999999,522.5,5.4,2.36,141.0,831.5,6.260537030310592,1.8562979903656263,1.2119409739751128,6.724433221854599,4.955827057601261,2.598076211353316,116.10000000000001,2821.5,50.739999999999995,4.763028270603671,7.945378296023817,1
POND,MADHYA PRADESH,2021,21.5,4.05,7.872,267.0,1.1,0.8049999999999999,2.0,41.0,5.5909869805108565,0.7419373447293773,0.5905605917848442,3.7376696182833684,1.0986122886681098,2.0124611797498106,23.650000000000002,293.70000000000005,17.307499999999997,3.204776900488699,5.68595788974365,1
TANK,MADHYA PRADESH,2021,22.0,7.45,7.550000000000001,284.0,1.4,0.305,3.0,26.5,5.652489180268651,0.8754687373538999,0.26620304077465673,3.3141860046725258,1.3862943611198906,2.7294688127912363,30.799999999999997,397.59999999999997,6.71,3.459466289786131,5.987958407778694,1
POND,MANIPUR,2021,23.5,6.35,7.3,270.0,3.5999999999999996,0.3,45.0,125.0,5.602118820879701,1.5260563034950492,0.262364264467491,4.836281906951478,3.828641396489095,2.5199206336708304,84.6,971.9999999999999,7.05,4.449685283147696,6.880384082186005,1
LAKE,MEGHALAYA,2021,23.05,6.75,7.1,69.5,1.85,0.49,140.0,495.0,4.255612709818223,1.0473189942805592,0.3987761199573678,6.206575926724928,4.948759890378168,2.598076211353316,42.642500000000005,128.57500000000002,11.2945,3.776031446216798,4.864259864075771,1
LAKE,MEGHALAYA,2021,16.5,7.199999999999999,7.1,53.5,1.65,0.42000000000000004,13.5,150.0,3.9982007016691985,0.9745596399981308,0.3506568716131694,5.017279836814924,2.6741486494265287,2.6832815729997477,27.224999999999998,88.27499999999999,6.930000000000001,3.3402081100357255,4.491721493480512,1
LAKE,MEGHALAYA,2021,19.05,6.25,7.4,95.5,6.5,0.7200000000000001,400.0,1400.0,4.56954300834494,2.0149030205422647,0.5423242908253617,7.244941546337007,5.993961427306569,2.5,123.825,620.75,13.716000000000003,4.826912756386673,6.432538082683514,1
LAKE,MEGHALAYA,2021,19.0,6.15,7.449999999999999,89.0,6.15,0.685,360.0,1065.0,4.499809670330265,1.9671123567059163,0.521765563804325,6.97166860472579,5.8888779583328805,2.479919353527449,116.85000000000001,547.35,13.015,4.76941262938214,6.306913769206218,1
LAKE,MEGHALAYA,2021,18.55,5.2,7.550000000000001,163.5,7.5,0.77,435.0,1510.0,5.1029105702054265,2.1400661634962708,0.5709795465857378,7.32052696227274,6.077642243349034,2.280350850198276,139.125,1226.25,14.2835,4.942534881392324,7.112531172938162,1
LAKE,MEGHALAYA,2021,19.1,6.1,7.3,99.5,6.15,0.49,400.0,1320.0,4.61015772749913,1.9671123567059163,0.3987761199573678,7.186144304522325,5.993961427306569,2.4698178070456938,117.46500000000002,611.9250000000001,9.359,4.7746175582984405,6.418242579348176,1
LAKE,MEGHALAYA,2021,20.0,6.9,7.4,127.5,2.85,0.555,95.0,420.0,4.855928904335275,1.3480731482996928,0.4414755456311975,6.042632833682381,4.564348191467836,2.6267851073127395,57.0,363.375,11.100000000000001,4.060443010546419,5.8981835571047565,1
LAKE,ODISHA,2021,27.0,6.35,7.3,147.5,1.9,0.47,2800.0,9700.0,5.000584958242754,1.0647107369924282,0.3852624007906449,9.179984251961283,7.937731775260109,2.5199206336708304,51.3,280.25,12.69,3.9569963710708773,5.63924395351863,1
LAKE,ODISHA,2021,26.5,5.85,7.35,159.5,1.6500000000000001,0.735,1215.0,4995.0,5.07829394257007,0.9745596399981309,0.5510074133988225,8.516392871245468,7.103322062526113,2.4186773244895647,43.725,263.175,19.4775,3.800532629394783,5.5766117623270945,1
LAKE,ODISHA,2021,27.0,7.0,7.5,141.5,1.5,0.67,1815.0,8245.0,4.959341999708705,0.9162907318741551,0.5128236264286639,9.017483513266844,7.504391559161238,2.6457513110645907,40.5,212.25,18.09,3.7256934272366524,5.3624651863717885,1
LAKE,ODISHA,2021,26.0,6.8,7.65,188.0,1.7,0.77,960.0,3000.0,5.241747015059643,0.9932517730102833,0.5709795465857378,8.006700845440367,6.8679744089702925,2.6076809620810595,44.199999999999996,319.59999999999997,20.02,3.8110970868381853,5.770194240175453,1
LAKE,ODISHA,2021,21.5,7.25,8.2,546.0,3.95,1.22,905.0,1980.0,6.304448802421981,1.599387576580599,0.7975071958841881,7.591357046698551,6.80903930604298,2.692582403567252,84.925,2156.7000000000003,26.23,4.453474822735897,7.6767981185453396,1
POND,ODISHA,2021,27.5,6.6,7.25,328.0,1.95,0.92,12001.0,27085.0,5.796057750765372,1.0818051703517284,0.6523251860396903,10.206772268215317,9.392828581549459,2.569046515733026,53.625,639.6,25.3,4.000491653415755,6.462405237175058,1
POND,ODISHA,2021,29.5,6.95,8.5,422.0,4.75,1.02,17510.0,27022.5,6.0473721790462776,1.749199854809259,0.7030975114131134,10.204462136804183,9.7705845338719,2.6362852652928135,140.125,2004.5,30.09,4.949646022469826,7.603648685210108,1
POND,ODISHA,2021,20.5,6.050000000000001,7.35,309.0,2.05,1.08,80070.0,80245.0,5.736572297479192,1.1151415906193203,0.7323678937132266,11.292852195513237,11.290669020060754,2.459674775249769,42.025,633.4499999999999,22.14,3.761781342097603,6.452758481842923,1
POND,ODISHA,2021,29.5,7.85,8.4,534.0,5.8500000000000005,4.484999999999999,6522.5,12022.5,6.282266746896006,1.924248652274134,1.7020170937271935,9.394618347068526,8.783166320705803,2.80178514522438,172.57500000000002,3123.9,132.30749999999998,5.156609782639337,8.04715756165849,1
POND,ODISHA,2021,29.5,9.95,8.6,658.5,5.8999999999999995,1.6199999999999999,715.0,4845.0,6.491481972157369,1.9315214116032136,0.9631743177730054,8.48590890137647,6.573680166960646,3.1543620591175006,174.04999999999998,3885.1499999999996,47.79,5.165071647400675,8.265174229295354,1
POND,ODISHA,2021,30.0,6.6,8.100000000000001,465.5,7.65,1.89,1222.5,2765.0,6.1452580202873985,2.157559320943788,1.0612565021243408,7.925157512224703,7.109470882882726,2.569046515733026,229.5,3561.0750000000003,56.699999999999996,5.440250862436703,8.178098519214691,1
POND,ODISHA,2021,24.0,7.699999999999999,7.85,863.0,6.45,5.92,715.0,1645.0,6.761572768804055,2.0082140323914683,1.9344157696295783,7.406103381237015,6.573680166960646,2.7748873851023212,154.8,5566.35,142.07999999999998,5.048573133436648,8.62467445669404,1
POND,ODISHA,2021,29.0,9.45,8.4,521.5,5.8,6.83,1222.5,2235.0,6.258624983838966,1.916922612182061,2.057962510002712,7.71244383427499,7.109470882882726,3.0740852297878796,168.2,3024.7,198.07,5.1310814471721224,8.014897748653622,1
LAKE,PUDUCHERRY,2021,30.5,5.4,7.3,286.5,1.75,0.77,12.5,975.0,5.661222860237405,1.0116009116784799,0.5709795465857378,6.883462586413092,2.6026896854443837,2.32379000772445,53.375,501.375,23.485,3.995904489408848,6.219346852769365,1
LAKE,PUDUCHERRY,2021,31.0,10.35,8.35,1126.0,16.4,2.31,305.0,1250.0,7.027314514039777,2.856470206220483,1.1969481893889715,7.1316985104669115,5.723585101952381,3.2171415884290826,508.4,18466.399999999998,71.61,6.233233562545356,9.823762294470132,1
LAKE,PUDUCHERRY,2021,30.0,7.2,7.15,240.0,1.65,0.57,56.0,801.0,5.484796933490655,0.9745596399981308,0.4510756193602166,6.687108607866515,4.04305126783455,2.6832815729997477,49.5,396.0,17.099999999999998,3.9219733362813143,5.983936280687191,1
LAKE,PUNJAB,2021,22.0,7.85,7.85,251.0,1.85,1.75,810.0,2105.0,5.529429087511423,1.0473189942805592,1.0116009116784799,7.652545692693921,6.698268054115413,2.80178514522438,40.7,464.35,38.5,3.730501128804756,6.14278981063172,1
LAKE,PUNJAB,2021,22.0,7.65,7.8,264.0,2.4,3.0999999999999996,905.0,2295.0,5.579729825986222,1.2237754316221157,1.410986973710262,7.738923757439457,6.80903930604298,2.7658633371878665,52.8,633.6,68.19999999999999,3.9852734671677386,6.452994879149095,1
LAKE,PUNJAB,2021,22.0,7.6,7.9,184.5,1.0,0.5,30.0,109.5,5.22305488204749,0.6931471805599453,0.4054651081081644,4.705015520957808,3.4339872044851463,2.756809750418044,22.0,184.5,11.0,3.1354942159291497,5.22305488204749,1
LAKE,RAJASTHAN,2021,25.5,6.6,8.25,728.5,2.3499999999999996,4.13,66.0,142.5,6.592359367962841,1.2089603458369749,1.6351056591826783,4.966335035199676,4.204692619390966,2.569046515733026,59.92499999999999,1711.9749999999997,105.315,4.10964359951127,7.4459869039385795,1
LAKE,RAJASTHAN,2021,24.0,5.35,8.05,881.5,2.2,4.03,350.0,780.0,6.782758788807452,1.1631508098056809,1.6154199841116479,6.660575149839686,5.860786223465865,2.3130067012440754,52.800000000000004,1939.3000000000002,96.72,3.985273467167739,7.570597879277227,1
LAKE,RAJASTHAN,2021,29.0,4.2,7.2,194.5,1.2,1.0,58.0,107.0,5.27556037942542,0.7884573603642702,0.6931471805599453,4.68213122712422,4.07753744390572,2.04939015319192,34.8,233.39999999999998,29.0,3.5779478934066544,5.457029057702857,1
LAKE,RAJASTHAN,2021,25.5,7.449999999999999,8.65,653.5,1.65,2.6,49.0,112.5,6.483871585349955,0.9745596399981308,1.2809338454620642,4.7318028369214575,3.912023005428146,2.729468812791236,42.074999999999996,1078.2749999999999,66.3,3.7629427824139934,6.984044798401722,1
LAKE,RAJASTHAN,2021,26.0,7.5,8.65,592.5,1.85,2.395,57.0,107.0,6.386037214049723,1.0473189942805592,1.2223037610106595,4.68213122712422,4.060443010546419,2.7386127875258306,48.1,1096.125,62.27,3.893859034800475,7.000448400912282,1
LAKE,RAJASTHAN,2021,24.0,2.45,8.75,1940.0,4.550000000000001,6.41,276.5,655.0,7.57095858316901,1.7137979277583433,2.0028304393079956,6.486160788944089,5.625820933186489,1.5652475842498528,109.20000000000002,8827.000000000002,153.84,4.702296896718814,9.085683767376628,1
LAKE,RAJASTHAN,2021,26.0,4.050000000000001,8.0,352.5,2.75,2.8200000000000003,195.0,460.0,5.867883485336628,1.3217558399823195,1.340250422618484,6.133398042996649,5.278114659230517,2.012461179749811,71.5,969.375,73.32000000000001,4.283586561860629,6.877682594725845,1
LAKE,RAJASTHAN,2021,23.5,7.95,7.9,339.0,1.55,1.625,58.0,107.0,5.8289456176102075,0.9360933591703349,0.965080896043587,4.68213122712422,4.07753744390572,2.819574435974337,36.425000000000004,525.45,38.1875,3.622338930305692,6.266156360302769,1
LAKE,RAJASTHAN,2021,25.0,4.35,8.15,818.5,3.0999999999999996,4.83,305.0,670.0,6.7086943981838845,1.410986973710262,1.763017000362401,6.508769136971682,5.723585101952381,2.085665361461421,77.49999999999999,2537.35,120.75,4.363098624788362,7.839269542627778,1
LAKE,RAJASTHAN,2021,19.75,5.550000000000001,7.95,325.0,2.35,2.605,107.0,165.0,5.786897381366708,1.208960345836975,1.2823217707369123,5.111987788356544,4.68213122712422,2.3558437978779496,46.4125,763.75,51.44875,3.858885907015017,6.639548983031013,1
LAKE,RAJASTHAN,2021,24.0,5.25,8.25,807.0,2.95,2.655,157.5,305.0,6.694562058521095,1.3737155789130306,1.2960960932017418,5.723585101952381,5.065754593317335,2.29128784747792,70.80000000000001,2380.65,63.72,4.273884476054179,7.775548803770743,1
LAKE,RAJASTHAN,2021,25.5,6.0,8.0,523.5,1.9,3.57,31.0,57.0,6.262445427836352,1.0647107369924282,1.5195132049061133,4.060443010546419,3.4657359027997265,2.449489742783178,48.449999999999996,994.65,91.035,3.900962058068721,6.9033957902046845,1
LAKE,RAJASTHAN,2021,24.0,6.05,7.65,305.0,3.35,3.31,58.0,121.5,5.723585101952381,1.4701758451005926,1.4609379041156565,4.808111029984782,4.07753744390572,2.4596747752497685,80.4,1021.75,79.44,4.399375273008495,6.930250356809508,1
LAKE,RAJASTHAN,2021,21.5,6.45,8.55,625.0,2.05,2.325,86.5,166.5,6.439350371100098,1.1151415906193203,1.2014696741078175,5.120983351265121,4.471638793363569,2.539685019840059,44.074999999999996,1281.25,49.987500000000004,3.808327769089381,7.156371626269378,1
LAKE,RAJASTHAN,2021,22.0,5.9,8.75,610.5,1.9,3.0549999999999997,157.5,290.0,6.415914955127227,1.0647107369924282,1.3999506875673762,5.673323267171493,5.065754593317335,2.4289915602982237,41.8,1159.95,67.21,3.756538102587751,7.056993914448375,1
LAKE,RAJASTHAN,2021,25.0,5.9,8.0,226.0,1.35,1.855,44.5,85.0,5.424950017481403,0.8544153281560676,1.0490718431079735,4.454347296253507,3.817712325956905,2.4289915602982237,33.75,305.1,46.375,3.548179572010801,5.723911845951367,1
LAKE,RAJASTHAN,2021,23.5,4.9,8.45,625.0,1.7,2.785,48.5,165.0,6.439350371100098,0.9932517730102833,1.3310458868894122,5.111987788356544,3.901972669574645,2.2135943621178655,39.949999999999996,1062.5,65.4475,3.7123518102990785,6.969320634640292,1
LAKE,RAJASTHAN,2021,24.0,5.3,7.9,1566.5,2.25,5.3100000000000005,121.5,195.0,7.357237272507076,1.1786549963416462,1.8421356765531218,5.278114659230517,4.808111029984782,2.3021728866442674,54.0,3524.625,127.44000000000001,4.007333185232471,8.16781300449424,1
POND,RAJASTHAN,2021,25.0,7.5,7.800000000000001,456.0,1.9,2.625,43.5,92.0,6.124683390894205,1.0647107369924282,1.2878542883066382,4.532599493153256,3.7954891891721947,2.7386127875258306,47.5,866.4,65.625,3.8815637979434374,6.7655002314012656,1
LAKE,TAMIL NADU,2021,22.5,6.5,7.1,121.5,2.5,0.635,25.0,60.5,4.808111029984782,1.252762968495368,0.4916428043492167,4.119037174812473,3.258096538021482,2.5495097567963922,56.25,303.75,14.2875,4.047427642434349,5.719491768361381,1
LAKE,TAMIL NADU,2021,31.5,7.45,7.55,610.0,2.5,0.42000000000000004,2.0,35.0,6.415096959171596,1.252762968495368,0.3506568716131694,3.58351893845611,1.0986122886681098,2.7294688127912363,78.75,1525.0,13.23,4.378896741664954,7.330405211844402,1
LAKE,TAMIL NADU,2021,31.5,6.5,7.65,1169.5,3.0,0.47,40.0,117.0,7.065186286930966,1.3862943611198906,0.3852624007906449,4.770684624465665,3.713572066704308,2.5495097567963922,94.5,3508.5,14.805,4.5591262474866845,8.163228856170477,1
LAKE,TAMIL NADU,2021,29.0,6.1,7.3,546.0,3.0,0.47,11.0,101.0,6.304448802421981,1.3862943611198906,0.3852624007906449,4.624972813284271,2.4849066497880004,2.4698178070456938,87.0,1638.0,13.629999999999999,4.477336814478207,7.40184157874383,1
LAKE,TAMIL NADU,2021,24.0,6.45,6.6,415.5,2.75,0.325,79.0,225.0,6.031886461606898,1.3217558399823195,0.28141245943818555,5.420534999272286,4.382026634673881,2.539685019840059,66.0,1142.625,7.800000000000001,4.204692619390966,7.041958320999699,1
LAKE,TAMIL NADU,2021,26.5,6.2,7.35,516.5,2.0,0.57,34.5,89.0,6.249009525139524,1.0986122886681098,0.4510756193602166,4.499809670330265,3.56953269648137,2.4899799195977463,53.0,1033.0,15.104999999999999,3.9889840465642745,6.9411900550683745,1
LAKE,TAMIL NADU,2021,25.0,6.15,6.9,306.5,1.6,0.325,75.5,185.0,5.728475087246572,0.9555114450274363,0.28141245943818555,5.225746673713202,4.33729074083249,2.479919353527449,40.0,490.40000000000003,8.125,3.713572066704308,6.197258460087078,1
TANK,TAMIL NADU,2021,31.5,5.85,7.1,1489.0,3.0,0.75,11.0,56.0,7.306531398939505,1.3862943611198906,0.5596157879354227,4.04305126783455,2.4849066497880004,2.4186773244895647,94.5,4467.0,23.625,4.5591262474866845,8.404696160189092,1
LAKE,TELANGANA,2021,22.0,2.35,7.5,1055.0,9.5,5.4,12.5,310.0,6.962243464266207,2.3513752571634776,1.8562979903656263,5.739792912179234,2.6026896854443837,1.5329709716755893,209.0,10022.5,118.80000000000001,5.3471075307174685,9.212687615044532,1
LAKE,TELANGANA,2021,28.5,0.8,7.6,1412.5,10.9,13.7,36.0,335.0,7.253824177133645,2.4765384001174837,2.6878474937846906,5.817111159963204,3.6109179126442243,0.8944271909999159,310.65000000000003,15396.25,390.45,5.741880763254859,9.641944201027373,1
LAKE,TELANGANA,2021,27.0,2.9,7.6499999999999995,804.5,6.0,4.7,38.5,340.0,6.691463202617029,1.9459101490553132,1.7404661748405046,5.831882477283517,3.676300671907076,1.70293863659264,162.0,4827.0,126.9,5.093750200806762,8.482187582217422,1
LAKE,TELANGANA,2021,28.0,2.4,7.8,1056.0,7.7,19.35,22.5,285.0,6.963189985870238,2.163323025660538,3.013080911888604,5.655991810819852,3.1570004211501135,1.5491933384829668,215.6,8131.2,541.8000000000001,5.37805233456689,9.003586768641576,1
LAKE,TELANGANA,2021,30.0,0.3,7.45,1257.0,11.2,9.15,53.5,410.0,7.1372784372603855,2.501435951739211,2.3174737054877963,6.018593214496234,3.9982007016691985,0.5477225575051661,336.0,14078.4,274.5,5.820082930352362,9.552468015167683,1
LAKE,TELANGANA,2021,26.5,2.1999999999999997,7.85,939.5,4.7,8.9,23.0,355.0,6.846411648741085,1.7404661748405046,2.2925347571405443,5.87493073085203,3.1780538303479458,1.4832396974191324,124.55000000000001,4415.650000000001,235.85000000000002,4.832704085603594,8.393136769154234,1
LAKE,TELANGANA,2021,24.0,0.3,7.300000000000001,1014.5,12.0,6.0,40.5,375.0,6.92313638102044,2.5649493574615367,1.9459101490553132,5.929589143389895,3.7256934272366524,0.5477225575051661,288.0,12174.0,144.0,5.666426688112432,9.40713994795079,1
LAKE,TELANGANA,2021,26.5,1.15,7.8,1180.0,8.0,8.5,42.0,600.0,7.074116816197362,2.1972245773362196,2.2512917986064953,6.398594934535208,3.7612001156935624,1.0723805294763609,212.0,9440.0,225.25,5.3612921657094255,9.152817185732516,1
LAKE,TELANGANA,2021,24.5,6.300000000000001,6.95,567.5,2.55,5.595,13.5,175.0,6.343001313190591,1.2669476034873244,1.886311786169278,5.170483995038151,2.6741486494265287,2.5099800796022267,62.474999999999994,1447.125,137.0775,4.1506461275907425,7.278024895186641,1
LAKE,TELANGANA,2021,25.0,1.5999999999999999,7.65,1276.0,12.0,11.45,26.5,390.0,7.152268856032539,2.5649493574615367,2.5217206229107165,5.968707559985366,3.3141860046725258,1.2649110640673518,300.0,15312.0,286.25,5.707110264748875,9.636457419815208,1
LAKE,TELANGANA,2021,28.0,2.1,7.65,1517.0,8.05,7.45,37.0,355.0,7.325148957955575,2.2027647577118348,2.134166441369082,5.87493073085203,3.6375861597263857,1.449137674618944,225.40000000000003,12211.85,208.6,5.422303346329028,9.410243955101068,1
LAKE,TELANGANA,2021,29.0,1.25,7.699999999999999,1406.0,9.0,10.1,42.0,410.0,7.249215057114389,2.302585092994046,2.4069451083182885,6.018593214496234,3.7612001156935624,1.118033988749895,261.0,12654.0,292.9,5.568344503761097,9.445807672979225,1
LAKE,TELANGANA,2021,28.5,3.6,7.9,474.5,4.05,2.15,17.5,284.0,6.164366881985445,1.6193882432872684,1.1474024528375417,5.652489180268651,2.917770732084279,1.8973665961010275,115.425,1921.725,61.275,4.757247288868441,7.561498729642258,1
LAKE,TELANGANA,2021,26.0,2.05,7.6499999999999995,1434.5,10.6,8.55,46.0,317.0,7.269268499561119,2.451005098112319,2.256541154492639,5.762051382780177,3.8501476017100584,1.4317821063276353,275.59999999999997,15205.699999999999,222.3,5.622572419230658,9.629491399188911,1
LAKE,TELANGANA,2021,27.5,2.0,8.05,1259.0,4.5,7.5,30.5,410.0,7.138866999945524,1.7047480922384253,2.1400661634962708,6.018593214496234,3.449987545831587,1.4142135623730951,123.75,5665.5,206.25,4.826311734631628,8.642326922173003,1
LAKE,TELANGANA,2021,26.0,2.1999999999999997,7.75,1161.0,6.5,6.45,22.0,380.0,7.057897937411856,2.0149030205422647,2.0082140323914683,5.942799375126701,3.1354942159291497,1.4832396974191324,169.0,7546.5,167.70000000000002,5.135798437050262,8.928971661580993,1
LAKE,TELANGANA,2021,25.0,2.1,7.75,1071.5,9.0,22.6,20.5,355.0,6.977747650802172,2.302585092994046,3.1612467120315646,5.87493073085203,3.068052935133617,1.449137674618944,225.0,9643.5,565.0,5.420534999272286,9.174143083664294,1
LAKE,TELANGANA,2021,25.5,0.3,7.75,1323.0,8.0,4.55,52.5,485.0,7.188412736496954,2.1972245773362196,1.713797927758343,6.186208623900494,3.979681653901961,0.5477225575051661,204.0,10584.0,116.02499999999999,5.3230099791384085,9.267193183568965,1
LAKE,TELANGANA,2021,24.5,5.550000000000001,7.699999999999999,457.0,2.35,0.75,3.0,56.0,6.126869184114185,1.208960345836975,0.5596157879354227,4.04305126783455,1.3862943611198906,2.3558437978779496,57.575,1073.95,18.375,4.070307984393859,6.980029427852157,1
LAKE,TELANGANA,2021,31.5,0.6,7.7,2483.5,14.0,17.1,73.0,635.0,7.817826711042375,2.70805020110221,2.89591193827178,6.455198563340122,4.30406509320417,0.7745966692414834,441.0,34769.0,538.6500000000001,6.091309882077698,10.456510225001907,1
LAKE,TELANGANA,2021,27.6,1.3499999999999999,7.7,1227.0,6.9,8.2,79.5,675.0,7.113142108707088,2.066862759472976,2.2192034840549946,6.516193076042964,4.388257184424518,1.161895003862225,190.44000000000003,8466.300000000001,226.32,5.254574443600118,9.043966964690508,1
LAKE,TELANGANA,2021,25.0,6.35,6.9,654.0,2.85,5.13,17.5,200.0,6.484635235635252,1.3480731482996928,1.81319474994812,5.303304908059076,2.917770732084279,2.5199206336708304,71.25,1863.9,128.25,4.2801323269925415,7.5309627113374,1
LAKE,TELANGANA,2021,27.5,3.95,7.75,524.5,3.05,1.3499999999999999,21.0,195.0,6.264350190317006,1.3987168811184478,0.8544153281560676,5.278114659230517,3.091042453358316,1.9874606914351791,83.875,1599.725,37.12499999999999,4.44117958587886,7.378211930597741,1
LAKE,TELANGANA,2021,25.0,3.4499999999999997,7.8,664.5,4.55,5.0,15.5,231.5,6.500538637835167,1.713797927758343,1.791759469228055,5.448890225027411,2.803360380906535,1.857417562100671,113.75,3023.475,125.0,4.7427558489406545,8.014492801683744,1
LAKE,TELANGANA,2021,28.0,0.6,7.9,1605.5,10.0,17.1,42.0,445.0,7.381813178555913,2.3978952727983707,2.89591193827178,6.100318952020064,3.7612001156935624,0.7745966692414834,280.0,16055.0,478.80000000000007,5.638354669333745,9.683837890476173,1
LAKE,TELANGANA,2021,26.5,2.1999999999999997,7.85,1117.5,6.5,6.9,30.0,280.0,7.019743780930185,2.0149030205422647,2.066862759472976,5.638354669333745,3.4339872044851463,1.4832396974191324,172.25,7263.75,182.85000000000002,5.1547356380700124,8.890789163850007,1
LAKE,TELANGANA,2021,26.5,0.3,7.25,1407.0,11.5,12.649999999999999,28.5,445.0,7.249925536717988,2.5257286443082556,2.6137395216309685,6.100318952020064,3.3843902633457743,0.5477225575051661,304.75,16180.5,335.22499999999997,5.722767774567282,9.691623893361186,1
LAKE,TELANGANA,2021,31.5,3.1,7.7,1003.0,3.95,5.15,22.0,355.0,6.911747300251674,1.599387576580599,1.8164520818184267,5.87493073085203,3.1354942159291497,1.760681686165901,124.42500000000001,3961.8500000000004,162.22500000000002,4.831707970370317,8.284718742360552,1
LAKE,TELANGANA,2021,28.5,5.8,7.65,167.5,2.35,0.55,2.0,18.0,5.126935749792416,1.208960345836975,0.4382549309311553,2.9444389791664403,1.0986122886681098,2.4083189157584592,66.97500000000001,393.625,15.675,4.219139990518535,5.977935946878156,1
LAKE,TELANGANA,2021,25.0,0.65,7.699999999999999,1195.0,7.1,7.8,58.5,410.0,7.086737934510577,2.0918640616783932,2.174751721484161,6.018593214496234,4.085976312551584,0.806225774829855,177.5,8484.5,195.0,5.184588601219693,9.04611410345132,1
LAKE,TELANGANA,2021,25.5,4.25,7.9,1415.0,3.9000000000000004,2.45,12.5,250.0,7.255591274253665,1.589235205116581,1.2383742310432684,5.5254529391317835,2.6026896854443837,2.0615528128088303,99.45,5518.500000000001,62.475,4.609660091260944,8.616042555458407,1
LAKE,TELANGANA,2021,28.0,0.3,7.4,1609.5,9.1,11.1,40.0,675.0,7.384299968771254,2.312535423847214,2.4932054526026954,6.516193076042964,3.713572066704308,0.5477225575051661,254.79999999999998,14646.449999999999,310.8,5.5443958891447425,9.592021537861317,1
LAKE,TELANGANA,2021,23.5,1.75,7.7,1150.0,7.0,7.5,28.5,340.0,7.048386408721883,2.0794415416798357,2.1400661634962708,5.831882477283517,3.3843902633457743,1.3228756555322954,164.5,8050.0,176.25,5.1089711948171175,8.993551586299981,1
LAKE,TELANGANA,2021,31.5,4.3,7.35,939.0,3.75,3.15,27.5,355.0,6.84587987526405,1.55814461804655,1.423108334242607,5.87493073085203,3.349904087274605,2.073644135332772,118.125,3521.25,99.225,4.7801733619743665,8.166855268933386,1
LAKE,TELANGANA,2021,28.0,2.9499999999999997,7.25,712.5,5.05,6.7,22.0,375.0,6.570182436916891,1.80005827204275,2.0412203288596382,5.929589143389895,3.1354942159291497,1.7175564037317668,141.4,3598.125,187.6,4.958639998977875,8.188446039345857,1
LAKE,TELANGANA,2021,28.5,0.3,7.85,1732.0,8.5,12.5,55.0,485.0,7.457609289715606,2.2512917986064953,2.6026896854443837,6.186208623900494,4.02535169073515,0.5477225575051661,242.25,14722.0,356.25,5.494089721066114,9.597166175865409,1
LAKE,TELANGANA,2021,27.5,2.75,7.699999999999999,869.5,7.0,11.7,24.5,302.0,6.7690677592082436,2.0794415416798357,2.5416019934645457,5.713732805509369,3.2386784521643803,1.6583123951777,192.5,6086.5,321.75,5.2652775124698366,8.713992767390845,1
LAKE,TELANGANA,2021,25.5,2.35,7.800000000000001,919.5,6.6,8.7,44.0,390.0,6.824917000673133,2.028148247292285,2.272125885509337,5.968707559985366,3.8066624897703196,1.5329709716755893,168.29999999999998,6068.7,221.85,5.13167228913909,8.711064459438427,1
LAKE,TELANGANA,2021,23.5,1.65,7.550000000000001,963.0,7.1,6.3999999999999995,28.5,340.0,6.871091294610546,2.0918640616783932,2.001480000210124,5.831882477283517,3.3843902633457743,1.284523257866513,166.85,6837.299999999999,150.39999999999998,5.123070723426044,8.83029444171421,1
LAKE,TELANGANA,2021,26.5,2.9,7.9,924.0,6.4,4.8,42.0,355.0,6.829793737512425,2.0014800002101243,1.7578579175523736,5.87493073085203,3.7612001156935624,1.70293863659264,169.60000000000002,5913.6,127.19999999999999,5.139321635057579,8.685179149442826,1
LAKE,TELANGANA,2021,27.5,1.5999999999999999,7.65,1287.5,5.1,3.8000000000000003,44.0,355.0,7.1612340300924195,1.8082887711792655,1.5686159179138455,5.87493073085203,3.8066624897703196,1.2649110640673518,140.25,6566.249999999999,104.50000000000001,4.9505313700265505,8.789850454599907,1
LAKE,TELANGANA,2021,24.0,2.15,7.85,1277.0,10.05,5.8,36.0,254.5,7.15305163493748,2.402430427963762,1.916922612182061,5.543222409643759,3.6109179126442243,1.466287829861518,241.20000000000002,12833.85,139.2,5.489763831118992,9.459919406443026,1
LAKE,TELANGANA,2021,31.5,1.7,7.5,1431.0,7.0,9.450000000000001,39.0,309.5,7.266827347520591,2.0794415416798357,2.34660197841082,5.738183901373533,3.6888794541139363,1.3038404810405297,220.5,10017.0,297.675,5.40042258948519,9.212138753917563,1
LAKE,TELANGANA,2021,27.5,1.15,7.55,1184.0,9.0,6.45,42.0,675.0,7.077498053569231,2.302585092994046,2.0082140323914683,6.516193076042964,3.7612001156935624,1.0723805294763609,247.5,10656.0,177.375,5.5154428455366835,9.273972232220956,1
LAKE,TELANGANA,2021,30.0,1.15,7.65,1275.5,8.9,7.25,50.5,390.0,7.151877236681538,2.2925347571405443,2.1102132003465894,5.968707559985366,3.9415818076696905,1.0723805294763609,267.0,11351.95,217.5,5.5909869805108565,9.337232901032577,1
LAKE,TELANGANA,2021,27.5,2.05,7.75,690.5,17.05,4.1,12.5,355.0,6.538863151104813,2.89314568477889,1.62924053973028,5.87493073085203,2.6026896854443837,1.4317821063276353,468.875,11773.025,112.74999999999999,6.152466701884342,9.373651112908528,1
LAKE,TELANGANA,2021,24.5,6.5,7.1,540.0,2.55,5.625,7.5,31.0,6.293419278846481,1.2669476034873244,1.890850371872286,3.4657359027997265,2.1400661634962708,2.5495097567963922,62.474999999999994,1377.0,137.8125,4.1506461275907425,7.228388451573604,1
LAKE,TELANGANA,2021,27.0,1.7999999999999998,8.2,1234.0,11.65,8.35,40.0,305.0,7.118826249062078,2.5376572151735295,2.2353763433005955,5.723585101952381,3.713572066704308,1.3416407864998738,314.55,14376.1,225.45,5.754317148030249,9.573391941952412,1
LAKE,TELANGANA,2021,23.5,2.15,7.85,1038.0,6.5,8.0,22.0,345.0,6.946013991099227,2.0149030205422647,2.1972245773362196,5.846438775057725,3.1354942159291497,1.466287829861518,152.75,6747.0,188.0,5.035327906686628,8.817001443665859,1
LAKE,TELANGANA,2021,30.5,1.5,7.85,1754.0,9.0,19.4,50.5,530.0,7.470224135899966,2.302585092994046,3.0155349008501706,6.274762021241939,3.9415818076696905,1.224744871391589,274.5,15786.0,591.6999999999999,5.6185876285929695,9.666942095531727,1
LAKE,TELANGANA,2021,27.0,0.3,7.550000000000001,1910.0,14.1,16.35,57.5,485.0,7.555381944240273,2.714694743820879,2.8535925063928684,6.186208623900494,4.069026754237811,0.5477225575051661,380.7,26931.0,441.45000000000005,5.944634959751184,10.201070449665172,1
LAKE,TELANGANA,2021,27.0,0.3,7.65,1441.0,9.0,14.5,35.5,375.0,7.273786317844895,2.302585092994046,2.740840023925201,5.929589143389895,3.597312260588446,0.5477225575051661,243.0,12969.0,391.5,5.497168225293202,9.47039427731049,1
LAKE,TELANGANA,2021,24.5,0.3,7.65,1469.0,14.5,15.9,38.5,390.0,7.293017679772782,2.740840023925201,2.8273136219290276,5.968707559985366,3.676300671907076,0.5477225575051661,355.25,21300.5,389.55,5.8756327315828605,9.966532771753178,1
LAKE,TELANGANA,2021,25.5,1.45,7.4,1126.0,9.3,6.800000000000001,47.0,320.0,7.027314514039777,2.33214389523559,2.0541237336955462,5.771441123130016,3.871201010907891,1.2041594578792296,237.15,10471.800000000001,173.4,5.472900727246869,9.25653669886589,1
LAKE,TELANGANA,2021,29.5,1.25,7.85,1314.5,13.0,6.199999999999999,49.0,410.0,7.181972100480348,2.6390573296152584,1.9740810260220096,6.018593214496234,3.912023005428146,1.118033988749895,383.5,17088.5,182.89999999999998,5.951943788945699,9.74621951880628,1
LAKE,TELANGANA,2021,31.0,3.3499999999999996,7.75,1473.5,13.5,10.05,145.0,915.0,7.296074228255331,2.6741486494265287,2.402430427963762,6.82001636467413,4.983606621708336,1.8303005217723125,418.5,19892.25,311.55,6.0390635259072605,9.898135757192716,1
LAKE,TELANGANA,2021,24.0,1.8499999999999999,7.550000000000001,1531.5,8.75,8.0,55.5,355.0,7.334655667810367,2.277267285009756,2.1972245773362196,5.87493073085203,4.034240638152395,1.3601470508735443,210.0,13400.625,192.0,5.351858133476067,9.50313124724327,1
LAKE,TELANGANA,2021,28.5,4.6,7.75,636.5,5.05,1.7,16.5,188.0,6.457554277032581,1.80005827204275,0.9932517730102833,5.241747015059643,2.8622008809294686,2.1447610589527217,143.92499999999998,3214.325,48.449999999999996,4.976216367225796,8.075683720209573,1
LAKE,TELANGANA,2021,23.5,1.75,7.7,1060.5,9.5,9.75,23.0,350.0,6.967438281143311,2.3513752571634776,2.3749057545736716,5.860786223465865,3.1780538303479458,1.3228756555322954,223.25,10074.75,229.125,5.412761500938905,9.217886825731584,1
LAKE,TELANGANA,2021,27.5,5.65,8.0,297.0,2.45,0.55,2.0,24.5,5.697093486505405,1.2383742310432684,0.4382549309311553,3.2386784521643803,1.0986122886681098,2.3769728648009427,67.375,727.6500000000001,15.125000000000002,4.225007260742145,6.591193506979706,1
LAKE,TELANGANA,2021,31.5,1.3499999999999999,7.85,677.5,4.5,7.0,20.5,355.0,6.519884479274924,1.7047480922384253,2.0794415416798357,5.87493073085203,3.068052935133617,1.161895003862225,141.75,3048.75,220.5,4.96109484853612,8.022814899028846,1
LAKE,TELANGANA,2021,27.0,5.7,7.95,272.0,2.2,0.75,3.0,67.5,5.60947179518496,1.1631508098056809,0.5596157879354227,4.22683374526818,1.3862943611198906,2.3874672772626644,59.400000000000006,598.4000000000001,20.25,4.100989104940769,6.395929154882563,1
LAKE,TELANGANA,2021,25.0,6.05,7.1,810.0,3.7,7.675,22.5,260.0,6.698268054115413,1.547562508716013,2.160445325832923,5.564520407322694,3.1570004211501135,2.4596747752497685,92.5,2997.0,191.875,4.537961436294641,8.005700678662542,1
LAKE,TELANGANA,2021,26.0,2.25,7.7,782.0,5.3,5.1,15.0,310.0,6.663132695990803,1.840549633397487,1.8082887711792655,5.739792912179234,2.772588722239781,1.5,137.79999999999998,4144.599999999999,132.6,4.933034048072704,8.329802809807845,1
LAKE,TELANGANA,2021,25.5,0.9500000000000001,7.7,1507.5,9.5,7.1,50.5,445.0,7.3188710585991155,2.3513752571634776,2.0918640616783932,6.100318952020064,3.9415818076696905,0.9746794344808964,242.25,14321.25,181.04999999999998,5.494089721066114,9.569569551077153,1
LAKE,TELANGANA,2021,25.5,1.25,7.7,1925.5,19.5,9.450000000000001,40.0,445.0,7.563460164066212,3.0204248861443626,2.34660197841082,6.100318952020064,3.713572066704308,1.118033988749895,497.25,37547.25,240.97500000000002,6.211101959092904,10.53338205157896,1
LAKE,TELANGANA,2021,29.5,0.75,7.75,1240.5,9.9,6.3,27.5,410.0,7.124075604948222,2.388762789235098,1.9878743481543455,6.018593214496234,3.349904087274605,0.8660254037844386,292.05,12280.95,185.85,5.680343242922438,9.41588598388285,1
LAKE,TELANGANA,2021,26.0,0.3,7.55,1187.5,13.0,6.699999999999999,37.5,340.0,7.080447286800249,2.6390573296152584,2.0412203288596382,5.831882477283517,3.6506582412937387,0.5477225575051661,338.0,15437.5,174.2,5.82600010738045,9.644619668600308,1
LAKE,TELANGANA,2021,25.5,5.65,7.9,560.0,2.45,1.3499999999999999,7.0,153.5,6.329720905522696,1.2383742310432684,0.8544153281560676,5.0401940963378005,2.0794415416798357,2.3769728648009427,62.475,1372.0,34.425,4.1506461275907425,7.224753405767971,1
LAKE,TELANGANA,2021,27.0,3.5500000000000003,7.95,994.0,4.55,5.8999999999999995,38.5,286.5,6.902742737158593,1.713797927758343,1.9315214116032136,5.661222860237405,3.676300671907076,1.8841443681416772,122.85,4522.7,159.29999999999998,4.819071155935369,8.41708552203986,1
LAKE,TELANGANA,2021,31.5,0.65,7.449999999999999,1268.0,9.5,7.25,42.0,485.0,7.1459844677143876,2.3513752571634776,2.1102132003465894,6.186208623900494,3.7612001156935624,0.806225774829855,299.25,12046.0,228.375,5.704615460960093,9.396570945266852,1
LAKE,TELANGANA,2021,24.5,6.25,7.15,628.0,2.75,5.63,19.5,205.0,6.444131256700441,1.3217558399823195,1.891604804197771,5.327876168789581,3.0204248861443626,2.5,67.375,1727.0,137.935,4.225007260742145,7.454719949364001,1
LAKE,TELANGANA,2021,28.0,0.65,7.4,1668.5,11.0,11.75,50.0,445.0,7.42027945938371,2.4849066497880004,2.545531271604435,6.100318952020064,3.9318256327243257,0.806225774829855,308.0,18353.5,329.0,5.733341276897746,9.81763005502599,1
LAKE,TELANGANA,2021,31.5,0.3,7.75,1423.5,9.0,7.25,27.0,485.0,7.261576153937963,2.302585092994046,2.1102132003465894,6.186208623900494,3.332204510175204,0.5477225575051661,283.5,12811.5,228.375,5.6507332535663855,9.458176535880764,1
LAKE,TELANGANA,2021,31.0,2.0,7.65,916.5,5.05,3.85,32.0,275.0,6.821652579928726,1.80005827204275,1.5789787049493917,5.62040086571715,3.4965075614664802,1.4142135623730951,156.54999999999998,4628.325,119.35000000000001,5.0597428682032835,8.440166348115195,1
LAKE,TELANGANA,2021,28.5,1.7,7.449999999999999,1458.0,10.5,28.25,36.0,335.0,7.285506548522785,2.4423470353692043,3.3758795736778655,5.817111159963204,3.6109179126442243,1.3038404810405297,299.25,15309.0,805.125,5.704615460960093,9.63626148865173,1
LAKE,TELANGANA,2021,27.5,1.65,7.55,1638.5,12.9,18.8,45.0,570.0,7.402146596284703,2.631888840136646,2.9856819377004897,6.3473892096560105,3.828641396489095,1.284523257866513,354.75,21136.65,517.0,5.874228236969961,9.958811089574324,1
LAKE,TELANGANA,2021,25.5,2.05,7.6,1046.0,11.5,4.75,29.5,570.0,6.953684210870537,2.5257286443082556,1.749199854809259,6.3473892096560105,3.417726683613366,1.4317821063276353,293.25,12029.0,121.125,5.6844297461403865,9.395158808968725,1
POND,TELANGANA,2021,27.0,0.3,7.75,1212.5,9.9,4.2,56.0,390.0,7.101264025166656,2.388762789235098,1.6486586255873816,5.968707559985366,4.04305126783455,0.5477225575051661,267.3,12003.75,113.4,5.592105757431579,9.393057683782125,1
POND,TELANGANA,2021,27.5,5.0,8.05,719.0,3.05,1.5,14.5,115.5,6.579251212010101,1.3987168811184478,0.9162907318741551,4.757891273005756,2.740840023925201,2.23606797749979,83.875,2192.95,41.25,4.44117958587886,7.693458851149786,1
POND,TELANGANA,2021,28.0,2.8,7.9,824.5,4.2,3.1,32.0,335.0,6.715989263360183,1.6486586255873816,1.410986973710262,5.817111159963204,3.4965075614664802,1.6733200530681511,117.60000000000001,3462.9,86.8,4.775756486563625,8.15015040090535,1
POND,TELANGANA,2021,25.0,1.9000000000000001,7.65,1417.0,5.6,2.8,34.0,375.0,7.257002707092073,1.8870696490323797,1.33500106673234,5.929589143389895,3.5553480614894135,1.3784048752090223,140.0,7935.2,70.0,4.948759890378168,8.979189850260056,1
POND,TELANGANA,2021,30.0,4.05,7.75,731.0,3.1,5.9,22.5,275.0,6.595780513961311,1.410986973710262,1.9315214116032138,5.62040086571715,3.1570004211501135,2.0124611797498106,93.0,2266.1,177.0,4.543294782270004,7.726256760694784,1
POND,TELANGANA,2021,27.0,0.75,7.8500000000000005,1399.5,8.0,2.55,34.0,485.0,7.2445845947001635,2.1972245773362196,1.2669476034873244,6.186208623900494,3.5553480614894135,0.8660254037844386,216.0,11196.0,68.85,5.37989735354046,9.323401164260197,1
POND,TELANGANA,2021,27.5,4.2,7.800000000000001,781.0,3.0,1.05,3.0,70.0,6.661854740545311,1.3862943611198906,0.7178397931503169,4.2626798770413155,1.3862943611198906,2.04939015319192,82.5,2343.0,28.875,4.42484663185681,7.759614150696903,1
POND,TELANGANA,2021,28.0,0.75,7.85,1414.0,9.0,14.2,48.0,675.0,7.254884810077338,2.302585092994046,2.7212954278522306,6.516193076042964,3.8918202981106265,0.8660254037844386,252.0,12726.0,397.59999999999997,5.53338948872752,9.451480999992047,1
POND,TELANGANA,2021,24.5,1.5,7.65,1374.5,5.0,19.5,50.5,485.0,7.226572580364629,1.791759469228055,3.0204248861443626,6.186208623900494,3.9415818076696905,1.224744871391589,122.5,6872.5,477.75,4.816241156068032,8.835428716911474,1
POND,TELANGANA,2021,27.0,1.05,7.6,1262.5,9.6,5.3,25.5,445.0,7.141640926828249,2.3608540011180215,1.840549633397487,6.100318952020064,3.2771447329921766,1.02469507659596,259.2,12120.0,143.1,5.561450566078405,9.402694764470512,1
POND,TELANGANA,2021,26.0,1.25,7.800000000000001,1153.5,7.5,4.35,37.0,445.0,7.05142262879455,2.1400661634962708,1.6770965609079151,6.100318952020064,3.6375861597263857,1.118033988749895,195.0,8651.25,113.1,5.278114659230517,9.065574681708663,1
POND,TELANGANA,2021,27.5,1.65,8.0,3840.0,18.0,7.55,16.5,235.0,8.253488028345904,2.9444389791664403,2.145931282948669,5.4638318050256105,2.8622008809294686,1.284523257866513,495.0,69120.0,207.625,6.206575926724928,11.143613870965876,1
TANK,TELANGANA,2021,25.0,5.5,7.0,1172.5,4.6,11.15,8.0,124.5,7.067746015291078,1.7227665977411035,2.4973291697865574,4.832305758571839,2.1972245773362196,2.345207879911715,114.99999999999999,5393.5,278.75,4.7535901911063645,8.593135194991396,1
TANK,TELANGANA,2021,20.0,5.6,7.3,801.0,3.35,8.615,8.0,42.5,6.687108607866515,1.4701758451005926,2.263324379040743,3.7727609380946383,2.1972245773362196,2.3664319132398464,67.0,2683.35,172.3,4.219507705176107,7.895193891974421,1
TANK,TELANGANA,2021,29.5,0.3,7.7,1769.5,13.2,12.9,54.5,635.0,7.4790172715519585,2.653241964607215,2.631888840136646,6.455198563340122,4.0163830207523885,0.5477225575051661,389.4,23357.399999999998,380.55,5.967171854538937,10.058711941445715,1
TANK,TELANGANA,2021,28.0,2.4499999999999997,7.7,1030.5,10.9,6.7,30.0,325.0,6.938769332511306,2.4765384001174837,2.0412203288596382,5.786897381366708,3.4339872044851463,1.5652475842498528,305.2,11232.45,187.6,5.7242384832235835,9.326651213375088,1
TANK,TELANGANA,2021,26.0,5.449999999999999,7.1,1241.0,4.6,12.615,7.5,94.5,7.124478262493424,1.7227665977411035,2.611172126125723,4.5591262474866845,2.1400661634962708,2.33452350598575,119.6,5708.599999999999,327.99,4.792479284293085,8.649904247656858,1
TANK,TELANGANA,2021,28.0,5.65,8.2,377.5,2.05,1.45,9.5,147.0,5.936216072877503,1.1151415906193203,0.8960880245566356,4.997212273764115,2.3513752571634776,2.3769728648009427,57.39999999999999,773.8749999999999,40.6,4.067315889834181,6.652701726022084,1
TANK,TELANGANA,2021,29.0,4.7,7.050000000000001,3840.0,12.5,17.165,19.5,175.0,8.253488028345904,2.6026896854443837,2.899496665673165,5.170483995038151,3.0204248861443626,2.16794833886788,362.5,48000.0,497.78499999999997,5.895779296973574,10.778977123006351,1
TANK,TELANGANA,2021,21.5,5.6,7.15,1471.0,6.6,11.665,7.0,105.0,7.294377299288821,2.028148247292285,2.5388422834536386,4.663439094112067,2.0794415416798357,2.3664319132398464,141.9,9708.6,250.79749999999999,4.9621450849358215,9.18087036579215,1
TANK,TELANGANA,2021,29.5,0.75,7.75,1544.5,12.8,8.5,37.0,445.0,7.343102761572171,2.624668592163159,2.2512917986064953,6.100318952020064,3.6375861597263857,0.8660254037844386,377.6,19769.600000000002,250.75,5.936480238775222,9.891951264717799,1
TANK,TELANGANA,2021,24.5,4.550000000000001,7.15,3793.0,15.0,18.23,16.5,195.0,8.24117615049496,2.772588722239781,2.9564715596006885,5.278114659230517,2.8622008809294686,2.1330729007701543,367.5,56895.0,446.635,5.909440711629391,10.948980318873577,1
TANK,TELANGANA,2021,26.0,4.8,7.75,979.5,3.1500000000000004,2.45,17.5,223.5,6.888062645636401,1.423108334242607,1.2383742310432684,5.413875707182309,2.917770732084279,2.1908902300206643,81.9,3085.425,63.7,4.417635062141249,8.034768742170499,1
TANK,TELANGANA,2021,22.5,4.8,7.15,2696.0,7.5,16.674999999999997,5.0,51.0,7.89989532313973,2.1400661634962708,2.8721512117826364,3.9512437185814275,1.791759469228055,2.1908902300206643,168.75,20220.0,375.18749999999994,5.1343267664388055,9.91447694733573,1
TANK,TELANGANA,2021,29.5,4.75,7.35,3529.0,6.0,14.11,7.5,106.5,8.169053149927343,1.9459101490553132,2.715356776284648,4.677490847567717,2.1400661634962708,2.179449471770337,177.0,21174.0,416.245,5.181783550292085,9.960576519520256,1
TANK,TELANGANA,2021,21.0,5.6,7.1,2259.5,7.45,19.6,5.0,61.0,7.7233413067346595,2.134166441369082,3.0252910757955354,4.127134385045092,1.791759469228055,2.3664319132398464,156.45000000000002,16833.275,411.6,5.059107947547034,9.731172265624783,1
TANK,TELANGANA,2021,29.5,5.95,7.25,694.0,12.85,8.085,4.0,39.0,6.543911845564792,2.6282852326333477,2.2066247018481344,3.6888794541139363,1.6094379124341003,2.4392621835300936,379.075,8917.9,238.50750000000002,5.9403686016669,9.095927899584067,1
TANK,TELANGANA,2021,27.5,2.75,7.6,939.0,4.05,3.7,14.5,225.5,6.84587987526405,1.6193882432872684,1.547562508716013,5.422744944923089,2.740840023925201,1.6583123951777,111.375,3802.95,101.75,4.721841492791785,8.243795279520011,1
TANK,TELANGANA,2021,25.5,5.05,7.2,1012.0,5.0,8.635,6.5,68.5,6.920671504248683,1.791759469228055,2.2654023018663296,4.241326752570746,2.0149030205422647,2.247220505424423,127.5,5060.0,220.1925,4.855928904335275,8.529319371214077,1
TANK,TELANGANA,2021,31.5,0.3,7.7,1429.5,17.0,9.9,31.0,330.0,7.265779312490165,2.8903717578961645,2.388762789235098,5.802118375377063,3.4657359027997265,0.5477225575051661,535.5,24301.5,311.85,6.285066562070753,10.098334504695224,1
TANK,TELANGANA,2021,24.5,5.65,7.15,958.5,5.0,8.65,8.0,114.0,6.8664123154477545,1.791759469228055,2.2669579153508947,4.74493212836325,2.1972245773362196,2.3769728648009427,122.5,4792.5,211.925,4.816241156068032,8.475016112517052,1
TANK,TELANGANA,2021,26.0,0.3,7.6,2110.0,12.8,7.6499999999999995,55.5,445.0,7.65491704784832,2.624668592163159,2.157559320943788,6.100318952020064,4.034240638152395,0.5477225575051661,332.8,27008.0,198.89999999999998,5.810542011227735,10.203925422776587,1
TANK,TELANGANA,2021,24.0,5.9,7.15,1049.5,3.55,9.115,9.0,58.5,6.957021520285055,1.5151272329628591,2.314019470619709,4.085976312551584,2.302585092994046,2.4289915602982237,85.19999999999999,3725.725,218.76,4.456670177669647,8.223285110870174,1
TANK,TELANGANA,2021,28.0,4.15,8.0,820.5,3.05,3.6999999999999997,20.5,250.0,6.711131937477322,1.3987168811184478,1.5475625087160128,5.5254529391317835,3.068052935133617,2.0371548787463363,85.39999999999999,2502.5249999999996,103.6,4.45898767581001,7.825455017739712,1
TANK,TELANGANA,2021,30.5,0.3,7.45,1975.5,10.0,17.15,25.0,940.0,7.58908288273674,2.3978952727983707,2.8986705607108596,6.846943139585379,3.258096538021482,0.5477225575051661,305.0,19755.0,523.0749999999999,5.723585101952381,9.891212521660515,1
TANK,TELANGANA,2021,25.0,5.35,7.15,1064.5,3.95,8.105,4.5,48.0,6.971199451538672,1.599387576580599,2.208823713179571,3.8918202981106265,1.7047480922384253,2.3130067012440754,98.75,4204.775000000001,202.625,4.602667055769973,8.344213859824604,1
TANK,TELANGANA,2021,31.0,2.4499999999999997,7.65,802.5,5.05,3.7,31.0,325.0,6.688977185177567,1.80005827204275,1.547562508716013,5.786897381366708,3.4657359027997265,1.5652475842498528,156.54999999999998,4052.625,114.7,5.0597428682032835,8.307366821500093,1
TANK,TELANGANA,2021,26.5,1.45,7.9,3120.5,15.6,7.2,12.5,410.0,8.046068934501799,2.8094026953624978,2.1041341542702074,6.018593214496234,2.6026896854443837,1.2041594578792296,413.4,48679.799999999996,190.8,6.026831690945273,10.793039980820168,1
TANK,TELANGANA,2021,28.0,2.7,7.85,956.0,6.05,3.0,14.5,275.0,6.863803391452954,1.9530276168241774,1.3862943611198906,5.62040086571715,2.740840023925201,1.6431676725154984,169.4,5783.8,84.0,5.138148614395216,8.662989066860742,1
TANK,TELANGANA,2021,29.0,5.199999999999999,7.25,902.5,3.25,7.1499999999999995,5.5,37.0,6.806276110032283,1.4469189829363254,2.098017927252771,3.6375861597263857,1.8718021769015913,2.2803508501982757,94.25,2933.125,207.35,4.55650501400681,7.9841645617490515,1
TANK,TELANGANA,2021,24.5,5.75,7.05,1460.5,4.75,11.1,5.0,65.5,7.287218584551301,1.749199854809259,2.4932054526026954,4.197201947661808,1.791759469228055,2.3979157616563596,116.375,6937.375,271.95,4.765373937528427,8.844822876227585,1
TANK,TELANGANA,2021,20.5,5.9,7.15,934.5,4.6,10.129999999999999,8.5,41.0,6.841081145714145,1.7227665977411035,2.409644165287453,3.7376696182833684,2.2512917986064953,2.4289915602982237,94.3,4298.7,207.665,4.557029810660157,8.366300531805932,1
TANK,TELANGANA,2021,26.0,4.2,7.6,582.0,5.05,4.45,17.0,290.0,6.368187186350492,1.80005827204275,1.6956156086751528,5.673323267171493,2.8903717578961645,2.04939015319192,131.29999999999998,2939.1,115.7,4.88507207112091,7.98619887335972,1
TANK,TELANGANA,2021,28.5,5.199999999999999,8.05,497.0,2.55,1.55,14.0,188.0,6.210600077024653,1.2669476034873244,0.9360933591703349,5.241747015059643,2.70805020110221,2.2803508501982757,72.675,1267.35,44.175000000000004,4.299663528623759,7.145472122145807,1
TANK,TELANGANA,2021,24.5,5.9,7.1,721.0,3.6,12.125,10.0,63.5,6.582025138892826,1.5260563034950492,2.5745188084776873,4.1666652238017265,2.3978952727983707,2.4289915602982237,88.2,2595.6,297.0625,4.490881039585964,7.861958175926153,1
LAKE,TRIPURA,2021,23.25,5.5,7.2,177.5,1.3,1.8599999999999999,37.5,157.0,5.184588601219693,0.832909122935104,1.0508216248317612,5.062595033026967,3.6506582412937387,2.345207879911715,30.225,230.75,43.245,3.4412190560116414,5.445659204445964,1
LAKE,TRIPURA,2021,24.5,5.550000000000001,6.949999999999999,159.5,1.6,1.815,42.0,210.0,5.07829394257007,0.9555114450274363,1.0349622615916536,5.351858133476067,3.7612001156935624,2.3558437978779496,39.2,255.20000000000002,44.4675,3.6938669956249757,5.545958389462634,1
LAKE,TRIPURA,2021,24.0,5.800000000000001,7.3,167.5,1.25,1.76,35.5,144.5,5.126935749792416,0.8109302162163288,1.0152306797290584,4.980176086611547,3.597312260588446,2.4083189157584592,30.0,209.375,42.24,3.4339872044851463,5.34889165251097,1
LAKE,TRIPURA,2021,24.5,5.7,7.2,167.5,1.4,1.515,31.5,165.0,5.126935749792416,0.8754687373538999,0.9222728035517025,5.111987788356544,3.481240089335692,2.3874672772626644,34.3,234.49999999999997,37.1175,3.563882963939251,5.461710913456472,1
LAKE,TRIPURA,2021,23.5,5.75,7.3,177.5,1.45,1.7349999999999999,39.5,157.0,5.184588601219693,0.8960880245566356,1.0061314358739444,5.062595033026967,3.7013019741124933,2.3979157616563596,34.074999999999996,257.375,40.772499999999994,3.5574886259885243,5.5544120180019325,1
LAKE,TRIPURA,2021,23.5,6.1,7.1,177.0,1.8499999999999999,2.11,55.5,215.0,5.181783550292085,1.047318994280559,1.1346227261911428,5.375278407684165,4.034240638152395,2.4698178070456938,43.474999999999994,327.45,49.584999999999994,3.7949272335518986,5.794384619338482,1
LAKE,TRIPURA,2021,23.5,6.05,7.35,155.0,1.55,1.73,44.0,215.0,5.049856007249537,0.9360933591703349,1.0043016091968684,5.375278407684165,3.8066624897703196,2.4596747752497685,36.425000000000004,240.25,40.655,3.622338930305692,5.485833740219095,1
LAKE,TRIPURA,2021,23.75,5.449999999999999,7.05,159.5,1.4,2.065,40.0,205.0,5.07829394257007,0.8754687373538999,1.1200475693881746,5.327876168789581,3.713572066704308,2.33452350598575,33.25,223.29999999999998,49.043749999999996,3.5336865647082343,5.412984441526163,1
POND,TRIPURA,2021,23.75,5.95,7.2,192.5,1.4,1.74,32.5,127.0,5.2652775124698366,0.8754687373538999,1.007957920399979,4.852030263919617,3.5115454388310208,2.4392621835300936,33.25,269.5,41.325,3.5336865647082343,5.600272098286537,1
POND,TRIPURA,2021,23.75,6.15,7.0,166.5,1.4,1.53,31.5,127.0,5.120983351265121,0.8754687373538999,0.9282193027394289,4.852030263919617,3.481240089335692,2.479919353527449,33.25,233.1,36.3375,3.5336865647082343,5.455748374496865,1
POND,TRIPURA,2021,24.25,5.55,6.75,170.0,1.45,1.5950000000000002,31.5,136.5,5.14166355650266,0.8960880245566356,0.953586516617852,4.923623917106626,3.481240089335692,2.355843797877949,35.1625,246.5,38.67875000000001,3.5880226703022533,5.511410582008745,1
POND,TRIPURA,2021,24.25,5.7,7.1,172.0,1.6,1.895,37.5,147.0,5.153291594497779,0.9555114450274363,1.0629851110249586,4.997212273764115,3.6506582412937387,2.3874672772626644,38.800000000000004,275.2,45.95375,3.683866912290392,5.621125240975192,1
POND,TRIPURA,2021,24.5,5.949999999999999,7.35,180.5,2.05,2.77,63.0,210.0,5.201255653704905,1.1151415906193203,1.3270750014599193,5.351858133476067,4.1588830833596715,2.4392621835300936,50.224999999999994,370.025,67.865,3.9362276941249634,5.916269445781882,1
POND,TRIPURA,2021,23.5,5.55,7.2,167.0,1.35,1.545,37.0,160.0,5.123963979403259,0.8544153281560676,0.9341306500024861,5.081404364984463,3.6375861597263857,2.355843797877949,31.725,225.45000000000002,36.3075,3.4881393117959636,5.422524170002223,1
POND,TRIPURA,2021,24.5,5.5,7.1,166.5,1.45,1.49,32.0,165.0,5.120983351265121,0.8960880245566356,0.9122827104766162,5.111987788356544,3.4965075614664802,2.345207879911715,35.525,241.42499999999998,36.505,3.597996957636763,5.49069238419061,1
POND,TRIPURA,2021,24.0,6.1,7.15,163.0,1.25,1.5550000000000002,40.0,167.0,5.099866427824199,0.8109302162163288,0.9380522236556679,5.123963979403259,3.713572066704308,2.4698178070456938,30.0,203.75,37.32000000000001,3.4339872044851463,5.321789722733179,1
POND,TRIPURA,2021,24.75,3.7,7.2,181.5,7.05,3.7449999999999997,70.5,320.0,5.206750173022546,2.0856720914304723,1.557091432061891,5.771441123130016,4.269697449699962,1.9235384061671346,174.48749999999998,1279.575,92.68874999999998,5.167567815298069,7.155064474795127,1
POND,TRIPURA,2021,24.0,5.45,6.9,160.0,1.5,1.79,37.5,147.0,5.081404364984463,0.9162907318741551,1.0260415958332743,4.997212273764115,3.6506582412937387,2.3345235059857505,36.0,240.0,42.96,3.6109179126442243,5.484796933490655,1
LAKE,UTTAR PRADESH,2021,22.5,6.4,7.8999999999999995,311.0,4.5,0.8600000000000001,3950.0,7100.0,5.7430031878094825,1.7047480922384253,0.62057648772511,8.867990898182093,8.281723990411392,2.5298221281347035,101.25,1399.5,19.35,4.627420794922911,7.2445845947001635,1
LAKE,UTTARAKHAND,2021,17.0,8.2,7.6,185.0,1.3,0.345,120.0,375.0,5.225746673713202,0.832909122935104,0.2963940130538024,5.929589143389895,4.795790545596741,2.8635642126552705,22.1,240.5,5.864999999999999,3.139832617527748,5.486869473092628,1
LAKE,UTTARAKHAND,2021,15.5,8.6,7.5,405.0,1.5,0.33999999999999997,245.0,635.0,6.0063531596017325,0.9162907318741551,0.29266961396281993,6.455198563340122,5.5053315359323625,2.932575659723036,23.25,607.5,5.27,3.188416617383492,6.410996912427582,1
LAKE,WEST BENGAL,2021,24.5,8.15,7.55,168.0,1.45,0.3,1650.0,2650.0,5.1298987149230735,0.8960880245566356,0.262364264467491,7.8826922062890254,7.409136443920128,2.8548204847240397,35.525,243.6,7.35,3.597996957636763,5.499624223253072,1
LAKE,WEST BENGAL,2021,28.25,8.55,8.25,665.5,5.85,0.5349999999999999,19150.0,29450.0,6.502040139618764,1.9242486522741338,0.4285303810391604,10.290483144360632,9.860110212566559,2.924038303442689,165.2625,3893.1749999999997,15.113749999999998,5.113567864679415,8.267237125857102,1
LAKE,WEST BENGAL,2021,28.25,7.7,8.05,717.5,5.050000000000001,0.55,46700.0,81650.0,6.5771657055190795,1.8000582720427503,0.4382549309311553,11.31020934572104,10.751520856703959,2.7748873851023217,142.66250000000002,3623.3750000000005,15.537500000000001,4.967466798694877,8.195437138630705,1
LAKE,WEST BENGAL,2021,15.0,6.65,7.4,58.5,1.4,0.3,2530.0,6555.0,4.085976312551584,0.8754687373538999,0.262364264467491,8.78813593986372,7.836369760545124,2.5787593916455256,21.0,81.89999999999999,4.5,3.091042453358316,4.417635062141249,1
LAKE,WEST BENGAL,2021,25.5,7.5,7.15,50.0,1.6,0.3,2700.0,7150.0,3.9318256327243257,0.9555114450274363,0.262364264467491,8.875007486048396,7.901377353792616,2.7386127875258306,40.800000000000004,80.0,7.6499999999999995,3.732896339530711,4.394449154672439,1
LAKE,WEST BENGAL,2021,26.0,7.85,7.550000000000001,80.0,1.75,0.3,1385.0,4850.0,4.394449154672439,1.0116009116784799,0.262364264467491,8.486940148245216,7.234177179749849,2.80178514522438,45.5,140.0,7.8,3.8394523125933104,4.948759890378168,1
LAKE,WEST BENGAL,2021,28.25,7.9,8.149999999999999,672.0,5.4,0.6,126500.0,281500.0,6.511745329644728,1.8562979903656263,0.4700036292457356,12.547891278953442,11.748005492256807,2.8106938645110393,152.55,3628.8,16.95,5.034026246886832,8.1969328293223,1
LAKE,WEST BENGAL,2021,14.0,6.35,7.25,131.5,2.3,0.31,3550.0,9500.0,4.886582645426277,1.1939224684724346,0.27002713721306015,9.15915233520675,8.174984532943087,2.5199206336708304,32.199999999999996,302.45,4.34,3.5025498759224427,5.7152168522818645,1
LAKE,WEST BENGAL,2021,26.5,7.449999999999999,7.85,539.0,2.9499999999999997,1.0999999999999999,560.0,1400.0,6.29156913955832,1.3737155789130304,0.7419373447293772,7.244941546337007,6.329720905522696,2.729468812791236,78.175,1590.05,29.149999999999995,4.371660592424703,7.3721494546195885,1
LAKE,WEST BENGAL,2021,27.0,9.3,7.3,366.5,5.0,0.55,6250.0,8150.0,5.906723318652891,1.791759469228055,0.4382549309311553,9.005895898094458,8.740496729931813,3.0495901363953815,135.0,1832.5,14.850000000000001,4.912654885736052,7.5139819875113805,1
LAKE,WEST BENGAL,2021,14.0,7.6,7.25,28.5,1.05,0.3,90.0,160.0,3.3843902633457743,0.7178397931503169,0.262364264467491,5.081404364984463,4.51085950651685,2.756809750418044,14.700000000000001,29.925,4.2,2.7536607123542622,3.4315649182785517,1
LAKE,WEST BENGAL,2021,16.5,7.699999999999999,7.25,28.5,1.4,0.3,95.0,220.0,3.3843902633457743,0.8754687373538999,0.262364264467491,5.3981627015177525,4.564348191467836,2.7748873851023212,23.099999999999998,39.9,4.95,3.1822118404966093,3.711130063048756,1
LAKE,WEST BENGAL,2021,14.0,7.8,7.4,44.5,1.3,0.3,90.0,220.0,3.817712325956905,0.832909122935104,0.262364264467491,5.3981627015177525,4.51085950651685,2.792848008753788,18.2,57.85,4.2,2.954910279033736,4.074991833706286,1
LAKE,ANDHRA PRADESH,2022,24.5,5.2,7.5,872.0,2.6,3.115,369.5,1274.5,6.771935555839602,1.2809338454620642,1.4146388341290332,7.1510935375818665,5.914853444736141,2.280350850198276,63.7,2267.2000000000003,76.31750000000001,4.169761201506855,7.72674184438123,1
LAKE,ANDHRA PRADESH,2022,23.5,5.949999999999999,7.9,1007.5,3.8499999999999996,1.74,14.0,335.0,6.916219357394266,1.5789787049493917,1.007957920399979,5.817111159963204,2.70805020110221,2.4392621835300936,90.475,3878.8749999999995,40.89,4.516065710905271,8.263558215603512,1
LAKE,ANDHRA PRADESH,2022,27.5,4.9,7.8,645.0,3.5999999999999996,1.77,23.0,195.0,6.470799503782602,1.5260563034950492,1.0188473201992472,5.278114659230517,3.1780538303479458,2.2135943621178655,98.99999999999999,2321.9999999999995,48.675,4.605170185988091,7.750614732770409,1
LAKE,ANDHRA PRADESH,2022,25.0,5.6,7.199999999999999,428.5,1.85,0.79,238.5,768.5,6.06262174142431,1.0473189942805592,0.5822156198526637,6.645740953278934,5.4785534168509695,2.3664319132398464,46.25,792.725,19.75,3.855452653939752,6.676737053647898,1
TANK,ANDHRA PRADESH,2022,24.0,7.15,7.6,844.5,2.65,1.72,173.0,727.5,6.739928168338635,1.2947271675944,1.000631880307906,6.590987625635259,5.159055299214529,2.6739483914241875,63.599999999999994,2237.9249999999997,41.28,4.168214410788556,7.713751118940796,1
TANK,ANDHRA PRADESH,2022,25.5,5.75,7.45,349.0,1.5,1.72,181.0,619.0,5.857933154483459,0.9162907318741551,1.000631880307906,6.429719478039138,5.204006687076795,2.3979157616563596,38.25,523.5,43.86,3.6699514442284173,6.262445427836352,1
TANK,ANDHRA PRADESH,2022,19.0,6.85,7.9,1134.0,2.7,2.455,89.5,400.0,7.034387929915503,1.308332819650179,1.2398224572196332,5.993961427306569,4.505349850705881,2.6172504656604803,51.300000000000004,3061.8,46.645,3.9569963710708773,8.027084809238968,1
WETLAND,ANDHRA PRADESH,2022,24.0,5.85,7.75,615.0,1.75,0.555,232.5,658.5,6.423246963533519,1.0116009116784799,0.4414755456311975,6.491481972157369,5.453182077108952,2.4186773244895647,42.0,1076.25,13.32,3.7612001156935624,6.982166776495947,1
WETLAND,ANDHRA PRADESH,2022,24.0,7.0,7.85,363.5,2.2,1.4849999999999999,16.0,152.0,5.898526551448713,1.1631508098056809,0.910272659548592,5.030437921392435,2.833213344056216,2.6457513110645907,52.800000000000004,799.7,35.64,3.985273467167739,6.685486345078588,1
WETLAND,ANDHRA PRADESH,2022,24.0,5.95,7.5,504.5,1.6,0.7200000000000001,172.5,626.0,6.225548038460526,0.9555114450274363,0.5423242908253617,6.440946540632921,5.156177599386914,2.4392621835300936,38.400000000000006,807.2,17.28,3.6737658163038884,6.694809552644373,1
WETLAND,ANDHRA PRADESH,2022,28.0,5.2,7.8,541.5,5.949999999999999,1.4649999999999999,12.0,267.5,6.296188085414615,1.9387416595767006,0.9021918074946533,5.5928509139489195,2.5649493574615367,2.280350850198276,166.59999999999997,3221.9249999999997,41.019999999999996,5.121580188047982,8.078044611299568,1
WETLAND,ANDHRA PRADESH,2022,22.5,5.05,7.25,1048.0,2.4,1.9549999999999998,466.5,1426.0,6.955592608396297,1.2237754316221157,1.0834986508580615,7.2633296174768365,6.147399348728742,2.247220505424423,54.0,2515.2,43.9875,4.007333185232471,7.83050510591703,1
WETLAND,ANDHRA PRADESH,2022,22.0,5.15,7.199999999999999,936.5,2.45,2.11,352.5,1209.5,6.843216757844566,1.2383742310432684,1.1346227261911428,7.098788776378113,5.867883485336628,2.2693611435820435,53.900000000000006,2294.425,46.419999999999995,4.0055133485154855,7.738673290535171,1
WETLAND,ANDHRA PRADESH,2022,24.5,5.85,7.699999999999999,427.0,1.65,0.53,205.5,543.5,6.059123195581797,0.9745596399981308,0.4252677354043441,6.299867942373015,5.330300412401088,2.4186773244895647,40.425,704.55,12.985000000000001,3.7238845633126267,6.55897764050377,1
WETLAND,ANDHRA PRADESH,2022,26.0,6.6,7.9,1019.5,2.7,2.23,7.0,110.5,6.9280479822498995,1.308332819650179,1.172482137234565,4.7140245909001735,2.0794415416798357,2.569046515733026,70.2,2752.65,57.98,4.26549281841793,7.920682583340066,1
WETLAND,ANDHRA PRADESH,2022,24.0,5.2,7.65,1599.5,2.45,1.0999999999999999,571.0,1499.5,7.378071359409918,1.2383742310432684,0.7419373447293772,7.313553664880422,6.349138991379798,2.280350850198276,58.800000000000004,3918.775,26.4,4.091005660956586,8.273789533177998,1
WETLAND,ANDHRA PRADESH,2022,28.0,6.15,7.85,3840.0,3.6,1.2149999999999999,15.0,180.0,8.253488028345904,1.5260563034950492,0.7952524034970989,5.198497031265826,2.772588722239781,2.479919353527449,100.8,13824.0,34.019999999999996,4.623010104116422,9.534233826390535,1
WETLAND,ANDHRA PRADESH,2022,25.0,3.4,7.6,1644.0,29.7,2.6350000000000002,23.0,1232.0,7.405495663199472,3.4242626545931514,1.2906091109854827,7.117205503164344,3.1780538303479458,1.8439088914585775,742.5,48826.799999999996,65.875,6.61136876590021,10.796055101770815,1
WETLAND,ANDHRA PRADESH,2022,23.5,5.55,7.55,879.5,1.9500000000000002,1.185,272.5,820.0,6.7804899279362605,1.0818051703517284,0.7816158285475535,6.710523109452428,5.611301621862036,2.355843797877949,45.825,1715.025,27.8475,3.846417248330152,7.447765848706353,1
WETLAND,ANDHRA PRADESH,2022,25.5,5.9,7.65,642.0,1.9,1.005,184.0,691.5,6.466144724237619,1.0647107369924282,0.6956440607585325,6.540308238061494,5.220355825078324,2.4289915602982237,48.449999999999996,1219.8,25.627499999999998,3.900962058068721,7.107261660530193,1
WETLAND,ANDHRA PRADESH,2022,27.0,6.85,7.8,331.0,2.0,1.065,12.0,1219.5,5.805134968916488,1.0986122886681098,0.7251302264129961,7.107015889833015,2.5649493574615367,2.6172504656604803,54.0,662.0,28.755,4.007333185232471,6.4967749901858625,1
WETLAND,ANDHRA PRADESH,2022,25.0,6.449999999999999,7.5,1032.5,5.1,4.42,306.5,1659.0,6.940706379121823,1.8082887711792655,1.6900958154515549,7.414572881350589,5.728475087246572,2.539685019840059,127.49999999999999,5265.75,110.5,4.855928904335275,8.56916875300658,1
WETLAND,ANDHRA PRADESH,2022,24.0,7.1,8.0,273.5,2.8,1.22,9.0,152.0,5.614951260949585,1.33500106673234,0.7975071958841881,5.030437921392435,2.302585092994046,2.6645825188948455,67.19999999999999,765.8,29.28,4.222444564849416,6.6422260111714895,1
LAKE,ASSAM,2022,23.0,5.5,7.1,194.0,2.45,1.4,620.0,1160.0,5.272999558563747,1.2383742310432684,0.8754687373538999,7.057036981697891,6.431331081933479,2.345207879911715,56.35,475.3,32.199999999999996,4.04917284357538,6.166047907806814,1
LAKE,ASSAM,2022,22.5,6.95,7.25,247.0,2.45,1.05,515.0,1115.0,5.5134287461649825,1.2383742310432684,0.7178397931503169,7.017506142941256,6.246106765481563,2.6362852652928135,55.12500000000001,605.1500000000001,23.625,4.027581346062418,6.407127480192592,1
LAKE,ASSAM,2022,26.5,1.3499999999999999,7.25,507.5,26.0,4.1,3000.0,5150.0,6.2314652154886145,3.295836866004329,1.62924053973028,8.546946149565585,8.006700845440367,1.161895003862225,689.0,13195.0,108.64999999999999,6.536691597591305,9.487669032348473,1
LAKE,ASSAM,2022,23.5,6.8,7.199999999999999,122.5,2.5999999999999996,1.4500000000000002,635.0,1415.0,4.816241156068032,1.2809338454620642,0.8960880245566357,7.255591274253665,6.455198563340122,2.6076809620810595,61.099999999999994,318.49999999999994,34.075,4.128745988939433,5.766757273817589,1
LAKE,ASSAM,2022,30.0,5.0,7.3,123.0,2.45,1.25,455.0,1155.0,4.820281565605037,1.2383742310432684,0.8109302162163288,7.052721049232323,6.1224928095143865,2.23606797749979,73.5,301.35,37.5,4.310799125385514,5.711585286719222,1
LAKE,ASSAM,2022,25.0,6.15,7.449999999999999,351.0,5.45,3.25,640.0,1255.0,5.863631175598097,1.864080130807681,1.4469189829363254,7.135687347028144,6.46302945692067,2.479919353527449,136.25,1912.95,81.25,4.92180408038964,7.556924448369695,1
LAKE,ASSAM,2022,25.0,6.6,7.4,350.0,5.449999999999999,3.2,620.0,1455.0,5.860786223465865,1.864080130807681,1.4350845252893227,7.283448228756631,6.431331081933479,2.569046515733026,136.24999999999997,1907.4999999999998,80.0,4.92180408038964,7.554072872185285,1
LAKE,ASSAM,2022,29.0,5.05,7.15,120.5,2.15,1.4500000000000002,460.0,1010.0,4.799914262780603,1.1474024528375417,0.8960880245566357,6.918695219020472,6.133398042996649,2.247220505424423,62.349999999999994,259.075,42.050000000000004,4.148674906767148,5.560970050956959,1
LAKE,ASSAM,2022,25.0,4.4,7.15,272.5,2.5,1.4500000000000002,730.0,1410.0,5.611301621862036,1.252762968495368,0.8960880245566357,7.252053951852814,6.594413459749778,2.0976176963403033,62.5,681.25,36.25000000000001,4.151039905898646,6.525396159588448,1
LAKE,ASSAM,2022,23.0,6.699999999999999,7.25,174.5,2.4,1.55,510.0,1155.0,5.167639042905921,1.2237754316221157,0.9360933591703349,7.052721049232323,6.236369590203704,2.588435821108957,55.199999999999996,418.8,35.65,4.028916756899645,6.039778407386533,1
LAKE,ASSAM,2022,25.5,5.4,7.05,68.5,2.5,0.9,515.0,930.0,4.241326752570746,1.252762968495368,0.6418538861723948,6.836259277277067,6.246106765481563,2.32379000772445,63.75,171.25,22.95,4.1705337005796475,5.148946909893768,1
LAKE,ASSAM,2022,24.5,1.65,7.449999999999999,1014.5,27.0,2.95,900.0,2450.0,6.92313638102044,3.332204510175204,1.3737155789130306,7.804251383528112,6.803505257608338,1.284523257866513,661.5,27391.5,72.275,6.496020557860377,10.218024532279548,1
LAKE,ASSAM,2022,22.5,6.85,7.199999999999999,168.0,2.4000000000000004,1.35,510.0,1010.0,5.1298987149230735,1.2237754316221159,0.8544153281560676,6.918695219020472,6.236369590203704,2.6172504656604803,54.00000000000001,403.20000000000005,30.375000000000004,4.007333185232471,6.001909804969521,1
LAKE,ASSAM,2022,23.0,4.1,7.1,151.0,2.55,1.15,515.0,1115.0,5.0238805208462765,1.2669476034873244,0.7654678421395714,7.017506142941256,6.246106765481563,2.0248456731316584,58.65,385.04999999999995,26.45,4.0884941485439255,5.955966894754825,1
LAKE,ASSAM,2022,22.5,5.6,7.15,160.0,2.35,0.85,510.0,1060.0,5.081404364984463,1.208960345836975,0.6151856390902334,6.966967138613983,6.236369590203704,2.3664319132398464,52.875,376.0,19.125,3.9866665484239117,5.932245187448011,1
LAKE,ASSAM,2022,30.0,6.8999999999999995,7.199999999999999,156.0,2.45,1.4,515.0,1055.0,5.056245805348308,1.2383742310432684,0.8754687373538999,6.962243464266207,6.246106765481563,2.6267851073127395,73.5,382.20000000000005,42.0,4.310799125385514,5.948557046096705,1
LAKE,ASSAM,2022,24.5,6.0,7.05,109.0,2.45,2.4,540.0,1155.0,4.700480365792417,1.2383742310432684,1.2237754316221157,7.052721049232323,6.293419278846481,2.449489742783178,60.025000000000006,267.05,58.8,4.111283616279024,5.591173530273546,1
LAKE,ASSAM,2022,26.5,6.75,7.199999999999999,100.0,2.45,1.3,510.0,1110.0,4.61512051684126,1.2383742310432684,0.832909122935104,7.01301578963963,6.236369590203704,2.598076211353316,64.92500000000001,245.00000000000003,34.45,4.188517732239351,5.505331535932363,1
LAKE,ASSAM,2022,27.5,2.65,7.4,528.0,16.15,1.6,2150.0,3600.0,6.270988431858299,2.8419981736119486,0.9555114450274363,8.188966863648876,7.67368812926773,1.6278820596099706,444.12499999999994,8527.199999999999,44.0,6.098355141597942,9.051133598288226,1
LAKE,ASSAM,2022,22.5,4.65,7.0,130.0,2.5999999999999996,0.9,605.0,1450.0,4.875197323201151,1.2809338454620642,0.6418538861723948,7.280008252884188,6.406879986069314,2.1563858652847827,58.49999999999999,337.99999999999994,20.25,4.085976312551584,5.82600010738045,1
LAKE,ASSAM,2022,27.5,1.5,7.35,516.0,25.200000000000003,4.25,3350.0,4850.0,6.248042874508429,3.265759410767051,1.6582280766035324,8.486940148245216,8.11701408773731,1.224744871391589,693.0000000000001,13003.2,116.875,6.542471960506805,9.47302766118864,1
POND,ASSAM,2022,22.0,4.3,7.15,104.5,2.5999999999999996,0.9,545.0,1300.0,4.658710952916121,1.2809338454620642,0.6418538861723948,7.170888478512505,6.302618975744905,2.073644135332772,57.19999999999999,271.7,19.8,4.063885354737392,5.608372289851543,1
POND,ASSAM,2022,27.5,7.25,7.05,97.5,2.35,1.45,515.0,1205.0,4.590056548178043,1.208960345836975,0.8960880245566356,7.095064377287131,6.246106765481563,2.692582403567252,64.625,229.125,39.875,4.183956720911787,5.438622639553242,1
POND,ASSAM,2022,23.5,8.35,7.6,263.5,2.4000000000000004,1.4,700.0,1455.0,5.577841251298354,1.2237754316221159,0.8754687373538999,7.283448228756631,6.55250788703459,2.8896366553599777,56.400000000000006,632.4000000000001,32.9,4.050044303325521,6.45110213410454,1
POND,ASSAM,2022,25.5,6.35,7.15,99.5,2.35,1.05,605.0,930.0,4.61015772749913,1.208960345836975,0.7178397931503169,6.836259277277067,6.406879986069314,2.5199206336708304,59.925000000000004,233.82500000000002,26.775000000000002,4.10964359951127,5.458840555880579,1
POND,ASSAM,2022,27.0,6.25,7.1,74.0,2.45,1.0,510.0,1060.0,4.31748811353631,1.2383742310432684,0.6931471805599453,6.966967138613983,6.236369590203704,2.5,66.15,181.3,27.0,4.206928922969246,5.205653681684617,1
POND,ASSAM,2022,25.5,7.949999999999999,7.55,203.0,2.55,2.45,775.0,1500.0,5.318119993844216,1.2669476034873244,1.2383742310432684,7.313886831633462,6.654152520183219,2.819574435974337,65.02499999999999,517.65,62.475,4.190033458183196,6.251229281877837,1
POND,ASSAM,2022,23.5,7.75,7.449999999999999,109.0,2.45,1.45,515.0,1155.0,4.700480365792417,1.2383742310432684,0.8960880245566356,7.052721049232323,6.246106765481563,2.7838821814150108,57.575,267.05,34.074999999999996,4.070307984393859,5.591173530273546,1
POND,ASSAM,2022,25.0,5.7,7.1,86.5,2.3,1.0,605.0,1110.0,4.471638793363569,1.1939224684724346,0.6931471805599453,7.01301578963963,6.406879986069314,2.3874672772626644,57.49999999999999,198.95,25.0,4.069026754237811,5.298067335292827,1
POND,ASSAM,2022,26.0,7.15,7.45,142.5,2.55,1.0,605.0,1115.0,4.966335035199676,1.2669476034873244,0.6931471805599453,7.017506142941256,6.406879986069314,2.6739483914241875,66.3,363.375,26.0,4.209160236650682,5.8981835571047565,1
POND,ASSAM,2022,25.0,6.300000000000001,7.15,67.0,2.3,1.05,540.0,635.0,4.219507705176107,1.1939224684724346,0.7178397931503169,6.455198563340122,6.293419278846481,2.5099800796022267,57.49999999999999,154.1,26.25,4.069026754237811,5.044070070182493,1
POND,ASSAM,2022,27.0,7.05,7.5,230.0,2.5,0.9500000000000001,620.0,1205.0,5.442417710521793,1.252762968495368,0.6678293725756554,7.095064377287131,6.431331081933479,2.6551836094703507,67.5,575.0,25.650000000000002,4.22683374526818,6.3561076606958915,1
POND,ASSAM,2022,24.5,6.5,7.35,81.0,2.25,0.95,515.0,730.0,4.406719247264253,1.1786549963416462,0.6678293725756554,6.594413459749778,6.246106765481563,2.5495097567963922,55.125,182.25,23.275,4.027581346062418,5.2108513407667605,1
POND,ASSAM,2022,26.0,6.75,7.45,388.0,2.5999999999999996,1.2000000000000002,650.0,1500.0,5.963579343618446,1.2809338454620642,0.7884573603642703,7.313886831633462,6.478509642208569,2.598076211353316,67.6,1008.7999999999998,31.200000000000003,4.22829253473184,6.9175075704248155,1
POND,ASSAM,2022,30.0,4.85,7.25,92.0,2.45,1.5,515.0,1205.0,4.532599493153256,1.2383742310432684,0.9162907318741551,7.095064377287131,6.246106765481563,2.202271554554524,73.5,225.4,45.0,4.310799125385514,5.422303346329028,1
POND,ASSAM,2022,26.5,6.050000000000001,7.05,77.5,4.45,0.9,450.0,635.0,4.363098624788363,1.6956156086751528,0.6418538861723948,6.455198563340122,6.111467339502679,2.459674775249769,117.92500000000001,344.875,23.85,4.778493042318345,5.84607743810709,1
POND,ASSAM,2022,26.0,7.1,7.4,291.5,2.55,1.05,460.0,1060.0,5.678464666671911,1.2669476034873244,0.7178397931503169,6.966967138613983,6.133398042996649,2.6645825188948455,66.3,743.3249999999999,27.3,4.209160236650682,6.612477767408525,1
POND,ASSAM,2022,23.5,4.6,7.15,146.0,2.5999999999999996,1.05,515.0,1105.0,4.990432586778736,1.2809338454620642,0.7178397931503169,7.00850518208228,6.246106765481563,2.1447610589527217,61.099999999999994,379.59999999999997,24.675,4.128745988939433,5.9417489548620495,1
POND,ASSAM,2022,30.5,4.95,7.35,110.0,2.6,1.25,515.0,1550.0,4.709530201312334,1.2809338454620642,0.8109302162163288,7.346655163176539,6.246106765481563,2.224859546128699,79.3,286.0,38.125,4.385769620952716,5.659482215759621,1
POND,ASSAM,2022,30.5,4.75,7.300000000000001,113.5,2.35,1.4500000000000002,510.0,1065.0,4.740574822994295,1.208960345836975,0.8960880245566357,6.97166860472579,6.236369590203704,2.179449471770337,71.675,266.725,44.22500000000001,4.28599744644494,5.589960334286939,1
POND,ASSAM,2022,27.0,5.800000000000001,7.5,103.0,2.3,1.1,605.0,1310.0,4.6443908991413725,1.1939224684724346,0.7419373447293773,7.1785454837637,6.406879986069314,2.4083189157584592,62.099999999999994,236.89999999999998,29.700000000000003,4.144720769547168,5.471850417308912,1
POND,ASSAM,2022,26.0,6.050000000000001,7.2,71.0,1.75,4.4,605.0,1060.0,4.276666119016055,1.0116009116784799,1.6863989535702288,6.966967138613983,6.406879986069314,2.459674775249769,45.5,124.25,114.4,3.8394523125933104,4.830311739964974,1
POND,ASSAM,2022,23.5,6.800000000000001,7.3,400.5,2.5999999999999996,1.25,515.0,1300.0,5.995207533386816,1.2809338454620642,0.8109302162163288,7.170888478512505,6.246106765481563,2.6076809620810595,61.099999999999994,1041.3,29.375,4.128745988939433,6.949185088745277,1
POND,ASSAM,2022,25.0,6.15,7.1,88.0,2.55,1.0499999999999998,605.0,1115.0,4.48863636973214,1.2669476034873244,0.7178397931503168,7.017506142941256,6.406879986069314,2.479919353527449,63.74999999999999,224.39999999999998,26.249999999999996,4.1705337005796475,5.417876601605676,1
POND,ASSAM,2022,27.0,6.1,7.25,81.0,2.45,1.05,540.0,1180.0,4.406719247264253,1.2383742310432684,0.7178397931503169,7.074116816197362,6.293419278846481,2.4698178070456938,66.15,198.45000000000002,28.35,4.206928922969246,5.295563578351416,1
WETLAND,ASSAM,2022,29.5,4.9,7.3,176.5,2.35,1.4,510.0,905.0,5.178970608915471,1.208960345836975,0.8754687373538999,6.80903930604298,6.236369590203704,2.2135943621178655,69.325,414.77500000000003,41.3,4.253127354375921,6.030144248556204,1
WETLAND,ASSAM,2022,30.0,5.1,7.4,179.0,2.3,1.3,515.0,1115.0,5.19295685089021,1.1939224684724346,0.832909122935104,7.017506142941256,6.246106765481563,2.258317958127243,69.0,411.7,39.0,4.248495242049359,6.022720936758536,1
LAKE,BIHAR,2022,21.5,5.85,7.6,306.5,3.8,0.365,65700.0,176300.0,5.728475087246572,1.5686159179138452,0.31115442863692305,12.07994804051962,11.092869425057021,2.4186773244895647,81.7,1164.7,7.8475,4.415219602029645,7.061077043925787,1
LAKE,BIHAR,2022,22.5,10.35,7.85,786.0,15.75,0.37,85135.0,175550.0,6.668228248417403,2.8183982582710754,0.31481073984003355,12.07568487796315,11.35200525683615,3.2171415884290826,354.375,12379.5,8.325,5.873173569971164,9.423877933145157,1
LAKE,BIHAR,2022,24.0,8.75,7.9,663.0,6.9,0.49,80115.0,80165.0,6.498282149476434,2.066862759472976,0.3987761199573678,11.291854763816948,11.291230863421124,2.958039891549808,165.60000000000002,4574.7,11.76,5.115595729732743,8.42851497146996,1
POND,BIHAR,2022,25.5,10.2,7.8999999999999995,847.0,8.0,0.365,47150.0,81650.0,6.742880635791903,2.1972245773362196,0.31115442863692305,11.31020934572104,10.76111049674444,3.1937438845342623,204.0,6776.0,9.3075,5.3230099791384085,8.821289805136113,1
POND,BIHAR,2022,23.5,10.35,7.85,615.5,6.8,0.32499999999999996,120650.0,271750.0,6.424058322604399,2.0541237336955462,0.2814124594381855,12.51264148482949,11.700657359456459,3.2171415884290826,159.79999999999998,4185.4,7.637499999999999,5.080161356744866,8.339596455057999,1
LAKE,CHANDIGARH,2022,25.0,9.35,7.9,242.5,2.8,1.4,4613.5,8085.0,5.495116942522644,1.33500106673234,0.8754687373538999,8.997889450200717,8.436958798705632,3.057776970284131,70.0,679.0,35.0,4.2626798770413155,6.522092798170152,1
POND,CHHATTISGARH,2022,27.5,6.95,8.0,2432.0,24.4,0.6799999999999999,95.0,140.0,7.796880342783522,3.2347491740244907,0.5187937934151675,4.948759890378168,4.564348191467836,2.6362852652928135,671.0,59340.799999999996,18.7,6.51025834052315,10.99106922705513,1
LAKE,GOA,2022,29.5,5.45,6.6,104.0,1.75,0.32,1220.0,1925.0,4.653960350157523,1.0116009116784799,0.2776317365982795,7.563200592358071,7.107425474110705,2.3345235059857505,51.625,182.0,9.44,3.9631912920025454,5.209486152841421,1
LAKE,GOA,2022,28.0,6.1,6.8,43.5,1.35,0.47,179.0,278.5,3.7954891891721947,0.8544153281560676,0.3852624007906449,5.633002292595154,5.19295685089021,2.4698178070456938,37.800000000000004,58.725,13.16,3.6584202466292277,4.089750693211873,1
LAKE,GOA,2022,29.5,5.6,6.8,149.0,3.0,0.33,1445.0,2145.0,5.0106352940962555,1.3862943611198906,0.2851789422336624,7.671360923190644,7.27655640271871,2.3664319132398464,88.5,447.0,9.735000000000001,4.4942386252808095,6.104793232414985,1
LAKE,GOA,2022,28.5,7.55,7.5,998.5,1.55,1.27,2000.0,2550.0,6.907255153940455,0.9360933591703349,0.8197798314933114,7.844240718141811,7.601402334583733,2.7477263328068173,44.175000000000004,1547.675,36.195,3.8105438364782924,7.345155005620647,1
LAKE,GOA,2022,29.5,4.15,6.6,46.0,14.55,0.33499999999999996,1945.0,2820.0,3.8501476017100584,2.744060638625243,0.28893129185221283,7.944846711001996,7.57353126274595,2.0371548787463363,429.225,669.3000000000001,9.882499999999999,6.064308327650974,6.507725373363912,1
LAKE,GOA,2022,28.5,7.75,6.9,104.0,1.5,0.32,1445.0,2800.0,4.653960350157523,0.9162907318741551,0.2776317365982795,7.937731775260109,7.27655640271871,2.7838821814150108,42.75,156.0,9.120000000000001,3.7784916128036232,5.056245805348308,1
LAKE,GOA,2022,28.5,7.3,6.6,48.0,1.45,0.32,1800.0,2500.0,3.8918202981106265,0.8960880245566356,0.2776317365982795,7.824445930877619,7.496097345175956,2.701851217221259,41.324999999999996,69.6,9.120000000000001,3.7453779280191988,4.257030144499196,1
LAKE,GOA,2022,29.5,5.45,6.800000000000001,176.5,8.6,0.32,1315.0,2865.0,5.178970608915471,2.2617630984737906,0.2776317365982795,7.960672608388117,7.182352111885263,2.3345235059857505,253.7,1517.8999999999999,9.44,5.540086381985411,7.325741667643973,1
LAKE,GOA,2022,27.5,3.15,6.85,321.5,4.2,1.64,3600.0,5150.0,5.776103136235827,1.6486586255873816,0.9707789171582248,8.546946149565585,8.188966863648876,1.7748239349298849,115.5,1350.3,45.099999999999994,4.757891273005756,7.2088223710440404,1
LAKE,GOA,2022,28.5,7.4,6.85,69.5,1.25,0.32,635.0,995.0,4.255612709818223,0.8109302162163288,0.2776317365982795,6.903747257584598,6.455198563340122,2.7202941017470885,35.625,86.875,9.120000000000001,3.6007310673372315,4.475915350130829,1
LAKE,GUJARAT,2022,28.0,6.85,8.15,448.0,1.0,1.795,3.0,16.0,6.1070228877422545,0.6931471805599453,1.0278321066070624,2.833213344056216,1.3862943611198906,2.6172504656604803,28.0,448.0,50.26,3.367295829986474,6.1070228877422545,1
LAKE,GUJARAT,2022,26.5,4.95,7.7,2410.0,7.0,0.555,182.0,317.0,7.787796878181171,2.0794415416798357,0.4414755456311975,5.762051382780177,5.209486152841421,2.224859546128699,185.5,16870.0,14.707500000000001,5.2284312390838705,9.733351450605975,1
LAKE,GUJARAT,2022,28.5,4.9,7.9,590.0,6.6,0.5800000000000001,545.0,1070.0,6.3818160174060985,2.028148247292285,0.4574248470388755,6.976348070447749,6.302618975744905,2.2135943621178655,188.1,3894.0,16.53,5.242275975664412,8.267448958304849,1
LAKE,GUJARAT,2022,30.0,5.4,8.600000000000001,1985.0,2.55,1.055,469.0,855.0,7.593877844605118,1.2669476034873244,0.7202758479481979,6.752270376141742,6.152732694704104,2.32379000772445,76.5,5061.75,31.65,4.350277936359301,8.529665092911557,1
LAKE,GUJARAT,2022,29.0,5.15,8.1,653.5,2.45,0.49,180.5,325.0,6.483871585349955,1.2383742310432684,0.3987761199573678,5.786897381366708,5.201255653704905,2.2693611435820435,71.05000000000001,1601.075,14.209999999999999,4.277360322445531,7.379054943011848,1
LAKE,GUJARAT,2022,27.0,5.65,7.8,680.0,2.55,0.375,5.5,18.5,6.523562306149512,1.2669476034873244,0.3184537311185346,2.970414465569701,1.8718021769015913,2.3769728648009427,68.85,1733.9999999999998,10.125,4.246350085702971,7.45876269238096,1
LAKE,GUJARAT,2022,27.0,5.7,8.55,3297.0,13.6,0.66,730.0,1260.0,8.101071503119543,2.681021528714291,0.5068176023684519,7.13966033596492,6.594413459749778,2.3874672772626644,367.2,44839.2,17.82,5.908626268798978,10.710860337479449,1
LAKE,GUJARAT,2022,27.5,6.9,7.6499999999999995,1300.0,2.05,0.255,210.0,545.0,7.170888478512505,1.1151415906193203,0.2271355725837472,6.302618975744905,5.351858133476067,2.6267851073127395,56.37499999999999,2664.9999999999995,7.0125,4.049608668380709,7.888334500738654,1
LAKE,GUJARAT,2022,26.5,4.9,7.4,670.0,1.35,0.33999999999999997,5.5,23.5,6.508769136971682,0.8544153281560676,0.29266961396281993,3.1986731175506815,1.8718021769015913,2.2135943621178655,35.775000000000006,904.5000000000001,9.01,3.6048182664875013,6.808487277323469,1
LAKE,GUJARAT,2022,29.5,3.55,8.75,3840.0,18.85,0.55,484.5,885.0,8.253488028345904,2.9882040071331994,0.4382549309311553,6.786716950605081,6.18517928773138,1.8841443681416772,556.075,72384.0,16.225,6.322699880773032,11.189754374588144,1
LAKE,GUJARAT,2022,28.0,7.45,7.65,428.0,1.05,0.3,2.0,9.0,6.061456918928017,0.7178397931503169,0.262364264467491,2.302585092994046,1.0986122886681098,2.7294688127912363,29.400000000000002,449.40000000000003,8.4,3.414442608412176,6.110136076825481,1
LAKE,GUJARAT,2022,26.5,6.9,7.75,721.0,2.2,0.345,19.0,49.5,6.582025138892826,1.1631508098056809,0.2963940130538024,3.9219733362813143,2.995732273553991,2.6267851073127395,58.300000000000004,1586.2,9.1425,4.08260930600368,7.369726736530608,1
LAKE,GUJARAT,2022,28.5,6.05,8.55,827.0,2.25,2.35,151.5,260.0,6.71901315438526,1.1786549963416462,1.208960345836975,5.564520407322694,5.0271645960474665,2.4596747752497685,64.125,1860.75,66.97500000000001,4.176308500073531,7.529272184590755,1
LAKE,GUJARAT,2022,29.0,4.5,8.1,2123.0,16.05,0.62,466.0,823.5,7.66105638236183,2.8361502037295256,0.4824261492442927,6.714777141999654,6.1463292576688975,2.1213203435596424,465.45000000000005,34074.15,17.98,6.14515083340697,10.436323658609336,1
LAKE,GUJARAT,2022,28.0,5.5,8.15,560.0,1.8,0.85,78.5,175.0,6.329720905522696,1.0296194171811581,0.6151856390902334,5.170483995038151,4.375757021660286,2.345207879911715,50.4,1008.0,23.8,3.9396381724611196,6.9167150203536085,1
POND,GUJARAT,2022,29.0,7.3999999999999995,8.15,442.5,1.5,0.33999999999999997,7.0,29.0,6.094697801749634,0.9162907318741551,0.29266961396281993,3.4011973816621555,2.0794415416798357,2.7202941017470885,43.5,663.75,9.86,3.7954891891721947,6.499411030123129,1
POND,GUJARAT,2022,28.0,7.550000000000001,7.95,1072.5,1.6,0.35,9.5,30.5,6.978679617318836,0.9555114450274363,0.3001045924503381,3.449987545831587,2.3513752571634776,2.7477263328068173,44.800000000000004,1716.0,9.799999999999999,3.8242840911201395,7.448333860897476,1
LAKE,HARYANA,2022,26.0,7.85,7.6,296.5,3.35,0.3,150.0,850.0,5.695414224985685,1.4701758451005926,0.262364264467491,6.7464121285733745,5.017279836814924,2.80178514522438,87.10000000000001,993.275,7.8,4.478472532942134,6.902013828353023,1
LAKE,HARYANA,2022,26.0,7.0,7.8,345.5,2.8,0.3,400.0,1100.0,5.847882818629958,1.33500106673234,0.262364264467491,7.00397413672268,5.993961427306569,2.6457513110645907,72.8,967.4,7.8,4.301358731606427,6.875645225063903,1
LAKE,HARYANA,2022,21.5,6.7,7.15,1160.0,7.0,1.4000000000000001,5000.0,22500.0,7.057036981697891,2.0794415416798357,0.8754687373539,10.021315031649332,8.517393171418904,2.588435821108957,150.5,8120.0,30.1,5.020585624949423,9.002208578282412,1
LAKE,HARYANA,2022,20.0,7.0,7.2,965.0,6.5,1.8,2475.0,6700.0,6.873163834212518,2.0149030205422647,1.0296194171811581,8.81001204797317,7.814399633804487,2.6457513110645907,130.0,6272.5,36.0,4.875197323201151,8.744089691599754,1
POND,HARYANA,2022,26.0,7.5,7.6,609.5,2.7,0.3,200.0,700.0,6.414278293550759,1.308332819650179,0.262364264467491,6.55250788703459,5.303304908059076,2.7386127875258306,70.2,1645.65,7.8,4.26549281841793,7.406498200005147,1
LAKE,HIMACHAL PRADESH,2022,19.0,9.1,8.05,407.5,1.0,0.9700000000000001,317.0,1070.0,6.012491914300058,0.6931471805599453,0.6780335427498971,6.976348070447749,5.762051382780177,3.0166206257996713,19.0,407.5,18.430000000000003,2.995732273553991,6.012491914300058,1
LAKE,HIMACHAL PRADESH,2022,15.0,7.7,7.35,112.5,1.0,2.485,66.0,807.0,4.7318028369214575,0.6931471805599453,1.2484680442124871,6.694562058521095,4.204692619390966,2.7748873851023217,15.0,112.5,37.275,2.772588722239781,4.7318028369214575,1
LAKE,HIMACHAL PRADESH,2022,21.5,7.4,8.05,528.0,1.8,0.615,78.0,260.0,6.270988431858299,1.0296194171811581,0.47933495667461984,5.564520407322694,4.3694478524670215,2.7202941017470885,38.7,950.4,13.2225,3.681351187693145,6.857934583998181,1
LAKE,HIMACHAL PRADESH,2022,18.0,7.300000000000001,7.9,249.0,2.3,2.075,865.0,1260.0,5.521460917862246,1.1939224684724346,1.1233049012584813,7.13966033596492,6.763884908562435,2.701851217221259,41.4,572.6999999999999,37.35,3.7471483622379123,6.352106611607825,1
LAKE,KARNATAKA,2022,25.0,3.5,6.95,1221.0,16.5,3.45,4395.0,81750.0,7.108244139731541,2.8622008809294686,1.4929040961781488,11.311433321100587,8.388450315523512,1.8708286933869707,412.5,20146.5,86.25,6.024657514463746,9.910835490198666,1
LAKE,KARNATAKA,2022,25.0,5.550000000000001,7.3,795.5,6.5,2.9,2565.0,47750.0,6.680227129350103,2.0149030205422647,1.3609765531356006,10.773755288097965,7.850103545175582,2.3558437978779496,162.5,5170.75,72.5,5.096812990337308,8.550966401523159,1
LAKE,KARNATAKA,2022,25.0,3.15,7.5,944.5,24.5,6.3,17350.0,187000.0,6.851713888098512,3.2386784521643803,1.9878743481543455,12.138869243416009,9.761405420601672,1.7748239349298849,612.5,23140.25,157.5,6.419180264150966,10.049372018303385,1
LAKE,KARNATAKA,2022,24.5,3.3,7.35,732.5,38.5,2.55,3524.5,80270.0,6.597827597583036,3.676300671907076,1.2669476034873244,11.293163689002427,8.167777549159096,1.816590212458495,943.25,28201.25,62.474999999999994,6.850390961592566,10.247157040977415,1
LAKE,KARNATAKA,2022,25.0,5.0,6.699999999999999,648.0,10.5,2.5,6155.0,84600.0,6.47543271670409,2.4423470353692043,1.252762968495368,11.345701365855424,8.72518249495877,2.23606797749979,262.5,6804.0,62.5,5.574053367981417,8.825412915085566,1
LAKE,KARNATAKA,2022,25.0,4.4,7.15,1196.5,12.0,4.355,10615.0,176750.0,7.08799132928507,2.5649493574615367,1.6780307038997122,12.082497241451442,9.270117576012044,2.0976176963403033,300.0,14358.0,108.87500000000001,5.707110264748875,9.572132202294377,1
LAKE,KARNATAKA,2022,29.5,5.95,8.55,1145.0,72.5,3.85,50850.0,163950.0,7.044032897274685,4.297285406218791,1.5789787049493917,12.007322881674748,10.836655066966722,2.4392621835300936,2138.75,83012.5,113.575,7.668444278761719,11.32675852415497,1
LAKE,KARNATAKA,2022,25.0,3.4,7.4,670.5,7.5,2.105,16165.0,271750.0,6.509514015963292,2.1400661634962708,1.133013715385442,12.51264148482949,9.69066555029379,1.8439088914585775,187.5,5028.75,52.625,5.2390980068880655,8.523125560069346,1
LAKE,KARNATAKA,2022,25.0,5.25,7.2,451.5,5.5,1.3599999999999999,6115.0,47200.0,6.114787763139981,1.8718021769015913,0.8586616190375187,10.762170357789895,8.718663567048953,2.29128784747792,137.5,2483.25,34.0,4.930870325627393,7.817726082111473,1
LAKE,KARNATAKA,2022,25.0,5.05,7.75,683.0,7.0,5.515,3565.0,28200.0,6.52795791762255,2.0794415416798357,1.8741072105768084,10.247112717290387,8.179199798423086,2.247220505424423,175.0,4781.0,137.875,5.170483995038151,8.47261414801827,1
LAKE,KARNATAKA,2022,25.0,3.25,6.949999999999999,1015.0,17.0,3.6500000000000004,55165.0,801200.0,6.923628628138427,2.8903717578961645,1.536867219599265,13.59386713090083,10.918102100465982,1.8027756377319946,425.0,17255.0,91.25000000000001,6.054439346269371,9.755915188068993,1
LAKE,KARNATAKA,2022,31.5,6.8500000000000005,8.4,708.0,3.2,12.385,920.0,1600.0,6.5638555265321274,1.4350845252893227,2.594134676972316,7.3783837129967145,6.825460036255307,2.6172504656604803,100.80000000000001,2265.6,390.1275,4.623010104116423,7.726036190298848,1
LAKE,KARNATAKA,2022,25.0,4.449999999999999,7.0,1058.5,12.5,10.465,23013.0,270110.0,6.965552377708354,2.6026896854443837,2.439298916309868,12.506588264608604,10.043858005383404,2.1095023109728985,312.5,13231.25,261.625,5.7477993600729755,9.490412310676284,1
LAKE,KARNATAKA,2022,25.0,3.5,7.0,1254.0,42.5,4.4,15670.0,271200.0,7.134890851565884,3.7727609380946383,1.6863989535702288,12.510615522357213,9.659567149523216,1.8708286933869707,1062.5,53295.0,110.00000000000001,6.969320634640292,10.883616560433461,1
LAKE,KARNATAKA,2022,25.0,6.0,7.5,793.0,5.5,4.234999999999999,6115.0,81750.0,6.677083461247136,1.8718021769015913,1.6553668443225,11.311433321100587,8.718663567048953,2.449489742783178,137.5,4361.5,105.87499999999999,4.930870325627393,8.380800566510683,1
LAKE,KARNATAKA,2022,25.0,5.15,7.55,841.0,7.0,8.925,6105.0,81750.0,6.7357800142423265,2.0794415416798357,2.295056826573254,11.311433321100587,8.717027173294824,2.2693611435820435,175.0,5887.0,223.12500000000003,5.170483995038151,8.680671660408713,1
LAKE,KARNATAKA,2022,25.0,3.0,8.1,1018.5,11.0,2.82,1700.0,9000.0,6.92706759001451,2.4849066497880004,1.3402504226184837,9.105090961257085,7.438971592395862,1.7320508075688772,275.0,11203.5,70.5,5.62040086571715,9.324070762303206,1
LAKE,KARNATAKA,2022,25.0,4.5,7.3,637.0,9.5,2.28,13610.0,121200.0,6.45833828334479,2.3513752571634776,1.1878434223960523,11.705205603408396,9.518633568332074,2.1213203435596424,237.5,6051.5,56.99999999999999,5.474369310328396,8.708226688812214,1
LAKE,KARNATAKA,2022,25.0,3.45,6.9,357.5,5.5,1.25,7665.0,81750.0,5.881928660039675,1.8718021769015913,0.8109302162163288,11.311433321100587,8.9445502459405,1.857417562100671,137.5,1966.25,31.25,4.930870325627393,7.5843919074150925,1
LAKE,KARNATAKA,2022,25.0,5.15,7.05,413.5,6.5,4.405,15585.0,271750.0,6.02707297457535,2.0149030205422647,1.6873244510911716,12.51264148482949,9.654128354403506,2.2693611435820435,162.5,2687.75,110.125,5.096812990337308,7.89683168058194,1
LAKE,KARNATAKA,2022,24.5,5.0,7.449999999999999,928.5,9.5,3.5,15655.0,272700.0,6.834646807161499,2.3513752571634776,1.5040773967762742,12.516131235860326,9.658609509075912,2.23606797749979,232.75,8820.75,85.75,5.4542521681687965,9.084975542018054,1
LAKE,KARNATAKA,2022,25.0,3.85,7.15,934.5,39.5,2.62,3235.0,81200.0,6.841081145714145,3.7013019741124933,1.2864740258376797,11.304682841344873,8.082093278178382,1.9621416870348585,987.5,36912.75,65.5,6.896188642610672,10.516339389346063,1
LAKE,KARNATAKA,2022,25.0,5.449999999999999,7.25,794.0,7.0,2.55,3974.0,46800.0,6.678342114654332,2.0794415416798357,1.2669476034873244,10.753659849198824,8.287780027088433,2.33452350598575,175.0,5558.0,63.74999999999999,5.170483995038151,8.62317351495347,1
LAKE,KARNATAKA,2022,25.0,3.35,7.1,954.5,11.5,2.75,31635.0,271200.0,6.862234763680328,2.5257286443082556,1.3217558399823195,12.510615522357213,10.362050991639308,1.8303005217723127,287.5,10976.75,68.75,5.664695085948154,9.303625776032167,1
LAKE,KARNATAKA,2022,25.0,5.35,7.55,433.5,7.0,1.85,350200.0,2701750.0,6.074195944705447,2.0794415416798357,1.0473189942805592,14.809410639295814,12.766262554340948,2.3130067012440754,175.0,3034.5,46.25,5.170483995038151,8.018131434570488,1
LAKE,KARNATAKA,2022,25.0,3.4499999999999997,7.25,1169.0,21.0,7.05,16665.0,177700.0,7.064759027791802,3.091042453358316,2.0856720914304723,12.087857641588924,9.721125994942152,1.857417562100671,525.0,24549.0,176.25,6.26530121273771,10.108467133222666,1
LAKE,KARNATAKA,2022,22.5,5.5,8.65,1234.5,4.5,3.33,1400.0,6400.0,7.119231025428665,1.7047480922384253,1.4655675420143985,8.764209507142004,7.244941546337007,2.345207879911715,101.25,5555.25,74.925,4.627420794922911,8.622678699262215,1
LAKE,KARNATAKA,2022,25.0,5.8,7.05,611.0,5.0,1.6,4005.0,81200.0,6.416732282512326,1.791759469228055,0.9555114450274363,11.304682841344873,8.295548516225763,2.4083189157584592,125.0,3055.0,40.0,4.836281906951478,8.024862150286411,1
LAKE,KARNATAKA,2022,25.0,5.699999999999999,6.8,225.0,5.0,0.68,4830.0,81750.0,5.420534999272286,1.791759469228055,0.5187937934151675,11.311433321100587,8.482808764554406,2.3874672772626644,125.0,1125.0,17.0,4.836281906951478,7.026426808699636,1
LAKE,KARNATAKA,2022,29.0,5.2,8.4,858.5,13.0,2.415,750.0,1751.0,6.756350824822904,2.6390573296152584,1.2281774930227534,7.468513271496337,6.621405651764134,2.280350850198276,377.0,11160.5,70.035,5.934894195619588,9.320225635505425,1
LAKE,KARNATAKA,2022,25.0,4.65,7.1,790.0,12.0,2.045,7585.0,81200.0,6.673297967767654,2.5649493574615367,1.1135009011618604,11.304682841344873,8.934059722248843,2.1563858652847827,300.0,9480.0,51.125,5.707110264748875,9.15704507491796,1
LAKE,KARNATAKA,2022,26.0,6.55,7.7,505.0,2.3,0.3,205.0,1350.0,6.226536669287466,1.1939224684724346,0.262364264467491,7.208600337960199,5.327876168789581,2.5592967784139455,59.8,1161.5,7.8,4.107589788972121,7.058328137461511,1
LAKE,KARNATAKA,2022,25.0,5.5,7.55,625.5,9.5,3.15,2235.0,47200.0,6.440148774336123,2.3513752571634776,1.423108334242607,10.762170357789895,7.71244383427499,2.345207879911715,237.5,5942.25,78.75,5.474369310328396,8.690011400778381,1
LAKE,KARNATAKA,2022,25.0,5.5,6.8,314.0,4.0,1.745,4600.0,35000.0,5.752572638825633,1.6094379124341003,1.009781074961494,10.463131911491967,8.434028950155469,2.345207879911715,100.0,1256.0,43.625,4.61512051684126,7.136483208590247,1
LAKE,KARNATAKA,2022,24.5,4.550000000000001,7.2,867.5,17.0,6.9,7150.0,92000.0,6.766767585681159,2.8903717578961645,2.066862759472976,11.429554725537322,8.875007486048396,2.1330729007701543,416.5,14747.5,169.05,6.0342845442909105,9.598896661681433,1
LAKE,KARNATAKA,2022,25.0,5.6,6.9,406.0,4.0,1.4,220.0,2400.0,6.008813185442595,1.6094379124341003,0.8754687373538999,7.783640596221253,5.3981627015177525,2.3664319132398464,100.0,1624.0,35.0,4.61512051684126,7.393263094763838,1
LAKE,KARNATAKA,2022,25.0,3.25,7.0,1641.5,35.0,9.035,21570.0,461750.0,7.403974750358765,3.58351893845611,2.3060789822483017,13.042781063733207,9.979105098994717,1.8027756377319946,875.0,57452.5,225.875,6.775366090936392,10.95873120396254,1
LAKE,KARNATAKA,2022,25.0,3.4,7.6,1244.5,24.5,8.8,171100.0,1212000.0,7.127292334702235,3.2386784521643803,2.2823823856765264,14.007783270693565,12.050009304398564,1.8439088914585775,612.5,30490.25,220.00000000000003,6.419180264150966,10.325195036190157,1
LAKE,KARNATAKA,2022,25.0,5.05,7.25,676.5,7.0,2.36,20665.0,121750.0,6.518409552753856,2.0794415416798357,1.2119409739751128,11.709733254463467,9.9362451167743,2.247220505424423,175.0,4735.5,59.0,5.170483995038151,8.46305374531559,1
LAKE,KARNATAKA,2022,25.0,2.6999999999999997,7.3,1869.0,56.0,10.5,47195.0,272700.0,7.533693709848633,4.04305126783455,2.4423470353692043,12.516131235860326,10.76206442221981,1.6431676725154982,1400.0,104664.0,262.5,7.244941546337007,11.558520052528621,1
LAKE,KARNATAKA,2022,25.0,3.05,6.9,2090.5,42.5,28.25,110215.0,1752700.0,7.645636790882253,3.7727609380946383,3.3758795736778655,14.376668584609401,11.610197355724434,1.746424919657298,1062.5,88846.25,706.25,6.969320634640292,11.394673882062724,1
LAKE,KARNATAKA,2022,24.5,4.8,7.3999999999999995,604.0,7.5,4.05,4285.0,81750.0,6.405228458030842,2.1400661634962708,1.6193882432872684,11.311433321100587,8.363109176033522,2.1908902300206643,183.75,4530.0,99.225,5.2190035598283115,8.418697944667139,1
LAKE,KARNATAKA,2022,24.0,7.25,7.65,591.5,4.1,0.87,174.0,377.0,6.384350873009287,1.62924053973028,0.6259384308664953,5.934894195619588,5.1647859739235145,2.692582403567252,98.39999999999999,2425.1499999999996,20.88,4.599152113662528,7.794060917765713,1
LAKE,KARNATAKA,2022,23.0,5.95,8.3,366.0,2.5,10.99,635.0,1260.0,5.905361848054571,1.252762968495368,2.4840729690394228,7.13966033596492,6.455198563340122,2.4392621835300936,57.5,915.0,252.77,4.069026754237811,6.82001636467413,1
LAKE,KARNATAKA,2022,25.0,4.1000000000000005,7.15,698.5,10.5,2.45,4365.0,81200.0,6.550365794105536,2.4423470353692043,1.2383742310432684,11.304682841344873,8.38160253710989,2.024845673131659,262.5,7334.25,61.25000000000001,5.574053367981417,8.900446773159182,1
LAKE,KARNATAKA,2022,25.0,4.7,6.85,730.5,17.5,2.45,6135.0,81750.0,6.595097220460179,2.917770732084279,1.2383742310432684,11.311433321100587,8.721928343047091,2.16794833886788,437.5,12783.75,61.25000000000001,6.083359811812238,9.456008333369065,1
LAKE,KARNATAKA,2022,27.5,6.75,7.8,462.5,2.15,1.75,92.0,347.0,6.13880638500591,1.1474024528375417,1.0116009116784799,5.8522024797744745,4.532599493153256,2.598076211353316,59.125,994.375,48.125,4.096425728425925,6.903119550577609,1
LAKE,KARNATAKA,2022,25.0,4.65,7.15,828.0,10.5,2.45,3989.5,46800.0,6.720220155135295,2.4423470353692043,1.2383742310432684,10.753659849198824,8.291671815316064,2.1563858652847827,262.5,8694.0,61.25000000000001,5.574053367981417,9.070503426788383,1
LAKE,KARNATAKA,2022,28.5,6.25,8.6,598.0,3.25,1.47,750.0,5300.0,6.395261598115449,1.4469189829363254,0.9042181506398859,8.575650760987806,6.621405651764134,2.5,92.625,1943.5,41.894999999999996,4.539297441837384,7.572760153595802,1
LAKE,KARNATAKA,2022,25.0,5.45,7.15,979.0,6.0,3.495,2455.0,81200.0,6.887552571664617,1.9459101490553132,1.5029656679235837,11.304682841344873,7.806289289267033,2.3345235059857505,150.0,5874.0,87.375,5.017279836814924,8.67846133901236,1
LAKE,KARNATAKA,2022,26.5,7.9,8.05,305.0,1.8,1.2999999999999998,45.0,205.0,5.723585101952381,1.0296194171811581,0.8329091229351039,5.327876168789581,3.828641396489095,2.8106938645110393,47.7,549.0,34.449999999999996,3.885679030088544,6.309918278226516,1
LAKE,KARNATAKA,2022,24.5,5.35,8.3,1214.5,4.5,2.62,770.0,6850.0,7.102910793756178,1.7047480922384253,1.2864740258376797,8.832149906002899,6.647688373563329,2.3130067012440754,110.25,5465.25,64.19,4.711779921046349,8.60634810272713,1
LAKE,KARNATAKA,2022,25.0,4.25,7.15,1273.5,28.0,4.21,4330.0,84600.0,7.15030922381617,3.367295829986474,1.6505798557652755,11.345701365855424,8.373553741214627,2.0615528128088303,700.0,35658.0,105.25,6.55250788703459,10.48175684839914,1
LAKE,KARNATAKA,2022,25.0,5.05,7.2,610.5,9.0,2.36,5565.0,47200.0,6.415914955127227,2.302585092994046,1.2119409739751128,10.762170357789895,8.624431942085836,2.247220505424423,225.0,5494.5,59.0,5.420534999272286,8.611684854508955,1
LAKE,KARNATAKA,2022,25.0,3.05,7.35,1202.5,17.0,3.515,470200.0,4601750.0,7.092989257223127,2.8903717578961645,1.5074051868689489,15.341947441203578,13.060915541840417,1.746424919657298,425.0,20442.5,87.875,6.054439346269371,9.925420262535678,1
LAKE,KARNATAKA,2022,25.0,4.85,7.35,692.0,17.1,2.2,2465.0,81750.0,6.541029999189903,2.89591193827178,1.1631508098056809,11.311433321100587,7.81035268372429,2.202271554554524,427.50000000000006,11833.2,55.00000000000001,6.060290738037835,9.378748923550141,1
LAKE,KARNATAKA,2022,25.0,5.5,7.6499999999999995,503.5,6.5,5.550000000000001,2555.0,81200.0,6.223567839793664,2.0149030205422647,1.8794650496471608,11.304682841344873,7.846198815497425,2.345207879911715,162.5,3272.75,138.75000000000003,5.096812990337308,8.09369139582192,1
LAKE,KARNATAKA,2022,25.0,3.5,6.95,733.0,59.5,1.96,2565.0,81750.0,6.598509028614515,4.102643365036796,1.085189268335969,11.311433321100587,7.850103545175582,1.8708286933869707,1487.5,43613.5,49.0,7.305524180455831,10.683144942855717,1
LAKE,KARNATAKA,2022,24.5,4.75,7.3999999999999995,564.0,11.0,2.45,11615.0,121200.0,6.336825731146441,2.4849066497880004,1.2383742310432684,11.705205603408396,9.360138737064577,2.179449471770337,269.5,6204.0,60.025000000000006,5.600272098286537,8.733110697638708,1
LAKE,KARNATAKA,2022,24.5,6.949999999999999,7.3999999999999995,967.5,4.0,1.15,99.5,205.0,6.875748482847051,1.6094379124341003,0.7654678421395714,5.327876168789581,4.61015772749913,2.6362852652928135,98.0,3870.0,28.174999999999997,4.59511985013459,8.261268150577648,1
LAKE,KARNATAKA,2022,25.0,2.6999999999999997,7.05,1403.5,35.5,4.41,6065.0,47200.0,7.2474366465442985,3.597312260588446,1.6882490928583902,10.762170357789895,8.710454688248527,1.6431676725154982,887.5,49824.25,110.25,6.789534647594706,10.816277162629873,1
LAKE,KARNATAKA,2022,24.5,6.550000000000001,7.6499999999999995,747.5,3.75,0.865,104.0,209.5,6.618071203859683,1.55814461804655,0.6232610530957788,5.349485653122436,4.653960350157523,2.5592967784139455,91.875,2803.125,21.1925,4.531254503037923,7.938846826333469,1
LAKE,KARNATAKA,2022,24.5,3.05,7.25,1185.0,15.0,5.0,240115.0,1751750.0,7.078341579557671,2.772588722239781,1.791759469228055,14.376126417090331,12.38887741888953,1.746424919657298,367.5,17775.0,122.5,5.909440711629391,9.785604511879411,1
LAKE,KARNATAKA,2022,25.0,4.6,7.1,863.5,6.5,6.975,13740.0,121750.0,6.7621513051233455,2.0149030205422647,2.076311648670908,11.709733254463467,9.528139343331775,2.1447610589527217,162.5,5612.75,174.375,5.096812990337308,8.632974224401949,1
LAKE,KARNATAKA,2022,25.0,4.65,7.0,746.0,7.5,2.34,4315.0,81200.0,6.616065185132817,2.1400661634962708,1.205970806988609,11.304682841344873,8.370084326378025,2.1563858652847827,187.5,5595.0,58.5,5.2390980068880655,8.629807335785372,1
LAKE,KARNATAKA,2022,24.5,4.65,7.05,560.0,13.5,1.6500000000000001,16085.0,271200.0,6.329720905522696,2.6741486494265287,0.9745596399981309,12.510615522357213,9.685704607464015,2.1563858652847827,330.75,7560.0,40.425000000000004,5.804381673212317,8.93075873555827,1
LAKE,KARNATAKA,2022,25.0,3.7,7.3999999999999995,1003.5,19.0,3.375,23670.0,274600.0,6.9122451842549895,2.995732273553991,1.4759065198095778,12.523074413969974,10.07200594918639,1.9235384061671346,475.0,19066.5,84.375,6.16541785423142,9.855740594038394,1
LAKE,KARNATAKA,2022,25.0,2.35,7.0,1286.5,72.5,18.5,135230.0,1201750.0,7.1604576325378915,4.297285406218791,2.970414465569701,13.999290217875686,11.814739706248908,1.5329709716755893,1812.5,93271.25,462.5,7.503013958722957,11.443277914942325,1
LAKE,KARNATAKA,2022,25.0,4.1,7.35,671.0,9.0,2.29,3235.0,28200.0,6.51025834052315,2.302585092994046,1.1908875647772805,10.247112717290387,8.082093278178382,2.0248456731316584,225.0,6039.0,57.25,5.420534999272286,8.706159290928861,1
LAKE,KARNATAKA,2022,25.0,6.4,7.6000000000000005,554.0,6.5,2.0,3635.0,81200.0,6.318968113746434,2.0149030205422647,1.0986122886681098,11.304682841344873,8.19863945529737,2.5298221281347035,162.5,3601.0,50.0,5.096812990337308,8.189244525735901,1
LAKE,KARNATAKA,2022,24.5,6.449999999999999,7.800000000000001,410.0,2.25,0.3,230.0,1400.0,6.018593214496234,1.1786549963416462,0.262364264467491,7.244941546337007,5.442417710521793,2.539685019840059,55.125,922.5,7.35,4.027581346062418,6.828170799639294,1
LAKE,KARNATAKA,2022,25.0,4.25,7.550000000000001,1530.0,13.0,4.19,20085.0,271750.0,7.333676395657684,2.6390573296152584,1.6467336971777973,12.51264148482949,9.907778333953285,2.0615528128088303,325.0,19890.0,104.75000000000001,5.786897381366708,9.89802264710506,1
LAKE,KARNATAKA,2022,25.0,3.35,7.7,820.0,21.0,4.3,31705.0,274600.0,6.710523109452428,3.091042453358316,1.667706820558076,12.523074413969974,10.364261216403174,1.8303005217723127,525.0,17220.0,107.5,6.26530121273771,9.7538848483049,1
LAKE,KARNATAKA,2022,24.0,5.949999999999999,8.15,771.0,4.45,2.1799999999999997,1240.0,6250.0,6.648984550024776,1.6956156086751528,1.1568811967920853,8.740496729931813,7.123672785204607,2.4392621835300936,106.80000000000001,3430.9500000000003,52.31999999999999,4.680277658474897,8.14088389173716,1
LAKE,KARNATAKA,2022,25.0,2.5,7.699999999999999,1223.5,20.0,7.7,17165.0,271200.0,7.110287876392222,3.044522437723423,2.163323025660538,12.510615522357213,9.750685962278165,1.5811388300841898,500.0,24470.0,192.5,6.2166061010848646,10.10524402196869,1
LAKE,KARNATAKA,2022,25.0,4.6,7.15,655.0,6.0,6.46,5605.0,47750.0,6.486160788944089,1.9459101490553132,2.0095554142156695,10.773755288097965,8.631592731724734,2.1447610589527217,150.0,3930.0,161.5,5.017279836814924,8.27664912542186,1
LAKE,KARNATAKA,2022,25.0,5.550000000000001,7.55,1153.5,5.5,12.565,4770.0,81200.0,7.05142262879455,1.8718021769015913,2.607492946110895,11.304682841344873,8.470311205516108,2.3558437978779496,137.5,6344.25,314.125,4.930870325627393,8.755461780475516,1
LAKE,KARNATAKA,2022,24.0,6.1,7.75,878.0,4.6,1.03,231.0,487.5,6.778784897685177,1.7227665977411035,0.708035793053696,6.191339471482838,5.44673737166631,2.4698178070456938,110.39999999999999,4038.7999999999997,24.72,4.713127327493184,8.303950464779291,1
LAKE,KARNATAKA,2022,25.0,3.7,7.85,323.0,15.0,2.45,20315.0,177700.0,5.780743515792329,2.772588722239781,1.2383742310432684,12.087857641588924,9.919164031921136,1.9235384061671346,375.0,4845.0,61.25000000000001,5.929589143389895,8.48590890137647,1
LAKE,KARNATAKA,2022,25.0,3.6999999999999997,8.3,327.0,10.7,1.0,47230.0,272700.0,5.793013608384144,2.4595888418037104,0.6931471805599453,12.516131235860326,10.762805735649291,1.9235384061671343,267.5,3498.8999999999996,25.0,5.5928509139489195,8.160489675640763,1
LAKE,KARNATAKA,2022,25.0,7.199999999999999,7.75,910.5,3.55,1.085,119.0,261.0,6.815091594118718,1.5151272329628591,0.7347688552507647,5.568344503761097,4.787491742782046,2.6832815729997477,88.75,3232.2749999999996,27.125,4.497028027368389,8.081250834423505,1
LAKE,KARNATAKA,2022,25.0,3.1999999999999997,7.550000000000001,340.0,72.5,2.625,42135.0,464600.0,5.831882477283517,4.297285406218791,1.2878542883066382,13.048934251705282,10.648657761163225,1.7888543819998317,1812.5,24650.0,65.625,7.503013958722957,10.112572746599298,1
LAKE,KARNATAKA,2022,25.0,4.1,6.9,1036.5,27.0,3.47,7524.5,80175.0,6.944569252104853,3.332204510175204,1.4973884086254776,11.291979497199506,8.926052532592417,2.0248456731316584,675.0,27985.5,86.75,6.516193076042964,10.239477530031957,1
LAKE,KARNATAKA,2022,25.0,2.75,7.0,1252.5,47.0,3.425,110155.0,1202700.0,7.133694917598348,3.871201010907891,1.4872702784598928,14.000080418760906,11.609652821922658,1.6583123951777,1175.0,58867.5,85.625,7.069874128458572,10.983061421826788,1
LAKE,KARNATAKA,2022,25.0,4.65,7.5,933.5,13.0,3.135,1170.0,18700.0,6.840011626895618,2.6390573296152584,1.4194873284756546,9.83633227734872,7.065613363597717,2.1563858652847827,325.0,12135.5,78.375,5.786897381366708,9.403972719916004,1
LAKE,KARNATAKA,2022,25.0,5.25,7.55,1075.5,7.5,4.06,3655.0,47750.0,6.981470316804418,2.1400661634962708,1.6213664832993742,10.773755288097965,8.204124932574041,2.29128784747792,187.5,8066.25,101.49999999999999,5.2390980068880655,8.99556793491172,1
LAKE,KARNATAKA,2022,24.0,2.6,8.149999999999999,1041.5,16.5,3.1799999999999997,1720.0,9450.0,6.949376953672957,2.8622008809294686,1.430311246536665,9.153875834995056,7.450660796211539,1.61245154965971,396.0,17184.75,76.32,5.983936280687191,9.751835831043286,1
POND,KARNATAKA,2022,25.5,5.6,8.75,1972.0,4.25,12.115,1135.0,2400.0,7.587310506022615,1.6582280766035324,2.573756613318837,7.783640596221253,7.035268599281097,2.3664319132398464,108.375,8381.0,308.9325,4.694782344677779,9.033841828485016,1
TANK,KARNATAKA,2022,23.0,4.9,7.6,1030.0,4.1,0.44999999999999996,500.0,3050.0,6.93828448401696,1.62924053973028,0.371563556432483,8.02322468471667,6.2166061010848646,2.2135943621178655,94.3,4223.0,10.35,4.557029810660157,8.348537825386098,1
TANK,KARNATAKA,2022,25.0,4.75,7.3999999999999995,1240.0,8.5,11.42,3255.0,28750.0,7.123672785204607,2.2512917986064953,2.519308076505333,10.266427828229292,8.08825472712243,2.179449471770337,212.5,10540.0,285.5,5.363636832668679,9.26302769425519,1
TANK,KARNATAKA,2022,26.0,1.2,7.550000000000001,738.0,35.45,10.84,1840.0,3200.0,6.6052979209482015,3.5959414584546674,2.4714836294558595,8.071218539969863,7.518064181233078,1.0954451150103321,921.7,26162.100000000002,281.84,6.82730415458451,10.172105300079435,1
TANK,KARNATAKA,2022,25.5,3.25,7.65,1020.0,9.8,0.8,395.0,2910.0,6.928537818164665,2.379546134130174,0.5877866649021191,7.976251943745623,5.981414211254481,1.8027756377319946,249.9,9996.0,20.400000000000002,5.525054453372377,9.210040326967182,1
TANK,KARNATAKA,2022,23.5,6.85,7.65,365.0,2.5,0.3,247.0,2210.0,5.902633333401366,1.252762968495368,0.262364264467491,7.701200180857446,5.5134287461649825,2.6172504656604803,58.75,912.5,7.05,4.09016919081162,6.817283375818062,1
TANK,KARNATAKA,2022,23.5,6.6,7.949999999999999,325.0,2.3,0.3,157.0,1160.0,5.786897381366708,1.1939224684724346,0.262364264467491,7.057036981697891,5.062595033026967,2.569046515733026,54.05,747.4999999999999,7.05,4.008241863168689,6.6180712038596825,1
TANK,KARNATAKA,2022,25.0,4.75,7.1,779.0,8.5,2.4299999999999997,4815.0,81200.0,6.659293919683638,2.2512917986064953,1.2325602611778486,11.304682841344873,8.479698986988657,2.179449471770337,212.5,6621.5,60.74999999999999,5.363636832668679,8.798228221146225,1
TANK,KARNATAKA,2022,27.5,4.4,7.25,630.0,3.6,9.65,3270.0,27345.0,6.447305862541213,1.5260563034950492,2.365559892155434,10.216325544869028,8.092851027538384,2.0976176963403033,99.0,2268.0,265.375,4.605170185988092,7.727094484779841,1
TANK,KARNATAKA,2022,25.0,3.25,7.5,545.0,15.5,1.6099999999999999,13655.0,278000.0,6.302618975744905,2.803360380906535,0.959350221334602,12.535379989788607,9.521934264474277,1.8027756377319946,387.5,8447.5,40.25,5.962293169807702,9.041744189800704,1
TANK,KARNATAKA,2022,25.0,3.1999999999999997,7.2,1762.0,54.5,10.5,135085.0,1201200.0,7.47477218239787,4.0163830207523885,2.4423470353692043,13.998832447591798,11.813666891635643,1.7888543819998317,1362.5,96029.0,262.5,7.217810202285643,11.472415921632019,1
TANK,KARNATAKA,2022,25.0,4.8,6.6,379.0,8.5,1.4,55085.0,461200.0,5.940171252720432,2.2512917986064953,0.8754687373538999,13.041589235631411,10.916650879371755,2.1908902300206643,212.5,3221.5,35.0,5.363636832668679,8.077912734813342,1
TANK,KARNATAKA,2022,25.0,5.0,7.25,361.5,12.0,2.5700000000000003,6105.0,81750.0,5.893024474294729,2.5649493574615367,1.2725655957915478,11.311433321100587,8.717027173294824,2.23606797749979,300.0,4338.0,64.25,5.707110264748875,8.37539918579835,1
TANK,KARNATAKA,2022,25.0,3.55,7.6,619.0,29.0,3.2800000000000002,6850.0,92000.0,6.429719478039138,3.4011973816621555,1.4539530095937054,11.429554725537322,8.832149906002899,1.8841443681416772,725.0,17951.0,82.0,6.587550014824796,9.795456808322422,1
TANK,KARNATAKA,2022,25.0,5.4,7.35,387.5,5.0,1.255,4370.0,48700.0,5.962293169807702,1.791759469228055,0.8131499729546416,10.793454842740767,8.382747094863314,2.32379000772445,125.0,1937.5,31.374999999999996,4.836281906951478,7.569669757110984,1
TANK,KARNATAKA,2022,23.0,6.75,7.8,570.0,2.25,0.16,230.0,1650.0,6.3473892096560105,1.1786549963416462,0.1484200051182733,7.409136443920128,5.442417710521793,2.598076211353316,51.75,1282.5,3.68,3.965563772356176,7.157346000311195,1
TANK,KARNATAKA,2022,25.0,3.2,7.449999999999999,570.5,9.5,1.845,4005.0,47200.0,6.348264483234865,2.3513752571634776,1.045563067578294,10.762170357789895,8.295548516225763,1.7888543819998317,237.5,5419.75,46.125,5.474369310328396,8.597989461244326,1
TANK,KARNATAKA,2022,29.0,4.85,8.6,871.0,16.5,4.430000000000001,679.0,1751.0,6.77078942390898,2.8622008809294686,1.6919391339458443,7.468513271496337,6.522092798170152,2.202271554554524,478.5,14371.5,128.47000000000003,6.172743894323493,9.573071937497446,1
TANK,KARNATAKA,2022,24.0,6.3,7.6,415.0,2.25,0.3,265.0,1750.0,6.030685260261263,1.1786549963416462,0.262364264467491,7.467942332285852,5.583496308781699,2.5099800796022267,54.0,933.75,7.199999999999999,4.007333185232471,6.840279113857223,1
TANK,KARNATAKA,2022,24.5,4.65,7.7,947.0,27.5,1.4,351.5,697.5,6.854354502255021,3.349904087274605,0.8754687373538999,6.5489351786970165,5.8650506222523235,2.1563858652847827,673.75,26042.5,34.3,6.514342251898114,10.16752349589263,1
TANK,KARNATAKA,2022,25.0,3.65,6.95,712.0,45.0,2.745,4035.0,81200.0,6.569481420414296,3.828641396489095,1.320421616969183,11.304682841344873,8.3030093814735,1.91049731745428,1125.0,32040.0,68.625,7.026426808699636,10.37477161168151,1
TANK,KARNATAKA,2022,25.0,5.25,6.95,954.5,5.5,2.585,2465.0,18700.0,6.862234763680328,1.8718021769015913,1.2767584740515836,9.83633227734872,7.81035268372429,2.29128784747792,137.5,5249.75,64.625,4.930870325627393,8.566126202525417,1
TANK,KARNATAKA,2022,24.5,5.95,7.8999999999999995,460.0,2.5,0.16,240.0,1750.0,6.133398042996649,1.252762968495368,0.1484200051182733,7.467942332285852,5.484796933490655,2.4392621835300936,61.25,1150.0,3.92,4.131158535344817,7.048386408721883,1
TANK,KARNATAKA,2022,25.0,2.9499999999999997,7.85,1395.5,20.0,8.95,135165.0,1201750.0,7.241724385385232,3.044522437723423,2.2975725511705014,13.999290217875686,11.814258931674841,1.7175564037317668,500.0,27910.0,223.74999999999997,6.2166061010848646,10.236776155340317,1
TANK,KARNATAKA,2022,25.5,3.85,7.6,2640.0,5.25,1.05,216.5,1495.0,7.878912912297133,1.8325814637483102,0.7178397931503169,7.310550158534422,5.382198850528739,1.9621416870348585,133.875,13860.0,26.775000000000002,4.904348423578298,9.536834420213353,1
TANK,KARNATAKA,2022,25.0,5.95,8.350000000000001,726.0,3.0,1.8099999999999998,740.0,5200.0,6.588926477533519,1.3862943611198906,1.0331844833456543,8.556606193773073,6.608000625296087,2.4392621835300936,75.0,2178.0,45.24999999999999,4.330733340286331,7.68662133494462,1
TANK,KARNATAKA,2022,25.0,4.45,7.3,444.5,9.5,4.4,7670.0,81200.0,6.099197246910864,2.3513752571634776,1.6863989535702288,11.304682841344873,8.945202263959297,2.1095023109728985,237.5,4222.75,110.00000000000001,5.474369310328396,8.3484786380285,1
TANK,KARNATAKA,2022,24.5,5.5,8.1,1240.0,3.9499999999999997,0.8,246.5,2210.0,7.123672785204607,1.5993875765805987,0.5877866649021191,7.701200180857446,5.511410582008745,2.345207879911715,96.77499999999999,4898.0,19.6,4.582668920641578,8.496786381638575,1
TANK,KARNATAKA,2022,26.5,7.0,7.85,440.0,2.2,0.3,157.0,1160.0,6.089044875446846,1.1631508098056809,0.262364264467491,7.057036981697891,5.062595033026967,2.6457513110645907,58.300000000000004,968.0000000000001,7.949999999999999,4.08260930600368,6.876264611890766,1
TANK,KARNATAKA,2022,25.0,3.55,7.65,728.5,17.5,2.315,39655.0,176750.0,6.592359367962841,2.917770732084279,1.1984576236378257,12.082497241451442,10.58799753970041,1.8841443681416772,437.5,12748.75,57.875,6.083359811812238,9.453266942551199,1
TANK,KARNATAKA,2022,25.0,5.1,7.65,423.0,6.0,4.51,3235.0,47200.0,6.049733455231958,1.9459101490553132,1.706564623164823,10.762170357789895,8.082093278178382,2.258317958127243,150.0,2538.0,112.75,5.017279836814924,7.839525581704678,1
TANK,KARNATAKA,2022,26.5,6.7,7.8,430.0,2.5,0.3,179.0,1310.0,6.066108090103747,1.252762968495368,0.262364264467491,7.1785454837637,5.19295685089021,2.588435821108957,66.25,1075.0,7.949999999999999,4.208417018481948,6.98100574072173,1
TANK,KARNATAKA,2022,25.0,5.45,7.1,337.5,5.5,1.185,7615.0,81200.0,5.82452409235233,1.8718021769015913,0.7816158285475535,11.304682841344873,8.938006576471201,2.3345235059857505,137.5,1856.25,29.625,4.930870325627393,7.526852178031915,1
TANK,KARNATAKA,2022,25.0,4.4,7.55,899.5,18.0,3.4050000000000002,6115.0,81200.0,6.802950164616011,2.9444389791664403,1.482740259388143,11.304682841344873,8.718663567048953,2.0976176963403033,450.0,16191.0,85.125,6.111467339502679,9.692272572087193,1
TANK,KARNATAKA,2022,25.0,3.4,7.5,845.0,6.25,0.6,1850.0,9450.0,6.740519359606223,1.9810014688665833,0.4700036292457356,9.153875834995056,7.523481312573497,1.8439088914585775,156.25,5281.25,15.0,5.05783689558055,8.57210742229363,1
TANK,KARNATAKA,2022,30.0,8.25,8.2,1612.5,14.0,8.76,27085.0,80250.0,7.386161011492017,2.70805020110221,2.278292400425001,11.292914501973813,10.206772268215317,2.8722813232690143,420.0,22575.0,262.8,6.042632833682381,10.024642674092595,1
TANK,KARNATAKA,2022,26.5,7.699999999999999,8.350000000000001,1005.0,16.4,4.36,30039.5,215460.0,6.913737350659685,2.856470206220483,1.6789639750827108,12.280535197670124,10.310301750213588,2.7748873851023212,434.59999999999997,16482.0,115.54,6.076724391058805,9.710084825731355,1
TANK,KARNATAKA,2022,30.5,7.9,8.4,1875.0,14.0,3.57,55085.0,175450.0,7.53689712956617,2.70805020110221,1.5195132049061133,12.075115080624643,10.916650879371755,2.8106938645110393,427.0,26250.0,108.88499999999999,6.059123195581797,10.17545936253226,1
TANK,KARNATAKA,2022,25.0,3.4,7.1,1006.0,21.0,3.7,13665.0,176750.0,6.914730892718563,3.091042453358316,1.547562508716013,12.082497241451442,9.522666275340724,1.8439088914585775,525.0,21126.0,92.5,6.26530121273771,9.958307122300235,1
TANK,KARNATAKA,2022,25.0,5.6,7.35,295.5,6.2,1.3,23085.0,271200.0,5.69204721843778,1.9740810260220096,0.832909122935104,12.510615522357213,10.046981652174857,2.3664319132398464,155.0,1832.1000000000001,32.5,5.049856007249537,7.513763801725319,1
TANK,KARNATAKA,2022,25.0,3.55,6.9,880.0,13.5,3.8449999999999998,65315.0,1208000.0,6.78105762593618,2.6741486494265287,1.5779472453427295,14.004477485291124,11.0869923082222,1.8841443681416772,337.5,11880.0,96.125,5.82452409235233,9.382695764458287,1
TANK,KARNATAKA,2022,25.0,7.449999999999999,7.65,394.5,2.45,0.455,18.0,48.0,5.980150787207709,1.2383742310432684,0.37500590062345585,3.8918202981106265,2.9444389791664403,2.729468812791236,61.25000000000001,966.5250000000001,11.375,4.1311585353448175,6.874741264363377,1
TANK,KARNATAKA,2022,24.0,6.050000000000001,7.699999999999999,465.0,2.25,0.3,206.5,1310.0,6.144185634125646,1.1786549963416462,0.262364264467491,7.1785454837637,5.335131339670753,2.459674775249769,54.0,1046.25,7.199999999999999,4.007333185232471,6.953922959827144,1
TANK,KARNATAKA,2022,27.5,7.15,7.25,177.5,3.0,1.855,47.5,277.0,5.184588601219693,1.3862943611198906,1.0490718431079735,5.627621113690637,3.8815637979434374,2.6739483914241875,82.5,532.5,51.0125,4.42484663185681,6.279459070741808,1
TANK,KARNATAKA,2022,25.0,3.55,7.45,742.5,18.0,7.96,4865.0,81750.0,6.61136876590021,2.9444389791664403,2.192770226986839,11.311433321100587,8.490027523343468,1.8841443681416772,450.0,13365.0,199.0,6.111467339502679,9.500469448071016,1
TANK,KARNATAKA,2022,25.0,3.3,6.75,974.5,12.5,2.975,230085.0,1752700.0,6.8829501600631655,2.6026896854443837,1.3800247481062953,14.376668584609401,12.346208431060749,1.816590212458495,312.5,12181.25,74.375,5.7477993600729755,9.407735253267616,1
TANK,KARNATAKA,2022,24.5,6.6,7.85,395.0,2.1,0.3,200.0,1350.0,5.981414211254481,1.1314021114911006,0.262364264467491,7.208600337960199,5.303304908059076,2.569046515733026,51.45,829.5,7.35,3.9598603348423063,6.72202792905335,1
TANK,KARNATAKA,2022,27.0,7.199999999999999,7.15,261.5,2.35,1.77,13.0,28.5,5.570251082031678,1.208960345836975,1.0188473201992472,3.3843902633457743,2.6390573296152584,2.6832815729997477,63.45,614.525,47.79,4.165889729385197,6.422475562183885,1
TANK,KARNATAKA,2022,24.0,7.05,7.65,440.0,2.3,0.16,275.0,1900.0,6.089044875446846,1.1939224684724346,0.1484200051182733,7.550135342488429,5.62040086571715,2.6551836094703507,55.199999999999996,1011.9999999999999,3.84,4.028916756899645,6.920671504248683,1
TANK,KARNATAKA,2022,25.0,5.85,7.2,570.0,4.5,1.975,2324.5,27120.0,6.3473892096560105,1.7047480922384253,1.0902440389975931,10.208063614530875,7.751690348664152,2.4186773244895647,112.5,2565.0,49.375,4.7318028369214575,7.850103545175582,1
TANK,KARNATAKA,2022,24.5,6.0,7.8,740.0,3.3,0.6,320.0,2400.0,6.608000625296087,1.4586150226995167,0.4700036292457356,7.783640596221253,5.771441123130016,2.449489742783178,80.85,2442.0,14.7,4.404888303817144,7.8009820712577405,1
TANK,KARNATAKA,2022,27.0,7.05,7.6000000000000005,404.0,2.3,3.08,91.5,505.0,6.003887067106539,1.1939224684724346,1.4060969884160703,6.226536669287466,4.52720864451838,2.6551836094703507,62.099999999999994,929.1999999999999,83.16,4.144720769547168,6.835399616789997,1
TANK,KARNATAKA,2022,28.0,6.9,7.9,1724.5,9.0,2.25,3570.0,80460.0,7.453272142538058,2.302585092994046,1.1786549963416462,11.295527873962465,8.18060094759445,2.6267851073127395,252.0,15520.5,63.0,5.53338948872752,9.649981438551485,1
TANK,KARNATAKA,2022,25.0,2.55,7.1,2212.0,47.5,12.335,47110.0,461200.0,7.70210434005105,3.8815637979434374,2.5903921576339775,13.041589235631411,10.760261798384528,1.5968719422671311,1187.5,105070.0,308.375,7.080447286800249,11.562391591102077,1
TANK,KARNATAKA,2022,26.0,3.9,7.75,935.0,5.5,0.7000000000000001,490.0,3250.0,6.841615476477592,1.8718021769015913,0.5306282510621704,8.086717920303906,6.19644412779452,1.9748417658131499,143.0,5142.5,18.200000000000003,4.969813299576001,8.545489060571084,1
TANK,KARNATAKA,2022,24.5,5.85,7.5,1043.0,6.6,1.49,141.5,335.0,6.950814768442584,2.028148247292285,0.9122827104766162,5.817111159963204,4.959341999708705,2.4186773244895647,161.7,6883.799999999999,36.505,5.091908014224992,8.837071362084336,1
TANK,KARNATAKA,2022,25.0,3.15,7.3,836.0,9.0,8.0,2465.0,47750.0,6.729824070489475,2.302585092994046,2.1972245773362196,10.773755288097965,7.81035268372429,1.7748239349298849,225.0,7524.0,200.0,5.420534999272286,8.925986089617076,1
TANK,KARNATAKA,2022,27.0,7.65,7.9,220.0,2.0,1.45,30.0,229.5,5.3981627015177525,1.0986122886681098,0.8960880245566356,5.440250862436703,3.4339872044851463,2.7658633371878665,54.0,440.0,39.15,4.007333185232471,6.089044875446846,1
TANK,KARNATAKA,2022,25.0,5.0,7.65,292.5,7.5,2.835,3305.0,82700.0,5.681877639268151,2.1400661634962708,1.3441694348192195,11.322986972837104,8.10349427838097,2.23606797749979,187.5,2193.75,70.875,5.2390980068880655,7.693823423806318,1
TANK,KARNATAKA,2022,24.5,4.25,7.4,573.0,11.5,5.55,6115.0,47750.0,6.352629396319567,2.5257286443082556,1.8794650496471605,10.773755288097965,8.718663567048953,2.0615528128088303,281.75,6589.5,135.975,5.64456311499623,8.79338449715252,1
LAKE,KERALA,2022,27.0,4.05,6.9,30.5,7.7,0.3,7550.0,400.0,3.449987545831587,2.163323025660538,0.262364264467491,5.993961427306569,8.929435283803425,2.0124611797498106,207.9,234.85,8.1,5.34185566856252,5.463196009730271,1
LAKE,KERALA,2022,26.5,3.15,7.15,349.5,5.4,0.3,1810.0,4400.0,5.859360706474645,1.8562979903656263,0.262364264467491,8.38958706681109,7.501634457883413,1.7748239349298849,143.10000000000002,1887.3000000000002,7.949999999999999,4.970507503005477,7.5434322323875325,1
LAKE,KERALA,2022,29.0,5.7,7.1,1152.5,1.9000000000000001,0.3,601.0,1750.0,7.050556077613808,1.0647107369924285,0.262364264467491,7.467942332285852,6.400257445308821,2.3874672772626644,55.1,2189.75,8.7,4.027135812528651,7.69199922993596,1
LAKE,KERALA,2022,26.5,6.8,6.85,54.0,1.4,0.3,33.5,74.0,4.007333185232471,0.8754687373538999,0.262364264467491,4.31748811353631,3.5409593240373143,2.6076809620810595,37.099999999999994,75.6,7.949999999999999,3.6402142821326553,4.338597076746545,1
LAKE,KERALA,2022,29.0,6.9,7.1,823.5,2.15,0.3,51.0,271.0,6.714777141999654,1.1474024528375417,0.262364264467491,5.605802066295998,3.9512437185814275,2.6267851073127395,62.349999999999994,1770.5249999999999,8.7,4.148674906767148,7.479596036540129,1
LAKE,KERALA,2022,24.5,7.5,7.15,47.0,1.0,0.3,2.0,2.0,3.871201010907891,0.6931471805599453,0.262364264467491,1.0986122886681098,1.0986122886681098,2.7386127875258306,24.5,47.0,7.35,3.2386784521643803,3.871201010907891,1
LAKE,KERALA,2022,26.5,7.35,6.8,28.5,1.0,0.3,13.0,29.0,3.3843902633457743,0.6931471805599453,0.262364264467491,3.4011973816621555,2.6390573296152584,2.711088342345192,26.5,28.5,7.949999999999999,3.3141860046725258,3.3843902633457743,1
LAKE,KERALA,2022,24.0,7.25,7.1,170.0,1.4,0.9500000000000001,135.0,415.0,5.14166355650266,0.8754687373538999,0.6678293725756554,6.030685260261263,4.912654885736052,2.692582403567252,33.599999999999994,237.99999999999997,22.8,3.5438536820636783,5.47646355193151,1
LAKE,KERALA,2022,26.5,6.5,6.95,162.5,3.8499999999999996,0.3,1200.0,1950.0,5.096812990337308,1.5789787049493917,0.262364264467491,7.576097340623111,7.0909098220799835,2.5495097567963922,102.02499999999999,625.6249999999999,7.949999999999999,4.634971677224881,6.440348275583667,1
POND,KERALA,2022,27.5,6.65,7.15,177.5,1.7,3.8,301.0,501.0,5.184588601219693,0.9932517730102833,1.5686159179138452,6.218600119691729,5.71042701737487,2.5787593916455256,46.75,301.75,104.5,3.865979066926739,5.712907382433202,1
POND,KERALA,2022,28.5,6.55,7.4,149.5,2.25,0.44999999999999996,195.0,385.0,5.01396308418893,1.1786549963416462,0.371563556432483,5.955837369464831,5.278114659230517,2.5592967784139455,64.125,336.375,12.825,4.176308500073531,5.821195071338169,1
POND,KERALA,2022,28.0,7.800000000000001,7.7,51.5,1.2,0.3,320.0,445.0,3.960813169597578,0.7884573603642702,0.262364264467491,6.100318952020064,5.771441123130016,2.7928480087537886,33.6,61.8,8.4,3.543853682063679,4.139955073474153,1
POND,KERALA,2022,26.5,5.65,7.35,247.5,3.9000000000000004,0.3,2750.0,6500.0,5.5154428455366835,1.589235205116581,0.262364264467491,8.77971129020447,7.919719760924575,2.3769728648009427,103.35000000000001,965.2500000000001,7.949999999999999,4.64775063352321,6.873422599901632,1
POND,KERALA,2022,28.5,7.550000000000001,7.9,75.5,1.65,0.3,2747.0,3395.0,4.33729074083249,0.9745596399981308,0.262364264467491,8.130353547431238,7.91862865334224,2.7477263328068173,47.025,124.57499999999999,8.549999999999999,3.8717217086546203,4.8329031896361085,1
LAKE,KARNATAKA,2022,26.0,5.75,7.55,663.0,4.5,1.745,265.0,1060.0,6.498282149476434,1.7047480922384253,1.009781074961494,6.966967138613983,5.583496308781699,2.3979157616563596,117.0,2983.5,45.370000000000005,4.770684624465665,8.001187507608705,1
POND,KERALA,2022,28.0,6.65,7.4,160.5,1.9,0.33499999999999996,87.0,380.5,5.084505142662711,1.0647107369924282,0.28893129185221283,5.9441108507245115,4.477336814478207,2.5787593916455256,53.199999999999996,304.95,9.379999999999999,3.9926809084456005,5.72342168990855,1
POND,KERALA,2022,30.5,7.449999999999999,6.8,133.5,2.5,0.3,220.0,400.0,4.901564199041894,1.252762968495368,0.262364264467491,5.993961427306569,5.3981627015177525,2.729468812791236,76.25,333.75,9.15,4.347046915777855,5.813383984571282,1
LAKE,MADHYA PRADESH,2022,20.5,7.3,7.8999999999999995,456.0,1.15,0.96,2.0,51.5,6.124683390894205,0.7654678421395714,0.6729444732424258,3.960813169597578,1.0986122886681098,2.701851217221259,23.575,524.4,19.68,3.20172966603323,6.26415987725144,1
LAKE,MADHYA PRADESH,2022,21.5,6.6,7.9,483.0,2.9000000000000004,1.405,7.0,502.0,6.182084906716632,1.3609765531356008,0.8775499035577244,6.220590170099739,2.0794415416798357,2.569046515733026,62.35000000000001,1400.7000000000003,30.2075,4.148674906767148,7.245441064669012,1
LAKE,MADHYA PRADESH,2022,26.0,7.25,7.35,257.0,1.2,0.67,2.0,44.5,5.552959584921617,0.7884573603642702,0.5128236264286639,3.817712325956905,1.0986122886681098,2.692582403567252,31.2,308.4,17.42,3.4719664525503626,5.734634938138965,1
LAKE,MADHYA PRADESH,2022,24.0,6.45,7.6,306.5,2.6,5.705,61.0,280.0,5.728475087246572,1.2809338454620642,1.9028535167336418,5.638354669333745,4.127134385045092,2.539685019840059,62.400000000000006,796.9,136.92000000000002,4.149463861443181,6.681983276314235,1
LAKE,MADHYA PRADESH,2022,27.0,7.449999999999999,7.85,852.5,4.25,1.97,3.0,75.5,6.7493455422344955,1.6582280766035324,1.0885619528146082,4.33729074083249,1.3862943611198906,2.729468812791236,114.75,3623.125,53.19,4.751432692966343,8.195368158841756,1
LAKE,MADHYA PRADESH,2022,23.5,6.1,7.65,358.0,4.6000000000000005,6.3950000000000005,179.0,1260.0,5.883322388488279,1.7227665977411037,2.000804096162763,7.13966033596492,5.19295685089021,2.4698178070456938,108.10000000000001,1646.8000000000002,150.2825,4.692264892839026,7.407196343881489,1
LAKE,MADHYA PRADESH,2022,25.0,7.199999999999999,7.5,551.0,2.05,0.84,4.0,44.0,6.313548046277095,1.1151415906193203,0.6097655716208943,3.8066624897703196,1.6094379124341003,2.6832815729997477,51.24999999999999,1129.55,21.0,3.95603989084492,7.0304595189575885,1
LAKE,MADHYA PRADESH,2022,21.0,5.95,8.1,319.5,3.5,1.395,2.0,78.0,5.7698822763607245,1.5040773967762742,0.8733832308628786,4.3694478524670215,1.0986122886681098,2.4392621835300936,73.5,1118.25,29.295,4.310799125385514,7.020414097121075,1
LAKE,MADHYA PRADESH,2022,24.5,6.6,7.5,653.5,6.7,12.38,803.0,1600.0,6.483871585349955,2.0412203288596382,2.5937610547000824,7.3783837129967145,6.6895992691789665,2.569046515733026,164.15,4378.45,303.31,5.1068541518367985,8.384678424709566,1
LAKE,MADHYA PRADESH,2022,21.0,7.15,7.7,479.0,1.45,1.08,2.0,55.5,6.173786103901937,0.8960880245566356,0.7323678937132266,4.034240638152395,1.0986122886681098,2.6739483914241875,30.45,694.55,22.68,3.4483989831464497,6.544702899505579,1
LAKE,MADHYA PRADESH,2022,21.5,6.55,7.95,458.5,3.0999999999999996,1.335,11.5,839.5,6.1301389417957415,1.410986973710262,0.8480118911208606,6.7339969528486705,2.5257286443082556,2.5592967784139455,66.64999999999999,1421.35,28.7025,4.214347354616797,7.2600657122857815,1
LAKE,MADHYA PRADESH,2022,23.5,6.15,7.6,274.0,1.9,3.615,15.5,270.0,5.616771097666572,1.0647107369924282,1.5293118679548154,5.602118820879701,2.803360380906535,2.479919353527449,44.65,520.6,84.9525,3.8210036070409776,6.256901010612443,1
LAKE,MADHYA PRADESH,2022,24.0,6.25,7.65,257.5,1.75,2.585,17.5,280.0,5.554895693948484,1.0116009116784799,1.2767584740515836,5.638354669333745,2.917770732084279,2.5,42.0,450.625,62.04,3.7612001156935624,6.112852189467804,1
LAKE,MADHYA PRADESH,2022,24.5,7.1,7.7,245.5,1.9,2.3649999999999998,15.0,200.0,5.5073619934827445,1.0647107369924282,1.213427963096691,5.303304908059076,2.772588722239781,2.6645825188948455,46.55,466.45,57.942499999999995,3.8617817889913995,6.1472923911373245,1
LAKE,MADHYA PRADESH,2022,24.0,6.8,7.6,258.0,1.9,2.46,17.5,230.0,5.556828061699537,1.0647107369924282,1.2412685890696329,5.442417710521793,2.917770732084279,2.6076809620810595,45.599999999999994,490.2,59.04,3.8416005411316,6.1968513768329325,1
LAKE,MADHYA PRADESH,2022,21.0,7.15,7.8500000000000005,496.5,1.3,1.3450000000000002,2.0,55.5,6.209595556598647,0.832909122935104,0.8522854018982428,4.034240638152395,1.0986122886681098,2.6739483914241875,27.3,645.45,28.245000000000005,3.342861804649192,6.471495855700562,1
POND,MADHYA PRADESH,2022,21.0,6.55,8.15,401.0,1.1,0.87,2.0,44.0,5.996452088619021,0.7419373447293773,0.6259384308664953,3.8066624897703196,1.0986122886681098,2.5592967784139455,23.1,441.1,18.27,3.1822118404966093,6.091536100832197,1
POND,MADHYA PRADESH,2022,22.5,6.4,7.800000000000001,423.5,3.3,1.31,40.5,808.5,6.050912005751402,1.4586150226995167,0.8372475245337022,6.69641677311769,3.7256934272366524,2.5298221281347035,74.25,1397.55,29.475,4.3208159036289855,7.2431912645949685,1
POND,MADHYA PRADESH,2022,22.0,6.65,7.6,434.5,4.95,1.415,32.5,808.5,6.0764947962925575,1.7833912195575383,0.881699287104536,6.69641677311769,3.5115454388310208,2.5787593916455256,108.9,2150.775,31.130000000000003,4.699570861409576,7.674048361912189,1
POND,MADHYA PRADESH,2022,22.0,6.45,7.55,612.5,3.4000000000000004,1.425,61.0,808.5,6.419180264150966,1.4816045409242156,0.8858315243894466,6.69641677311769,4.127134385045092,2.539685019840059,74.80000000000001,2082.5,31.35,4.328098292648326,7.641804450862508,1
POND,MADHYA PRADESH,2022,26.5,7.35,7.800000000000001,415.0,2.0,0.955,4.0,48.5,6.030685260261263,1.0986122886681098,0.670390193437329,3.901972669574645,1.6094379124341003,2.711088342345192,53.0,830.0,25.307499999999997,3.9889840465642745,6.7226297948554485,1
POND,MADHYA PRADESH,2022,22.0,6.95,7.9,347.5,3.95,1.29,20.5,278.5,5.853638230200579,1.599387576580599,0.8285518175661483,5.633002292595154,3.068052935133617,2.6362852652928135,86.9,1372.625,28.380000000000003,4.476199804691132,7.225208509767088,1
POND,MADHYA PRADESH,2022,20.5,7.15,7.95,492.5,1.6500000000000001,1.4549999999999998,2.0,101.5,6.2015228588735365,0.9745596399981309,0.8981267612464838,4.629862798578463,1.0986122886681098,2.6739483914241875,33.825,812.6250000000001,29.827499999999997,3.5503355196658695,6.701499571892551,1
POND,MADHYA PRADESH,2022,27.0,7.4,8.05,317.5,1.9,0.8500000000000001,2.0,48.0,5.763622475012218,1.0647107369924282,0.6151856390902335,3.8918202981106265,1.0986122886681098,2.7202941017470885,51.3,603.25,22.950000000000003,3.9569963710708773,6.4039880195835925,1
POND,MADHYA PRADESH,2022,26.0,6.95,7.8,371.5,1.6,0.685,3.0,48.5,5.920237037819614,0.9555114450274363,0.521765563804325,3.901972669574645,1.3862943611198906,2.6362852652928135,41.6,594.4,17.810000000000002,3.751854253275325,6.389233448581676,1
POND,MADHYA PRADESH,2022,22.5,6.6,7.949999999999999,416.0,3.05,1.335,56.0,808.5,6.0330862217988015,1.3987168811184478,0.8480118911208606,6.69641677311769,4.04305126783455,2.569046515733026,68.625,1268.8,30.037499999999998,4.243123698247448,7.146614686736349,1
POND,MADHYA PRADESH,2022,21.0,7.0,8.25,413.5,1.15,0.9,2.0,43.0,6.02707297457535,0.7654678421395714,0.6418538861723948,3.784189633918261,1.0986122886681098,2.6457513110645907,24.15,475.525,18.900000000000002,3.224857896545748,6.166520187615137,1
TANK,MADHYA PRADESH,2022,21.0,7.35,7.55,308.0,1.9,1.2,3.0,40.0,5.733341276897746,1.0647107369924282,0.7884573603642702,3.713572066704308,1.3862943611198906,2.711088342345192,39.9,585.1999999999999,25.2,3.711130063048756,6.373661028276792,1
LAKE,MEGHALAYA,2022,20.5,7.0,6.9,66.0,1.6,0.46499999999999997,121.5,545.0,4.204692619390966,0.9555114450274363,0.3818552424690306,6.302618975744905,4.808111029984782,2.6457513110645907,32.800000000000004,105.60000000000001,9.532499999999999,3.5204608024889734,4.669083511731745,1
LAKE,MEGHALAYA,2022,16.5,7.300000000000001,7.0,43.0,1.4,0.45,13.5,180.0,3.784189633918261,0.8754687373538999,0.37156355643248307,5.198497031265826,2.6741486494265287,2.701851217221259,23.099999999999998,60.199999999999996,7.425,3.1822118404966093,4.11414718951828,1
LAKE,MEGHALAYA,2022,16.5,6.050000000000001,7.4,101.0,4.8,0.86,495.0,2050.0,4.624972813284271,1.7578579175523736,0.6205764877251099,7.62608275807238,6.206575926724928,2.459674775249769,79.2,484.79999999999995,14.19,4.384523514872469,6.185797016568072,1
LAKE,MEGHALAYA,2022,16.5,6.6,7.449999999999999,99.0,4.6,0.7949999999999999,430.0,1700.0,4.605170185988092,1.7227665977411035,0.5850050219402422,7.438971592395862,6.066108090103747,2.569046515733026,75.89999999999999,455.4,13.1175,4.3425058765115985,6.123369617987921,1
LAKE,MEGHALAYA,2022,17.0,5.45,7.4,122.0,6.35,1.02,650.0,2400.0,4.812184355372417,1.9947003132247452,0.7030975114131134,7.783640596221253,6.478509642208569,2.3345235059857505,107.94999999999999,774.6999999999999,17.34,4.690889061390629,6.6537658474968255,1
LAKE,MEGHALAYA,2022,17.5,6.4,7.4,103.0,4.8,0.925,400.0,1600.0,4.6443908991413725,1.7578579175523736,0.6549259677397475,7.3783837129967145,5.993961427306569,2.5298221281347035,84.0,494.4,16.1875,4.442651256490317,6.2053655170552595,1
LAKE,MEGHALAYA,2022,18.5,7.75,7.6,145.5,1.7000000000000002,0.47,230.0,665.0,4.987025428457122,0.9932517730102834,0.3852624007906449,6.501289670540389,5.442417710521793,2.7838821814150108,31.450000000000003,247.35000000000002,8.695,3.479700443150099,5.514839041553359,1
LAKE,ODISHA,2022,24.5,6.0,7.35,150.0,1.55,0.87,2489.0,4195.0,5.017279836814924,0.9360933591703349,0.6259384308664953,8.341886969516187,7.820037989458753,2.449489742783178,37.975,232.5,21.315,3.6629204149438404,5.453182077108952,1
LAKE,ODISHA,2022,26.5,6.45,7.4,176.5,1.95,0.52,3972.5,11230.0,5.178970608915471,1.0818051703517284,0.41871033485818504,9.326433090963036,8.287402597380234,2.539685019840059,51.675,344.175,13.780000000000001,3.9641409596902526,5.844051534802216,1
LAKE,ODISHA,2022,27.0,6.800000000000001,7.65,147.5,1.6500000000000001,1.825,5522.5,17615.0,5.000584958242754,0.9745596399981309,1.0385083645984043,9.77656285896246,8.61676699631233,2.6076809620810595,44.550000000000004,243.37500000000003,49.275,3.8188106237059674,5.49870393073963,1
LAKE,ODISHA,2022,27.0,6.8999999999999995,7.4,148.0,1.75,0.89,1139.0,2615.0,5.003946305945459,1.0116009116784799,0.636576829071551,7.86940171257709,7.038783541388542,2.6267851073127395,47.25,259.0,24.03,3.876395827784995,5.560681631015528,1
LAKE,ODISHA,2022,24.5,5.6,8.05,502.5,6.4,1.3399999999999999,1110.0,2515.0,6.221583712158617,2.0014800002101243,0.85015092936961,7.830425617820331,7.01301578963963,2.3664319132398464,156.8,3216.0,32.83,5.061328408411774,8.076204527239026,1
POND,ODISHA,2022,25.0,5.6,7.25,373.5,1.55,1.02,11022.5,27165.0,5.925591802957274,0.9360933591703349,0.7030975114131134,10.209721470382435,9.307784636637036,2.3664319132398464,38.75,578.9250000000001,25.5,3.6826098411003407,6.362898784834334,1
POND,ODISHA,2022,25.5,7.45,8.55,857.5,5.2,1.065,8510.0,27065.0,6.7551866803375304,1.824549292051046,0.7251302264129961,10.206033606636451,9.049114723476961,2.7294688127912363,132.6,4459.0,27.1575,4.894850261102546,8.40290404501411,1
POND,ODISHA,2022,26.5,6.3,7.5,345.0,3.25,1.47,1672.5,12115.0,5.846438775057725,1.4469189829363254,0.9042181506398859,9.402282172147128,7.422672520651381,2.5099800796022267,86.125,1121.25,38.955,4.467343869080688,7.0230908776620415,1
POND,ODISHA,2022,28.0,7.5,8.5,742.0,6.95,5.04,1160.0,3972.5,6.610696044717759,2.0731719286662407,1.7984040119467235,8.287402597380234,7.057036981697891,2.7386127875258306,194.6,5156.900000000001,141.12,5.276071757600717,8.548284798893912,1
POND,ODISHA,2022,25.5,7.55,8.75,924.5,6.35,1.315,6539.0,17610.0,6.830334132013552,1.9947003132247452,0.8394096875381973,9.776278985795086,8.785692444451245,2.7477263328068173,161.92499999999998,5870.575,33.5325,5.093289972218444,8.677878190290786,1
POND,ODISHA,2022,28.5,6.4,8.05,582.0,9.05,1.3499999999999999,2505.0,8745.0,6.368187186350492,2.307572634505085,0.8544153281560676,9.076351731972865,7.826443135456014,2.5298221281347035,257.925,5267.1,38.474999999999994,5.556538444474943,8.569425045219072,1
POND,ODISHA,2022,22.0,6.9,7.6000000000000005,702.5,6.75,3.22,12010.0,17585.0,6.556067876554444,2.0476928433652555,1.4398351280479207,9.774858409938947,9.39357817555449,2.6267851073127395,148.5,4741.875,70.84,5.0072963928307415,8.46439877090242,1
POND,ODISHA,2022,26.0,6.949999999999999,8.05,902.5,6.65,1.42,17522.5,27065.0,6.806276110032283,2.0347056478384444,0.883767540168595,10.206033606636451,9.771298116228174,2.6362852652928135,172.9,6001.625,36.92,5.158480421360237,8.699952152534971,1
LAKE,PUDUCHERRY,2022,29.0,7.0,7.7,1219.0,2.5,0.32,2.0,540.0,7.106606137727303,1.252762968495368,0.2776317365982795,6.293419278846481,1.0986122886681098,2.6457513110645907,72.5,3047.5,9.28,4.297285406218791,8.022404945347871,1
LAKE,PUDUCHERRY,2022,30.0,8.75,8.5,1301.5,4.5,0.32,48.0,230.0,7.172040773627522,1.7047480922384253,0.2776317365982795,5.442417710521793,3.8918202981106265,2.958039891549808,135.0,5856.75,9.6,4.912654885736052,8.675520849795543,1
LAKE,PUDUCHERRY,2022,30.0,7.4,8.7,380.5,1.9,0.32,36.0,217.0,5.9441108507245115,1.0647107369924282,0.2776317365982795,5.384495062789089,3.6109179126442243,2.7202941017470885,57.0,722.9499999999999,9.6,4.060443010546419,6.58472232922743,1
LAKE,PUNJAB,2022,23.5,8.1,7.949999999999999,301.5,1.85,1.35,1130.0,2300.0,5.7120812774708964,1.0473189942805592,0.8544153281560676,7.741099090035366,7.030857476116121,2.8460498941515415,43.475,557.775,31.725,3.794927233551899,6.325746887656159,1
LAKE,PUNJAB,2022,23.0,8.0,7.95,284.5,2.05,1.6500000000000001,1155.0,2615.0,5.654242029096065,1.1151415906193203,0.9745596399981309,7.86940171257709,7.052721049232323,2.8284271247461903,47.15,583.2249999999999,37.95,3.8743211382441345,6.37028618260187,1
LAKE,PUNJAB,2022,25.0,8.45,7.85,179.5,1.05,0.65,29.0,105.0,5.195730777772936,0.7178397931503169,0.5007752879124893,4.663439094112067,3.4011973816621555,2.9068883707497264,26.25,188.475,16.25,3.305053521109253,5.244257089698093,1
LAKE,RAJASTHAN,2022,26.5,6.050000000000001,8.1,618.0,1.9,4.18,103.5,180.0,6.428105272684596,1.0647107369924282,1.6448050562713916,5.198497031265826,4.6491870714048655,2.459674775249769,50.349999999999994,1174.2,110.77,3.938664936374567,7.069193624859667,1
LAKE,RAJASTHAN,2022,16.5,4.65,7.9,903.0,3.3499999999999996,4.4,250.0,425.0,6.806829360392176,1.4701758451005926,1.6863989535702288,6.054439346269371,5.5254529391317835,2.1563858652847827,55.27499999999999,3025.0499999999997,72.60000000000001,4.030250386792796,8.015013417675108,1
LAKE,RAJASTHAN,2022,23.0,4.55,7.55,1012.5,3.4499999999999997,2.74,195.0,415.0,6.921164965892054,1.4929040961781488,1.3190856114264407,6.030685260261263,5.278114659230517,2.1330729007701543,79.35,3493.1249999999995,63.02,4.386392092183521,8.15883826566941,1
LAKE,RAJASTHAN,2022,25.0,5.800000000000001,7.4,228.0,3.0500000000000003,1.415,75.0,155.0,5.43372200355424,1.398716881118448,0.881699287104536,5.049856007249537,4.330733340286331,2.4083189157584592,76.25,695.4000000000001,35.375,4.347046915777855,6.545924207894034,1
LAKE,RAJASTHAN,2022,25.0,6.9,7.95,619.0,2.05,2.27,87.5,165.0,6.429719478039138,1.1151415906193203,1.184789984909162,5.111987788356544,4.483002552013883,2.6267851073127395,51.24999999999999,1268.9499999999998,56.75,3.95603989084492,7.146732808598875,1
LAKE,RAJASTHAN,2022,26.0,6.55,7.9,628.0,2.25,2.7199999999999998,75.0,155.0,6.444131256700441,1.1786549963416462,1.313723668285055,5.049856007249537,4.330733340286331,2.5592967784139455,58.5,1413.0,70.72,4.085976312551584,7.254177846456518,1
LAKE,RAJASTHAN,2022,24.5,3.3499999999999996,6.6,2845.0,4.0,3.94,250.0,905.0,7.953669778649798,1.6094379124341003,1.597365331199831,6.80903930604298,5.5254529391317835,1.8303005217723125,98.0,11380.0,96.53,4.59511985013459,9.33970057728189,1
LAKE,RAJASTHAN,2022,26.0,4.15,8.15,410.0,1.9,1.9849999999999999,195.0,655.0,6.018593214496234,1.0647107369924282,1.0935997468445653,6.486160788944089,5.278114659230517,2.0371548787463363,49.4,779.0,51.61,3.919991175077323,6.659293919683638,1
LAKE,RAJASTHAN,2022,22.5,6.75,8.05,330.0,2.5,2.08,43.0,81.5,5.802118375377063,1.252762968495368,1.1249295969854831,4.412798293340635,3.784189633918261,2.598076211353316,56.25,825.0,46.800000000000004,4.047427642434349,6.716594773520978,1
LAKE,RAJASTHAN,2022,25.5,5.199999999999999,7.2,859.5,2.4,3.52,105.0,295.0,6.757513615651594,1.2237754316221157,1.5085119938441398,5.69035945432406,4.663439094112067,2.2803508501982757,61.199999999999996,2062.7999999999997,89.76,4.130354999745133,7.632304222681614,1
LAKE,RAJASTHAN,2022,16.0,5.65,7.5,283.5,2.6,1.85,48.0,94.0,5.6507332535663855,1.2809338454620642,1.0473189942805592,4.553876891600541,3.8918202981106265,2.3769728648009427,41.6,737.1,29.6,3.751854253275325,6.604079316776007,1
LAKE,RAJASTHAN,2022,23.5,3.85,7.6,1009.0,4.35,3.785,156.5,255.0,6.917705609835305,1.6770965609079151,1.5654860249049176,5.545177444479562,5.059425458265688,1.9621416870348585,102.225,4389.15,88.9475,4.636911071772154,8.387118674050406,1
LAKE,RAJASTHAN,2022,25.5,5.5,7.95,416.0,2.45,2.685,97.0,170.0,6.0330862217988015,1.2383742310432684,1.3042705256412999,5.14166355650266,4.584967478670572,2.345207879911715,62.475,1019.2,68.4675,4.1506461275907425,6.927753965488826,1
LAKE,RAJASTHAN,2022,23.0,3.8,7.7,436.0,2.35,1.85,107.0,215.0,6.07993319509559,1.208960345836975,1.0473189942805592,5.375278407684165,4.68213122712422,1.9493588689617927,54.050000000000004,1024.6000000000001,42.550000000000004,4.008241863168689,6.933033086166406,1
LAKE,RAJASTHAN,2022,27.5,6.699999999999999,7.9,701.0,2.7,2.25,107.5,205.0,6.553933404025811,1.308332819650179,1.1786549963416462,5.327876168789581,4.686750172980514,2.588435821108957,74.25,1892.7,61.875,4.3208159036289855,7.54628786626886,1
LAKE,RAJASTHAN,2022,28.0,6.25,8.15,651.0,2.9,4.175,116.5,225.0,6.480044561926653,1.3609765531356006,1.6438393391514328,5.420534999272286,4.7664383335842135,2.5,81.2,1887.8999999999999,116.89999999999999,4.409155302062135,7.543749928037774,1
LAKE,RAJASTHAN,2022,24.0,6.2,7.449999999999999,1276.5,1.8,1.385,47.0,83.0,7.1526603220778595,1.0296194171811581,0.8691991243403046,4.430816798843313,3.871201010907891,2.4899799195977463,43.2,2297.7000000000003,33.24,3.7887247890836524,7.740099024730371,1
LAKE,RAJASTHAN,2022,23.0,4.55,7.65,598.5,2.45,2.44,84.5,170.0,6.396095974467569,1.2383742310432684,1.235471471385307,5.14166355650266,4.448516375942715,2.1330729007701543,56.35,1466.325,56.12,4.04917284357538,7.29119629416546,1
LAKE,RAJASTHAN,2022,22.5,4.85,7.6,1565.0,2.35,3.455,124.0,245.0,7.356279876550748,1.208960345836975,1.4940270609227726,5.5053315359323625,4.8283137373023015,2.202271554554524,52.875,3677.75,77.7375,3.9866665484239117,8.210328299547683,1
POND,RAJASTHAN,2022,25.5,6.949999999999999,7.6,630.5,2.1,3.08,95.0,180.0,6.448097941790546,1.1314021114911006,1.4060969884160703,5.198497031265826,4.564348191467836,2.6362852652928135,53.550000000000004,1324.05,78.54,3.9991177122790798,7.1892054735574,1
LAKE,SIKKIM,2022,14.0,9.2,7.15,109.0,2.15,3.25,39.5,86.0,4.700480365792417,1.1474024528375417,1.4469189829363254,4.465908118654584,3.7013019741124933,3.03315017762062,30.099999999999998,234.35,45.5,3.4372078191851885,5.461073767847151,1
LAKE,SIKKIM,2022,14.0,8.65,7.05,112.5,2.15,3.35,53.5,111.5,4.7318028369214575,1.1474024528375417,1.4701758451005926,4.722953221644475,3.9982007016691985,2.9410882339705484,30.099999999999998,241.875,46.9,3.4372078191851885,5.492546907697604,1
LAKE,TAMIL NADU,2022,23.5,6.0,7.0,199.0,1.5,1.45,25.0,54.0,5.298317366548036,0.9162907318741551,0.8960880245566356,4.007333185232471,3.258096538021482,2.449489742783178,35.25,298.5,34.074999999999996,3.590439381300684,5.702114417555504,1
LAKE,TAMIL NADU,2022,28.5,6.85,7.6,663.5,2.0,0.32,2.0,47.5,6.4990348781533,1.0986122886681098,0.2776317365982795,3.8815637979434374,1.0986122886681098,2.6172504656604803,57.0,1327.0,9.120000000000001,4.060443010546419,7.191429330036379,1
LAKE,TAMIL NADU,2022,28.0,6.699999999999999,7.8,1085.0,2.0,0.795,23.5,94.0,6.990256500493881,1.0986122886681098,0.5850050219402423,4.553876891600541,3.1986731175506815,2.588435821108957,56.0,2170.0,22.26,4.04305126783455,7.682943169878292,1
LAKE,TAMIL NADU,2022,27.0,6.800000000000001,7.45,498.0,2.5,0.32,21.0,95.0,6.212606095751519,1.252762968495368,0.2776317365982795,4.564348191467836,3.091042453358316,2.6076809620810595,67.5,1245.0,8.64,4.22683374526818,7.1276936993473985,1
LAKE,TAMIL NADU,2022,16.5,4.7,6.95,364.0,3.65,0.525,240.0,475.0,5.8998973535824915,1.536867219599265,0.42199441005937494,6.16541785423142,5.484796933490655,2.16794833886788,60.225,1328.6,8.6625,4.114555602838231,7.192633424101183,1
LAKE,TAMIL NADU,2022,27.5,6.4,7.35,580.0,1.8,0.45999999999999996,17.5,36.5,6.364750756851911,1.0296194171811581,0.37843643572024505,3.624340932976365,2.917770732084279,2.5298221281347035,49.5,1044.0,12.649999999999999,3.9219733362813143,6.951772164398911,1
LAKE,TAMIL NADU,2022,23.0,5.2,7.25,288.5,3.2,0.485,163.5,328.0,5.66815529701305,1.4350845252893227,0.3954147722546629,5.796057750765372,5.1029105702054265,2.280350850198276,73.60000000000001,923.2,11.155,4.312140507209715,6.8289284984361664,1
TANK,TAMIL NADU,2022,27.5,6.3,7.1,1279.0,1.5,1.265,2.0,57.0,7.154615356913663,0.9162907318741551,0.8175747589349973,4.060443010546419,1.0986122886681098,2.5099800796022267,41.25,1918.5,34.787499999999994,3.7436043538031827,7.559820014440852,1
LAKE,TELANGANA,2022,30.0,2.5,7.25,1199.5,9.0,4.699999999999999,20.0,410.0,7.0904934156613075,2.302585092994046,1.7404661748405044,6.018593214496234,3.044522437723423,1.5811388300841898,270.0,10795.5,140.99999999999997,5.602118820879701,9.286977286514887,1
LAKE,TELANGANA,2022,24.0,2.75,7.5,821.5,8.6,3.75,28.5,390.0,6.712348482639527,2.2617630984737906,1.55814461804655,5.968707559985366,3.3843902633457743,1.6583123951777,206.39999999999998,7064.9,90.0,5.334649295795427,8.863035675540429,1
LAKE,TELANGANA,2022,27.0,2.0,7.55,1197.5,8.4,6.08,20.5,485.0,7.088826053874439,2.2407096892759584,1.9572739077056285,6.186208623900494,3.068052935133617,1.4142135623730951,226.8,10059.0,164.16,5.428468051013081,9.21632244365373,1
LAKE,TELANGANA,2022,26.0,2.5,7.7,1057.5,6.9,4.319999999999999,17.5,325.0,6.96460809057492,2.066862759472976,1.671473303353553,5.786897381366708,2.917770732084279,1.5811388300841898,179.4,7296.75,112.31999999999998,5.1951766076285235,8.895321360449106,1
LAKE,TELANGANA,2022,28.0,2.6,7.4,631.0,3.6,1.745,17.0,150.0,6.448889394146858,1.5260563034950492,1.009781074961494,5.017279836814924,2.8903717578961645,1.61245154965971,100.8,2271.6,48.86,4.623010104116422,7.728679829483909,1
LAKE,TELANGANA,2022,28.5,0.75,7.4,1192.0,13.0,5.965,26.0,445.0,7.084226422097916,2.6390573296152584,1.940897607231769,6.100318952020064,3.295836866004329,0.8660254037844386,370.5,15496.0,170.0025,5.917548864157814,9.648401735787335,1
LAKE,TELANGANA,2022,24.5,2.25,7.35,777.5,22.1,9.0,20.0,445.0,6.657368991274053,3.139832617527748,2.302585092994046,6.100318952020064,3.044522437723423,1.5,541.45,17182.75,220.5,6.2960959152684595,9.75171944878563,1
LAKE,TELANGANA,2022,28.5,2.05,7.45,1014.0,12.0,8.375,26.0,445.0,6.922643891475888,2.5649493574615367,2.2380465718564744,6.100318952020064,3.295836866004329,1.4317821063276353,342.0,12168.0,238.6875,5.8377304471659395,9.4066470133368,1
LAKE,TELANGANA,2022,28.5,2.1,7.0,1564.5,13.0,5.609999999999999,29.0,445.0,7.3559605407664606,2.6390573296152584,1.8885836538635947,6.100318952020064,3.4011973816621555,1.449137674618944,370.5,20338.5,159.885,5.917548864157814,9.920320087196178,1
LAKE,TELANGANA,2022,25.0,2.1,7.8500000000000005,1028.0,5.55,1.51,17.5,415.0,6.9363427358340495,1.8794650496471605,0.9202827531436926,6.030685260261263,2.917770732084279,1.449137674618944,138.75,5705.4,37.75,4.939855112035208,8.649343630963829,1
LAKE,TELANGANA,2022,29.0,1.9,7.6,2104.5,10.5,6.91,30.5,635.0,7.652308247601982,2.4423470353692043,2.0681277817795625,6.455198563340122,3.449987545831587,1.378404875209022,304.5,22097.25,200.39000000000001,5.72194977861165,10.003253698850143,1
LAKE,TELANGANA,2022,23.5,6.300000000000001,7.6499999999999995,590.5,2.9,6.635000000000001,10.5,123.0,6.3826616834184415,1.3609765531356006,2.0327429386705957,4.820281565605037,2.4423470353692043,2.5099800796022267,68.14999999999999,1712.45,155.9225,4.236278058110767,7.446264160848066,1
LAKE,TELANGANA,2022,25.0,2.25,7.35,1251.5,11.5,13.049999999999999,18.0,485.0,7.13289683295902,2.5257286443082556,2.6426223957797546,6.186208623900494,2.9444389791664403,1.5,287.5,14392.25,326.25,5.664695085948154,9.574514625666467,1
LAKE,TELANGANA,2022,28.5,1.5999999999999999,7.5,1393.0,11.1,5.92,29.0,485.0,7.2399325913204695,2.4932054526026954,1.9344157696295783,6.186208623900494,3.4011973816621555,1.2649110640673518,316.34999999999997,15462.3,168.72,5.760005265752479,9.646224753438366,1
LAKE,TELANGANA,2022,26.5,1.8499999999999999,7.4,1012.0,3.6,4.05,25.0,430.0,6.920671504248683,1.5260563034950492,1.6193882432872684,6.066108090103747,3.258096538021482,1.3601470508735443,95.4,3643.2000000000003,107.32499999999999,4.5685062016165,8.200892141615778,1
LAKE,TELANGANA,2022,28.5,1.75,7.5,1051.0,8.0,4.300000000000001,27.0,395.0,6.9584483932976555,2.1972245773362196,1.6677068205580763,5.981414211254481,3.332204510175204,1.3228756555322954,228.0,8408.0,122.55000000000003,5.43372200355424,9.037057839832897,1
LAKE,TELANGANA,2022,25.0,3.4,7.65,763.0,5.6,6.959999999999999,22.5,410.0,6.638567789166521,1.8870696490323797,2.0744289998562917,6.018593214496234,3.1570004211501135,1.8439088914585775,140.0,4272.8,173.99999999999997,4.948759890378168,8.360258640212363,1
LAKE,TELANGANA,2022,26.5,1.65,7.4,1314.5,12.1,7.859999999999999,23.5,277.0,7.181972100480348,2.5726122302071057,2.1815467646169897,5.627621113690637,3.1986731175506815,1.284523257866513,320.65,15905.449999999999,208.29,5.773463997857009,9.674479966327755,1
LAKE,TELANGANA,2022,27.0,2.25,7.8500000000000005,596.5,3.0,5.955,21.0,300.0,6.392754283805666,1.3862943611198906,1.9394608253754062,5.707110264748875,3.091042453358316,1.5,81.0,1789.5,160.785,4.406719247264253,7.490250189438488,1
LAKE,TELANGANA,2022,25.0,1.65,7.6,1456.0,6.1,6.300000000000001,26.0,445.0,7.284134806195205,1.9600947840472698,1.9878743481543455,6.100318952020064,3.295836866004329,1.284523257866513,152.5,8881.6,157.50000000000003,5.033700567027251,9.091849585923564,1
LAKE,TELANGANA,2022,26.5,2.05,7.800000000000001,1331.5,8.6,7.615,27.5,445.0,7.194812156039999,2.2617630984737906,2.153504869979893,6.100318952020064,3.349904087274605,1.4317821063276353,227.89999999999998,11450.9,201.7975,5.433285226958521,9.345910934080685,1
LAKE,TELANGANA,2022,28.0,1.8,7.2,828.0,3.0,3.2,20.0,485.0,6.720220155135295,1.3862943611198906,1.4350845252893227,6.186208623900494,3.044522437723423,1.3416407864998738,84.0,2484.0,89.60000000000001,4.442651256490317,7.818027938530729,1
LAKE,TELANGANA,2022,25.0,2.4499999999999997,7.7,1256.5,9.7,12.65,17.0,445.0,7.136880901973894,2.3702437414678603,2.613739521630969,6.100318952020064,2.8903717578961645,1.5652475842498528,242.49999999999997,12188.05,316.25,5.495116942522644,9.408293286706657,1
LAKE,TELANGANA,2022,24.5,2.1,7.65,1031.5,15.5,4.8100000000000005,20.0,445.0,6.939738324835187,2.803360380906535,1.75958057086382,6.100318952020064,3.044522437723423,1.449137674618944,379.75,15988.25,117.84500000000001,5.942142991775271,9.67967190041276,1
LAKE,TELANGANA,2022,28.0,2.1,7.550000000000001,981.5,9.1,4.87,74.0,390.0,6.890100343743416,2.312535423847214,1.7698546338400052,5.968707559985366,4.31748811353631,1.449137674618944,254.79999999999998,8931.65,136.36,5.5443958891447425,9.097468382367822,1
LAKE,TELANGANA,2022,27.0,5.75,8.0,504.5,3.5,4.16,2.0,41.0,6.225548038460526,1.5040773967762742,1.6409365794934714,3.7376696182833684,1.0986122886681098,2.3979157616563596,94.5,1765.75,112.32000000000001,4.5591262474866845,7.476896979570964,1
LAKE,TELANGANA,2022,27.5,2.5,7.65,1280.0,11.5,12.3,231.0,975.0,7.155396301896734,2.5257286443082556,2.5877640352277083,6.883462586413092,5.44673737166631,1.5811388300841898,316.25,14720.0,338.25,5.759690106594497,9.597030324758013,1
LAKE,TELANGANA,2022,24.0,6.300000000000001,7.55,866.0,3.5500000000000003,11.155,15.5,156.0,6.7650389767805414,1.5151272329628591,2.497740607768087,5.056245805348308,2.803360380906535,2.5099800796022267,85.2,3074.3,267.71999999999997,4.456670177669648,8.031157736457466,1
LAKE,TELANGANA,2022,24.0,6.45,7.550000000000001,1109.0,3.1,17.605,5.0,18.5,7.01211529430638,1.410986973710262,2.923430361798586,2.970414465569701,1.791759469228055,2.539685019840059,74.4,3437.9,422.52,4.32280727501391,8.142906931789074,1
LAKE,TELANGANA,2022,27.0,0.3,7.2,1430.0,8.0,5.02,26.5,485.0,7.266128779556451,2.1972245773362196,1.7950872593207297,6.186208623900494,3.3141860046725258,0.5477225575051661,216.0,11440.0,135.54,5.37989735354046,9.344958673700944,1
LAKE,TELANGANA,2022,27.5,2.75,7.800000000000001,1126.5,12.8,4.9399999999999995,28.5,485.0,7.027758071376834,2.624668592163159,1.7817091333745534,6.186208623900494,3.3843902633457743,1.6583123951777,352.0,14419.2,135.85,5.8664680569332965,9.576385280368278,1
LAKE,TELANGANA,2022,30.0,4.05,7.75,580.5,4.5,3.4099999999999997,30.0,325.0,6.365610971958719,1.7047480922384253,1.4838746894587547,5.786897381366708,3.4339872044851463,2.0124611797498106,135.0,2612.25,102.3,4.912654885736052,7.868349936412817,1
LAKE,TELANGANA,2022,27.0,5.949999999999999,7.699999999999999,734.5,3.25,7.6,5.5,60.5,6.6005505400414926,1.4469189829363254,2.151762203259462,4.119037174812473,1.8718021769015913,2.4392621835300936,87.75,2387.125,205.2,4.485823428355525,7.7782638182011645,1
LAKE,TELANGANA,2022,25.0,2.9,7.6000000000000005,754.0,11.8,5.57,21.0,410.0,6.626717749249025,2.5494451709255714,1.8825138324965192,6.018593214496234,3.091042453358316,1.70293863659264,295.0,8897.2,139.25,5.69035945432406,9.093604288074498,1
LAKE,TELANGANA,2022,27.0,1.5499999999999998,7.45,1067.0,7.5,4.869999999999999,21.0,445.0,6.97354301952014,2.1400661634962708,1.769854633840005,6.100318952020064,3.091042453358316,1.2449899597988732,202.5,8002.5,131.48999999999998,5.31566600488265,8.987634224986753,1
LAKE,TELANGANA,2022,24.5,2.1999999999999997,7.75,1432.0,7.75,4.32,22.0,675.0,7.267525427828172,2.169053700369523,1.6714733033535532,6.516193076042964,3.1354942159291497,1.4832396974191324,189.875,11098.0,105.84,5.251618763538796,9.31461029315198,1
LAKE,TELANGANA,2022,26.5,2.05,7.85,1134.0,6.0,2.6,21.5,301.5,7.034387929915503,1.9459101490553132,1.2809338454620642,5.7120812774708964,3.1135153092103742,1.4317821063276353,159.0,6804.0,68.9,5.075173815233827,8.825412915085566,1
LAKE,TELANGANA,2022,26.5,1.75,7.550000000000001,1486.5,6.5,6.289999999999999,25.0,445.0,7.304852137419785,2.0149030205422647,1.9865035460205667,6.100318952020064,3.258096538021482,1.3228756555322954,172.25,9662.25,166.68499999999997,5.1547356380700124,9.176085309547075,1
LAKE,TELANGANA,2022,25.0,1.7,7.5,1211.0,25.0,12.65,22.0,635.0,7.10002716662926,3.258096538021482,2.613739521630969,6.455198563340122,3.1354942159291497,1.3038404810405297,625.0,30275.0,316.25,6.439350371100098,10.318110598429058,1
LAKE,TELANGANA,2022,26.0,5.9,8.1,749.5,1.25,1.1099999999999999,2.0,41.0,6.620739651073516,0.8109302162163288,0.7466879474879751,3.7376696182833684,1.0986122886681098,2.4289915602982237,32.5,936.875,28.859999999999996,3.5115454388310208,6.843616677865893,1
LAKE,TELANGANA,2022,26.5,3.6,7.95,1510.5,5.6,2.45,22.0,355.0,7.320857814219512,1.8870696490323797,1.2383742310432684,5.87493073085203,3.1354942159291497,1.8973665961010275,148.39999999999998,8458.8,64.92500000000001,5.006627272698717,9.043080811658886,1
LAKE,TELANGANA,2022,27.0,1.95,7.55,1460.0,26.5,9.94,22.5,485.0,7.2868764117507,3.3141860046725258,2.392425796993835,6.186208623900494,3.1570004211501135,1.396424004376894,715.5,38690.0,268.38,6.574378247268227,10.563362293832501,1
LAKE,TELANGANA,2022,25.0,2.1,7.65,1149.0,27.6,11.674999999999999,45.0,445.0,7.047517221357296,3.353406717825807,2.539631549477247,6.100318952020064,3.828641396489095,1.449137674618944,690.0,31712.4,291.875,6.53813982376767,10.364494583481184,1
LAKE,TELANGANA,2022,28.0,1.0,7.5,655.0,4.0,2.32,11.0,350.0,6.486160788944089,1.6094379124341003,1.199964782928397,5.860786223465865,2.4849066497880004,1.0,112.0,2620.0,64.96,4.727387818712341,7.8713112033234065,1
LAKE,TELANGANA,2022,30.0,5.6,7.800000000000001,1438.5,26.0,9.52,176.0,811.5,7.272051110052231,3.295836866004329,2.3532782073095637,6.700115914203892,5.176149732573829,2.3664319132398464,780.0,37401.0,285.59999999999997,6.660575149839686,10.529479457908666,1
LAKE,TELANGANA,2022,26.5,0.3,7.449999999999999,1745.0,14.0,3.2,25.0,485.0,7.465082736399547,2.70805020110221,1.4350845252893227,6.186208623900494,3.258096538021482,0.5477225575051661,371.0,24430.0,84.80000000000001,5.918893854273146,10.103608096692797,1
LAKE,TELANGANA,2022,28.5,2.05,7.55,1476.5,15.0,6.61,30.5,445.0,7.298106749280254,2.772588722239781,2.0294631718735947,6.100318952020064,3.449987545831587,1.4317821063276353,427.5,22147.5,188.38500000000002,6.060290738037835,10.00552505308988,1
LAKE,TELANGANA,2022,26.5,2.65,7.85,1200.0,6.65,7.29,17.5,375.0,7.0909098220799835,2.0347056478384444,2.1150499691472033,5.929589143389895,2.917770732084279,1.6278820596099706,176.22500000000002,7980.0,193.185,5.177420111741081,8.984818995876008,1
LAKE,TELANGANA,2022,26.5,1.75,7.15,888.5,6.0,4.300000000000001,21.5,390.0,6.7906595071058895,1.9459101490553132,1.6677068205580763,5.968707559985366,3.1135153092103742,1.3228756555322954,159.0,5331.0,113.95000000000002,5.075173815233827,8.5814816812986,1
LAKE,TELANGANA,2022,26.5,2.05,7.5,894.0,15.6,5.66,39.5,485.0,6.796823718274855,2.8094026953624978,1.8961194845522977,6.186208623900494,3.7013019741124933,1.4317821063276353,413.4,13946.4,149.99,6.026831690945273,9.543048389950298,1
LAKE,TELANGANA,2022,23.5,2.15,7.6,936.5,8.5,4.46,19.0,283.0,6.843216757844566,2.2512917986064953,1.6974487897568136,5.648974238161206,2.995732273553991,1.466287829861518,199.75,7960.25,104.81,5.302060352826871,8.982341301685576,1
LAKE,TELANGANA,2022,26.5,2.85,7.6499999999999995,819.5,8.1,4.65,31.0,317.0,6.709913910530146,2.2082744135228043,1.7316555451583497,5.762051382780177,3.4657359027997265,1.6881943016134133,214.64999999999998,6637.95,123.22500000000001,5.373656723093852,8.800709097436092,1
LAKE,TELANGANA,2022,27.5,2.05,7.550000000000001,1301.0,8.5,5.76,51.0,355.0,7.171656822768514,2.2512917986064953,1.9110228900548727,5.87493073085203,3.9512437185814275,1.4317821063276353,233.75,11058.5,158.4,5.458521118088372,9.311045066097815,1
LAKE,TELANGANA,2022,25.0,2.1999999999999997,7.75,1626.0,5.6,4.21,25.0,390.0,7.394493107219038,1.8870696490323797,1.6505798557652755,5.968707559985366,3.258096538021482,1.4832396974191324,140.0,9105.599999999999,105.25,4.948759890378168,9.116754704345604,1
LAKE,TELANGANA,2022,27.5,1.95,7.4,1386.0,15.0,6.275,30.0,485.0,7.234898420314831,2.772588722239781,1.9844438130575563,6.186208623900494,3.4339872044851463,1.396424004376894,412.5,20790.0,172.5625,6.024657514463746,9.942275479743389,1
LAKE,TELANGANA,2022,26.0,0.75,7.449999999999999,1221.0,10.0,7.31,26.0,485.0,7.108244139731541,2.3978952727983707,2.1174596088673567,6.186208623900494,3.295836866004329,0.8660254037844386,260.0,12210.0,190.06,5.564520407322694,9.410092463833022,1
LAKE,TELANGANA,2022,28.5,1.7999999999999998,7.300000000000001,1087.5,13.5,4.25,40.0,485.0,6.992555880674602,2.6741486494265287,1.6582280766035324,6.186208623900494,3.713572066704308,1.3416407864998738,384.75,14681.25,121.125,5.95518949124327,9.594394560178666,1
LAKE,TELANGANA,2022,26.5,3.3000000000000003,7.25,711.5,3.0,3.45,16.5,390.0,6.568779912142806,1.3862943611198906,1.4929040961781488,5.968707559985366,2.8622008809294686,1.8165902124584952,79.5,2134.5,91.42500000000001,4.388257184424518,7.666456090281521,1
LAKE,TELANGANA,2022,25.5,6.199999999999999,7.5,684.5,2.8,11.095,6.0,34.0,6.530148499002369,1.33500106673234,2.4927921440619905,3.5553480614894135,1.9459101490553132,2.4899799195977463,71.39999999999999,1916.6,282.9225,4.282206299391671,7.558829683120175,1
LAKE,TELANGANA,2022,24.5,2.1999999999999997,8.05,1141.0,10.6,4.07,23.0,445.0,7.040536390215956,2.451005098112319,1.623340817603092,6.100318952020064,3.1780538303479458,1.4832396974191324,259.7,12094.6,99.715,5.563370320939456,9.400597029089461,1
LAKE,TELANGANA,2022,24.0,2.6999999999999997,7.85,832.5,3.1,3.55,17.5,445.0,6.725633702190849,1.410986973710262,1.5151272329628591,6.100318952020064,2.917770732084279,1.6431676725154982,74.4,2580.75,85.19999999999999,4.32280727501391,7.856222742551513,1
LAKE,TELANGANA,2022,28.5,2.1999999999999997,7.35,1655.5,10.5,8.0,24.5,445.0,7.4124622217399505,2.4423470353692043,2.1972245773362196,6.100318952020064,3.2386784521643803,1.4832396974191324,299.25,17382.75,228.0,5.704615460960093,9.76329114079282,1
LAKE,TELANGANA,2022,27.5,0.3,7.5,1180.5,11.0,8.02,34.0,975.0,7.074540096626962,2.4849066497880004,2.199444334074532,6.883462586413092,3.5553480614894135,0.5477225575051661,302.5,12985.5,220.54999999999998,5.715381610499553,9.471665635330444,1
LAKE,TELANGANA,2022,27.5,0.3,7.5,1364.5,13.0,5.5,31.0,485.0,7.21927594091376,2.6390573296152584,1.8718021769015913,6.186208623900494,3.4657359027997265,0.5477225575051661,357.5,17738.5,151.25,5.881928660039675,9.783549070573471,1
LAKE,TELANGANA,2022,28.5,1.8499999999999999,7.25,1548.0,10.5,12.32,41.0,635.0,7.3453648404168685,2.4423470353692043,2.589266665112243,6.455198563340122,3.7376696182833684,1.3601470508735443,299.25,16254.0,351.12,5.704615460960093,9.696155832738006,1
LAKE,TELANGANA,2022,27.0,1.45,7.4,1341.0,9.7,8.01,30.0,445.0,7.201916317531627,2.3702437414678603,2.1983350716202463,6.100318952020064,3.4339872044851463,1.2041594578792296,261.9,13007.699999999999,216.26999999999998,5.571773731735836,9.473373643377853,1
LAKE,TELANGANA,2022,27.0,1.8499999999999999,7.4,1056.0,12.0,4.7,19.0,1015.0,6.963189985870238,2.5649493574615367,1.7404661748405046,6.923628628138427,2.995732273553991,1.3601470508735443,324.0,12672.0,126.9,5.783825182329737,9.447229025082065,1
LAKE,TELANGANA,2022,27.5,0.75,7.35,1606.5,15.5,7.01,23.5,485.0,7.382435456111774,2.803360380906535,2.080690761080268,6.186208623900494,3.1986731175506815,0.8660254037844386,426.25,24900.75,192.775,6.0573693219957,10.122693361107695,1
LAKE,TELANGANA,2022,28.5,2.1999999999999997,8.05,1136.5,10.0,4.9,31.5,485.0,7.036588150825105,2.3978952727983707,1.7749523509116738,6.186208623900494,3.481240089335692,1.4832396974191324,285.0,11365.0,139.65,5.655991810819852,9.338381721857067,1
LAKE,TELANGANA,2022,28.5,4.1,7.95,1265.0,18.5,20.009999999999998,177.0,810.5,7.143617602704121,2.970414465569701,3.0449985148569088,6.698884386954646,5.181783550292085,2.0248456731316584,527.25,23402.5,570.285,6.2695696564961665,10.060640862810493,1
LAKE,TELANGANA,2022,26.0,3.05,8.0,649.5,3.55,6.66,11.5,238.5,6.47774129795256,1.5151272329628591,2.0360119837525,5.4785534168509695,2.5257286443082556,1.746424919657298,92.3,2305.725,173.16,4.535820107853298,7.743584048641185,1
LAKE,TELANGANA,2022,25.0,6.45,7.55,401.5,2.15,5.125,3.5,17.0,5.997695096858618,1.1474024528375417,1.8123787564307907,2.8903717578961645,1.5040773967762742,2.539685019840059,53.75,863.2249999999999,128.125,4.00277736869661,6.7618331515681875,1
LAKE,TELANGANA,2022,24.5,2.05,7.35,1101.0,10.1,5.609999999999999,23.0,445.0,7.004881989712859,2.4069451083182885,1.8885836538635947,6.100318952020064,3.1780538303479458,1.4317821063276353,247.45,11120.1,137.445,5.5152416180483295,9.316599483775537,1
LAKE,TELANGANA,2022,25.5,5.65,7.949999999999999,387.0,1.45,2.11,4.0,68.5,5.961005339623274,0.8960880245566356,1.1346227261911428,4.241326752570746,1.6094379124341003,2.3769728648009427,36.975,561.15,53.805,3.6369280484818365,6.331768718195769,1
LAKE,TELANGANA,2022,29.5,2.75,7.7,842.0,4.5,5.105,26.0,445.0,6.736966958001855,1.7047480922384253,1.809108107562668,6.100318952020064,3.295836866004329,1.6583123951777,132.75,3789.0,150.59750000000003,4.8959723857761155,8.240121298076472,1
LAKE,TELANGANA,2022,26.0,2.8,7.75,810.5,9.75,5.75,27.0,390.0,6.698884386954646,2.3749057545736716,1.9095425048844386,5.968707559985366,3.332204510175204,1.6733200530681511,253.5,7902.375,149.5,5.539300835990577,8.97504516241456,1
LAKE,TELANGANA,2022,28.0,1.95,7.199999999999999,1276.0,10.0,4.21,23.0,445.0,7.152268856032539,2.3978952727983707,1.6505798557652755,6.100318952020064,3.1780538303479458,1.396424004376894,280.0,12760.0,117.88,5.638354669333745,9.454148923733976,1
LAKE,TELANGANA,2022,25.0,6.050000000000001,7.9,233.0,3.0,1.5599999999999998,3.0,88.0,5.455321115357702,1.3862943611198906,0.940007258491471,4.48863636973214,1.3862943611198906,2.459674775249769,75.0,699.0,38.99999999999999,4.330733340286331,6.551080335043404,1
LAKE,TELANGANA,2022,26.5,3.15,7.949999999999999,727.5,7.5,6.11,17.5,244.0,6.590987625635259,2.1400661634962708,1.9615022438151495,5.501258210544727,2.917770732084279,1.7748239349298849,198.75,5456.25,161.91500000000002,5.297066584646384,8.604700278854471,1
LAKE,TELANGANA,2022,24.0,6.1,7.55,908.5,4.05,17.14,19.5,238.0,6.8128949979581765,1.6193882432872684,2.8981194446869907,5.476463551931511,3.0204248861443626,2.4698178070456938,97.19999999999999,3679.4249999999997,411.36,4.58700621536042,8.210783513625055,1
LAKE,TELANGANA,2022,25.0,2.55,7.6000000000000005,817.5,8.0,5.16,21.5,445.0,6.7074733968111895,2.1972245773362196,1.8180767775454285,6.100318952020064,3.1135153092103742,1.5968719422671311,200.0,6540.0,129.0,5.303304908059076,8.785845337961213,1
LAKE,TELANGANA,2022,26.5,0.75,7.4,1309.0,9.0,4.87,63.0,485.0,7.177782416195197,2.302585092994046,1.7698546338400052,6.186208623900494,4.1588830833596715,0.8660254037844386,238.5,11781.0,129.055,5.4785534168509695,9.374328222081633,1
LAKE,TELANGANA,2022,26.0,1.45,7.5,1684.5,7.0,7.16,23.0,445.0,7.4298175346741155,2.0794415416798357,2.0992441689760155,6.100318952020064,3.1780538303479458,1.2041594578792296,182.0,11791.5,186.16,5.209486152841421,9.375219015158416,1
LAKE,TELANGANA,2022,24.5,1.2999999999999998,7.800000000000001,1122.5,10.9,6.59,22.0,390.0,7.024204091625384,2.4765384001174837,2.0268315914075385,5.968707559985366,3.1354942159291497,1.1401754250991378,267.05,12235.25,161.45499999999998,5.591173530273546,9.41215813657564,1
LAKE,TELANGANA,2022,24.5,3.1,7.9,949.0,6.9,4.85,45.5,415.0,6.856461984594587,2.066862759472976,1.766441661243765,6.030685260261263,3.8394523125933104,1.760681686165901,169.05,6548.1,118.82499999999999,5.136092511453205,8.787082914608272,1
LAKE,TELANGANA,2022,26.0,1.25,7.699999999999999,1373.0,20.5,12.395000000000001,49.5,445.0,7.2254814727822945,3.068052935133617,2.594881502996572,6.100318952020064,3.9219733362813143,1.118033988749895,533.0,28146.5,322.27000000000004,6.280395838960195,10.245213819677286,1
LAKE,TELANGANA,2022,23.5,6.05,7.65,985.0,2.7,9.13,10.5,155.0,6.893656354602635,1.308332819650179,2.315501318260592,5.049856007249537,2.4423470353692043,2.4596747752497685,63.45,2659.5,214.555,4.165889729385197,7.886269354036424,1
LAKE,TELANGANA,2022,26.0,0.75,7.6499999999999995,1754.0,6.9,10.209999999999999,31.0,485.0,7.470224135899966,2.066862759472976,2.4168062370840686,6.186208623900494,3.4657359027997265,0.8660254037844386,179.4,12102.6,265.46,5.1951766076285235,9.401258207995495,1
LAKE,TELANGANA,2022,26.0,4.5,7.95,595.5,1.7000000000000002,3.6100000000000003,20.5,410.0,6.3910792415379705,0.9932517730102834,1.5282278570085572,6.018593214496234,3.068052935133617,2.1213203435596424,44.2,1012.3500000000001,93.86000000000001,3.8110970868381857,6.9210169529653225,1
LAKE,TELANGANA,2022,25.5,5.55,7.8,318.0,1.55,2.17,5.0,95.5,5.765191102784844,0.9360933591703349,1.1537315878891892,4.56954300834494,1.791759469228055,2.355843797877949,39.525,492.90000000000003,55.335,3.70191906762174,6.202333067546579,1
LAKE,TELANGANA,2022,26.0,0.3,7.4,1357.0,12.0,3.87,13.0,430.0,7.213768308118642,2.5649493574615367,1.5830939370944985,6.066108090103747,2.6390573296152584,0.5477225575051661,312.0,16284.0,100.62,5.746203190540153,9.697999717710333,1
LAKE,TELANGANA,2022,30.0,2.55,7.45,1051.0,4.8,5.65,27.0,445.0,6.9584483932976555,1.7578579175523736,1.8946168546677629,6.100318952020064,3.332204510175204,1.5968719422671311,144.0,5044.8,169.5,4.976733742420574,8.526311493060765,1
LAKE,TELANGANA,2022,27.5,2.0,7.35,1357.5,12.6,7.51,27.5,445.0,7.214136428866403,2.6100697927420065,2.1412419425852827,6.100318952020064,3.349904087274605,1.4142135623730951,346.5,17104.5,206.525,5.850764665004847,9.747155328203423,1
LAKE,TELANGANA,2022,29.5,1.2999999999999998,7.5,1277.0,5.5,6.475,26.5,485.0,7.15305163493748,1.8718021769015913,2.01156411927675,6.186208623900494,3.3141860046725258,1.1401754250991378,162.25,7023.5,191.0125,5.09528276815654,8.857159317291707,1
LAKE,TELANGANA,2022,26.5,1.15,7.3,1298.5,11.0,9.135,30.0,445.0,7.169734854081545,2.4849066497880004,2.3159947799039635,6.100318952020064,3.4339872044851463,1.0723805294763609,291.5,14283.5,242.0775,5.678464666671911,9.56693031230221,1
LAKE,TELANGANA,2022,23.0,1.2,7.8,587.5,10.5,1.44,13.0,315.0,6.377576926700331,2.4423470353692043,0.8919980393051105,5.755742213586912,2.6390573296152584,1.0954451150103321,241.5,6168.75,33.12,5.491001710377538,8.727413597439957,1
POND,TELANGANA,2022,27.5,1.75,7.45,1204.0,11.3,3.88,25.5,485.0,7.094234845924755,2.509599262378372,1.5851452198650557,6.186208623900494,3.2771447329921766,1.3228756555322954,310.75,13605.2,106.7,5.742201584560146,9.518280850194296,1
POND,TELANGANA,2022,26.0,0.3,7.2,1396.0,18.0,7.8,38.0,540.0,7.242082359256962,2.9444389791664403,2.174751721484161,6.293419278846481,3.6635616461296463,0.5477225575051661,468.0,25128.0,202.79999999999998,6.150602768446279,10.131777836669867,1
POND,TELANGANA,2022,26.5,5.0,8.2,805.5,2.7,1.5599999999999998,13.5,131.5,6.692703897565264,1.308332819650179,0.940007258491471,4.886582645426277,2.6741486494265287,2.23606797749979,71.55000000000001,2174.8500000000004,41.339999999999996,4.284275979330197,7.685174671776259,1
POND,TELANGANA,2022,28.0,0.3,7.6,1024.0,4.5,7.2,33.0,1060.0,6.932447891572509,1.7047480922384253,2.1041341542702074,6.966967138613983,3.5263605246161616,0.5477225575051661,126.0,4608.0,201.6,4.844187086458591,8.435766192720509,1
POND,TELANGANA,2022,27.5,3.0,7.449999999999999,819.5,7.0,4.41,21.5,390.0,6.709913910530146,2.0794415416798357,1.6882490928583902,5.968707559985366,3.1135153092103742,1.7320508075688772,192.5,5736.5,121.275,5.2652775124698366,8.6547788543688,1
POND,TELANGANA,2022,29.5,1.75,7.699999999999999,1806.5,14.5,9.115,32.0,675.0,7.49969995403292,2.740840023925201,2.314019470619709,6.516193076042964,3.4965075614664802,1.3228756555322954,427.75,26194.25,268.8925,6.06087399848015,10.173333375602848,1
POND,TELANGANA,2022,25.0,0.9,7.4,1362.0,20.0,6.915,24.5,485.0,7.217443431696533,3.044522437723423,2.0687596933329755,6.186208623900494,3.2386784521643803,0.9486832980505138,500.0,27240.0,172.875,6.2166061010848646,10.212478470309156,1
POND,TELANGANA,2022,27.0,2.3,7.6,1140.5,10.8,2.91,23.0,445.0,7.04009846596985,2.468099531471619,1.3635373739972745,6.100318952020064,3.1780538303479458,1.51657508881031,291.6,12317.400000000001,78.57000000000001,5.678806488586024,9.418849358523785,1
POND,TELANGANA,2022,25.0,2.6,8.3,460.0,2.3,1.06,2.0,39.0,6.133398042996649,1.1939224684724346,0.7227059828014898,3.6888794541139363,1.0986122886681098,1.61245154965971,57.49999999999999,1058.0,26.5,4.069026754237811,6.9650803456014065,1
POND,TELANGANA,2022,26.0,2.4,7.6000000000000005,1284.0,6.5,13.12,22.0,485.0,7.158513997329321,2.0149030205422647,2.647592232065096,6.186208623900494,3.1354942159291497,1.5491933384829668,169.0,8346.0,341.12,5.135798437050262,9.029657471850737,1
POND,TELANGANA,2022,28.5,1.9,7.449999999999999,1374.5,12.5,4.5,23.5,410.0,7.226572580364629,2.6026896854443837,1.7047480922384253,6.018593214496234,3.1986731175506815,1.378404875209022,356.25,17181.25,128.25,5.878435816809977,9.751632153202731,1
POND,TELANGANA,2022,25.0,3.7,7.85,705.5,5.05,4.3999999999999995,21.0,410.0,6.560323202124582,1.80005827204275,1.6863989535702286,6.018593214496234,3.091042453358316,1.9235384061671346,126.25,3562.775,109.99999999999999,4.846153655430632,8.178575655284703,1
POND,TELANGANA,2022,29.5,0.3,7.2,2692.5,9.0,9.65,27.0,540.0,7.8985967421205885,2.302585092994046,2.365559892155434,6.293419278846481,3.332204510175204,0.5477225575051661,265.5,24232.5,284.675,5.585374243605899,10.095491252408943,1
POND,TELANGANA,2022,28.0,1.75,7.300000000000001,1350.5,13.4,4.7,27.0,485.0,7.208970365716502,2.667228206581955,1.7404661748405046,6.186208623900494,3.332204510175204,1.3228756555322954,375.2,18096.7,131.6,5.9301209168669295,9.803540137356405,1
POND,TELANGANA,2022,26.5,2.05,7.9,1734.5,17.4,9.48,30.5,675.0,7.4590508353018405,2.91235066461494,2.349468678892896,6.516193076042964,3.449987545831587,1.4317821063276353,461.09999999999997,30180.3,251.22,6.135781317876221,10.314977806278172,1
POND,TELANGANA,2022,27.5,0.75,7.55,1620.0,16.0,6.0,40.0,445.0,7.390798521735676,2.833213344056216,1.9459101490553132,6.100318952020064,3.713572066704308,0.8660254037844386,440.0,25920.0,165.0,6.089044875446846,10.162808729968926,1
POND,TELANGANA,2022,29.5,2.25,7.4,1874.5,6.1,10.11,29.5,600.0,7.536630569521942,1.9600947840472698,2.4078456036515385,6.398594934535208,3.417726683613366,1.5,179.95,11434.449999999999,298.245,5.198220750009751,9.344473458546592,1
POND,TELANGANA,2022,29.0,1.8499999999999999,7.699999999999999,1340.5,15.5,6.72,27.0,445.0,7.2015436698656785,2.803360380906535,2.0438143640366846,6.100318952020064,3.332204510175204,1.3601470508735443,449.5,20777.75,194.88,6.110358077048392,9.94168610884967,1
POND,TELANGANA,2022,27.5,2.55,7.4,1245.5,20.0,3.0,30.0,445.0,7.128094902963612,3.044522437723423,1.3862943611198906,6.100318952020064,3.4339872044851463,1.5968719422671311,550.0,24910.0,82.5,6.311734809152915,10.123064751970729,1
POND,TELANGANA,2022,26.5,1.25,7.4,1309.5,14.0,6.09,30.5,485.0,7.178164022763461,2.70805020110221,1.958685340544036,6.186208623900494,3.449987545831587,1.118033988749895,371.0,18333.0,161.385,5.918893854273146,9.816512538521721,1
POND,TELANGANA,2022,27.0,1.45,7.65,1014.5,8.0,3.01,63.0,445.0,6.92313638102044,2.1972245773362196,1.3887912413184778,6.100318952020064,4.1588830833596715,1.2041594578792296,216.0,8116.0,81.27,5.37989735354046,9.001715906761175,1
POND,TELANGANA,2022,26.0,5.45,7.65,1441.5,4.6,10.71,7.5,50.5,7.274132998382255,1.7227665977411035,2.460443177609626,3.9415818076696905,2.1400661634962708,2.3345235059857505,119.6,6630.9,278.46000000000004,4.792479284293085,8.79964661829373,1
POND,TELANGANA,2022,27.0,4.5,7.699999999999999,495.5,1.5,1.92,17.5,390.0,6.2075834834852275,0.9162907318741551,1.0715836162801904,5.968707559985366,2.917770732084279,2.1213203435596424,40.5,743.25,51.839999999999996,3.7256934272366524,6.6123769998958855,1
POND,TELANGANA,2022,24.5,3.7,7.6000000000000005,650.5,7.6,6.94,24.5,380.0,6.4792773965649,2.151762203259462,2.0719132752590443,5.942799375126701,3.2386784521643803,1.9235384061671346,186.2,4943.8,170.03,5.232177564043492,8.506091798345064,1
POND,TELANGANA,2022,27.0,1.25,7.4,1160.5,8.0,5.915000000000001,26.0,445.0,7.057467552210464,2.1972245773362196,1.9336929651167216,6.100318952020064,3.295836866004329,1.118033988749895,216.0,9284.0,159.705,5.37989735354046,9.136155473786806,1
POND,TELANGANA,2022,26.0,3.5,7.9,605.0,3.0,2.2,48.0,108.0,6.406879986069314,1.3862943611198906,1.1631508098056809,4.6913478822291435,3.8918202981106265,1.8708286933869707,78.0,1815.0,57.2,4.3694478524670215,7.504391559161238,1
TANK,TELANGANA,2022,24.0,5.4,7.75,1357.0,5.55,19.18,10.0,70.0,7.213768308118642,1.8794650496471605,3.004692014925463,4.2626798770413155,2.3978952727983707,2.32379000772445,133.2,7531.349999999999,460.32,4.8993312245375815,8.926962357098907,1
TANK,TELANGANA,2022,29.0,0.7000000000000001,7.7,1677.5,10.8,5.85,32.5,635.0,7.42565581642009,2.468099531471619,1.9242486522741338,6.455198563340122,3.5115454388310208,0.8366600265340756,313.20000000000005,18117.0,169.64999999999998,5.750029725821521,9.804661198229233,1
TANK,TELANGANA,2022,27.0,1.95,7.7,1153.5,14.9,2.7,29.0,375.0,7.05142262879455,2.766319109226186,1.308332819650179,5.929589143389895,3.4011973816621555,1.396424004376894,402.3,17187.15,72.9,5.999680701879322,9.751975471875657,1
TANK,TELANGANA,2022,25.0,6.0,7.65,1786.0,3.9,15.69,7.5,84.0,7.488293515159428,1.589235205116581,2.8148097376737438,4.442651256490317,2.1400661634962708,2.449489742783178,97.5,6965.4,392.25,4.590056548178043,8.848853871040228,1
TANK,TELANGANA,2022,26.5,5.95,8.1,411.0,1.4,1.33,4.0,75.5,6.021023349349527,0.8754687373538999,0.8458682675776092,4.33729074083249,1.6094379124341003,2.4392621835300936,37.099999999999994,575.4,35.245000000000005,3.6402142821326553,6.356801864125367,1
TANK,TELANGANA,2022,24.5,5.9,7.7,1425.0,2.95,9.61,9.0,59.5,7.262628600974241,1.3737155789130306,2.3617969526258915,4.102643365036796,2.302585092994046,2.4289915602982237,72.275,4203.75,235.445,4.2942194865969565,8.343970117607542,1
TANK,TELANGANA,2022,27.5,5.050000000000001,7.25,3800.0,13.3,28.25,9.5,106.0,8.24301946898925,2.6602595372658615,3.3758795736778655,4.672828834461906,2.3513752571634776,2.247220505424423,365.75,50540.0,776.875,5.904680417023091,10.830540167054314,1
TANK,TELANGANA,2022,22.0,5.75,7.15,1842.5,6.45,18.205,6.5,105.0,7.519421217674199,2.0082140323914683,2.955170661797868,4.663439094112067,2.0149030205422647,2.3979157616563596,141.9,11884.125,400.51,4.9621450849358215,9.383042897197969,1
TANK,TELANGANA,2022,24.0,5.15,7.15,3840.0,9.3,28.25,12.5,114.5,8.253488028345904,2.33214389523559,3.3758795736778655,4.749270529961848,2.6026896854443837,2.2693611435820435,223.20000000000002,35712.0,678.0,5.4125385106380595,10.483270047141055,1
TANK,TELANGANA,2022,22.0,5.4,7.25,3000.0,6.0,23.3,4.5,47.0,8.006700845440367,1.9459101490553132,3.190476350346503,3.871201010907891,1.7047480922384253,2.32379000772445,132.0,18000.0,512.6,4.890349128221754,9.798182590890704,1
TANK,TELANGANA,2022,26.5,5.25,7.449999999999999,3840.0,7.5,19.720000000000002,6.5,95.0,8.253488028345904,2.1400661634962708,3.0310994173912826,4.564348191467836,2.0149030205422647,2.29128784747792,198.75,28800.0,522.58,5.297066584646384,10.268165387743457,1
TANK,TELANGANA,2022,22.0,5.55,7.1,2309.0,5.0,20.16,9.0,44.0,7.745002803515839,1.791759469228055,3.052112606990099,3.8066624897703196,2.302585092994046,2.355843797877949,110.0,11545.0,443.52,4.709530201312334,9.354094335620879,1
TANK,TELANGANA,2022,25.0,5.95,7.85,1656.5,4.5,13.254999999999999,10.0,63.0,7.413065722060018,1.7047480922384253,2.657107722364635,4.1588830833596715,2.3978952727983707,2.4392621835300936,112.5,7454.25,331.375,4.7318028369214575,8.916673761177146,1
TANK,TELANGANA,2022,27.5,0.65,7.6,1176.5,10.0,8.15,65.5,445.0,7.071148825890573,2.3978952727983707,2.21375387928743,6.100318952020064,4.197201947661808,0.806225774829855,275.0,11765.0,224.125,5.62040086571715,9.3729692954244,1
TANK,TELANGANA,2022,30.0,1.7,7.45,1342.5,10.8,6.0649999999999995,24.0,445.0,7.203033428055546,2.468099531471619,1.9551530161364907,6.100318952020064,3.2188758248682006,1.3038404810405297,324.0,14499.000000000002,181.95,5.783825182329737,9.581903928408666,1
TANK,TELANGANA,2022,23.5,5.8,7.550000000000001,1044.0,3.45,17.15,7.0,105.0,6.951772164398911,1.4929040961781488,2.8986705607108596,4.663439094112067,2.0794415416798357,2.4083189157584592,81.075,3601.8,403.025,4.407633463387657,8.189466599909588,1
TANK,TELANGANA,2022,26.5,0.3,7.55,3383.0,10.0,10.9,62.0,730.0,8.126813720726114,2.3978952727983707,2.4765384001174837,6.594413459749778,4.143134726391533,0.5477225575051661,265.0,33830.0,288.85,5.583496308781699,10.429132820900398,1
TANK,TELANGANA,2022,24.0,6.199999999999999,7.9,1328.5,3.55,8.115,7.5,39.0,7.1925582106830745,1.5151272329628591,2.209921408130626,3.6888794541139363,2.1400661634962708,2.4899799195977463,85.19999999999999,4716.175,194.76,4.456670177669647,8.45896538244768,1
TANK,TELANGANA,2022,26.0,4.5,8.1,1077.0,3.1,5.46,21.5,301.5,6.982862751468942,1.410986973710262,1.8656293177945105,5.7120812774708964,3.1135153092103742,2.1213203435596424,80.60000000000001,3338.7000000000003,141.96,4.401829261970062,8.113636261577374,1
TANK,TELANGANA,2022,27.5,1.05,7.6499999999999995,1294.5,7.0,5.135000000000001,36.0,445.0,7.1666520000021645,2.0794415416798357,1.814010078162875,6.100318952020064,3.6109179126442243,1.02469507659596,192.5,9061.5,141.2125,5.2652775124698366,9.11190029916293,1
TANK,TELANGANA,2022,25.0,5.9,7.75,1559.5,3.6,14.605,6.5,49.0,7.352761561710834,1.5260563034950492,2.7475913757227426,3.912023005428146,2.0149030205422647,2.4289915602982237,90.0,5614.2,365.125,4.51085950651685,8.633232485416212,1
TANK,TELANGANA,2022,18.5,5.9,7.800000000000001,1148.0,3.75,14.64,7.0,54.0,7.046647277848756,1.55814461804655,2.7498317351171653,4.007333185232471,2.0794415416798357,2.4289915602982237,69.375,4305.0,270.84000000000003,4.253838086459854,8.367764677924308,1
TANK,TELANGANA,2022,29.5,2.75,7.8,1822.5,47.9,5.9399999999999995,27.0,445.0,7.508513010248735,3.8897773964808264,1.937301774518713,6.100318952020064,3.332204510175204,1.6583123951777,1413.05,87297.75,175.23,7.254213206510269,11.37709142328303,1
TANK,TELANGANA,2022,29.5,2.05,7.25,808.0,12.8,4.195,27.0,380.0,6.695798917058491,2.624668592163159,1.6476966245511908,5.942799375126701,3.332204510175204,1.4317821063276353,377.6,10342.400000000001,123.75250000000001,5.936480238775222,9.244103914128988,1
TANK,TELANGANA,2022,27.5,2.05,7.85,1669.0,10.3,6.959999999999999,17.5,975.0,7.4205789054108005,2.424802725718295,2.0744289998562917,6.883462586413092,2.917770732084279,1.4317821063276353,283.25,17190.7,191.39999999999998,5.6498541326306455,9.75218198819336,1
TANK,TELANGANA,2022,24.5,5.45,7.7,2579.5,6.5,15.16,8.0,56.0,7.855738457588782,2.0149030205422647,2.7825390530929495,4.04305126783455,2.1972245773362196,2.3345235059857505,159.25,16766.75,371.42,5.076735095800779,9.727212677658478,1
TANK,TELANGANA,2022,20.0,6.300000000000001,7.550000000000001,989.5,3.5500000000000003,7.59,11.5,48.0,6.898209866138606,1.5151272329628591,2.150598735996164,3.8918202981106265,2.5257286443082556,2.5099800796022267,71.0,3512.7250000000004,151.8,4.276666119016055,8.164432007289703,1
TANK,TELANGANA,2022,26.5,5.5,7.9,713.5,6.05,3.17,2.0,151.0,6.571582997369922,1.9530276168241774,1.4279160358107101,5.0238805208462765,1.0986122886681098,2.345207879911715,160.325,4316.675,84.005,5.0834209638219034,8.370472341915097,1
TANK,TELANGANA,2022,26.5,5.1,8.05,522.0,2.0,2.09,9.5,129.5,6.259581464064923,1.0986122886681098,1.128171090909654,4.871373226762748,2.3513752571634776,2.258317958127243,53.0,1044.0,55.385,3.9889840465642745,6.951772164398911,1
LAKE,TRIPURA,2022,25.0,6.15,7.550000000000001,157.5,1.4500000000000002,1.15,42.5,160.0,5.065754593317335,0.8960880245566357,0.7654678421395714,5.081404364984463,3.7727609380946383,2.479919353527449,36.25000000000001,228.37500000000003,28.749999999999996,3.617651944825569,5.435358218808835,1
LAKE,TRIPURA,2022,25.0,5.7,7.1,164.5,1.5,6.8,50.5,185.0,5.1089711948171175,0.9162907318741551,2.0541237336955462,5.225746673713202,3.9415818076696905,2.3874672772626644,37.5,246.75,170.0,3.6506582412937387,5.5124201732100975,1
LAKE,TRIPURA,2022,25.5,5.85,7.3,160.5,1.4500000000000002,1.2999999999999998,42.5,180.0,5.084505142662711,0.8960880245566357,0.8329091229351039,5.198497031265826,3.7727609380946383,2.4186773244895647,36.975,232.72500000000002,33.15,3.6369280484818365,5.454145210577379,1
LAKE,TRIPURA,2022,25.0,6.15,7.35,166.5,1.4,1.4,44.5,180.0,5.120983351265121,0.8754687373538999,0.8754687373538999,5.198497031265826,3.817712325956905,2.479919353527449,35.0,233.1,35.0,3.58351893845611,5.455748374496865,1
LAKE,TRIPURA,2022,25.0,5.7,7.45,169.5,1.5499999999999998,1.25,47.5,200.0,5.1387352967235715,0.9360933591703348,0.8109302162163288,5.303304908059076,3.8815637979434374,2.3874672772626644,38.74999999999999,262.72499999999997,31.25,3.6826098411003407,5.5749068935678725,1
LAKE,TRIPURA,2022,25.0,5.9,7.2,169.5,1.5,1.4,47.0,185.0,5.1387352967235715,0.9162907318741551,0.8754687373538999,5.225746673713202,3.871201010907891,2.4289915602982237,37.5,254.25,35.0,3.6506582412937387,5.5422434570447745,1
LAKE,TRIPURA,2022,25.0,5.949999999999999,7.4,166.0,1.7000000000000002,1.7999999999999998,62.5,250.0,5.117993812416755,0.9932517730102834,1.0296194171811581,5.5254529391317835,4.151039905898646,2.4392621835300936,42.50000000000001,282.20000000000005,44.99999999999999,3.7727609380946387,5.6461533618195645,1
LAKE,TRIPURA,2022,25.0,6.0,7.550000000000001,158.5,1.65,1.7,55.5,205.0,5.072043922224899,0.9745596399981308,0.9932517730102833,5.327876168789581,4.034240638152395,2.449489742783178,41.25,261.525,42.5,3.7436043538031827,5.570346315592057,1
POND,TRIPURA,2022,25.5,5.8,7.550000000000001,162.0,1.65,1.4,36.5,160.0,5.093750200806762,0.9745596399981308,0.8754687373538999,5.081404364984463,3.624340932976365,2.4083189157584592,42.074999999999996,267.3,35.699999999999996,3.7629427824139934,5.592105757431579,1
POND,TRIPURA,2022,25.0,6.1,7.5,164.5,1.5,1.25,40.0,195.0,5.1089711948171175,0.9162907318741551,0.8109302162163288,5.278114659230517,3.713572066704308,2.4698178070456938,37.5,246.75,31.25,3.6506582412937387,5.5124201732100975,1
POND,TRIPURA,2022,25.0,6.1,7.449999999999999,163.5,1.5499999999999998,1.45,44.5,180.0,5.1029105702054265,0.9360933591703348,0.8960880245566356,5.198497031265826,3.817712325956905,2.4698178070456938,38.74999999999999,253.42499999999998,36.25,3.6826098411003407,5.539006097077995,1
POND,TRIPURA,2022,24.5,5.85,7.4,182.0,1.65,1.5999999999999999,37.0,165.0,5.209486152841421,0.9745596399981308,0.9555114450274363,5.111987788356544,3.6375861597263857,2.4186773244895647,40.425,300.3,39.199999999999996,3.7238845633126267,5.708106446136256,1
POND,TRIPURA,2022,25.5,6.0,7.5,166.0,1.7999999999999998,1.75,48.0,215.0,5.117993812416755,1.0296194171811581,1.0116009116784799,5.375278407684165,3.8918202981106265,2.449489742783178,45.9,298.79999999999995,44.625,3.8480176754522337,5.703115585668497,1
POND,TRIPURA,2022,25.5,6.050000000000001,7.449999999999999,165.0,1.6500000000000001,1.5499999999999998,41.5,175.0,5.111987788356544,0.9745596399981309,0.9360933591703348,5.170483995038151,3.7495040759303713,2.459674775249769,42.075,272.25,39.525,3.7629427824139934,5.610387127056648,1
POND,TRIPURA,2022,25.5,5.65,7.4,160.5,1.4500000000000002,1.4500000000000002,44.5,180.0,5.084505142662711,0.8960880245566357,0.8960880245566357,5.198497031265826,3.817712325956905,2.3769728648009427,36.975,232.72500000000002,36.975,3.6369280484818365,5.454145210577379,1
POND,TRIPURA,2022,24.5,6.05,7.35,154.5,1.5499999999999998,1.45,47.0,175.0,5.0466457316192885,0.9360933591703348,0.8960880245566356,5.170483995038151,3.871201010907891,2.4596747752497685,37.974999999999994,239.47499999999997,35.525,3.66292041494384,5.482616134038679,1
POND,TRIPURA,2022,26.0,4.15,7.7,185.0,4.35,2.65,66.0,285.0,5.225746673713202,1.6770965609079151,1.2947271675944,5.655991810819852,4.204692619390966,2.0371548787463363,113.1,804.7499999999999,68.89999999999999,4.73707525686803,6.691773520695547,1
POND,TRIPURA,2022,25.0,5.800000000000001,7.3,180.0,1.6500000000000001,1.5,39.5,167.0,5.198497031265826,0.9745596399981309,0.9162907318741551,5.123963979403259,3.7013019741124933,2.4083189157584592,41.25,297.0,37.5,3.7436043538031827,5.697093486505405,1
LAKE,UTTAR PRADESH,2022,21.0,7.95,8.0,2496.0,5.0,1.745,22900.0,48000.0,7.822845290279774,1.791759469228055,1.009781074961494,10.778977123006351,10.038935856711177,2.819574435974337,105.0,12480.0,36.645,4.663439094112067,9.431962766918454,1
LAKE,UTTAR PRADESH,2022,24.5,6.55,8.05,411.0,4.6,0.88,3750.0,6650.0,6.021023349349527,1.7227665977411035,0.6312717768418579,8.802522498284421,8.229777750081887,2.5592967784139455,112.69999999999999,1890.6,21.56,4.73356340075649,7.545178310769721,1
LAKE,UTTARAKHAND,2022,14.5,9.0,7.699999999999999,205.0,1.5,0.36,91.5,165.0,5.327876168789581,0.9162907318741551,0.3074846997479606,5.111987788356544,4.52720864451838,3.0,21.75,307.5,5.22,3.1245651453969594,5.731721843345443,1
LAKE,UTTARAKHAND,2022,14.0,9.3,7.699999999999999,385.0,1.6,0.36,112.0,215.0,5.955837369464831,0.9555114450274363,0.3074846997479606,5.375278407684165,4.727387818712341,3.0495901363953815,22.400000000000002,616.0,5.04,3.152736022363656,6.424869023905388,1
LAKE,WEST BENGAL,2022,25.5,8.15,7.449999999999999,160.5,1.45,0.46499999999999997,1850.0,2350.0,5.084505142662711,0.8960880245566356,0.3818552424690306,7.762596048540069,7.523481312573497,2.8548204847240397,36.975,232.725,11.8575,3.6369280484818365,5.454145210577379,1
LAKE,WEST BENGAL,2022,27.5,8.5,8.35,604.5,8.9,0.615,14650.0,47650.0,6.406054562993147,2.2925347571405443,0.47933495667461984,10.771658895221004,9.592263871501313,2.9154759474226504,244.75,5380.05,16.9125,5.504314759027276,8.590638801399418,1
LAKE,WEST BENGAL,2022,27.0,9.15,8.35,613.0,23.3,0.9,65600.0,121650.0,6.419994928147142,3.190476350346503,0.6418538861723948,11.708911568482034,11.091346218718432,3.024896692450835,629.1,14282.9,24.3,6.44587853694801,9.566888307849732,1
LAKE,WEST BENGAL,2022,14.0,7.7,7.35,57.5,1.4,0.3,701.0,1651.0,4.069026754237811,0.8754687373538999,0.262364264467491,7.409741954080923,6.553933404025811,2.7748873851023217,19.599999999999998,80.5,4.2,3.0252910757955354,4.400603020246817,1
LAKE,WEST BENGAL,2022,22.5,7.75,7.5,46.5,2.0,0.905,7200.0,17500.0,3.8607297110405954,1.0986122886681098,0.6444820085786643,9.770013301136158,8.881975184248867,2.7838821814150108,45.0,93.0,20.3625,3.828641396489095,4.543294782270004,1
LAKE,WEST BENGAL,2022,25.0,7.0,7.050000000000001,88.0,1.9,2.4099999999999997,3900.0,26300.0,4.48863636973214,1.0647107369924282,1.2267122912954254,10.177362240256695,8.268988209506656,2.6457513110645907,47.5,167.2,60.24999999999999,3.8815637979434374,5.125153747538848,1
LAKE,WEST BENGAL,2022,27.0,8.85,8.15,618.5,9.35,0.44999999999999996,85650.0,176050.0,6.428912701069197,2.336986519711378,0.371563556432483,12.078529004771553,11.358036179107343,2.9748949561287032,252.45,5782.974999999999,12.149999999999999,5.535166564918359,8.662846441560934,1
LAKE,WEST BENGAL,2022,15.0,6.75,7.2,112.0,3.25,2.9299999999999997,4150.0,9350.0,4.727387818712341,1.4469189829363254,1.3686394258811698,9.143238568435446,8.33110454805304,2.598076211353316,48.75,364.0,43.949999999999996,3.907010463604602,5.8998973535824915,1
LAKE,WEST BENGAL,2022,27.0,7.95,7.75,307.5,3.5,0.64,560.0,1700.0,5.731721843345443,1.5040773967762742,0.49469624183610705,7.438971592395862,6.329720905522696,2.819574435974337,94.5,1076.25,17.28,4.5591262474866845,6.982166776495947,1
LAKE,WEST BENGAL,2022,28.0,9.6,7.4,283.0,3.55,0.68,2900.0,6550.0,5.648974238161206,1.5151272329628591,0.5187937934151675,8.787372988731876,7.972810784121404,3.0983866769659336,99.39999999999999,1004.65,19.040000000000003,4.609162207257628,6.91338937759923,1
LAKE,WEST BENGAL,2022,14.0,8.0,7.4,31.5,1.4,0.715,116.0,820.0,3.481240089335692,0.8754687373538999,0.5394130806179033,6.710523109452428,4.762173934797756,2.8284271247461903,19.599999999999998,44.099999999999994,10.01,3.0252910757955354,3.8088822465086327,1
LAKE,WEST BENGAL,2022,27.0,7.35,7.75,387.5,3.75,0.8300000000000001,1500.0,2400.0,5.962293169807702,1.55814461804655,0.6043159668533296,7.783640596221253,7.313886831633462,2.711088342345192,101.25,1453.125,22.410000000000004,4.627420794922911,7.282159624136931,1
LAKE,WEST BENGAL,2022,17.0,7.75,7.35,28.5,1.1,0.735,1685.0,5570.0,3.3843902633457743,0.7419373447293773,0.5510074133988225,8.625329850020815,7.430114138561801,2.7838821814150108,18.700000000000003,31.35,12.495,2.980618635743943,3.4766140209469096,1
LAKE,WEST BENGAL,2022,14.0,7.25,7.25,56.5,1.8,0.745,2530.0,5555.0,4.051784947803305,1.0296194171811581,0.5567545556543905,8.622633703874234,7.836369760545124,2.692582403567252,25.2,101.7,10.43,3.265759410767051,4.631812116934513,1
