STN Code,Name of Monitoring Location,Type Water Body,State Name,Min Temperature,Max Temperature,Min Dissolved Oxygen,Max Dissolved Oxygen,Min pH,Max pH,Min Conductivity,Max Conductivity,Min BOD,Max BOD,Min Nitrate N + Nitrite N,Max Nitrate N + Nitrite N,Min Fecal Coliform,Max Fecal Coliform,Min Total Coliform,Max Total Coliform,Year
1790,"PULICATE LAKE , NELLORE 
DIST.",LAKE,"ANDHRA 
PRADESH",27,28,5.1,6.9,7.1,8.5,3270,156600,1,2.3,0.65,6.9,2,2,800,1600,2017
2353,"KONDACHARLA-AAVA LAKE, 
PARAWADA PHARMA CITY, 
VISHAKHAPATNAM, A.P",LAKE,"ANDHRA 
PRADESH",24,28,5.9,6.8,6.9,8.4,597,1034,1.3,2.3,1.16,3.36,11,29,350,2400,2017
2205,"MER BEEL AT MADHABPUR, 
ASSAM",LAKE,ASSAM,20,27,2.2,7.2,5.7,7,50,128,1,16.2,0.1,1.7,300,2000,360,6400,2017
2206,"DALONI BEEL NEAR 
JOGIGHOPA, ASSAM",LAKE,ASSAM,22,36,5.1,6,6.6,7.8,54,153,0.9,2.8,0.1,1.4,300,1200,300,5300,2017
1263,"ELANGABEEL SYSTEM POND 
(CONNECTED TO R. KOLANG), 
ASSAM",POND,ASSAM,22,34,0.7,4.6,6.8,8.4,263,972,4.5,14.7,0.8,5.7,1100,3500,730,21000,2017
2207,"BOR BEEL AT JAKAI., ASSAM",POND,ASSAM,20,35,3.5,6.8,6.1,7.3,26,235,2.2,18.1,0.5,1.9,300,2100,360,29000,2017
2208,"BORPUKHURI, NAZIRA, ASSAM",POND,ASSAM,18,31,5,7.3,5.8,7.6,25,38,2,3.2,0.1,2.5,360,1500,300,15000,2017
2209,"GAURISAGAR TANK, 
GAURISAGAR, ASSAM",POND,ASSAM,20,32,5.2,8.1,5.6,7.8,23,38,1.9,4.1,0.1,1.7,360,2800,360,21000,2017
2210,"RAJMAW PUKHURI, JORHAT, 
ASSAM",POND,ASSAM,21,32,5.1,6.5,6.7,7.4,45,81,1.1,4.8,0.1,1.9,300,1500,300,4400,2017
2211,"PADUMPUKHURI, TEZPUR, 
ASSAM",POND,ASSAM,22,30,7.2,8.3,7.1,9.1,195,264,3.8,12.7,0.9,3.4,300,720,300,4400,2017
2212,"GOPHUR TANK, GOPHUR, 
ASSAM",POND,ASSAM,20,30,7.4,9.2,6.8,7.8,64,92,2.8,6.2,0.2,1.2,360,2000,360,3600,2017
2213,"JAIPAL PUKHURI, SIPAJHAR, 
ASSAM",POND,ASSAM,20,31,7,8.3,7.2,8.8,26,246,4.5,18.8,0.7,2.1,300,910,360,1500,2017
2214,"BOTODRIVA SATRA POND, 
NAGAON, ASSAM",POND,ASSAM,23,38,2.6,8,6.1,7.2,26,44,3.3,18.9,0.2,1.3,300,2000,910,4400,2017
2215,"SARAN BEEL, ASSAM",POND,ASSAM,23,34,1.2,5.9,5.9,7.8,8,79,1.2,4.8,0.5,1.7,300,2100,910,29000,2017
2216,"DIGHALI PUKHURI, 
GUWAHATI, ASSAM",POND,ASSAM,23,32,6.4,10.5,7.7,9.2,153,220,3,15.5,0.8,2.9,300,1500,360,4400,2017
2217,"SUBHAGYA KUNDA POND 
KAMAKHYA TEMPLE, 
GUWAHATI, ASSAM",POND,ASSAM,19,31,3.7,9.9,6.7,7.9,282,417,2.8,6.2,1.6,3,700,21000,360,240000,2017
2218,"DEEPAR BEEL AT BORAGAON 
NEAR IASST, GUWAHATI, 
ASSAM",POND,ASSAM,21,31,4.5,12.4,6.2,9.6,122,313,2.4,7.2,0.7,18.72,300,2000,730,3600,2017
2219,"BISHNU PUSKAR PUKHURI OF 
HAYAGRIB MADHAB TEMPLE, 
HAJO, ASSAM",POND,ASSAM,22,34,1.9,15.1,6.6,8.5,190,237,4.2,14.2,0.7,1.8,300,1500,910,21000,2017
2220,"CHAND DUBI BEEL, CHAND 
DUBI, ASSAM",POND,ASSAM,22,34,5.2,8.5,5.5,7.3,26,48,1.6,2.9,0.7,4.5,300,730,360,2700,2017
2221,"GANGA PUKHURI, NALBARI 
(GORDON SCHOOL), ASSAM",POND,ASSAM,23,35,3.9,10.8,6.7,7.8,50,176,2.2,4.8,0.3,1.4,300,2700,300,12000,2017
2222,"RAJADINIA PUKHURI AT 
ABHAYAPURI, ASSAM",POND,ASSAM,23,36,4.5,5.7,6.1,7.9,24,28,1,7.6,0.1,1.4,300,730,360,2400,2017
2223,"MAHAMAYA MANDIR 
PUKHURI, ASSAM",POND,ASSAM,22,35,4.7,5.9,6.4,7.6,27,58,1.4,6.1,1,4.1,300,3500,360,4400,2017
2224,"RAJAPUKHURI AT GAURIPUR, 
ASSAM",POND,ASSAM,23,36,4.6,5.7,6.7,7.4,31,94,1.1,7.9,0.8,5.1,300,2000,360,15000,2017
2225,"BASKANDI POND INSIDE THE 
BASKANDI MADRASA, 
BASKANDI, ASSAM",POND,ASSAM,22,27,4.7,5.8,6.7,7.6,63,136,2.8,8.1,0.2,1.4,300,1500,300,110000,2017
2226,"SIVASAGAR TANK 
(BORPUKHURI) NEAR 
SIVADOL, ASSAM",POND,ASSAM,17,32,5.3,6.7,6.1,8.1,24,42,1.7,4.2,0.1,1.1,300,2000,360,24000,2017
2227,"HORDAI PUKHURI, 
CHARAIDEW, ASSAM",POND,ASSAM,17,32,4.7,7.3,6.6,7.6,17,206,1.5,4.8,0.3,2.1,360,1100,360,7500,2017
2228,"GALA BEEL AT DERGAON, 
ASSAM",POND,ASSAM,20,29,5.3,9,6.2,7.3,32,395,1.6,3,0.1,2.3,360,1100,360,21000,2017
3772,BORPUKHURI AT SONARI,POND,ASSAM,21,31,4.5,7,6.4,7.5,26,77,2.2,3,1.1,1.8,300,360,360,1500,2017
3809,"JORPUKHURI AT UZANBAZAR 
(UGRATALA TEMPLE)",POND,ASSAM,24,31.5,4,7.3,6.8,7.6,280,321,3.4,6.6,0.8,3.1,300,3600,910,29000,2017
3806,"POND WATER FROM 
RAMKRISHNA MISSION AT 
HAILAKANDI",POND,ASSAM,20,27,4,4.8,7.1,7.2,136,165,3,4.1,0.3,1.6,360,1400,360,2800,2017
1532,"*GOYSAGAR TANK, SIBSAGAR, 
ASSAM",TANK,ASSAM,18,31,5.2,7.2,5.9,7.8,21,36,1.4,3,0.1,1.8,300,620,360,2000,2017
2557,"KAWAR LAKE, BEGUSARAI, 
BIHAR",LAKE,BIHAR,19,32,5.4,8,7.2,7.9,222,325,2.1,2.8,0,0,7000,26000,15000,38000,2017
2571,"MOTI JHEEL AT MOTIHARII, 
BIHAR",LAKE,BIHAR,18,34,6.2,7.9,7,8,275,1190,2.1,2.8,0,0,2100,14000,3100,24000,2017
2573,"TIGHI TALAB AT GAYA, BIHAR",POND,BIHAR,18,34,6.2,9.5,7.1,8.1,340,748,2.6,3.2,0,0,1700,27000,3900,40000,2017
2574,"SURAJ KUND AT GAYA, BIHAR",POND,BIHAR,18,33,6.4,9.8,7.4,8.2,308,600,2.3,3,0,0,1700,21000,2700,32000,2017
2046,"SUKHNA LAKE, CHANDIGARH",LAKE,CHANDIGARH,14,32,5.1,9.7,6.7,9.1,137,244,3,203,0.28,5.2,2,210000,2,540000,2017
3163,"HITKASA TAILING DAM, 
RAJHARA, CHHATISGARH.",LAKE,CHHATTISGARH,,,5.8,12,7,7.9,,,,,0,0.47,,,260,260,2017
3164,"NEHRU NAGAR TALAB, BHILAI, 
CHHATISGARH.",POND,CHHATTISGARH,,,6.4,7.2,7.2,7.8,,,,,0,0.37,,,460,460,2017
1549,"SALAULIM LAKE AT SALAULIM 
- SANGUEM, GOA",LAKE,GOA,26,35,6.1,8.3,6.3,7.6,42,337,0,1.5,0,0.16,8,7900,2,13000,2017
2269,"MAYEM LAKE, BICHOLIM",LAKE,GOA,26.5,33,4.4,8.8,5.2,7.4,38,77,0.5,2.2,0,0.83,220,4900,260,9200,2017
3175,ANJUNEM LAKE,LAKE,GOA,27,32.5,6.1,9.1,6.2,7.9,43,100,0.4,2,0.01,0.42,8,130,2,540,2017
3176,RUMDER LAKE,LAKE,GOA,25.3,35,1.9,7.5,6.3,8,98,324,0.6,6,0.03,2.43,780,7900,1100,11000,2017
3177,CARAMBOLIM LAKE,LAKE,GOA,23.3,33,2.8,8.5,6.4,7.7,63,235,1,5.1,0,1.24,110,7900,140,22000,2017
3178,RAIA LAKE,LAKE,GOA,26.5,38,4.7,9.2,6,7.6,72,417,1,9.9,0,0.19,200,24000,450,35000,2017
3179,SAIPEM LAKE,LAKE,GOA,26,31.5,0,7.8,6.4,7.8,289,380,1.1,12,0,11.57,35000,54000,54000,92000,2017
3180,CURTORIM LAKE,LAKE,GOA,26,38,1.5,11,5,7.3,78,594,0.9,10.4,0,1.48,130,7900,230,13000,2017
1343,"KANKORIA LAKE AT 
AHMEDABAD, NR. BALVATIKA, 
GUJARAT",LAKE,GUJARAT,25,39,4.2,11.6,8.4,9.1,2308,3479,30,87,0.19,0.41,9,48,48,540,2017
1344,"CHANDOLA LAKE AT 
AHMEDABAD, GUJARAT",LAKE,GUJARAT,25,30,2.6,8.1,7.5,8.8,349,543,5,31,0.09,0.51,5,94,58,540,2017
1345,"AJWAH LAKE AT SRI SAYAJI 
SABVAR, BARODA, GUJARAT",LAKE,GUJARAT,22,30,7.6,8.9,7.2,8.5,223,350,0.2,0.9,0.04,0.9,2,4,4,21,2017
1346,"SURSAGAR LAKE AT BARODA, 
GUJARAT",LAKE,GUJARAT,25,32,1.6,5.5,6.7,8,2630,3720,0.8,2.5,0.08,1.1,4,26,11,63,2017
1972,"NALSAROVAR LAKE (SANAND), 
DIST.AHMEDABAD",LAKE,GUJARAT,26,30,5,9.3,7.7,9.4,298,26580,5,105,0.1,0.39,5,40,21,110,2017
1973,"BINDUSAROVAR, SIDDHPUR 
(DIST.PATAN)",LAKE,GUJARAT,21,38,3.4,9,7.3,8.3,146,2991,4.1,540,0.03,6.48,4,49,9,84,2017
1975,"LAKHOTA TALAV, JAMNAGAR",LAKE,GUJARAT,22,29,4.1,7.2,6.6,8.8,420,860,4.1,10.8,0.01,0.38,2,9,2,24,2017
1976,"NARSIMEHTA TALAV- 
JUNAGADH",LAKE,GUJARAT,22,26,3.8,36,6.7,8,360,1980,3.1,108,0,0.36,7,8,14,22,2017
1977,CITY LAKE OF NADIAD,LAKE,GUJARAT,23,35,2.5,8.7,8.5,9.8,619,15521,1.9,87,0.24,8.2,4,26,21,63,2017
1978,"RANJITNAGAR TALAV (HALOL), 
PANCHMAHALS",LAKE,GUJARAT,29,30,4.1,7.2,7.7,8.5,122,124,0.4,1.1,0,0.56,4,4,11,21,2017
2075,"DHAROI DAM, DIST. 
MEHSANA.",LAKE,GUJARAT,26,31,5.2,9.2,7.5,8.3,226,450,1.5,2.7,0.04,0.08,2,7,2,33,2017
2076,"ANKLESHWAR RESERVOIR AT 
GIDC ANKLESHWAR AT VALIA 
ROAD.",LAKE,GUJARAT,26,31,7,7.9,7.7,8.9,229,1770,1,1.2,0.06,0.27,8,23,26,49,2017
2077,"MOTICHER LAKE NEAR 
KAKARPAR ATOMIC POWER 
STATION, DIST. SURAT.",LAKE,GUJARAT,27,33,6.1,7.4,7.3,8.2,300,476,1,1.9,0,0.92,12,79,38,120,2017
2078,"KUWADAVA LAKE, VILL. 
KUWADAVA, DIST. RAJKOT.",LAKE,GUJARAT,24,28,5.7,7.7,7,8,209,1190,1.1,4.8,0,0.17,7,7,14,14,2017
3197,"MACHHU-II DAM, 
RAFLESHWAR, MORBI, RAJKOT",LAKE,GUJARAT,24,36,5.3,7.8,7.4,8.2,344,2370,0.7,3.7,0.07,0.62,2,2,2,2,2017
3198,"GOMTI LAKE, OPP, 
RANCHODAJI TEMPLE, DAKOR, 
KHEDA",LAKE,GUJARAT,24,37,2,20,7.3,8.2,325,621,0.7,2.7,0.04,0.86,4,26,11,70,2017
3199,"HAMISAR TALAV, BHUJ",LAKE,GUJARAT,24,33,1.2,6.4,7,8.2,457,3200,0.7,11,0.71,11.8,4,9,7,24,2017
3200,"MOONSAR LAKE OF 
VIRAMGAM",LAKE,GUJARAT,27,30,0.5,9.7,8.4,9.1,1884,12150,21,124,0.18,0.53,11,43,43,220,2017
3201,"MALAV TALAV, DHOLKA",LAKE,GUJARAT,26,30,1.6,9.5,8.6,9.1,2354,3102,17,57,0.18,0.35,7,25,26,170,2017
3202,"VHERAIMATA TALAV AT 
ANAND",LAKE,GUJARAT,26,30,2.1,5.2,7.4,8.7,190,1268,1.2,8,0,0.58,2,17,11,50,2017
1979,"OLPAD, VILLAGE 
POND:OLPAD, SURAT",POND,GUJARAT,25,34,5.1,7,7.1,8.1,360,1073,1.1,2,0.01,0.11,26,48,94,177,2017
2079,"DHUDHIA TALAV AT NAVSARI, 
DIST. NAVSARI.",POND,GUJARAT,24,32,6,7.4,4.6,8.2,326,552,0.9,2.3,0.03,0.09,17,542,41,542,2017
1971,"THOL TANK (KALOL) (DIST. 
MEHASANA)",TANK,GUJARAT,26,30,4.2,10,7.4,8.3,221,422,6,29,0.05,80,2,70,11,170,2017
1349,"BRAHMSAROVAR LAKE AT 
KURUKSHETRA, HARYANA",LAKE,HARYANA,,,5.7,8.8,6.9,8.8,165,557,0.8,2.8,0,0.04,170,1750,840,8400,2017
1392,"SUKHNA LAKE, CHANDIGARH",LAKE,HARYANA,,,5.8,8.8,7.1,8.2,281,566,2.4,5,0,0,200,1200,1480,5800,2017
1291,"GOBINDSAGAR LAKE AT 
BILASPUR, H.P.",LAKE,"HIMACHAL 
PRADESH",10,24,7.5,10.1,7.7,8.3,176,572,0.2,0.4,0.1,0.96,27,120,220,920,2017
1292,"PONGDAM LAKE AT PONG 
VILLAGE, H.P.",LAKE,"HIMACHAL 
PRADESH",13.5,20,6.3,8.5,7.4,8.4,172,352,0.1,0.8,0.04,1.45,5,13,170,280,2017
1429,"RENUKA LAKE , 35 KM FROM 
PATNA SAHIB NORTH , H.P",LAKE,"HIMACHAL 
PRADESH",13,24,5.3,7.7,6.4,8,719,886,1.2,2.6,0.24,0.75,21,91,33,63,2017
2649,RIWALSAR LAKE,LAKE,"HIMACHAL 
PRADESH",12,30,4.5,9.8,7.2,8.2,190,288,2,22,0,1.79,94,210,540,1600,2017
2650,KHAZIAR LAKE,LAKE,"HIMACHAL 
PRADESH",7.9,15.1,5.9,6.3,6.8,7.7,69,133,2.8,8,0,1.53,17,38,540,950,2017
1388,"ULSOOR LAKE TRAINING 
CENTRE OF FISH BREEDING, 
KARNATAKA",LAKE,KARNATAKA,28,36,4.2,9.8,7.4,9.3,410,666,3,8,0.55,2,330,79000,1090,542000,2017
1446,"HEBALLA VALLEY LAKE AT D-S 
ROAD BRIDGE NR. MANDYA, 
KARNATAKA",LAKE,KARNATAKA,23,27,4,6.4,7.6,8.4,496,1596,2,5.7,0.24,5.8,330,1700,2100,6300,2017
3582,HEBBAL LAKE,LAKE,KARNATAKA,21,32,2.8,5,6.4,9.2,1203,2540,6.5,24.8,0.1,1.38,1100,2600,4700,7000,2017
3583,KUKKARAHALLI LAKE,LAKE,KARNATAKA,24,32,5.2,7.5,7.4,9.5,526,950,4,9,0.2,0.68,920,1700,4600,6300,2017
3584,DALAVAI LAKE,LAKE,KARNATAKA,24,30,1.1,3.2,7,8.6,754,1174,10.4,24,0.13,4.2,1700,4300,6300,8400,2017
3585,YENNEHOLE LAKE,LAKE,KARNATAKA,25,34,1.2,3.4,7.2,8.6,733,1241,10.6,24.6,0.3,3.54,1700,2700,6300,8400,2017
3586,LIMBHABUDI LAKE,LAKE,KARNATAKA,24,32,3.3,5.8,7.5,9.5,310,1334,4.2,15.6,0.15,0.63,930,2300,4700,6300,2017
3587,SHETTYKERE LAKE,LAKE,KARNATAKA,24,32,4,6.2,7.9,9.2,469,1109,4,10.8,0.24,0.6,920,2100,4600,6300,2017
3591,KEMPAMBUDHI LAKE,LAKE,KARNATAKA,21,26,4.2,7.7,6.8,7.3,282,600,4,5,0.7,7.49,210,4900,1720,22100,2017
3592,YEDIYUR LAKE,LAKE,KARNATAKA,21,35,0.7,8,6.5,8,250,664,2,25,0.31,4.57,790,490000,3480,1090000,2017
3593,"ULSOOR LAKE TRAINING 
CENTRE OF FISH BREEDING, 
KARNATAKA",LAKE,KARNATAKA,27,36,4.2,9.8,6.9,9.3,330,666,3,8,0.41,2,270,79000,1090,542000,2017
3601,KARIHOBANAHALLI LAKE,LAKE,KARNATAKA,25,34,1,7,6.6,7.5,1417,4960,6.6,62,2.7,11,11000,330000,109000,3480000,2017
3602,BELLANDUR LAKE,LAKE,KARNATAKA,27,29,0.6,6.9,6.7,7.2,552,1406,4,45,1,4.9,70000,17200000,141000,54200000,2017
3608,VARTHUR LAKE,LAKE,KARNATAKA,28,33,1.8,4.9,6.8,10.9,644,1894,4,45,1.1,10,79000,3480000,348000,17200000,2017
3610,TUBRAHALLI LAKE,LAKE,KARNATAKA,26,32,3.1,4.9,7,8.2,889,2210,8,42,0.85,4.4,2200,1300000,14100,3480000,2017
3611,KAIKONDANAHALLI LAKE,LAKE,KARNATAKA,27,29,4.1,6.8,7.2,9,582,1025,2,12,0.76,2.2,330,490000,3480,1410000,2017
3612,AGARAM LAKE,LAKE,KARNATAKA,27,29,4.9,6.6,7.2,8.8,576,1528,2,11,0.6,2.4,490,210000,3480,1750000,2017
3613,GOTTEGRE LAKE,LAKE,KARNATAKA,29,29,,,7.1,7.1,1081,1081,45,45,2,2,2700,2700,14100,14100,2017
3614,PUTTENAHALLI LAKE (S),LAKE,KARNATAKA,27,30,1,6.9,7,7.8,598,1719,4.5,12,1,15,2700,790000,34800,5420000,2017
3615,ARAKERE LAKE,LAKE,KARNATAKA,27,29,1.1,6.9,7,8.4,643,1727,5,11.6,1,2.3,1400,1720000,17200,5420000,2017
3616,KALENA AGRAHARA LAKE,LAKE,KARNATAKA,28,30,2.7,6.5,6.8,8.4,251,1313,3.9,21,0.84,9.9,3300,330000,10900,1090000,2017
3617,HULIMAVU LAKE,LAKE,KARNATAKA,27,30,1.5,6.9,6.9,7.8,607,1726,4,16,0.8,14.6,1100,2600000,17200,22100000,2017
3618,SINGASANDRA LAKE,LAKE,KARNATAKA,25.3,29,1.5,6.2,6.8,8.7,544,1206,2,19,0.7,3,1400,120000,5420,1720000,2017
3620,PARAPPANA AGRAHARA LAKE,LAKE,KARNATAKA,25.1,29,3.7,6.5,6.2,8.6,425,1179,3,12,1,3.3,700,790000,2210,1720000,2017
3621,HARALAKUNTE LAKE,LAKE,KARNATAKA,25,29,5,6.9,6.4,8.7,588,1540,2,10.5,1,14.3,270,490000,2210,1720000,2017
3622,SOMASUNDRA PALYA LAKE,LAKE,KARNATAKA,25.2,29,3.3,5.8,6.7,8.5,547,1307,3,145,1,8,3300,790000,10900,5420000,2017
3624,PUTTENAHALLI  LAKE,LAKE,KARNATAKA,27,30,0.3,5.9,6.5,7.3,218,2610,6,300,1.2,10.88,21000,3300000,120000,7900000,2017
3625,HEBBAL LAKE,LAKE,KARNATAKA,27,30,3.5,10.2,6.8,7.8,552,1400,3,11,0.85,8.81,1700,700000,10900,1410000,2017
3627,JAKKUR LAKE,LAKE,KARNATAKA,28,32,2.2,11.3,7,9.4,539,1832,4,24,0.32,11.6,1700,490000,7900,5420000,2017
3644,MULBHAGAL LAKE,LAKE,KARNATAKA,23,35,2.5,6.4,7,8.9,224,3020,3,37.5,0.38,6.8,110,79000,1200,130000,2017
3645,DEVARAYASAMUDRA LAKE,LAKE,KARNATAKA,23,35,1.1,6.3,6.6,9.4,185,1832,2,26,0.8,4.55,220,14000,3480,542000,2017
3646,NARASAPURA LAKE,LAKE,KARNATAKA,24,25,6,7.5,6.6,8.1,206,922,2,5,0.45,1.5,790,3300,3480,17200,2017
3647,HULEDANAHALLI LAKE,LAKE,KARNATAKA,24,25,6.4,6.6,6.8,7,155,155,2,4,2,4.1,490,4900,3480,54200,2017
3649,BUGUDANAHALLI LAKE,LAKE,KARNATAKA,24,31,5.4,7.7,6.8,8,121,276,3,3,0.18,1.99,170,7900,1090,34800,2017
3559,HULLIGE TANK,TANK,KARNATAKA,23,31,6.4,8,7.1,8.1,255,760,,,0,0.19,240,1800,900,3200,2017
3560,MAVENAKERE,TANK,KARNATAKA,26,32,5.8,8.6,8.4,9.5,1257,3020,,,0,0.39,1000,9000,3200,16000,2017
3561,HUNDIKERE (KOPPAL),TANK,KARNATAKA,23,31,6,8.2,7.1,8.4,298,891,,,0,0.19,240,2000,900,6400,2017
3565,PILIKULA TANK,TANK,KARNATAKA,28,32,6,7,6.7,7.6,133,290,1,3,0.18,2.3,2,350,5,1600,2017
3588,KARANJIKERE,TANK,KARNATAKA,22,31,5.2,7,7.1,8.6,417,959,3.6,8.4,0.08,3.8,700,1700,4000,6300,2017
3589,MADIWALA  TANK,TANK,KARNATAKA,27,30,3.4,7.3,7,8.4,446,1236,2.5,15,0.8,10.2,1400,490000,13000,1300000,2017
3590,LALBAGH TANK,TANK,KARNATAKA,21,34,4,13.5,6.5,8.2,380,701,3,10,0.45,4.79,490,940000,2400,2210000,2017
3594,SANKEY TANK,TANK,KARNATAKA,25,28,5,7.5,6.6,8.2,411,684,3,10,0.5,3,2600,17000,10900,542000,2017
3595,BYRASANDRA TANK,TANK,KARNATAKA,28,36,4.6,9.3,6.7,7.5,430,687,3,15,0.8,16,330,49000,700,348000,2017
3597,HESARAGHATTA TANK,TANK,KARNATAKA,24,28,4.5,7.1,6.9,8,109,1791,3,6,0.2,4.14,3300,27000,27800,172000,2017
3598,HEROHALLI TANK,TANK,KARNATAKA,25,28,2.2,7.3,6.7,8,390,1267,3,4,1,3.99,2200,46000,10900,542000,2017
3599,MADAVARA TANK,TANK,KARNATAKA,25,29,0.7,12.5,6.8,8.7,448,1610,3,150,1,9,230,220000,5420,1720000,2017
3600,SHIVAPURA TANK,TANK,KARNATAKA,25,34,0.4,7,6.7,7.7,1442,4950,5,125,2.02,13,330,490000,1410,2210000,2017
3603,VENGAIHNAKERE,TANK,KARNATAKA,27,33,3.7,6.4,7,7.6,648,1795,4,32,1.2,11.4,17000,46000000,12000,70000000,2017
3604,DODDANAKUNDI TANK,TANK,KARNATAKA,25,29,3.5,5.8,6.5,8.2,648,3340,3,29,0.9,4.15,11000,390000,79000,5420000,2017
3605,YELLAMALLAPPA TANK,TANK,KARNATAKA,26,32,3.9,4.6,6.8,7.6,641,2180,4,18,1.3,12,10900,3900000,13000,34500000,2017
3606,DASARAHALLI TANK,TANK,KARNATAKA,25,29,3.5,14.6,6.7,9,304,1427,3,18,0,2.13,330,170000,790,1090000,2017
3619,BEGUR TANK,TANK,KARNATAKA,25.2,29,4.5,9,6.8,7.7,575,1550,2,45,0.68,2.5,2100,1300000,9400,3480000,2017
3626,NAGAVARA TANK,TANK,KARNATAKA,28,35,4.6,9.5,6.8,7.5,546,1481,3,8,0.2,8.29,790,49000,3480,141000,2017
3629,ALLASANDRA TANK,TANK,KARNATAKA,20,30,3.2,10.4,5.9,9,538,1557,3,30,0.1,11.42,260,490000,22000,3480000,2017
3630,YELAHANKA TANK,TANK,KARNATAKA,28,32,2.4,9.8,5.9,9.7,724,1299,4,23,0.76,7,490,172000,790,542000,2017
3632,VEERAPURA TANK,TANK,KARNATAKA,22,28,5,8,6.6,8,369,1965,3,11,0,2.01,1700,220000,7900,1090000,2017
3634,DEVARAKERE TANK,TANK,KARNATAKA,25.2,34.8,4,9.2,6.6,8,339,778,3,80,0.46,5.24,170,330000,5420,790000,2017
3635,MALATHAHALLI TANK,TANK,KARNATAKA,24.8,33,0.2,7.2,6.9,8.2,1147,2340,3,32,2.2,10.78,49000,7900000,79000,22100000,2017
3637,BYRAMANGALA TANK,TANK,KARNATAKA,23.8,31,0.5,7.4,6.7,8.3,562,1747,3.6,20,0,19.4,17000,1700000,109000,7900000,2017
3638,ANNAYAPPA TANK,TANK,KARNATAKA,23,26,4.1,8.2,7.1,7.6,252,317,3,4,0.59,1.58,26000,330000,172000,1090000,2017
3639,KENGERI TANK,TANK,KARNATAKA,34.7,34.7,0.6,0.6,6.8,6.8,3030,3030,120,120,6,6,40000,40000,278000,278000,2017
3640,UTTARAHALLI  DORAIKERE,TANK,KARNATAKA,23.8,34.7,2.6,9.2,6.5,8.8,286,1318,3,138,0.6,5.7,220,940000,1300,3450000,2017
3641,DHOREKERE,TANK,KARNATAKA,24.6,34.5,2.2,12.6,6.5,9.3,461,886,4,54,1.05,6.3,140,330000,1090,700000,2017
3643,BEENNIGANAHALLI TANK,TANK,KARNATAKA,24,29,3.1,5.1,6.6,7.7,771,3200,3,54,1,7,1100,49000000,7900,109000000,2017
3648,MYDALA,TANK,KARNATAKA,22,32,4.6,7.8,7.2,8.1,255,524,3,5,0.28,4.5,270,14000,5420,34800,2017
3650,MELEKOTE,TANK,KARNATAKA,24,31,0.8,6.4,7,8.2,804,2380,3,54,0.33,19.6,1100,109000,7900,542000,2017
3651,BHEEMSANDRA TANK,TANK,KARNATAKA,24,31,1.8,5.6,6.8,7.7,728,2290,3,93,2.1,19.78,1400,330000,10900,700000,2017
3653,DODDAKERE TANK,TANK,KARNATAKA,24,33,4.7,7.5,6.6,7.7,195,690,3,5,0,4,490,10900,790,34800,2017
3654,GOTTIGERE LAKE,TANK,KARNATAKA,24,34,2.1,7.4,6.6,7.7,365,5510,3,58,0.27,8,210,79000,2400,542000,2017
3659,MATHANA KERE,TANK,KARNATAKA,24,30,6.7,10.2,7.9,9.2,10,1300,3,6,0.2,0.6,390,7000,2100,24000,2017
3660,HUNASINA KERE,TANK,KARNATAKA,24,31,6.8,8.9,7.9,9.1,10,1240,4.2,6,0.23,0.46,940,11000,2800,35000,2017
3661,KOKKANAGHATTADODDAKERE,TANK,KARNATAKA,24,29,6.2,8.4,7.6,8.9,620,1430,3,5,0.14,0.36,270,1100,2800,5400,2017
3668,SODHARAHALLIKERE,TANK,KARNATAKA,25,25,5.1,5.5,7.6,8,440,490,3,3,0.13,0.17,270,390,2200,2800,2017
3669,SHELERAMANAHALLIKERE,TANK,KARNATAKA,25,26,5.4,52,7.7,8,400,440,2,2,0.12,0.13,210,380,2200,2800,2017
3677,SHARANABAWESHWARA KERE,TANK,KARNATAKA,26,30,6,7.2,7.2,8.8,992,2010,11,23,0,0,240,1000,900,3200,2017
3679,BHUTANALA LAKE,TANK,KARNATAKA,25,34,6.7,9.7,7.4,8.4,460,1380,0.5,39,0.8,2.62,110,1800,170,3200,2017
3680,KILLA LAKE,TANK,KARNATAKA,24,36,5.3,8.8,7.5,8,340,580,1,3.4,0.16,1.61,900,5000,1600,9000,2017
3681,ANGOL MI TANL,TANK,KARNATAKA,24,32,1.4,8.4,6.5,9.1,480,5700,16.5,41.3,0.48,2.4,1800,9000,3200,16000,2017
3682,KAKATI  POND,TANK,KARNATAKA,24,33,5.8,10.4,8.1,9.1,400,5800,2.2,16.2,0.58,5.6,560,5000,1600,9000,2017
3683,HEREKERE,TANK,KARNATAKA,25,27,3.1,4.2,6.9,8.2,530,2210,23.1,165.5,0.51,6.01,275,900,1800,1800,2017
3684,KELEGERE,TANK,KARNATAKA,26,28,7.1,7.4,7.7,9.6,972,1453,3.2,6.5,0.48,3.53,70,550,175,1800,2017
3685,NAVALOORU LAKE,TANK,KARNATAKA,26,28,6.1,6.6,7.6,8.6,830,2460,4.4,14.1,0.86,2.58,20,550,110,1800,2017
3686,NIRASAGARAKERE,TANK,KARNATAKA,26,29,7,7.6,7.2,8.5,560,790,3,6.8,0.33,1.85,17,130,80,350,2017
3687,NUGGIKERE,TANK,KARNATAKA,25,28,6.1,6.9,7.6,9,696,1534,3.4,8.6,0.31,2.43,50,350,140,1800,2017
3688,SUDANAKERE,TANK,KARNATAKA,27,28,6.3,7.6,7.3,9.4,566,1358,3.9,8.6,0.25,2.6,25,550,140,1800,2017
3689,SOMESHWARAKERE,TANK,KARNATAKA,25,28,5.9,6.5,7.3,8.6,778,1230,4.7,13.7,0.12,3.63,130,900,550,1800,2017
3690,UNAKALKERE,TANK,KARNATAKA,26,29,6.6,7.3,7.6,8.5,1213,2050,3.6,8,0.69,4.42,110,1600,350,1800,2017
3691,VIMANABHUTHIKERE,TANK,KARNATAKA,25,30,5.9,7.5,7.2,8.3,90,160,2,3,0,1.2,50,1300,140,3000,2017
3692,KUNDUVADAKERE,TANK,KARNATAKA,25,30,5.6,7.4,7.1,8.4,120,290,2.3,3,0,1.4,60,500,170,1600,2017
3693,BHATHIKERE,TANK,KARNATAKA,25,30,4.2,7.3,7.4,8.4,280,1520,5,112,0,6.3,1200,100000,3400,180000,2017
3694,SHANTHISAGARKERE,TANK,KARNATAKA,26,34,5.5,7.6,7.6,8.3,130,204,2.5,4,0,0.35,460,2200,1400,5000,2017
3695,KONDAGGIKERE,TANK,KARNATAKA,25,27,5.3,7.1,7.1,7.7,140,290,3,5.3,0,0.19,800,9000,2400,16000,2017
3696,AIANAKERE,TANK,KARNATAKA,25,30,4,7,7.3,9,520,1940,16,360,0,4.8,44000,900000,90000,1600000,2017
3697,MATTADAKERE,TANK,KARNATAKA,24.5,27,2,5.4,7.7,8.3,350,490,5,9,0,1.93,1100,5000,3000,9000,2017
1383,"ORUVATHILKOTTA LAKE, 
KERALA",LAKE,KERALA,30,33,4,6.6,6.6,6.9,387,733,3,14,0,1.2,650,1200,1640,3100,2017
1385,"SASTHAMCOTTA LAKE, 
KERALA",LAKE,KERALA,24,28,4.3,7.1,6.5,6.9,110,164,1,2.6,0.28,1.2,100,140,220,380,2017
1441,"ASHTHAMUDI LAKE AT 
QUILON, KERALA",LAKE,KERALA,20,28,5.7,6.8,6.8,7.6,18796,30000,1.4,2.4,0.43,1.8,160,340,480,680,2017
1574,"PARAVUR, KERALA",LAKE,KERALA,23,30,5.3,7.2,6.9,7.6,20100,27000,1.2,2.8,0.41,1.8,120,320,400,580,2017
1575,"KOCHI (OIL TANKER JETTY), 
KERALA",LAKE,KERALA,27,33,3.2,7.9,6.7,8,1229,54170,0.6,3.9,0.24,1.23,310,17000,760,70000,2017
1576,"THEKKADY, KERALA",LAKE,KERALA,26,28,1.5,7.4,6.7,7.5,34,81,0.1,0.4,0,2.35,2,800,2,2800,2017
1577,"KODUNGALLOOR, KERALA",LAKE,KERALA,27,30,4.5,7,6.8,7.9,1655,55450,0.7,3.7,0.23,0.78,400,94000,470,120000,2017
1578,"KAYAMKULAM, KERALA",LAKE,KERALA,28,29.5,3.2,7.8,7.2,7.8,1126,51200,0.9,4.1,0,0.58,100,400,240,630,2017
1579,"ALAPPUZHA, KERALA",LAKE,KERALA,26,30,3.8,7.8,6.8,7.5,168,18500,1,6,0.05,0.5,140,340,240,640,2017
1580,"POOKOTE, KERALA",LAKE,KERALA,27.1,28.4,5.1,6.9,6.3,8,25,33,0.5,2.1,0.05,0.18,4,32,8,108,2017
2312,"LAKE VEMBANADU AT 
PATHIRAMANAL (ALAPPUZHA)",LAKE,KERALA,26,29.5,4.8,8.8,6.9,7.7,182,22810,0.7,3,0.05,0.3,100,220,200,360,2017
2318,"PAZHASSI RESERVOIR 
(KANNUR)",LAKE,KERALA,24,32,5.5,8.7,6.5,7.6,35,6052,0.2,2.7,0.06,0.57,4,560,40,1340,2017
2328,RSVR AT MALAMPUZHA,LAKE,KERALA,27,30,1.2,10.1,7,8.1,89,186,0.5,8.4,0.03,0.96,2,294,2,360,2017
2329,RSVR AT BHOOTHATHANKETU,LAKE,KERALA,26,29.7,6.6,7.8,6.5,7.1,22,40,0.7,1.8,0.02,600.73,150,6300,4,7900,2017
2330,RSVR AT EDAMALAYAR,LAKE,KERALA,27,29.8,6.7,8,6.5,7.4,20,35,0.4,1.9,0.01,0.25,2,49000,17,79000,2017
3470,"VELLAYANI LAKE AT 
VANDITHADOM, 
THIRUVANANTHAPURAM",LAKE,KERALA,30,33,5.9,7.1,6.2,6.8,98,217,0.5,2.2,0,0.05,220,460,620,940,2017
2325,"POND AT (PADMANABHA) 
SREE PADMANABHA SWAMY 
TEMPLE (TVPM)",POND,KERALA,30,33,5.9,6.8,6.6,8.3,79,210,1.3,2,0,0.5,110,270,320,510,2017
3462,"MANANCHIRA POND AT 
KOZHEKODE",POND,KERALA,21,32,5.5,8.2,7,8.2,77,110,0,1.8,0,0.31,2,500,2,900,2017
1401,"POND NEAR JUMA MASJID, 
LAKSHAWDEEP",POND,LAKSHADWEEP,"28.7 
34.1",,"7.2 
9.7","382 
918",,,,,,,,,,,,,2017
1373,"UPPER LAKE AT BHOPAL 
(INTAKE POINT), M.P.",LAKE,MADHYA PRADESH,18,29,7.5,8.3,7.6,8.4,223,292,1.5,19.9,0,3.82,2,2,90,1600,2017
1374,"LOWER LAKE AT BHOPAL 
OUTLET M.P.",LAKE,MADHYA PRADESH,18,29,6.2,8.7,7.4,8.3,336,492,3.1,3.7,0,11.6,20,240,190,1600,2017
1466,"MULTAI TANK LAKE AT VILLA. 
KHARI ON BETUL-AMRAVATI 
ROAD M.P.",LAKE,MADHYA PRADESH,2.9,29,7.2,8.1,7.4,8.1,176,432,1.2,2.8,0,2.72,2,2,90,910,2017
2128,"KHANDARI RESERVOIR WATER 
OFF TAKE POINT",LAKE,MADHYA PRADESH,18.8,21.5,7.2,7.8,7.1,8.4,142,414,0.7,3.1,0.3,0.92,2,15,17,46,2017
2129,PERIAT TANK JABALPUR,LAKE,MADHYA PRADESH,18,21,6.3,7.8,7.2,8.4,173,466,0.8,2,0.3,0.97,2,10,21,48,2017
2130,"MADHAV LAKE, SHIVPURI",LAKE,MADHYA PRADESH,23,31,6.1,7.3,7.5,8,410,740,1.8,2.9,0,0,,,,,2017
2131,YASHWANT SAGAR AT INDORE,LAKE,MADHYA PRADESH,19,32,4.8,7.9,7.5,8.7,499,1012,1.1,2.4,0.73,2.5,2,2,33,110,2017
2132,BILAWALI TALAB AT INDORE,LAKE,MADHYA PRADESH,19,32,4.6,7.2,7.3,8.4,371,840,1.2,2.8,0.43,5.24,2,40,40,140,2017
2133,SIRPUR TALAB AT INDORE,LAKE,MADHYA PRADESH,19,32,3.9,7.8,7.7,8.9,330,644,1.2,4.4,0.89,1.9,2,2,23,90,2017
2134,"NAGCHUN TALAB AT 
KHANDWA",LAKE,MADHYA PRADESH,21,32,6.4,7.7,7.2,8.8,294,557,1.4,2,0.78,1.61,2,2,40,90,2017
2135,GOVINDGARH TANK,LAKE,MADHYA PRADESH,24,32,6.5,7.4,7.2,7.7,0,522,1.2,1.8,1.55,5.86,2,17,21,70,2017
2136,"SHAHPURA LAKE AT WEIR 
NEAR AYUSHMAN HOSPITAL, 
BHOPAL",LAKE,MADHYA PRADESH,19,34,5.5,7.6,7.3,8.8,526,677,3.1,3.8,0,15.85,12,230,920,1600,2017
2137,UPPER LAKE AT YATCH CLUB,LAKE,MADHYA PRADESH,19,29,7.5,8.4,7.5,8.6,218,322,1.5,2.2,0,2.21,2,2,94,1600,2017
2138,"UPPER LAKE AT KARBALA 
CLUB",LAKE,MADHYA PRADESH,21,29,7.5,8.2,7.5,8.5,211,296,1.7,2.6,0,1.91,2,2,90,230,2017
2139,"UPPER LAKE AT BAIRAGARH 
CLUB",LAKE,MADHYA PRADESH,17,29,7.3,8.8,7.8,8.6,228,293,1.5,2.7,0,2.06,2,2,90,1600,2017
2140,"KERWA DAM NEAR REST 
HOUSE, BPL",LAKE,MADHYA PRADESH,6,30,6.9,8.1,7.6,8.5,193,278,1.2,2.5,0,0.4,2,2,34,210,2017
2141,JANUNIA TALAB NEAR W-S,LAKE,MADHYA PRADESH,18,29,7.1,7.8,7.5,8.3,160,396,2.1,2.5,0,2.03,2,8,90,350,2017
2142,"KALISINDH RESERVOIR AT 
SARANGPUR, RAJGARH",LAKE,MADHYA PRADESH,20,30.2,6.1,6.8,5.6,7.8,390,872,2,2.9,0,0,,,,,2017
3296,CHORAL DAM NEAR INDORE,LAKE,MADHYA PRADESH,20,30,6.4,7.8,7.8,8.6,308,609,1,1.9,0,1.87,2,2,40,60,2017
3297,"MITHA TALAB, DEWAS",POND,MADHYA PRADESH,22,26,4.6,7,7.1,8,552,814,2.4,4.8,0.84,2.03,9,500,7,1600,2017
3298,POND WATER AT LAKODA,POND,MADHYA PRADESH,24,24,7,8.2,7.5,7.9,280,522,2,3,0,2.34,4,12,34,80,2017
3299,HANUMANTAL JABALPUR,POND,MADHYA PRADESH,18,23,6.9,7.9,7.1,8.7,360,634,3.1,5.4,0.3,1.8,2,110,46,920,2017
3300,"RANITAL TALAB, JABALPUR",POND,MADHYA PRADESH,19,24,3.7,7.8,6.5,8.2,320,765,3.2,5,0.3,11,10,220,63,1600,2017
3301,MOTI TALAB AT BALAGHAT,POND,MADHYA PRADESH,16,24,4.1,7.7,7.4,8.9,350,1384,1.9,5.8,0.3,3.4,2,150,46,1600,2017
3302,"PIPLIYA PALA TALAB, INDORE",POND,MADHYA PRADESH,19,31.5,2.6,7.7,7.6,8.5,8,1108,1.4,8,0.95,6.37,2,2,50,500,2017
3303,"RANI TALAB, REWA",POND,MADHYA PRADESH,22.6,33,6.1,7.3,7.2,7.7,10,508,1.3,2.2,1.41,6.21,2,11,21,50,2017
3304,"RIHAND RESRVOIR, SINGRAULI",POND,MADHYA PRADESH,19,28,6.4,8.3,7.4,7.7,270,516,1.2,1.6,0.08,2.02,2,2,8,26,2017
3830,"GOKALPUR TALAB, DIST 
JABALPUR",POND,MADHYA PRADESH,18,22.1,6.2,7.6,7.1,7.8,382,1340,2.8,10,0.34,4.8,2,150,41,710,2017
3831,"DAL SAGAR TALAB, DIST SEONI",POND,MADHYA PRADESH,19,22.6,6.3,7.5,7.2,8.2,270,834,2,3.9,0.34,1.8,2,120,40,430,2017
3849,SITAPAT TALAB DHAR,POND,MADHYA PRADESH,20,31,6.3,7.6,7.7,8.7,270,580,0.8,210,0,1.67,2,2,33,110,2017
3850,BAGDOON TALAB PITHAMPUR,POND,MADHYA PRADESH,22,31.5,4.7,7.5,7.5,8.7,373,660,1.2,2.8,0.63,1.66,2,2,50,90,2017
1347,"UMIAM LAKE AT BARAPANI, 
MEGHALAYA",LAKE,MEGHALAYA,16,25,5,6.8,6.9,7.7,8,177,3.8,6.5,0.35,1.31,1200,3200,2600,5000,2017
1348,"WARD LAKE AT SHILONG 
EAST, KHASI HILL DT., 
MEGHALAYA",LAKE,MEGHALAYA,13,27,6,8.6,6.9,7.6,132,198,2.5,8,0.22,1.08,610,2200,2200,3500,2017
1459,"THADLASKEIN LAKE, 
MEGHALAYA",LAKE,MEGHALAYA,15,23,6.4,7.3,6.9,7.5,38,59,1.5,2.5,0.02,0.44,8,31,24,70,2017
3346,"UMIAM LAKE AT OUTFALL OF 
UMIAM RIVER INTO LAKE, RI- 
BHOI",LAKE,MEGHALAYA,16,24,3.5,6.6,6.8,8.4,83,247,4.2,11,0.25,3.5,1400,3600,3300,5800,2017
3347,"UMIAM LAKE AT MIDDLE 
POINT, RI- BHOI",LAKE,MEGHALAYA,12,25,4.4,6.8,7.1,8.3,75,174,3.5,6.2,0.3,1.47,1100,3000,2400,4800,2017
3348,"UMIAM LAKE ATNEAR UNITED 
CHRISTIAN COLLEGE, RI- BHOI",LAKE,MEGHALAYA,16,25,5.6,6.8,6.9,8,74,180,3.2,6.6,0.11,1.47,1100,2900,2300,4900,2017
3349,"TASEK LAKE AT SONGSAK 
(NAPHAK), EAST GARO HILLS",LAKE,MEGHALAYA,15,28,0.3,7.6,6.7,7.5,48,94,1.5,2.4,0.28,0.42,6,38,14,79,2017
2437,CHILKA LAKE (RAMSAR SITE),LAKE,ODISHA,22,33,5.3,8.3,7.2,8.5,7086,59110,0.9,2.6,0.13,1.95,2,5400,2,9200,2017
2438,ANSHUPA,LAKE,ODISHA,22,33,5.8,12.9,7.3,8.4,112,364,0.6,3.9,0.21,4.03,490,24000,1100,35000,2017
3953,CHILKA AT RAMBHA,LAKE,ODISHA,10,32,6,9,7.6,8.4,12770,38030,0.9,2,0.13,1.63,2,5400,2,5400,2017
3954,"TAMPADA LAKE AT 
CHHATRAPUR",LAKE,ODISHA,11,35,3,9,7.5,8.5,479,730,4.3,10.2,0.69,3.92,2,9200,78,16000,2017
3955,ANSHUPA AT SUBARANAPUR,LAKE,ODISHA,22,34,4.8,9.1,7.2,8.5,94,323,1,3.7,0.2,4.26,78,11000,1100,17000,2017
3956,ANSHUPA AT BISHNUPUR,LAKE,ODISHA,22,34,5.1,8.8,7.2,8.4,113,206,0.8,3.5,0,3.04,390,5400,1300,13000,2017
3957,ANSHUPA AT SARAANDAGARH,LAKE,ODISHA,23,32,5.1,8.4,7.2,8.5,125,250,1.1,3.2,0.18,2.47,490,14000,2400,22000,2017
2431,"BINDUSAGAR ( RELIGIOUS 
POND OF BHUBANESWAR 
CITY)",POND,ODISHA,23,37,1.7,10.1,7.5,8.6,395,500,1.5,6.3,0.27,6.39,1700,160000,2800,160000,2017
2434,"INDRADYUMNA TANK ( 
RILIGIOUS POND OF PURI 
CITY)",POND,ODISHA,22,32,5.9,16.2,7.7,8.5,520,745,3.3,13.5,0.7,5.44,20,24000,110,54000,2017
2435,"SWETAGANGA ( RILIGIOUS 
POND OF PURI CITY)",POND,ODISHA,21,30,1.7,17.9,7.2,8.6,412,1301,2.7,11,1.45,6.8,8,11000,23,35000,2017
2436,"PARVATI SAGAR ( RILIGIOUS 
POND OF PURI CITY)",POND,ODISHA,20,34,5.8,15.8,7.2,8.5,369,640,3.2,13.4,0.16,4.73,45,9400,130,17000,2017
3962,"JAGANNATH SAGAR POND OF 
JEYPORE",POND,ODISHA,20,34,5.7,7.3,6.7,8.5,104,547,1.3,6.8,0.4,6.38,2,13000,230,35000,2017
3963,RANIGUDA POND,POND,ODISHA,19,31,2.7,18,7.3,8.5,391,1144,2.9,35.8,0.86,5.73,2,16000,20,16000,2017
1396,"OSTERI LAKE, PONDICHERRY",LAKE,PUDUCHERRY,29,34,6.4,8.1,8,8.5,307,608,0,23,0.01,0.1,2,2,21,21,2017
1686,"BAHOUR LAKE, PONDICHERRY",LAKE,PUDUCHERRY,29,34,5.6,8.6,8,8.9,568,1012,0,1.8,0.01,0.97,2,110,26,140,2017
1297,"HARIKE LAKE AT HARIKE 
VILLAGE, PUNJAB",LAKE,PUNJAB,12,33,6.2,7.2,7.2,7.6,244,374,1.3,2.3,0.13,1.2,170,2100,210,580,2017
1382,"HARIKE LAKE D-S FROM 
CANAL, PUNJAB",LAKE,PUNJAB,11,29,6,7.3,7,7.4,232,370,1.3,2.4,0.16,2.2,110,630,220,790,2017
2912,"RANJIT SAGAR RESERVOIR, 
PUNJAB",LAKE,PUNJAB,11,28,5.2,8.4,7,7.5,148,486,0,2.6,0.2,1.9,43,330,70,790,2017
1285,"PICHOLA LAKE AT UDAIPUR 
(WATER INTAKE POINT), 
RAJASTHAN",LAKE,RAJASTHAN,8,30,5.4,8.1,7.6,8.6,350,1190,0.4,2.2,1.6,3,4,14,20,150,2017
1286,"UDAISAGAR LAKE AT UDAIPUR 
(INTAKE PT.) RAJASTHAN",LAKE,RAJASTHAN,9,32,5.1,7,7.8,8.5,450,1330,1.5,2.5,1.34,2.28,9,75,20,150,2017
1414,"PUSHKAR LAKE, RAJASTHAN",LAKE,RAJASTHAN,19,35,4.4,5.4,7.2,8.4,320,440,1,2.5,1.2,1.66,4,14,11,120,2017
1481,"FATEH SAGAR LAKE AT 
UDAIPUR INTAKE POINT OF 
PHED, RAJASTHAN",LAKE,RAJASTHAN,8,30,6.4,8,7.8,8.6,490,640,1.2,1.8,1.5,2.68,7,21,11,150,2017
1714,"KAYALANA JHEEL JODHPUR, 
RAJASTHAN",LAKE,RAJASTHAN,15,34.6,4,7.2,7,9.1,270,360,0.9,1.6,0.84,2.28,4,9,7,23,2017
1716,"NAKKI LAKE, MT. ABU, 
RAJASTHAN",LAKE,RAJASTHAN,9,27,4.5,6,7,8.1,160,410,1,1.8,0,7.64,3,14,7,20,2017
2935,"LAKE JET SAGAR, BUNDI, 
RAJASTHAN",LAKE,RAJASTHAN,18,31,4.5,6.2,6.9,8.4,310,440,1.2,1.7,1.14,1.66,4,14,11,28,2017
2936,"JAISAMAND LAKE, ALWAR, 
RAJASTHAN",LAKE,RAJASTHAN,18,18,6.9,6.9,8.5,8.5,320,320,1,1,1.84,1.84,4,4,20,20,2017
2937,"LAKE SILISERH, ALWAR, 
RAJASTHAN",LAKE,RAJASTHAN,16,33,5.8,7.6,7.2,8.5,190,290,0.9,1.6,0,1.7,3,14,4,28,2017
2938,"LAKE RAJSAMAND, 
RAJSAMAND- POINT NO. 1, 
RAJSAMAND, RAJASTHAN",LAKE,RAJASTHAN,20.2,35.7,4.7,6,7.8,8.4,420,650,1,2.1,0.54,2.1,4,14,11,75,2017
2939,"LAKE RAJSAMAND, 
RAJSAMAND- POINT NO. 2, 
RAJSAMAND, RAJASTHAN",LAKE,RAJASTHAN,20.2,35.6,4.6,6.1,7.9,8.4,410,680,0.9,1.9,0.42,2.46,7,20,11,150,2017
2940,"GAPE- SAGAR LAKE, 
DUNGARPUR, RAJASTHAN",LAKE,RAJASTHAN,7,28,4.6,7.2,7.4,8.5,580,820,1.7,2.4,0.98,2.36,4,39,23,150,2017
2941,"LAKE JAISAMAND, SALUMBER, 
UDAIPUR, POINT NO. 1, 
RAJASTHAN",LAKE,RAJASTHAN,7,28,7.5,8.2,7.7,8.3,440,570,1.2,2.2,1.1,2.28,7,20,20,150,2017
2942,"LAKE JAISAMAND, SALUMBER, 
UDAIPUR, POINT NO. 2, 
RAJASTHAN",LAKE,RAJASTHAN,7,28,7.1,8,7.8,8.6,430,560,1.5,2.6,1.14,2.74,7,39,11,150,2017
2943,"LODHA TALAB, BANSWARA- 
DUNGARPUR ROAD, 
BANSWARA, RAJASTHAN",LAKE,RAJASTHAN,20,33,4.1,5.2,6.7,8.4,560,1110,1,2.3,1.2,3.07,4,39,7,93,2017
2944,"JALMAHAL, JAIPUR, 
RAJASTHAN",LAKE,RAJASTHAN,15,31,2.3,4.3,8.6,9,3000,5400,5,12.5,1.84,3.32,11,150,150,460,2017
1420,"KODAI KANAL LAKE, 
TAMILNADU",LAKE,TAMIL NADU,17,25,4.3,7.3,6.3,8,97,131,2.4,6,0.18,1.36,21,63,26,84,2017
1421,"UDHAGAMADALEM LAKE 
(OOTY), TAMILNADU",LAKE,TAMIL NADU,12,20,2.2,8.2,6.8,8,396,650,3.6,24,1,1,460,1100,1300,2200,2017
1452,"YERCAUD LAKE, SALEM, 
TAMILNADU",LAKE,TAMIL NADU,18,26,5.5,7.9,6.7,8.4,298,437,0.9,8.7,1,1,68,1400,390,2800,2017
3007,"VEERANAM LAKE AT 
CUDDALORE, TAMILNADU",LAKE,TAMIL NADU,28,31,5.4,8.2,7.5,9.1,446,1250,1.4,5.2,1,1,110,1100,430,1700,2017
3008,"POONDI LAKE AT 
THIRUVALLUR, TAMILNADU",LAKE,TAMIL NADU,30,30,3,7.2,6.9,8.2,342,1729,2,45,0.01,1.37,2,460,460,1700,2017
3009,"REDD HILLS AT THIRUVALLUR, 
TAMILNADU",LAKE,TAMIL NADU,27,31,3.3,7.9,6.1,8.7,268,824,3,45,0.01,1,2,330,230,940,2017
3010,"PORUR LAKE AT 
THIRUVALLUR, TAMILNADU",LAKE,TAMIL NADU,31,31,5.3,7.9,6.5,9.4,485,683,2,13,0.03,1,78,330,330,1700,2017
3011,"PULICATE LAKE AT 
THIRUVALLUR, TAMILNADU",LAKE,TAMIL NADU,30,31,1.7,7.8,6.4,8.4,1059,59900,1.3,14,0,1,2,1200,45,2100,2017
1391,"HUSSAIN SAGAR LAKE, 
BUDAMERU",LAKE,TELANGANA,22,31,0.1,2.5,7.4,8,952,1415,9,26,0,9.9,58,150,300,520,2017
1788,"SAROONAGAR , RANGA REDDY 
DIST.",LAKE,TELANGANA,25,30,0.1,1.2,7.4,8.1,940,1688,18,40,0,9.3,60,90,250,850,2017
1789,"HIMAYAT SAGAR LAKE , 
R.R.DIST.",LAKE,TELANGANA,20,30,3.8,6.2,7.9,8.6,277,444,1,3,0,1.9,10,35,186,380,2017
2340,"LAXMINARAYANA CHEVURU 
AT EDULABAD, RANGAREDDY,",LAKE,TELANGANA,22,27,1.9,6,7.6,8.5,902,1420,10,18,0,5.7,54,100,250,450,2017
2341,"MIRALAM LAKE NEAR ZOO 
PARK, RANGAREDDY",LAKE,TELANGANA,25,30,0.1,2.4,7.4,8.5,1343,1663,8,29,0,10.9,30,45,280,846,2017
2342,"NOOR MD. KUNTA, 
KATTEDAN, RANGAREDDY,",LAKE,TELANGANA,25,30,0.1,0.1,7.1,8.1,1068,2702,20,55,0,6.86,30,55,180,1000,2017
3068,"RAMAPPA LAKE, WARANGAL",LAKE,TELANGANA,7,29,5.2,60,7.6,8.5,220,320,1,3,0,2.3,15,40,150,300,2017
3069,"SHAMEERPET LAKE, 
SHAMEERPET, RANGA REDDY",LAKE,TELANGANA,22,30,2.9,5.2,7.6,8.5,251,510,1,6,0,6.1,15,45,14,798,2017
3070,"FOX SAGAR, JEEDIMETLA, 
RANGA REDDY",LAKE,TELANGANA,24,30,1.5,3.8,7.1,8.7,576,1064,3,13,0,7.6,35,80,270,740,2017
3071,"LANGARHOUSE LAKE, 
HYDERABAD",LAKE,TELANGANA,24,34,0.1,2.2,7.1,7.9,939,1398,10,28,0,4.8,48,80,321,520,2017
3072,"SAFILGUDA LAKE, RANGA 
REDDY",LAKE,TELANGANA,24,30,0.1,1.8,7.3,8.1,1043,1737,10,18,0,6.4,45,75,100,400,2017
3073,"HASMATHPET LAKE, 
HASMATHPET, RANGA REDDY,",LAKE,TELANGANA,20,32,0.1,2,7.4,8.5,813,1790,12,30,0,5.42,20,50,200,920,2017
3074,"BANJARA LAKE, BANJARA 
HILLS, RANGA REDDY,",LAKE,TELANGANA,22,34,0.1,1,7.1,8.3,880,1289,10,30,0,4.6,38,80,310,820,2017
2344,"NALLA CHEVURU, 
RANGAREDDY",POND,TELANGANA,22,27,0.1,0.9,7.3,8.3,928,1978,13,26,0,10.3,72,120,200,500,2017
2345,"SAI CHEVURU, NEAR TANNERY 
INDUSTRIES, DESAIPET, 
WARANGAL",POND,TELANGANA,25,31,0.1,1.7,7.2,8.5,8950,32600,107,220,0,28.3,30,50,200,261,2017
2346,"BHADRAKALI CHEVURU, 
BHADRAKALI TEMPLE, 
WARANGAL",POND,TELANGANA,25,30,5.1,5.9,7.8,8.8,358,480,2,5,0,4.6,62,120,352,1000,2017
2347,"ASANI KUNTA, KAJIPALLY, 
MEDAK",POND,TELANGANA,20,38,0.1,0.1,4.9,7.6,6080,20680,86,204,27.16,102,8,45,125,200,2017
2357,DURGAM CHEVURU,POND,TELANGANA,20,27,1,2,7.1,8.6,822,1473,5,12,0,10.3,32,65,250,520,2017
2359,PEDDA CHEVURU,POND,TELANGANA,22,28,0.1,4,7.4,8.3,1078,2425,15,28,0,3.3,60,90,270,420,2017
3075,"RANGADHAMUNI CHERUVU, 
RANGA REDDY",POND,TELANGANA,20,33,0.1,3.1,7.4,8.1,662,1482,12,22,0,8.6,36,60,280,402,2017
3076,"AMBER CHERUVU, 
KUKATPALLY, RANGA REDDY",POND,TELANGANA,22,33,0.1,2.6,7.4,8.6,830,1736,9,20,0,20.1,40,130,396,1760,2017
3077,"KAPRA CHERUVU, KAPRA, 
RANGA REDDY",POND,TELANGANA,25,30,0.1,3,6.9,8.3,812,1350,7,18,0,3,80,150,400,1100,2017
3078,"PRAGATHINAGAR CHERUVU, 
KUKATPALLY, RANGA REDDY",POND,TELANGANA,25,33,0.1,3.8,7.3,7.9,827,1653,8,20,0,7.4,88,150,250,360,2017
1447,"DHARMASAGAR TANK NEAR 
WARANGAL",TANK,TELANGANA,23,33,5.4,6.3,7.6,8.6,224,465,2,4,0,2.1,76,140,426,1000,2017
1464,"BIBINAGAR TANK,",TANK,TELANGANA,20,29,6.1,8.2,7.4,8.5,365,628,3,6,4.6,15,4,20,50,165,2018
1780,"GANDIGUDEM , MEDAK 
DISTRICT",TANK,TELANGANA,21,38,4.9,8,7.2,8.3,1163,1825,8,15,13.5,39,8,26,10,164,2018
1783,"KISTAREDDYPET TANK , 
MEDAK DIST",TANK,TELANGANA,20,36,5.6,7.8,6.7,7.9,1437,6710,6,10,9,33,5,33,69,342,2018
2343,"PREMAJIPET TANK, 
KATTEDAN, RANGAREDDY",TANK,TELANGANA,20,30,0.1,1,5.7,7.9,2223,7570,17,35,0,5.2,41,80,112,250,2018
2348,"KAJIPALLY TANK, KAJIPALLY, 
MEDAK",TANK,TELANGANA,21,28,6.2,7.1,7.1,7.8,3650,5586,8,10,0,30,4,6,75,180,2018
2358,MALLAPUR TANK,TANK,TELANGANA,23,29,0.1,0.8,7.3,8.3,1175,2059,18,40,0,18.1,62,90,300,800,2018
3084,"WADDEPALLY TANK, KAZIPET, 
WARANGAL",TANK,TELANGANA,22,30,4,5.9,7.5,8.9,310,468,3,5,0,4.5,70,120,195,320,2018
3085,"CHINNA WADDEPALLY TANK, 
WARANGAL",TANK,TELANGANA,25,30,3.7,4.8,7.5,8.7,870,1169,12,28,0,15.6,39,60,360,800,2018
3086,"SAKI TANK, PATANCHERU, 
RANGA REDDY",TANK,TELANGANA,19,36,0.1,7.8,7.2,8.3,728,1491,4,12,10,38,5,30,56,250,2018
1727,"LAXMI NARAYAN BARI PALACE 
COMPOUND, TRIPURA",LAKE,TRIPURA,25,27,7.2,8.6,7.4,8.5,103,195,1,2.5,0.52,1.24,170,220,280,350,2018
1728,"RUDRASAGAR, SONUMURA, 
TRIPURA",LAKE,TRIPURA,25,27,6.9,7.9,6.7,8.1,123,235,1.1,2.6,0.29,0.85,170,220,280,350,2018
3391,"DHAMBUR LAKE, DHALAI",LAKE,TRIPURA,25,27,6.8,8.1,7.1,7.8,72,128,0.5,2,0.45,1.77,120,220,210,350,2018
3392,"SHIPAHIJALA POND, WEST 
TRIPURA",POND,TRIPURA,24,27,4.1,5.7,8.1,9,89,141,0.2,0.9,0.19,0.67,170,220,280,400,2018
3393,"BRAMAKUNDA POND, WEST 
TRIPURA",POND,TRIPURA,25,27,5.1,6.8,7.6,8.6,94,179,0.4,1.5,0.3,1.13,170,210,280,350,2018
3394,"KALYANSAGAR AT 
MATARBARI, SOUTH TRIPURA",POND,TRIPURA,24.5,27,7.7,9,8.4,9.5,94,173,0.6,3,0.31,1.12,170,220,280,350,2018
3395,"MAHADEB DIGHI, SOUTH 
TRIPURA",POND,TRIPURA,24.5,27,7.1,8.2,8.1,9,92,169,0.5,2.1,0.11,0.37,170,220,350,350,2018
3396,"JAGANNATH DIGHI, SOUTH 
TRIPURA",POND,TRIPURA,24.5,27,7.3,9,7,8.5,97,167,0.5,1.9,0.1,0.33,170,220,280,350,2018
1364,"RAMGARH LAKE, U.P.",LAKE,UTTAR PRADESH,15,30,7.1,8.6,7.5,8.3,258,685,3.9,5.1,0,1.66,2100,22000,4900,35000,2018
2499,"SAMARPUR JHEEL, RAEBARELI",LAKE,UTTAR PRADESH,20,32,5,6.3,8.1,8.2,352,618,4.5,4.9,0.09,1.12,4700,6800,8000,8900,2018
2500,"MAAHIL POND, URAI TEHSIL, 
JALAUN",POND,UTTAR PRADESH,17,35.3,0,2.9,8.1,9.7,293,3370,70,92,0,0,4900,9400,24000,43000,2018
2501,"LAXMI POND, JHANSI",POND,UTTAR PRADESH,16,34,0,2.1,7.1,8,877,1715,85,95,0,0,1200,9400,28000,54000,2018
1765,"RABINDRASAROVAR 
NATIONAL LAKE, CALCUTTA, 
WEST BENGAL",LAKE,WEST BENGAL,23,34,5,14.7,5.8,9.3,240,578,2.4,13.2,0.43,0.69,400,13000,800,17000,2018
2503,"HATISHALA GHAT ON 
DUDHPUKUR AT 
TARAKESHWAR",LAKE,WEST BENGAL,21,35,4.1,25.5,7.6,9.2,618,764,5.3,22.2,0,2.31,70000,300000,90000,500000,2018
2504,"MAINH GHAT ON 
DUDHPUKUR AT 
TARAKESHWAR",LAKE,WEST BENGAL,21,35,3.9,17,7.5,8.9,629,794,4,18,0,2.75,80000,240000,110000,300000,2018
2505,"HANUMAN GHAT ON 
DUDHPUKUR AT 
TARAKESHWAR",LAKE,WEST BENGAL,21,35,5.3,22,7.8,9,615,768,1.9,23.3,0,2.48,80000,280000,110000,350000,2018
2519,"KOCHBIHAR LAKE (SAGAR 
DIGHI)",LAKE,WEST BENGAL,21,30,5.5,78,6.8,8.8,36,79,2.4,4.5,0.33,0.48,1300,6000,3300,22000,2018
2520,MIRIKH LAKE,LAKE,WEST BENGAL,10,20,6.4,7.3,6.7,7.6,64,139,2.3,3.6,0.3,0.63,2700,8000,9000,70000,2018
2521,WATER RESERVIOR AT DELO,LAKE,WEST BENGAL,10,24,7.1,8.6,7,8,15,44,0.8,2.5,0.31,0.6,110,230,400,1400,2018
2522,"SINCHAL LAKE FOR 
DARJEELING",LAKE,WEST BENGAL,4,13,7.6,8.8,6.1,7.8,10,34,0.5,2.4,0.37,0.53,90,140,170,1400,2018
2539,"BELBONI LAKE NEAR 
BARJORA",LAKE,WEST BENGAL,20,34,6.4,9.8,7.4,8.1,161,299,1.1,5.4,0.06,0.5,700,2600,1400,3400,2018
2544,SAHEBBANDH AT PURULIA,LAKE,WEST BENGAL,18,32,2.4,8.1,7.1,8.3,384,554,0.6,5.4,0.07,0.63,1700,17000,3300,28000,2018
1790,"PULICATE LAKE , NELLORE 
DIST., A.P",LAKE,"ANDHRA 
PRADESH",28,28,5.2,7.4,7.1,8,8670,47200,1.6,7.1,1.3,2.9,2,4,1100,1600,2018
2353,"KONDACHARLAAAVA LAKE, 
PARAWADA PHARMA CITY, 
VISHA",LAKE,"ANDHRA 
PRADESH",26,30,5.5,7,7.1,8.3,817,1108,1.2,1.5,1.2,2.8,15,39,350,2400,2018
2205,"MER BEEL AT MADHABPUR, 
ASSAM",LAKE,ASSAM,15,24,0.5,8.9,5.6,7.2,30,116,3.2,62,0.2,8,2,2700,2,21000,2018
2206,"DALONI BEEL NEAR 
JOGIGHOPA, ASSAM",LAKE,ASSAM,20,36,5.1,7.9,6.8,9.5,52,197,0.8,2.1,0.1,1.1,2,360,2,910,2018
1263,"ELANGABEEL SYSTEM POND 
(CONNECTED TO R. KOLANG)",POND,ASSAM,20,36,1.6,6,6.7,7.8,461,958,3.8,18,0.7,2.3,300,2800,360,110000,2018
2207,"BOR BEEL AT JAKAI., ASSAM",POND,ASSAM,15,25,3,7.4,5.7,7.1,105,212,2.1,10,0.1,2.1,2,3500,360,24000,2018
2208,"BORPUKHURI, NAZIRA, ASSAM",POND,ASSAM,18,32,4.3,7.2,6.3,8.4,20,38,1.3,3.1,0.1,3,2,360,300,730,2018
2209,"GAURISAGAR TANK, 
GAURISAGAR, ASSAM",POND,ASSAM,22,32,4.8,8.2,6.3,7.9,21,41,0.9,3.6,0.1,1.1,2,730,300,1500,2018
2210,"RAJMAW PUKHURI, JORHAT, 
ASSAM",POND,ASSAM,19,33,5.3,7.8,6.5,7.6,44,96,1.4,5.9,0.3,1.6,2,910,360,2800,2018
2211,"PADUMPUKHURI, TEZPUR, 
ASSAM",POND,ASSAM,20,33,6.8,8.4,7.1,8.9,218,279,3.4,17.5,0.1,1.7,2,910,2,910,2018
2212,"GOPHUR TANK, GOPHUR, 
ASSAM",POND,ASSAM,20,32,7,9,6.3,9.2,64,83,3,12.4,0.2,3,2,2800,2,21000,2018
2213,"JAIPAL PUKHURI, SIPAJHAR, 
ASSAM",POND,ASSAM,20,32,6.5,8.6,6.7,8.5,17,244,3.2,8,0.1,1.5,2,730,2,1400,2018
2214,"BOTODRIVA SATRA POND, 
NAGAON, ASSAM",POND,ASSAM,22,34,3.8,9,6.3,7.9,18,152,4.6,9,0.1,1.9,2,910,2,1400,2018
2215,"SARAN BEEL, ASSAM",POND,ASSAM,22,36,1.8,10,6,7.4,51,88,1.8,6,0.2,1.2,2,2000,2,12000,2018
2216,"DIGHALI PUKHURI, 
GUWAHATI, ASSAM",POND,ASSAM,23,30,4.6,14.5,7.7,9.3,145,185,3.2,28.2,0.3,1.9,2,3500,2,240000,2018
2217,"SUBHAGYA KUNDA POND 
KAMAKHYA TEMPLE, 
GUWAHATI, ASS",POND,ASSAM,22,30,4.5,11,6.3,8.1,282,441,2.8,16,0.2,2.4,2,21000,2,21000,2018
2218,"DEEPAR BEEL AT BORAGAON 
NEAR IASST, GUWAHATI, ASSA",POND,ASSAM,24,33,3.8,13.1,6.1,9.7,125,325,2.6,14.8,0.1,1.7,2,910,2,4200,2018
2219,"BISHNU PUSKAR PUKHURI OF 
HAYAGRIB MADHAB TEMPLE",POND,ASSAM,20,34,4.7,11,6.8,8.7,195,225,3.9,14,0.1,2.1,2,1500,2,4300,2018
2220,"CHAND DUBI BEEL, CHAND 
DUBI, ASSAM",POND,ASSAM,20,36,4.6,10.6,5.8,7.6,18,42,1.4,4.5,0.2,1.4,2,910,2,2300,2018
2221,"GANGA PUKHURI, NALBARI 
(GORDON SCHOOL), ASSAM",POND,ASSAM,22,36,0,10,6.9,8.3,50,58,1.5,7,0.2,1.3,2,1500,300,7500,2018
2222,"RAJADINIA PUKHURI AT 
ABHAYAPURI, ASSAM",POND,ASSAM,22,38,4.8,5.6,6.5,7.9,10,112,1.1,2.8,0.1,1.1,2,2100,2,3900,2018
2223,"MAHAMAYA MANDIR 
PUKHURI, ASSAM",POND,ASSAM,23,35,2,6.2,6.6,7.8,43,51,1.3,2.4,0.1,1.1,2,1500,730,29000,2018
2224,"RAJAPUKHURI AT GAURIPUR, 
ASSAM",POND,ASSAM,22,36,4.8,7,6.8,7.7,53,76,1.2,4,0.1,1.2,2,1500,360,3900,2018
2225,"BASKANDI POND INSIDE THE 
BASKANDI MADRASA, 
BASKAND",POND,ASSAM,20,25,3.1,5.6,6.8,7.2,94,136,2.3,5,0.4,4.3,2,730,2,2000,2018
2226,"SIVASAGAR TANK 
(BORPUKHURI) NEAR 
SIVADOL, ASSAM",POND,ASSAM,18,33,4,7.8,6.2,7.9,18,33,1.2,4.2,0.1,1.1,2,360,360,1100,2018
2227,"HORDAI PUKHURI, 
CHARAIDEW, ASSAM",POND,ASSAM,21,33,5.5,8.1,6.5,7.8,23,34,1.8,3.4,0.3,1.9,2,910,360,1400,2018
2228,"GALA BEEL AT DERGAON, 
ASSAM",POND,ASSAM,21,31,5.5,9.5,6,7.7,29,37,1,2.6,0.1,1.4,2,2000,2,21000,2018
3772,BORPUKHURI AT SONARI,POND,ASSAM,19,33,4.9,8.5,6.3,7.5,50,95,1.6,4,0.6,1.6,2,720,360,1500,2018
3806,"POND WATER FROM 
RAMKRISHNA MISSION AT 
HAILAKANDI",POND,ASSAM,21,25,4,4.2,6.7,7.3,104,166,2.6,4.1,0.7,1.3,2,1500,2,2000,2018
3809,"JORPUKHURI AT UZANBAZAR 
(UGRATALA TEMPLE)",POND,ASSAM,23,32,3.2,8.4,6.8,8.9,302,364,2.8,23.5,0.2,3.8,360,240000,730,240000,2018
4006,"NETAI PUKHURI AT NETAI 
PUKHURI",POND,ASSAM,20,32,2.5,6.5,6.2,7.9,20,49,1.3,2.8,0.1,1.3,600,910,910,2100,2018
1532,"*GOYSAGAR TANK, SIBSAGAR, 
ASSAM",TANK,ASSAM,21,32,5,8.3,6.1,7.7,10,27,0.9,3.2,0.1,1.6,2,730,300,1100,2018
2557,KAWAR LAKE BEGUSARAI,LAKE,BIHAR,17,33,8.2,14.8,7.2,8.5,149,465,2.4,2.8,0,35,4000,11000,11000,22000,2018
2571,"MOTI JHEEL AT MOTIHARII, 
BIHAR",LAKE,BIHAR,14,32,7.9,12.7,6.9,9.4,328,781,2.1,2.9,0,3.8,4000,7900,11000,15000,2018
4296,"SIKANDARPUR, 
MUZAFFARPUR",LAKE,BIHAR,23,35,5.7,10.5,6.7,8,347,1220,1.8,2.8,0.1,0.9,3100,7900,7000,14000,2018
2573,"TIGHI TALAB AT GAYA, BIHAR",POND,BIHAR,18,38,5.6,10.4,7.2,8.4,437,1121,2.5,2.9,0,2.4,2100,21000,4600,29000,2018
2574,"SURAJ KUND AT GAYA, BIHAR",POND,BIHAR,18,37,6.4,10.2,7.1,8.1,202,1131,2.2,2.9,0,2.2,1700,11000,3300,22000,2018
2046,"SUKHNA LAKE, CHANDIGARH",LAKE,CHANDIGARH,16,30.5,4.8,9.9,7.3,8.2,198,287,1,4,0,4.9,2,18000,2,30000,2018
3030,"SANJAY LAKE, DELHI",LAKE,DELHI,31,31,16.4,16.4,8.7,8.7,1162,1162,17,17,0,0,170,170,280,280,2018
3031,"BHALSWA LAKE, DELHI",LAKE,DELHI,,,,,8.1,8.1,7110,7110,36,36,3.3,3.3,49,49,13000,13000,2018
3032,"SULTANPUR LAKE, DELHI",LAKE,DELHI,,,3.9,3.9,,,417,417,BDL,BDL,1.4,1.4,2400,2400,3500,3500,2018
3476,"LAKE NEAR IIT FLYOVER, DELHI",LAKE,DELHI,,,7.4,20,7.4,8,801,824,11,11,1.1,40.8,400,4900,1100,92000,2018
1549,"SALAULIM LAKE AT SALAULIM  
SANGUEM, GOA",LAKE,GOA,27,31,6,8.6,6.8,7.8,35,61,0.6,2.3,BDL,0.4,2,23,BDL,49,2018
2269,"MAYEM LAKE, BICHOLIM",LAKE,GOA,27,32,5.7,9.8,6.1,8.2,29,262,0,4.8,BDL,0.7,450,17000,780,28000,2018
3175,ANJUNEM LAKE,LAKE,GOA,25,32,4.9,8.2,7,8.1,46,187,0.3,1.7,0,0.1,7,540,13,920,2018
3176,RUMDER LAKE,LAKE,GOA,24.6,32,1.9,10.5,6.6,8.5,84,331,0.3,9.7,BDL,15.9,200,13000,450,24000,2018
3177,CARAMBOLIM LAKE,LAKE,GOA,26,34,3.2,7.3,6.7,8.5,144,362,0,3.9,0,1.1,200,2300,400,4900,2018
3178,RAIA LAKE,LAKE,GOA,27.6,31.2,4.8,11.2,6,8.7,80,209,0.8,4.8,0,1.4,200,7900,450,17000,2018
3179,SAIPEM LAKE,LAKE,GOA,27,31.4,0.9,8,6.4,7.9,223,839,1.1,6,0,6.4,24000,54000,54000,92000,2018
3180,CURTORIM LAKE,LAKE,GOA,27,31.4,4,6.8,6,7.6,80,218,0.8,4.9,0,12,450,7900,780,17000,2018
1343,"KANKORIA LAKE AT 
AHMEDABAD, NR. BALVATIKA, 
GUJARAT",LAKE,GUJARAT,22,32,3.7,9.6,8.3,9.2,292,3218,13,43,0.2,0.4,21,45,210,430,2018
1344,"CHANDOLA LAKE AT 
AHMEDABAD, GUJARAT",LAKE,GUJARAT,18,30,3.3,9.1,7.9,9.2,442,1335,8,39,0,0.3,21,68,210,430,2018
1345,"AJWAH LAKE AT SRI SAYAJI 
SABVAR, BARODA, GUJARAT",LAKE,GUJARAT,25,31,7,9.1,7.4,8.5,276,371,0.3,0.8,0.4,0.9,2,11,4,33,2018
1346,"SURSAGAR LAKE AT BARODA, 
GUJARAT",LAKE,GUJARAT,27,32,2.7,5.8,7.3,8.4,1401,4280,0.2,11.2,0.6,1,12,540,47,920,2018
1972,"NALSAROVAR LAKE (SANAND), 
DIST.AHMEDABAD",LAKE,GUJARAT,26,31,BDL,9.2,7.5,10,2305,29310,5,93,0,0.3,5,14,31,58,2018
1973,"BINDUSAROVAR, SIDDHPUR 
(DIST.PATAN)",LAKE,GUJARAT,21,30,3.8,8.7,7.2,8.4,2164,2808,2.1,19,0.1,0.7,4,17,24,79,2018
1975,"LAKHOTA TALAV, JAMNAGAR",LAKE,GUJARAT,21,30,4.6,6.6,7,8.5,340,620,4.5,11,0.2,0.4,2,10,2,27,2018
1976,"NARSIMEHTA TALAV 
JUNAGADH",LAKE,GUJARAT,22,26,0,13.6,6.7,8.3,303,1280,2.6,86.6,0,0.5,2,4,BDL,21,2018
2075,"DHAROI DAM, DIST. 
MEHSANA.",LAKE,GUJARAT,26,29,5.3,8.5,7.3,8.5,347,459,1.1,2,0,0.1,2,2,12,25,2018
2076,"ANKLESHWAR RESERVOIR AT 
GIDC ANKLESHWAR AT VALIA 
R",LAKE,GUJARAT,28,31,5.9,7.8,7.3,9.6,10,792,0.3,1.3,0,0.7,11,22,33,94,2018
2077,"MOTICHER LAKE NEAR 
KAKARPAR ATOMIC POWER 
STATION,",LAKE,GUJARAT,27,32,6.8,7.5,7.2,8.1,4,530,0.5,1.1,0,0.1,3,27,20,172,2018
2078,"KUWADAVA LAKE, VILL. 
KUWADAVA, DIST. RAJKOT.",LAKE,GUJARAT,24,29,4.5,7.2,7.2,8.1,1090,3680,2,32.5,0,0.3,2,14,8,14,2018
3197,"MACHHUII DAM, 
RAFLESHWAR, MORBI, RAJKOT",LAKE,GUJARAT,25,38,3.3,6.8,7.4,8.2,466,2682,0.3,60,0.1,0.1,2,2,2,14,2018
3198,"GOMTI LAKE, OPP, 
RANCHODAJI TEMPLE, DAKOR, 
KHEDA",LAKE,GUJARAT,23,28,3.1,5.8,7.4,8.1,432,648,0.6,3.8,0.4,0.9,4,46,21,120,2018
3199,"HAMISAR TALAV, BHUJ",LAKE,GUJARAT,24,33,2.1,5.2,7,8.4,672,1700,1.2,8.9,0,8.6,6,9,14,26,2018
3200,"MOONSAR LAKE OF 
VIRAMGAM",LAKE,GUJARAT,27,32,BDL,9.6,8.4,9.4,3137,6632,20,80,0.2,0.4,13,63,58,430,2018
3201,"MALAV TALAV, DHOLKA",LAKE,GUJARAT,26,30,1.7,9,8.9,9.9,2259,9400,12,36,0.2,0.4,2,40,2,280,2018
3202,"VHERAIMATA TALAV AT 
ANAND",LAKE,GUJARAT,29,30,2.1,8.5,7.7,8.5,222,1361,0.4,7.2,0,0.6,12,46,49,210,2018
1979,"OLPAD, VILLAGE POND:OLPAD, 
SURAT",POND,GUJARAT,27,34,6,7.1,7.1,8.4,405,2528,1.1,2.3,0.1,0.2,9,84,84,221,2018
2079,"DHUDHIA TALAV AT NAVSARI, 
DIST. NAVSARI.",POND,GUJARAT,22,32,6.1,7.4,7.3,8.3,331,589,1.1,2.1,0,0.2,2,48,23,348,2018
1971,"THOL TANK (KALOL) (DIST. 
MEHASANA)",TANK,GUJARAT,27,30,2.4,9.8,BDL,8.2,341,2154,5,166,0,0.6,4,45,17,350,2018
1349,"BRAHMSAROVAR LAKE AT 
KURUKSHETRA, HARYANA",LAKE,HARYANA,20,20,6.8,9,7.3,8.7,173,521,0.8,5.5,,,800,2200,2700,4900,2018
1392,"SUKHNA LAKE, CHANDIGARH",LAKE,HARYANA,,,4.8,4.8,7.7,8.4,321,660,0.8,5,,,800,900,2000,2600,2018
3033,SOHNA LAKE,LAKE,HARYANA,,,6.3,6.3,7.1,7.4,205,298,6,6,,,,,,,2018
1291,"GOBINDSAGAR LAKE AT 
BILASPUR, H.P.",LAKE,"HIMACHAL 
PRADESH",10,22,8.1,11.5,7.4,8.7,144,397,0.2,0.6,0.1,1.1,26,120,280,920,2018
1292,"PONGDAM LAKE AT PONG 
VILLAGE, H.P.",LAKE,"HIMACHAL 
PRADESH",7.7,18,6.9,8.9,7,8.1,154,536,0.1,0.5,0.1,2.9,2,6,63,180,2018
1429,"RENUKA LAKE , 35 KM FROM 
PATNA SAHIB NORTH , H.P",LAKE,"HIMACHAL 
PRADESH",10,26,5.5,8.2,7.7,8.3,402,826,0.6,2.2,0,0.5,21,34,40,84,2018
2649,RIWALSAR LAKE,LAKE,"HIMACHAL 
PRADESH",11,32,6,10.9,7.8,8.5,165,390,0.7,6,0,2,58,220,920,1600,2018
2650,KHAZIAR LAKE,LAKE,"HIMACHAL 
PRADESH",7.6,12.3,5.8,6.2,6.7,7.8,50,102,1.8,6,0.5,2.4,4,22,110,540,2018
1388,"ULSOOR LAKE TRAINING 
CENTRE OF FISH BREEDING, 
KARN",LAKE,KARNATAKA,24.6,33,4.1,8.8,6.8,8.6,302,545,2,7,0.5,3.1,110,220000,920,1720000,2018
1446,"HEBALLA VALLEY LAKE AT D/S 
ROAD BRIDGE NR. MANDYA,",LAKE,KARNATAKA,24,26,0.5,6.7,6.7,8.1,120,882,2.4,6.7,0.1,2.3,380,1200,1700,4700,2018
3582,HEBBAL LAKE,LAKE,KARNATAKA,20,26,0,6,5.7,7.9,983,1920,4,25.6,0.4,4.2,1100,2700,5800,7900,2018
3583,KUKKARAHALLI LAKE,LAKE,KARNATAKA,22,27,6.5,7.7,8.4,9.1,535,624,3,5,0.2,2.5,910,1700,3800,5800,2018
3584,DALAVAI LAKE,LAKE,KARNATAKA,23,29,0,4,6.5,7.8,896,1180,10.1,23.2,0.2,4.3,1400,3100,6300,8400,2018
3585,YENNEHOLE LAKE,LAKE,KARNATAKA,19,29,0,3.6,7.3,8.1,852,1203,10.4,24.2,0.2,5.6,1700,2700,6300,7900,2018
3586,LIMBHABUDI LAKE,LAKE,KARNATAKA,20,33,4,7.1,7.9,9.5,467,938,3,10.3,0.1,2.4,920,1400,3500,6300,2018
3587,SHETTYKERE LAKE,LAKE,KARNATAKA,22,29,5,7,7.6,9.2,654,989,3,6.4,0.1,5.6,920,1700,3400,6300,2018
3591,KEMPAMBUDHI LAKE,LAKE,KARNATAKA,24,30,5.5,8.3,6.9,8.4,421,596,3,9,0.5,7,33,84000,130,920000,2018
3592,YEDIYUR LAKE,LAKE,KARNATAKA,24,30,5,7.8,6.5,8.2,265,1128,3,5,0.2,4.7,490,12000,3500,92000,2018
3593,"ULSOOR LAKE TRAINING 
CENTRE OF FISH BREEDING, 
KARN",LAKE,KARNATAKA,27,33,5,8.7,7,8.8,320,2775,3,10,0.5,2.4,110,270000,920,3480000,2018
3601,KARIHOBANAHALLI LAKE,LAKE,KARNATAKA,25,29,0,4.8,7.2,7.8,1680,3570,18,38,1.4,26,47000,1100000,540000,16000000,2018
3602,BELLANDUR LAKE,LAKE,KARNATAKA,26,30,0,5.1,6.8,7.5,418,1237,3,32,0.6,11,70000,7900000,1600000,34800000,2018
3608,VARTHUR LAKE,LAKE,KARNATAKA,25,29,3.2,6,6.5,7.2,885,1379,5,46,0.4,15,27000,490000,240000,5420000,2018
3610,TUBRAHALLI LAKE,LAKE,KARNATAKA,23,29,1.6,4.5,6.8,7.5,1072,1786,4,47,0.9,8.8,460,2100000,5400,34500000,2018
3611,KAIKONDANAHALLI LAKE,LAKE,KARNATAKA,26,30,2.8,6.5,6.5,7.6,657,1246,4,13,0.7,13.9,330,17000,5400,92000,2018
3612,AGARAM LAKE,LAKE,KARNATAKA,26,30,1.3,7,6.5,7.6,525,1246,2,13,0.5,8.5,330,46000,3500,350000,2018
3613,GOTTEGRE LAKE,LAKE,KARNATAKA,28,29,2.3,5.6,6.1,6.9,456,1102,4,10,0.7,8,840,28000,17000,160000,2018
3614,PUTTENAHALLI LAKE (S),LAKE,KARNATAKA,25.2,30,2.2,7.6,6.3,8,479,1290,3,10,0.9,7.1,430,1700000,5400,10900000,2018
3615,ARAKERE LAKE,LAKE,KARNATAKA,25.4,30,0.9,7.3,6.5,8,707,1212,4,28,1,12.7,6300,460000,15000,1720000,2018
3616,KALENA AGRAHARA LAKE,LAKE,KARNATAKA,25.2,28,5.4,7.1,7,7.6,640,1037,4,11,1.5,3.5,33000,220000,130000,1720000,2018
3617,HULIMAVU LAKE,LAKE,KARNATAKA,25.3,29,2.3,7.6,6.4,8.2,484,1288,4,20,0.9,6.2,2200,490000,14000,3480000,2018
3618,SINGASANDRA LAKE,LAKE,KARNATAKA,26,30,1.5,10.2,6.5,7.6,66,1240,3.6,79,0.7,28.6,460,12000,3200,92000,2018
3620,PARAPPANA AGRAHARA LAKE,LAKE,KARNATAKA,25,30,2.1,5.7,6.5,8.4,760,1686,3,22,0.4,10,7900,1100000,28000,9200000,2018
3621,HARALAKUNTE LAKE,LAKE,KARNATAKA,27,30,1.5,6.2,6.3,8,679,968,4,11,0.5,11.4,1400,2100000,9200,22100000,2018
3622,SOMASUNDRA PALYA LAKE,LAKE,KARNATAKA,26,28,0,6.7,6.6,7.2,777,1232,6,56,0.8,4.4,4900,79000,35000,540000,2018
3624,PUTTENAHALLI LAKE,LAKE,KARNATAKA,26,31,0,7.4,6.8,7.7,783,1362,3,84,0.4,4,3300,49000000,24000,240000000,2018
3625,HEBBAL LAKE,LAKE,KARNATAKA,24,30,4.2,8.4,6,7.3,478,664,3,5,0.4,3.8,1400,33000,7000,348000,2018
3627,JAKKUR LAKE,LAKE,KARNATAKA,28,31,4,8.7,6.6,9.3,632,1103,4,15,0.8,10.4,400,9400,3480,35000,2018
3628,AMRUTHAHALLI LAKE,LAKE,KARNATAKA,27,31,0.5,4.3,6.8,7.1,1003,1120,5,77,0.6,2,790,11000,5400,92000,2018
3644,MULBHAGAL LAKE,LAKE,KARNATAKA,22,29,1.2,8.9,7.2,9,1522,2248,8,28,1,50,330,33000,3500,172000,2018
3645,DEVARAYASAMUDRA LAKE,LAKE,KARNATAKA,22,29,1.8,8,6.6,8.4,220,518,3,56,0.2,2.4,170,2600,1090,27800,2018
3646,NARASAPURA LAKE,LAKE,KARNATAKA,20,30,2.8,7.3,6.8,8.3,315,689,2,40,0.4,7,8,11000,5400,92000,2018
3647,HULEDANAHALLI LAKE,LAKE,KARNATAKA,23,26,2,6.1,7.1,7.6,207,343,4,5,0.4,1.2,490,2800,3480,16000,2018
3649,BUGUDANAHALLI LAKE,LAKE,KARNATAKA,22,25,5.6,7.9,6.2,7.8,122,271,3,4,0.1,1.7,330,17000,3500,160000,2018
4094,"GANGONDANA HALLI LAKE, 
BENGALURU NORTH",LAKE,KARNATAKA,23,25,0.4,3.2,6.6,7.3,1912,3000,19,74,2,11,400,21000000,3500,160000000,2018
4095,"CHIKKABANVARA LAKE, 
CHIKKABANWARA, 
BENGALURU NORTH",LAKE,KARNATAKA,23,25,1.5,5.5,6.7,7.7,1529,2490,4,17,1.2,16,330,11000,3500,92000,2018
4096,"ANDHRAHALLI LAKE, 
ANDHRAHALLI, BENGALURU",LAKE,KARNATAKA,23,25,0.8,5.8,6.5,8,55,1586,4,10,0.4,8,31,17000,540,92000,2018
4097,"KACHOHALLI LAKE, 
KACHOHALLI, BENGALURU 
NORTH",LAKE,KARNATAKA,23,25,0.5,7.8,6.5,8.4,128,1967,2,25,0.1,6.4,340,170000,5400,920000,2018
3559,HULLIGE TANK,TANK,KARNATAKA,20,28,6.6,7.6,6.8,8.8,229,935,2,6,0,3.6,30,3600,122,6400,2018
3560,MAVENAKERE,TANK,KARNATAKA,24,33,6,8.6,8.8,9.7,1455,2903,12,42,0,0.2,2500,18000,8000,32000,2018
3561,HUNDIKERE (KOPPAL),TANK,KARNATAKA,20,26,6.7,7.6,6.9,8.4,240,638,3,8,0,0.1,26,1200,112,3600,2018
3565,PILIKULA TANK,TANK,KARNATAKA,28,31,6.2,7.7,6.9,7.2,120,280,1,4,0.1,1.6,2,17,2,34,2018
3588,KARANJIKERE,TANK,KARNATAKA,23,28,4.8,7.1,7.2,8.1,524,942,3,6.2,0.1,1.5,780,1700,4300,5800,2018
3589,MADIWALA TANK,TANK,KARNATAKA,25.3,30,1.5,7,6.9,8.1,496,1244,5,14,0.8,8.4,400,9400,3500,54200,2018
3590,LALBAGH TANK,TANK,KARNATAKA,24.6,30,5.6,8.9,7,8.1,373,590,3,6,0.2,6.6,110,17000,1090,92000,2018
3594,SANKEY TANK,TANK,KARNATAKA,26,28,4.3,8.2,6.9,8.1,426,686,3,9,0.4,2.1,330,4800,1600,35000,2018
3595,BYRASANDRA TANK,TANK,KARNATAKA,24.6,33,2.2,8.6,6.8,8.5,319,1400,3,19,0.5,3.6,4600,49000,35000,348000,2018
3597,HESARAGHATTA TANK,TANK,KARNATAKA,21,29,4.6,8.5,6.5,8.4,126,1662,3,8,0.1,4.4,480,110000,3500,350000,2018
3598,HEROHALLI TANK,TANK,KARNATAKA,22,30,0.8,8.2,6.5,8.3,156,2480,2,17,0.1,15,330,46000,5400,542000,2018
3599,MADAVARA TANK,TANK,KARNATAKA,22,30,0.5,8.5,6.5,9.2,525,1441,6,49,0.4,8.4,210,580000,350,9200000,2018
3600,SHIVAPURA TANK,TANK,KARNATAKA,25,29,0,3.1,7.2,7.9,2120,4930,24,48,1.8,16.8,310,940000,3500,9200000,2018
3603,VENGAIHNAKERE,TANK,KARNATAKA,20,27,3.2,5.6,6.5,7.7,936,1580,3.9,38,0.5,4.6,3300,700000,35000,2780000,2018
3604,DODDANAKUNDI TANK,TANK,KARNATAKA,24,29,4.2,6.4,6.7,8,420,1691,3,39,0.5,4.1,480,790000,3500,5420000,2018
3605,YELLAMALLAPPA TANK,TANK,KARNATAKA,22,29,3.8,5.4,6.6,10.5,1003,1717,4,25,0.5,9,1400,460000,54000,2210000,2018
3606,DASARAHALLI TANK,TANK,KARNATAKA,22,30,0.5,7.2,6.6,9,496,1262,3,60,0.4,7.3,220,8400,1200,92000,2018
3619,BEGUR TANK,TANK,KARNATAKA,26,28,3.4,6.8,6.8,7.8,654,1185,4,10,0.9,4.1,2200,28000,17800,160000,2018
3626,NAGAVARA TANK,TANK,KARNATAKA,26,33,4,7.4,6.5,8.7,531,998,3,7,0.3,4,330,17000,2210,160000,2018
3629,ALLASANDRA TANK,TANK,KARNATAKA,25,31,4.4,8,6.5,9.3,619,1102,4,45,0.3,6,2100,49000,7900,220000,2018
3630,YELAHANKA TANK,TANK,KARNATAKA,28,30,4,7.4,6.6,9.3,630,1048,3,13,0.8,3,270,79000,2400,920000,2018
3632,VEERAPURA TANK,TANK,KARNATAKA,24,26,4,7.2,6.5,7.6,32,1106,4,8,0.5,6.3,460,31000,5400,540000,2018
3634,DEVARAKERE TANK,TANK,KARNATAKA,23.2,30.5,4.6,7.9,6.5,7.2,7,540,3,6,0,6.4,330,28000,2210,160000,2018
3635,MALATHAHALLI TANK,TANK,KARNATAKA,24.3,30.7,2.1,8.2,6.7,7.7,1152,1898,4,41,0.7,16,3100,350000,35000,1600000,2018
3637,BYRAMANGALA TANK,TANK,KARNATAKA,25,31,0.5,6.6,6.9,7.6,993,1569,4,26,1,24,790,490000,5400,3480000,2018
3638,ANNAYAPPA TANK,TANK,KARNATAKA,22,28,5.8,8.4,6.9,8.1,294,676,3,6,0.2,5.3,1700,28000,5400,160000,2018
3640,UTTARAHALLI DORAIKERE,TANK,KARNATAKA,22.3,28.7,0,6.5,6.5,8.7,285,585,4,96,0.2,2.3,210,70000,1100,350000,2018
3641,DHOREKERE,TANK,KARNATAKA,23,29.8,4.6,8.3,6.1,8.2,350,814,2,10,0.3,24,170,48000,2400,350000,2018
3643,BEENNIGANAHALLI TANK,TANK,KARNATAKA,26,27,3.2,3.6,6.9,7.5,830,1666,2.3,39,1.2,7,46000,260000,350000,1750000,2018
3648,MYDALA,TANK,KARNATAKA,24,27,0.6,8.5,6.5,7.6,150,975,3,4,0.1,2,330,9400,1720,54000,2018
3650,MELEKOTE,TANK,KARNATAKA,23,26,1.1,8.7,6.5,8.6,400,1830,3,62,0.6,5,940,28000,9200,160000,2018
3651,BHEEMSANDRA TANK,TANK,KARNATAKA,22,25,0.5,6.2,6.7,8.1,355,1971,3,66,0.8,7.4,310,28000,9200,160000,2018
3653,DODDAKERE TANK,TANK,KARNATAKA,23,26,5,7.3,6.6,7.4,229,426,3,5,0.1,0.7,330,4600,3480,54000,2018
3654,GOTTIGERE LAKE,TANK,KARNATAKA,24,30,3.8,7.8,6.6,7.6,805,1861,3,13.5,0.3,2.2,460,17000,5420,92000,2018
3657,KAACHACHALLI KOPPALUKERE,TANK,KARNATAKA,25,27,3,4.3,7.3,7.9,760,910,3,4,0.2,0.4,240,400,2400,5400,2018
3659,MATHANA KERE,TANK,KARNATAKA,24,28,3.2,6.6,7.2,8.3,610,1130,3,6,0.2,0.3,920,3300,9400,22000,2018
3660,HUNASINA KERE,TANK,KARNATAKA,25,28,4.5,6.6,7.1,8.1,610,1030,3,5,0.2,0.3,680,2200,7000,14000,2018
3661,KOKKANAGHATTADODDAKERE,TANK,KARNATAKA,25,28,4.9,6.4,7.8,8.8,670,1620,3,4,0.2,0.3,170,320,1700,3500,2018
3663,JOLADAKATTE,TANK,KARNATAKA,25,28,4.6,5.3,7.7,8.1,510,610,2,3,0.1,0.3,68,210,700,1700,2018
3664,BASAVANAHALLIKERE,TANK,KARNATAKA,25,28,4.5,5.3,7.3,7.5,320,470,2,2,0.1,0.2,78,170,940,2200,2018
3665,LINGAPPANAKATTE,TANK,KARNATAKA,25,28,4.6,5,7.7,8.1,500,600,2,3,0.1,0.2,93,120,940,1400,2018
3666,GANIGARAHOSAHALLIKERE,TANK,KARNATAKA,25,27,4.8,5.6,7.4,8,410,580,2,3,0.1,0.2,140,240,1400,3500,2018
3667,SATHENAHALLIDODDAKERE,TANK,KARNATAKA,25,27,4.2,5.2,7.2,8.1,580,650,2,2,0.1,0.2,110,320,1200,2800,2018
3668,SODHARAHALLIKERE,TANK,KARNATAKA,25,26,5.5,6.5,7.2,8,360,490,2,3,0.1,0.2,78,210,1100,2200,2018
3669,SHELERAMANAHALLIKERE,TANK,KARNATAKA,24,28,4.6,6.2,7.3,8.2,350,490,2,3,0.1,0.2,93,240,1300,2200,2018
3670,HAINARAKATTE,TANK,KARNATAKA,25,27,4,5.5,7.1,8,310,710,2,3,0.1,0.3,94,260,1600,3500,2018
3671,HANUMANTHAPURAKATTE,TANK,KARNATAKA,25,28,5.1,6.5,7.5,7.9,190,440,2,2,0.1,0.2,140,210,1300,2100,2018
3672,SANKALAPURAKERE,TANK,KARNATAKA,25,27,5.2,5.9,6.8,7.7,210,390,2,2,0.1,0.2,92,170,940,2200,2018
3673,HAVALIKERE,TANK,KARNATAKA,25,27,4.6,5,7,7.8,290,530,2,3,0.1,0.2,61,260,940,2400,2018
3675,B KALEHALLIKERE,TANK,KARNATAKA,25,28,5.4,7,7.4,7.9,430,590,2,2,0.1,0.2,93,270,1300,3500,2018
3677,SHARANABAWESHWARA KERE,TANK,KARNATAKA,25,30,4.4,8.3,8.1,9.2,1112,1460,7.8,16,0,0.1,1200,2500,4500,8000,2018
3679,BHUTANALA LAKE,TANK,KARNATAKA,28,33,5.1,10.5,7.6,8.5,6,1610,0.5,26,0.9,7.7,220,1600,1600,3200,2018
3680,KILLA LAKE,TANK,KARNATAKA,20,32,5.6,9,7.4,8.2,450,720,0.8,3.4,0.6,11.1,1800,1800,3200,3200,2018
3681,ANGOL MI TANL,TANK,KARNATAKA,21,29,0,10.2,6.9,7.7,440,686,4.1,15,1.3,13.7,1800,1800,3200,3200,2018
3682,KAKATI POND,TANK,KARNATAKA,21,32,5.1,11,8.4,9.1,2700,7900,1.3,12.7,1.8,46.8,560,1700,1600,5000,2018
3683,HEREKERE,TANK,KARNATAKA,25,27,4.2,4.9,7,7.8,676,1516,12.3,41,0.9,2.1,350,1600,900,1800,2018
3684,KELEGERE,TANK,KARNATAKA,24,27,6.9,7.3,7.6,8.3,918,1357,3.3,3.9,0.5,0.9,80,900,550,1800,2018
3685,NAVALOORU LAKE,TANK,KARNATAKA,23,27,6.1,8.1,7.8,8.5,806,1790,4.7,13.8,1,1.6,130,900,550,1800,2018
3686,NIRASAGARAKERE,TANK,KARNATAKA,23,27,7.2,7.5,7.8,8.3,466,820,2.4,3.2,0.3,0.7,50,140,110,900,2018
3687,NUGGIKERE,TANK,KARNATAKA,23,27,6.6,6.9,7.5,8.4,630,1024,3.5,5.3,0.5,1.1,70,350,275,1800,2018
3688,SUDANAKERE,TANK,KARNATAKA,23,27,6.8,7.6,7.8,8.3,521,1064,3.2,5,0.4,1.2,130,550,900,1800,2018
3689,SOMESHWARAKERE,TANK,KARNATAKA,23,27,6.2,6.7,7.5,8.4,686,1003,4.8,13.7,1.2,1.9,225,900,1600,1800,2018
3690,UNAKALKERE,TANK,KARNATAKA,23,27,6.5,7.1,7.7,8.4,1214,1630,4.2,5.6,0.9,1.4,170,1600,900,1800,2018
3691,VIMANABHUTHIKERE,TANK,KARNATAKA,25,31,6.5,7.3,7.2,8.1,110,230,2.4,2.6,0,0.2,70,900,300,1600,2018
3692,KUNDUVADAKERE,TANK,KARNATAKA,25,34,6.8,7.3,7.1,8.2,102,300,2.4,3,0,0.5,110,800,500,1600,2018
3693,BHATHIKERE,TANK,KARNATAKA,25,33,4.2,6.2,6.8,8,190,910,4,14,0,2.9,1700,70000,3500,110000,2018
3694,SHANTHISAGARKERE,TANK,KARNATAKA,26,28,6.9,7.4,7.1,8,120,290,2.4,3,0,0.4,240,1400,900,2800,2018
3695,KONDAGGIKERE,TANK,KARNATAKA,26,30,5.9,7.1,7.3,8.2,170,270,2.5,7,0,0.6,50,1700,500,3500,2018
3696,AIANAKERE,TANK,KARNATAKA,26,31,3,6.8,7,9.9,790,2010,1.5,300,0,5.4,22000,170000,50000,300000,2018
3697,MATTADAKERE,TANK,KARNATAKA,23,30,2,5.4,7.5,9.1,560,930,1.5,69,0,3.1,800,60000,1700,90000,2018
1383,"ORUVATHILKOTTA LAKE, 
KERALA",LAKE,KERALA,31,32,4,6.2,6.4,6.9,480,700,1,15,0,0.5,1200,3200,2600,11400,2018
1385,"SASTHAMCOTTA LAKE, 
KERALA",LAKE,KERALA,21,28,6,6.8,6.8,7.4,100,128,1.1,2,0.4,0.8,40,170,120,490,2018
1441,"ASHTHAMUDI LAKE AT 
QUILON, KERALA",LAKE,KERALA,21,28,5.4,6.6,6.8,7.8,16730,21630,1.2,2.4,0.9,1.8,110,210,210,580,2018
1574,"PARAVUR, KERALA",LAKE,KERALA,22,30,5.9,7.2,6.7,7.4,14052,22400,1.2,2,0.9,1.8,79,170,160,540,2018
1575,"KOCHI (OIL TANKER JETTY), 
KERALA",LAKE,KERALA,26,31,4,6.4,1.6,7.9,1177,54000,1.3,3,0.3,1.3,100,27000,200,70000,2018
1576,"THEKKADY, KERALA",LAKE,KERALA,24,29,6.7,7.5,7.2,7.8,40,49,0.2,0.5,0,0.1,0,490,0,1000,2018
1577,"KODUNGALLOOR, KERALA",LAKE,KERALA,26,30,4.6,7.6,6.4,7.8,61,45000,0.6,6,0.2,2,200,5800,540,38000,2018
1578,"KAYAMKULAM, KERALA",LAKE,KERALA,27,31,2.9,7.9,6.9,7.9,589,48216,0.5,4,0,0.9,0,1200,40,2800,2018
1579,"ALAPPUZHA, KERALA",LAKE,KERALA,26,31,4.5,7.9,6.9,8,142,8000,1,3.7,0,0.3,20,8000,100,12000,2018
1580,"POOKOTE, KERALA",LAKE,KERALA,24,31.4,5.2,8.6,6.1,7.2,24,39,0,1.5,0,0.1,0,20,10,170,2018
2312,"LAKE VEMBANADU AT 
PATHIRAMANAL (ALAPPUZHA)",LAKE,KERALA,27,31,5.9,7.9,7,7.8,132,8978,1,3,0,0.2,20,580,100,840,2018
2318,"PAZHASSI RESERVOIR 
(KANNUR)",LAKE,KERALA,24,34,7.1,8.1,6.6,7.7,44,130,0.1,1.3,0,0.2,40,700,140,1300,2018
2328,RSVR AT MALAMPUZHA,LAKE,KERALA,24,30,7,9.8,6.8,8.2,96,170,0.4,3,0.1,2,0,380,100,630,2018
2329,RSVR AT BHOOTHATHANKETU,LAKE,KERALA,25,30,5.8,7.7,6.3,7.2,27,62,0.5,2,0.1,1,79,4000,200,7900,2018
2330,RSVR AT EDAMALAYAR,LAKE,KERALA,26,31,5.7,8.3,6.5,7.2,22,35,0.3,2,0,0.3,20,1700,49,6300,2018
3462,"MANANCHIRA POND AT 
KOZHEKODE",POND,KERALA,27,32,3.3,9.7,6.5,8.3,67,126,0,2.3,0,1,2,1100,2,2800,2018
1373,"UPPER LAKE AT BHOPAL 
(INTAKE POINT), M.P.",LAKE,MADHYA PRADESH,19,31,6.4,9.5,7.6,8.3,3,335,1.1,5.2,1.4,4.6,2,170,110,1600,2018
1374,"LOWER LAKE AT BHOPAL 
OUTLET M.P.",LAKE,MADHYA PRADESH,17,30,6,8.7,6.6,8.3,348,496,3,6.8,2.9,18,110,920,1600,2400,2018
1466,"MULTAI TANK LAKE AT VILLA. 
KHARI ON BETULAMRAVATI",LAKE,MADHYA PRADESH,16,27,7.8,8.4,7.5,8.5,211,528,1.4,4.3,0,7.3,2,2,120,1600,2018
2128,"KHANDARI RESERVOIR WATER 
OFF TAKE POINT",LAKE,MADHYA PRADESH,17.5,35,6.8,8.4,7.4,8.3,146,415,0.7,1.8,0.3,4.7,2,10,BDL,130,2018
2129,PERIAT TANK JABALPUR,LAKE,MADHYA PRADESH,18,30,6.7,7.8,7.3,8.3,249,410,1.2,1.9,0.3,3.9,2,15,BDL,240,2018
2130,"MADHAV LAKE, SHIVPURI",LAKE,MADHYA PRADESH,12,42,5.1,8,7.6,8.4,292,930,1.5,2.8,1,4,2,10,13,150,2018
2131,YASHWANT SAGAR AT INDORE,LAKE,MADHYA PRADESH,20,30,5.2,8,7.2,8.7,492,817,1,2,0.7,3.1,2,2,40,94,2018
2132,BILAWALI TALAB AT INDORE,LAKE,MADHYA PRADESH,20,30,4.9,8.2,7.3,8.8,368,810,1.2,2.6,0.8,7.2,2,2,5,130,2018
2133,SIRPUR TALAB AT INDORE,LAKE,MADHYA PRADESH,20,30,5.3,7.8,7.8,8.8,450,804,1.2,2.8,0.6,2.7,2,2,24,110,2018
2134,"NAGCHUN TALAB AT 
KHANDWA",LAKE,MADHYA PRADESH,23,29,4.6,7.8,7.7,8.9,290,674,0.8,2.6,0.9,2.7,2,2,6,94,2018
2136,"SHAHPURA LAKE AT WEIR 
NEAR AYUSHMAN HOSPITAL, 
BHOP",LAKE,MADHYA PRADESH,16,31,4.2,7.8,7.4,8.8,6,826,2.5,14,0.4,16.2,2,430,130,2400,2018
2137,UPPER LAKE AT YATCH CLUB,LAKE,MADHYA PRADESH,18,31,6.1,8.4,6.7,8.3,138,526,1.3,2.9,0.9,6,2,280,28,1600,2018
2138,UPPER LAKE AT KARBALA CLUB,LAKE,MADHYA PRADESH,17,30,6.4,8.9,6.9,8.6,170,312,1.4,20,1.2,8.3,2,350,110,1600,2018
2139,"UPPER LAKE AT BAIRAGARH 
CLUB",LAKE,MADHYA PRADESH,16,31,6.5,9.2,7.2,8.6,170,528,1,2.9,1.6,5.3,2,920,110,1600,2018
2140,"KERWA DAM NEAR REST 
HOUSE, BPL",LAKE,MADHYA PRADESH,20,31,6.7,8.9,7.5,8.3,94,285,0.7,10,0.9,9.1,2,2,24,150,2018
2141,JANUNIA TALAB NEAR W/S,LAKE,MADHYA PRADESH,14,31,2.2,8.4,7.7,8.3,318,427,2.1,2.8,1.6,7.6,2,350,110,1600,2018
2142,"KALISINDH RESERVOIR AT 
SARANGPUR, RAJGARH",LAKE,MADHYA PRADESH,11,32,6.9,8,7.5,8.6,216,1014,1.2,2.1,0,3,2,2,23,43,2018
3296,CHORAL DAM NEAR INDORE,LAKE,MADHYA PRADESH,22,30,6.5,7.6,7.6,8.9,408,663,1,2,0,1.7,2,2,40,70,2018
3297,"MITHA TALAB, DEWAS",POND,MADHYA PRADESH,20,24,6.2,6.9,7.5,8.4,552,708,3,5.4,0,3.8,6,3400,70,35000,2018
3298,POND WATER AT LAKODA,POND,MADHYA PRADESH,22,27,6.8,7.2,7.4,7.9,156,332,2,2.4,0.1,0.9,4,21,46,70,2018
3299,HANUMANTAL JABALPUR,POND,MADHYA PRADESH,17.7,23,6.1,7.7,7.3,8.4,340,852,2.4,6,0.4,9.1,2,430,41,1600,2018
3300,"RANITAL TALAB, JABALPUR",POND,MADHYA PRADESH,17,23,3.5,6.9,7.4,8.5,400,1428,1.8,20,0.3,6.1,2,1600,BDL,1600,2018
3301,MOTI TALAB AT BALAGHAT,POND,MADHYA PRADESH,17,35,5.5,7.4,7.1,8.3,357,826,1.7,3.9,0.3,4.3,2,130,BDL,540,2018
3302,"PIPLIYA PALA TALAB, INDORE",POND,MADHYA PRADESH,20,29,4.1,7.9,7.3,8.5,480,1223,1.4,2.9,0,22.1,2,2,70,170,2018
3304,"RIHAND RESRVOIR, SINGRAULI",POND,MADHYA PRADESH,19,27,7,8.1,7.1,7.6,280,415,1.2,1.9,0,0.9,2,2,8,17,2018
3830,"GOKALPUR TALAB, DIST 
JABALPUR",POND,MADHYA PRADESH,16.5,35,5.6,7.3,7.4,8.3,348,733,1.8,6.6,0.4,13,2,1600,47,1600,2018
3831,"DAL SAGAR TALAB, DIST SEONI",POND,MADHYA PRADESH,18,35,6.2,9.5,7.3,8.2,350,612,1.8,4.8,0.3,8.2,2,70,BDL,460,2018
3849,SITAPAT TALAB DHAR,POND,MADHYA PRADESH,21,30,6.5,8.2,7.8,8.9,283,899,1,1.6,0,1,2,2,40,60,2018
3850,BAGDOON TALAB PITHAMPUR,POND,MADHYA PRADESH,17,29,5,8.2,7.6,8.6,280,942,1.2,2.3,0,1.8,2,2,48,170,2018
1347,"UMIAM LAKE AT BARAPANI, 
MEGHALAYA",LAKE,MEGHALAYA,15,25,5,9.3,7.3,9.5,80,140,3.6,7,0.4,1.8,1400,2300,3100,4900,2018
1348,"WARD LAKE AT SHILONG EAST, 
KHASI HILL DT., MEGHALA",LAKE,MEGHALAYA,10,21,6.2,9,7.1,8,135,180,4,6,0.1,0.6,790,1700,2700,3900,2018
1459,"THADLASKEIN LAKE, 
MEGHALAYA",LAKE,MEGHALAYA,11,22,6.2,8.2,6.7,7.3,40,59,1.4,2.2,0.3,0.8,14,24,70,130,2018
3346,"UMIAM LAKE AT OUTFALL OF 
UMIAM RIVER INTO LAKE, RI",LAKE,MEGHALAYA,15,24,3,7.7,6.8,8.3,85,155,4.6,10,0.6,2,2000,2700,3600,5800,2018
3347,"UMIAM LAKE AT MIDDLE 
POINT, RI BHOI",LAKE,MEGHALAYA,14,24,4.6,11.5,7.2,9.8,81,125,4,8.6,0.5,1.5,1100,2300,2700,4300,2018
3348,"UMIAM LAKE ATNEAR UNITED 
CHRISTIAN COLLEGE, RI BH",LAKE,MEGHALAYA,15,26,3,6.2,6.9,9.8,79,144,4.2,7.8,0.3,1,1300,2200,2400,4400,2018
3349,"TASEK LAKE AT SONGSAK 
(NAPHAK), EAST GARO HILLS",LAKE,MEGHALAYA,15,30,6.3,7.5,6.8,7.4,58,85,1.4,2,0.3,0.4,24,36,84,210,2018
2437,CHILKA LAKE (RAMSAR SITE),LAKE,ODISHA,24,32,5.1,8.1,7.4,8.3,1950,55320,1,2.7,0,2.1,2,9200,2,9200,2018
2438,ANSHUPA,LAKE,ODISHA,23,32,5.4,10,6.8,8.3,106,247,1,3.9,0,1.5,20,3500,230,9200,2018
3953,CHILKA AT RAMBHA,LAKE,ODISHA,11,26,6.2,11,7.9,9.1,12580,31890,0.3,2,0,1.9,2,2200,BDL,3500,2018
3954,"TAMPADA LAKE AT 
CHHATRAPUR",LAKE,ODISHA,12,25,4.5,12.5,7.3,8.5,323,934,4.4,16.9,0,5.1,20,3300,40,11000,2018
3955,ANSHUPA AT SUBARANAPUR,LAKE,ODISHA,23,32,6.3,9.4,6.6,8.1,104,240,0.6,4.3,0.1,4.2,20,2400,78,2800,2018
3956,ANSHUPA AT BISHNUPUR,LAKE,ODISHA,22,32,3.4,9.4,6.7,8.3,106,199,0.5,4.4,0.1,1.6,20,2400,78,5400,2018
3957,ANSHUPA AT SARAANDAGARH,LAKE,ODISHA,23,32,4.8,11,6.9,8.2,105,206,0.8,4.8,0.1,2.4,20,3500,93,9200,2018
2431,"BINDUSAGAR ( RELIGIOUS 
POND OF BHUBANESWAR 
CITY)",POND,ODISHA,19,31,3.5,7.7,7.1,8.4,387,477,1,4.9,0.3,3.8,130,160000,260,160000,2018
2432,"NARENDRA POKHARI ( 
RILIGIOUS POND OF PURI CITY)",POND,ODISHA,22,30,5,13.4,8,9.1,642,1007,3.8,9.5,0.1,3.8,2,16000,2,16000,2018
2433,"MARKANDA POKHARI ( 
RILIGIOUS POND OF PURI CITY)",POND,ODISHA,22,30,4.7,18.3,7.3,9,608,1517,3.6,8.1,3.2,15.6,2,16000,2,16000,2018
2434,"INDRADYUMNA TANK ( 
RILIGIOUS POND OF PURI CITY)",POND,ODISHA,20,31,3.3,9.8,7.6,8.8,332,701,3.2,7,0.1,2.3,78,16000,270,54000,2018
2435,"SWETAGANGA ( RILIGIOUS 
POND OF PURI CITY)",POND,ODISHA,20,30,1.6,12.9,6.6,9,528,1266,4.1,16.4,0.6,7.8,330,16000,790,16000,2018
2436,"PARVATI SAGAR ( RILIGIOUS 
POND OF PURI CITY)",POND,ODISHA,24,32,4.8,14.8,6.6,8.9,249,683,3.1,17.8,0.1,1.9,20,16000,130,16000,2018
3962,"JAGANNATH SAGAR POND OF 
JEYPORE",POND,ODISHA,16,32,6.5,7.6,6.8,8.5,93,639,0.7,2.8,0.1,2.5,20,2500,45,4300,2018
3963,RANIGUDA POND,POND,ODISHA,21,34,2.3,16.2,7.4,8.8,595,1020,2.5,18.1,0.5,6.5,20,16000,170,16000,2018
1396,"OSTERI LAKE, PONDICHERRY",LAKE,PUDUCHERRY,29,35,8,66,8.3,9.1,293,575,0,3,BDL,0.1,22,22,50,350,2018
1686,"BAHOUR LAKE, PONDICHERRY",LAKE,PUDUCHERRY,29,34,5.5,8.9,6.6,8.5,335,748,0,3,0,1.7,27,80,130,220,2018
1297,"HARIKE LAKE AT HARIKE 
VILLAGE, PUNJAB",LAKE,PUNJAB,12,32,6.3,7.6,7,7.8,183,368,1.6,3,0.8,1.5,230,2200,490,4700,2018
1382,"HARIKE LAKE D/S FROM 
CANAL, PUNJAB",LAKE,PUNJAB,12,34,6.3,7.8,7,7.9,234,334,1.6,3,0.7,1.4,230,2100,490,4300,2018
2912,"RANJIT SAGAR RESERVOIR, 
PUNJAB",LAKE,PUNJAB,11,29,7.8,8.3,7.2,7.9,148,222,0,BDL,BDL,0.7,33,79,70,140,2018
1285,"PICHOLA LAKE AT UDAIPUR 
(WATER INTAKE POINT), RAJA",LAKE,RAJASTHAN,16,32,6,7.2,7.9,8.9,530,700,0.6,2.3,1.7,3.1,9,372,28,150,2018
1286,"UDAISAGAR LAKE AT UDAIPUR 
(INTAKE PT.) RAJASTHAN",LAKE,RAJASTHAN,16,30,5.4,6.1,7.9,8.8,1060,1480,1.7,4,0,2.7,14,28,28,150,2018
1414,"PUSHKAR LAKE, RAJASTHAN",LAKE,RAJASTHAN,18,29,2.3,5.7,6.7,7.9,330,750,1.5,9.6,1.1,3.1,7,20,14,120,2018
1481,"FATEH SAGAR LAKE AT 
UDAIPUR INTAKE POINT OF 
PHED,",LAKE,RAJASTHAN,16,31,6.2,7.2,7.9,8.7,610,780,0.9,3.3,1.7,3.1,11,20,75,150,2018
1714,"KAYALANA JHEEL JODHPUR, 
RAJASTHAN",LAKE,RAJASTHAN,21.2,34,5.3,9.2,7.4,9,250,360,0.6,2.7,1.3,4.5,4,11,7,28,2018
1716,"NAKKI LAKE, MT. ABU, 
RAJASTHAN",LAKE,RAJASTHAN,10,27.5,4.6,6.5,7.3,8.1,240,300,0.2,2.8,1.8,3.1,4,14,7,28,2018
2935,"LAKE JET SAGAR, BUNDI, 
RAJASTHAN",LAKE,RAJASTHAN,18,31,2.7,5.4,7.4,8.3,410,790,0.9,3.7,1.3,3.2,7,64,20,150,2018
2937,"LAKE SILISERH, ALWAR, 
RAJASTHAN",LAKE,RAJASTHAN,17,33,5.4,7.3,7.3,8.3,210,330,1.1,3.1,1.8,3.1,4,14,7,28,2018
2938,"LAKE RAJSAMAND, 
RAJSAMAND POINT NO. 1, 
RAJSAMAND,",LAKE,RAJASTHAN,19,28,3.2,5.7,7.9,8.4,510,710,0.6,3.3,2.1,3.1,7,20,28,93,2018
2939,"LAKE RAJSAMAND, 
RAJSAMAND POINT NO. 2, 
RAJSAMAND,",LAKE,RAJASTHAN,18.5,27.5,3.3,5.7,7.9,8.4,480,720,0.7,3.2,1.8,3.1,7,14,28,75,2018
2940,"GAPE SAGAR LAKE, 
DUNGARPUR, RAJASTHAN",LAKE,RAJASTHAN,12,28,4.2,5.4,7.4,8.1,520,960,0.9,4.4,1.8,2.7,7,21,28,93,2018
2943,"LODHA TALAB, BANSWARA 
DUNGARPUR ROAD, 
BANSWARA, R",LAKE,RAJASTHAN,18,29,3.2,5.7,6.8,8.3,630,1110,1.1,3.7,2.3,3.1,14,28,75,150,2018
2944,"JALMAHAL, JAIPUR, 
RAJASTHAN",LAKE,RAJASTHAN,18,32,1.8,7.2,7.2,9,440,5300,3.2,28,0,3.1,21,75,150,210,2018
4179,"BADI KA TALAB, UDAIPUR",POND,RAJASTHAN,16,30,6.2,7.2,7.8,8.2,340,500,0.8,2.1,2.5,3.1,4,14,11,28,2018
1420,"KODAI KANAL LAKE, 
TAMILNADU",LAKE,TAMIL NADU,17,25,6.5,7.4,6.4,7.3,102,163,2.1,6.1,0.3,2.4,33,79,48,84,2018
1421,"UDHAGAMADALEM LAKE 
(OOTY), TAMILNADU",LAKE,TAMIL NADU,16,18,2,6.6,6.5,7.4,6,630,1.6,13.2,0.5,3.4,110,2200,390,4700,2018
1452,"YERCAUD LAKE, SALEM, 
TAMILNADU",LAKE,TAMIL NADU,25,28,6.2,8.6,6.2,7.9,286,426,0.8,8.1,0.4,1.6,78,630,380,1400,2018
3007,"VEERANAM LAKE AT 
CUDDALORE, TAMILNADU",LAKE,TAMIL NADU,29,35,3.9,7.9,7.5,8.3,256,529,0.9,6.9,0.3,1,34,1100,130,2800,2018
3008,"POONDI LAKE AT 
THIRUVALLUR, TAMILNADU",LAKE,TAMIL NADU,8.1,32,3.1,7.4,7.1,8.9,364,2610,2,36,0.2,1.1,2,460,490,2220,2018
3009,"REDD HILLS AT THIRUVALLUR, 
TAMILNADU",LAKE,TAMIL NADU,31,31,4.2,7.6,7.5,9.2,396,575,2,10,0.1,1.3,2,210,260,2220,2018
3010,"PORUR LAKE AT 
THIRUVALLUR, TAMILNADU",LAKE,TAMIL NADU,31,31,4.3,7.8,6.3,9.1,360,1373,2,17,0.1,1.2,2,340,320,2800,2018
3011,"PULICATE LAKE AT 
THIRUVALLUR, TAMILNADU",LAKE,TAMIL NADU,31,31,2.9,7,6.3,8.1,29900,181400,2,20,0,2.4,2,110,BDL,1400,2018
1391,"HUSSAIN SAGAR LAKE, 
BUDAMERU",LAKE,TELANGANA,20,29,0.1,2.2,7.3,7.8,1204,1588,10,22,1.2,26.4,20,480,260,15000,2018
1788,"SAROONAGAR , RANGA REDDY 
DIST.",LAKE,TELANGANA,26,34,0,0.1,7.1,7.7,1088,1711,14,28,0.6,24.1,40,420,520,14500,2018
1789,"HIMAYAT SAGAR LAKE , 
R.R.DIST.",LAKE,TELANGANA,26,31,5,6.6,7.5,9.2,302,378,1,3,0.2,2.4,2,30,10,200,2018
2340,"LAXMINARAYANA CHEVURU 
AT EDULABAD, RANGAREDDY",LAKE,TELANGANA,25,28,2.3,5.4,6.9,8.6,1197,1469,6,18,1.2,5.5,2,180,140,8000,2018
2341,"MIRALAM LAKE NEAR ZOO 
PARK, RANGAREDDY",LAKE,TELANGANA,26,34,0,3.9,7.3,7.9,1355,1678,6,20,2.1,11.6,2,220,80,12000,2018
2342,"NOOR MD. KUNTA, 
KATTEDAN, RANGAREDDY",LAKE,TELANGANA,26,30,0,0.1,7.4,8,1870,2988,24,45,1.6,23.6,20,800,370,11000,2018
3068,"RAMAPPA LAKE, WARANGAL",LAKE,TELANGANA,26,32,5.1,6.8,7.2,8.2,215,390,2,3,0,1.6,2,25,10,300,2018
3069,"SHAMEERPET LAKE, 
SHAMEERPET, RANGA REDDY",LAKE,TELANGANA,25,28,3.9,6,7.1,8.1,435,771,2,8,0.3,2.6,2,120,10,500,2018
3070,"FOX SAGAR, JEEDIMETLA, 
RANGA REDDY",LAKE,TELANGANA,26,29,0.9,4.1,7.1,7.9,980,1480,6,16,0.2,13.9,2,320,120,8000,2018
3071,"LANGARHOUSE LAKE, 
HYDERABAD",LAKE,TELANGANA,26,29,0.1,1.1,7.1,7.6,1085,1534,10,39,0.1,18,2,800,120,16500,2018
3072,"SAFILGUDA LAKE, RANGA 
REDDY",LAKE,TELANGANA,20,29,0,2.3,7.4,7.8,1210,1790,10,20,0.9,22.1,2,800,176,14000,2018
3073,"HASMATHPET LAKE, 
HASMATHPET, RANGA REDDY",LAKE,TELANGANA,24,29,0,1,7.4,8,1180,1617,14,20,3.8,15.6,2,800,110,10500,2018
3074,"BANJARA LAKE, BANJARA 
HILLS, RANGA REDDY",LAKE,TELANGANA,18,29,0,1,7,7.8,880,1296,12,60,0.3,18,2,800,220,13000,2018
4229,NEKNAMPUR LAKE,LAKE,TELANGANA,25,29,0,0.5,7.1,7.3,1162,1816,15,40,0,48.5,2,420,21,800,2018
4234,"UMDA SAGAR LAKE, 
SHAMSHABAD",LAKE,TELANGANA,26,29,2,44.1,7.2,8.8,686,1140,1,16,0.2,38.3,2,96,17,1600,2018
4235,"LAKE KAMUNI ( SHAMSHABAD 
LAKE)",LAKE,TELANGANA,27,33,0,5.5,7.3,8.3,1345,1947,9,23,2.2,23,2,220,14,580,2018
2344,"NALLA CHEVURU, 
RANGAREDDY",POND,TELANGANA,27,30,0.1,0.1,7.6,7.9,1480,1652,20,22,0,28.4,30,60,400,10500,2018
2345,"SAI CHEVURU, NEAR TANNERY 
INDUSTRIES, DESAIPET, WA",POND,TELANGANA,25,31,0,4.2,6.9,8.4,3460,30590,28,286,1.2,49.6,2,480,480,35525,2018
2346,"BHADRAKALI CHEVURU, 
BHADRAKALI TEMPLE, 
WARANGAL",POND,TELANGANA,24,32,3.8,5.8,7.1,8.4,386,798,2,3,0.1,3.7,2,23,17,800,2018
2347,"ASANI KUNTA, KAJIPALLY, 
MEDAK",POND,TELANGANA,24,30,0,0.1,5.4,7.7,7040,12580,99,278,40.8,62.8,4,100,125,3225,2018
2357,DURGAM CHEVURU,POND,TELANGANA,26,36,1,3.9,7.2,8.1,1007,1380,4,18,0.5,26,2,220,120,9750,2018
2359,PEDDA CHEVURU,POND,TELANGANA,26,34,0,1,7.2,7.8,1330,1968,11,29,1.1,50,2,520,236,12000,2018
3075,"RANGADHAMUNI CHERUVU, 
RANGA REDDY",POND,TELANGANA,26,32,0,2.6,7.2,7.9,921,1610,8,20,0.9,21.1,10,480,180,12000,2018
3076,"AMBER CHERUVU, 
KUKATPALLY, RANGA REDDY",POND,TELANGANA,26,30,0,2,7.4,7.9,1240,1708,12,32,2,23,2,800,162,10500,2018
3077,"KAPRA CHERUVU, KAPRA, 
RANGA REDDY",POND,TELANGANA,26,30,1.9,4,7.3,8.1,1189,1614,6,12,2.3,8.7,2,420,156,5500,2018
3078,"PRAGATHINAGAR CHERUVU, 
KUKATPALLY, RANGA REDDY",POND,TELANGANA,25,28,0,1.9,7.3,7.9,1243,1758,14,38,0.6,9.8,2,480,120,1600,2018
1447,"DHARMASAGAR TANK NEAR 
WARANGAL",TANK,TELANGANA,24,30,5.2,6,7.5,8.4,257,410,2,3,0,1,2,24,8,200,2018
1464,BIBINAGAR TANK,TANK,TELANGANA,18,31,4.9,6.8,7.5,8.5,530,880,3,60,6.8,18.5,5,125,57,1450,2018
1780,"GANDIGUDEM , MEDAK 
DISTRICT",TANK,TELANGANA,24,34,4.8,7.9,7,8.1,1782,2414,16,24,0.4,52.3,6,250,124,4000,2018
1783,"KISTAREDDYPET TANK , 
MEDAK DIST.",TANK,TELANGANA,24,29,3.2,6.4,6.3,7.7,2586,5760,10,30,11,51.7,2,100,29,1675,2018
2343,"PREMAJIPET TANK, 
KATTEDAN, RANGAREDDY",TANK,TELANGANA,26,34,0,1.7,7.2,7.6,3270,5930,16,40,2.1,9.8,2,540,120,1600,2018
2358,MALLAPUR TANK,TANK,TELANGANA,26,30,0,0.1,7.2,8.1,1447,2008,22,41,0.3,13,55,800,320,18000,2018
3084,"WADDEPALLY TANK, KAZIPET, 
WARANGAL",TANK,TELANGANA,25,29,4.5,6.2,7.5,8.3,59,683,3,80,0.6,4.5,2,25,4,300,2018
3085,"CHINNA WADDEPALLY TANK, 
WARANGAL",TANK,TELANGANA,26,30,2,5,7.3,8.8,1114,1810,8,22,0.9,12.5,2,100,40,16875,2018
3086,"SAKI TANK, PATANCHERU, 
RANGA REDDY",TANK,TELANGANA,23,30,4.1,7.2,6.3,7.9,860,1326,3,8,10.6,34.4,2,100,22,1350,2018
4222,"KONERU, KONDAGATTU 
TEMPLE, JAGITIYAL",TANK,TELANGANA,26,28,0.1,4.6,7.1,7.8,514,2700,3,140,0.3,19.9,2,220,24,1600,2018
4223,"VEMULAWADA TEMPLE 
KONERU, KARIMNAGAR",TANK,TELANGANA,26,28,0.1,1.8,6.9,7.5,912,1688,12,190,0,35.6,2,27,56,520,2018
4224,"YADADRI TEMPLE, YADADRI, 
BORE WELL/ KONERU",TANK,TELANGANA,28,28,4.2,4.2,7.1,7.1,773,773,4,4,0,5.1,7,7,38,38,2018
4225,"JOGULAMBA TEMPLE, 
GADWAL",TANK,TELANGANA,27,30,3.2,6.2,7.5,8.3,456,988,2,24,0,11.2,9,80,15,240,2018
4228,"IBRAHIM CHERUVU, 
RAJENDRA NAGAR",TANK,TELANGANA,28,28,0,0.1,7.1,7.3,1424,1769,19,32,10.4,31,11,240,26,560,2018
4230,"KISTAIPALLY CHERUVU, 
KISTAIPALLY VILLAGE, 
JINNARAM",TANK,TELANGANA,24,29,5.7,8.5,6.9,7.6,3640,4710,7,18,10.5,24.4,2,5,9,52,2018
4231,"RAYAM CHERUVU, 
BONTHAPALLY VILLAGE, 
JINNARAM MANDA",TANK,TELANGANA,23,29,4.4,7,0.9,7.7,667,1054,5,88,7.5,54.4,2,32,35,63,2018
4232,"KOMATI CHERUVU, SIDDIPET 
TOWN, SIDIPET DISTRICT",TANK,TELANGANA,21,30,6.5,8.6,7.3,8,667,740,4,9,4.1,12.8,2,62,32,70,2018
4233,"GADDAPOTHARAM CHERUVU, 
GADDAPOTHARAM VILLAGE, 
JINN",TANK,TELANGANA,23,28,2.5,8.5,6.6,7.3,4760,5430,18,30,20.3,32.4,4,10,100,154,2018
4236,"PEDDA CHERUVU (NACHARAM 
CHERUVU)",TANK,TELANGANA,26,29,0,1,6.9,7.6,146,1550,20,30,4,69.5,2,800,23,1600,2018
4237,"MULLAKATWA CHERUVU, JI 
TECH CITY, MADHAPUR,",TANK,TELANGANA,26,29,0,4.3,7.2,8.6,1204,1843,14,57,0.3,56,2,420,19,1600,2018
4238,"AMEENPUR CHERUVU, 
AMEENPUR (V & M) 
SANGAREDDY DIST",TANK,TELANGANA,25,29,6.2,7.4,6.9,8,1077,1268,6,13,20.4,28.4,6,10,79,180,2018
4239,"MAHABOOBSAGAR TANK 
SANGAREDDY (V & M) 
SANGAREDDY D",TANK,TELANGANA,24,28,6.5,6.9,7,8.5,1030,1282,5,12,10.3,19.3,2,12,27,162,2018
4240,"MUTHANGI TANK, MUTHANGI 
(V), PATANCHERU (M) 
SANGAR",TANK,TELANGANA,23,28,5.2,7.1,5.5,8.3,1138,1280,4,10,0,26.5,2,60,25,48,2018
4241,"CHITKUL TANK, CHITKUL (V) 
PATANCHERU (M) 
SANGAREDD",TANK,TELANGANA,25,28,5.6,6.8,6.5,7.9,1692,1944,4,13,20.5,32.6,3,6,38,100,2018
4242,"LAKADARAM CHERUVU, 
LAKADARAM (V) PATANCHERU 
(M) SA",TANK,TELANGANA,25,26,4.2,6.2,7.2,8.1,1442,1866,3.2,5,0,50,2,3,26,70,2018
4243,"ISNAPUR TANK, ISNAPUR (V) 
PATANCHERU 9M) 
SANGAREDD",TANK,TELANGANA,24,28,2.5,6.5,6.7,7.9,5930,8793,3,88,38.9,59.9,2,12,70,136,2018
4244,"YERDANOOR TANK, 
YERDANOOR (V) SANGAREDDY 
DISTRICT",TANK,TELANGANA,24,29,6.6,7.9,6.9,8,1065,2871,4,11.8,30.3,45.3,2,4,29,90,2018
4245,"MALLEPALLY TANK 
MALLEPALLY (V) KONDAPUR 
(M) SANGAR",TANK,TELANGANA,25,28,6.1,7.6,7.2,8.7,1640,4320,4.8,14,16.6,48.3,2,6,36,110,2018
4247,"MUCHARLA NAGARAM 
CHERUVU, WARANGAL",TANK,TELANGANA,25,28,2.6,4.7,6.9,9,909,1320,10,18,2,15.5,2,94,69,480,2018
4248,"KOTI CHERUVU, 
HANAMKONDA, WARANGAL",TANK,TELANGANA,25,30,1.6,5.4,6.9,7.8,1012,1240,6,26,2.1,10.8,2,43,94,468,2018
4249,"RANGASAMUDRAM, 
WARANGAL",TANK,TELANGANA,25,29.5,2.1,4.6,7.4,7.9,1014,1821,8,16,0.6,2.4,2,52,32,481,2018
4302,"RUDRARAM TANK, 
RUDRARAM (V)PATANCHERU 
(M) SANGARED",TANK,TELANGANA,21,28,3.2,7.4,6.6,7.2,2071,2814,7,14,22.5,38.6,2,65,36,96,2018
1727,"LAXMI NARAYAN BARI PALACE 
COMPOUND, TRIPURA",LAKE,TRIPURA,20.5,30,6.3,8.5,6.9,9,71,159,0.2,1,0.2,0.7,110,150,220,280,2018
1728,"RUDRASAGAR, SONUMURA, 
TRIPURA",LAKE,TRIPURA,20.5,29.5,5.9,8.3,6.1,8.4,107,187,0.6,2.9,0.3,0.8,110,170,210,350,2018
3391,"DHAMBUR LAKE, DHALAI",LAKE,TRIPURA,20.5,29,6.1,7.9,6.3,8,61,139,0.2,0.8,0.2,0.5,94,170,210,280,2018
4192,MBB COLLAGE LAKE,LAKE,TRIPURA,24,28.5,7.1,7.8,7.2,7.9,122,212,0.8,2,0.4,0.6,110,150,220,280,2018
4193,DIMASAGAR LAKE,LAKE,TRIPURA,24,28.5,7.3,8.4,7.1,7.9,110,187,0.7,2.4,0.3,0.7,130,280,240,480,2018
3392,"SHIPAHIJALA POND, WEST 
TRIPURA",POND,TRIPURA,20,29,5.1,6.9,6.8,8.7,69,142,0.2,0.7,0.1,0.6,110,170,210,350,2018
3393,"BRAMAKUNDA POND, WEST 
TRIPURA",POND,TRIPURA,20.5,30,5.2,7.4,6.7,8.8,72,157,0.2,0.9,0.2,0.7,110,170,220,280,2018
3394,"KALYANSAGAR AT 
MATARBARI, SOUTH TRIPURA",POND,TRIPURA,21,29,6.5,8.9,7,9,86,164,0.4,1.2,0.2,0.8,140,240,220,430,2018
3395,"MAHADEB DIGHI, SOUTH 
TRIPURA",POND,TRIPURA,21,29,6.9,8.6,7,8.8,73,149,0.2,1.1,0.1,0.8,110,170,220,350,2018
3396,"JAGANNATH DIGHI, SOUTH 
TRIPURA",POND,TRIPURA,21,29,6.7,8.9,6.8,8.9,82,167,0.2,1.2,0.2,0.4,110,170,220,350,2018
4194,LALBAHADUR DIGHI POND,POND,TRIPURA,24,28.5,5.5,7.3,6.3,7.1,110,216,0.6,2.7,0.3,0.5,120,170,220,350,2018
4195,DURGABARI POND,POND,TRIPURA,24.5,29,6.2,7,7.3,8.3,122,213,0.5,2.6,0.3,0.5,120,240,220,350,2018
4196,RADHANAGAR POND,POND,TRIPURA,24.5,29,7.6,8.8,6.8,7.4,132,215,0.8,3.8,0.4,0.8,130,280,240,430,2018
4197,"CHATURDASH DEBATA BARI 
POND",POND,TRIPURA,23.5,28.5,7.1,7.9,7,7.9,106,178,0.5,2,0.3,0.5,110,170,220,280,2018
4221,KATAL DIGHI POND,POND,TRIPURA,24.5,28,6.6,7.3,6.4,7.7,109,157,0.4,2,0.4,0.8,150,220,220,350,2018
2499,"SAMARPUR JHEEL, RAEBARELI",LAKE,"UTTAR 
PRADESH",20,28,5.8,7.2,7.8,8.1,251,477,4,5,0.9,1,5100,6900,7800,8600,2018
1765,"RABINDRASAROVAR 
NATIONAL LAKE, CALCUTTA, 
WEST BENGAL",LAKE,WEST BENGAL,20,33,8.1,14.2,7.6,8.7,40,626,1.7,6.1,0.3,0.6,700,130000,1300,230000,2018
2503,"HATISHALA GHAT ON 
DUDHPUKUR AT 
TARAKESHWAR",LAKE,WEST BENGAL,20,36,4.8,18.6,7.4,8.8,624,724,3.1,21.6,0,3.5,23000,140000,30000,170000,2018
2504,"MAINH GHAT ON DUDHPUKUR 
AT TARAKESHWAR",LAKE,WEST BENGAL,20,36,5.5,24.3,7.6,8.9,622,717,3,40.2,BDL,4.6,30000,220000,50000,280000,2018
2505,"HANUMAN GHAT ON 
DUDHPUKUR AT 
TARAKESHWAR",LAKE,WEST BENGAL,20,36,6.5,25,7.7,8.9,641,718,1.5,44.2,0,2.7,13000,130000,23000,170000,2018
2519,"KOCHBIHAR LAKE (SAGAR 
DIGHI)",LAKE,WEST BENGAL,10,29,6.2,8.6,6.8,8.1,5,197,1.4,3.6,0,0.5,2600,9000,9000,28000,2018
2520,MIRIKH LAKE,LAKE,WEST BENGAL,4,20,6.2,7.2,6.9,8.1,88,197,2.4,3.6,0.2,0.7,2200,8000,5000,26000,2018
2521,WATER RESERVIOR AT DELO,LAKE,WEST BENGAL,9,24,7.1,8.6,7.1,7.9,24,52,0.6,2.8,0.1,0.5,110,340,260,1400,2018
2522,"SINCHAL LAKE FOR 
DARJEELING",LAKE,WEST BENGAL,2,18,7.2,8.8,7,8.3,11,42,0.8,1.9,0,0.5,90,340,140,1400,2018
2539,BELBONI LAKE NEAR BARJORA,LAKE,WEST BENGAL,19,33,5.4,8.4,7,8,178,244,1.5,2.8,BDL,0.2,1100,9000,1400,14000,2018
2544,SAHEBBANDH AT PURULIA,LAKE,WEST BENGAL,17.5,32,4.1,9.7,7,8.1,438,550,2.5,3.8,BDL,1.1,3000,11000,5000,17000,2018
1790,"PULICATE LAKE , NELLORE DIST",LAKE,"ANDHRA 
PRADESH",18,28,4.9,5.5,6.7,8.2,21840,47890,2.2,2.8,0.46,2.8,3,4,210,1600,2019
2353,"KONDAKARLA-AAVA LAKE, PARAWADA 
PHARMA CITY, VISHAKHAPATNAM",LAKE,"ANDHRA 
PRADESH",24,30,5,6.8,7,8.5,714,1950,1.6,4.2,0,5.82,11,23,150,1100,2019
4368,"KOLLERU LAKE KOKKIRAYALANKA (V), 
KAILALUR (M)",LAKE,"ANDHRA 
PRADESH",25,28,3.7,7.5,7.2,8.1,979,14730,1.7,5.4,0,3.47,4,20,150,1300,2019
4391,"CHENGAMBAKAM TANK IN SRI CITY SEZ, 
TIRUPATHI",TANK,"ANDHRA 
PRADESH",25,36,3.2,6.1,6.8,7.9,228,1098,2,22,0,4.4,100,200,400,1400,2019
1529,"DEEPAR BEEL, ASSAM",LAKE,ASSAM,22,34,4.6,11,7.1,8,144,273,2.7,4.8,1.1,2,2,360,360,1500,2019
2205,"MER BEEL AT MADHABPUR, ASSAM",LAKE,ASSAM,13,32,0.4,8.2,6.3,7.7,29,228,1.3,18,0.8,2.4,300,730,720,2000,2019
2206,"DALONI BEEL NEAR JOGIGHOPA, ASSAM",LAKE,ASSAM,22,36,4.7,5.7,7.2,8.1,51,213,1.8,2.6,0.8,2.1,2,360,300,2300,2019
2218,"DEEPAR BEEL AT BORAGAON NEAR IASST, 
GUWAHATI, ASSAM",LAKE,ASSAM,22,34,3.7,10,7.1,7.9,146,275,2.6,4.6,1.1,2.1,2,730,720,1500,2019
3804,SON BEEL WATER AT KARIMGANJ,LAKE,ASSAM,20,26,4.1,5.4,6.4,7.4,88,126,1.2,4,0.7,1.3,300,730,720,2000,2019
4337,"KAMALABARI LAKE INSIDE KAMALABARI 
CHILDREN,S PARK, GELEKY",LAKE,ASSAM,18,31,5.5,6.3,6.9,7.6,32,46,1.3,2.3,0.5,1.3,2,300,2,720,2019
1263,"ELANGABEEL SYSTEM POND (CONNECTED TO 
R. KOLANG), ASSAM",POND,ASSAM,22,32,2,5.3,7.1,8,396,953,2.7,17.5,1.3,2.8,2,730,360,2800,2019
2207,"BOR BEEL AT JAKAI., ASSAM",POND,ASSAM,12,29,2,6.5,6.3,7.7,28,258,1.3,4.5,0.9,1.9,300,1100,300,3500,2019
2208,"BORPUKHURI, NAZIRA, ASSAM",POND,ASSAM,19,34,6,7.8,7,7.8,24,42,1.2,2.8,0.6,1.4,2,360,2,730,2019
2209,"GAURISAGAR TANK, GAURISAGAR, ASSAM",POND,ASSAM,18,31,5,7.5,6.5,7.3,20,240,1.1,3.7,0.2,1.3,2,730,2,1500,2019
2210,"RAJMAW PUKHURI, JORHAT, ASSAM",POND,ASSAM,18,32,5.2,7.8,6.7,7.9,47,85,1.4,3.7,0.2,2,2,730,2,1500,2019
2211,"PADUMPUKHURI, TEZPUR, ASSAM",POND,ASSAM,20,33,7,7.8,7.5,8.8,28,310,1.6,6.4,0.6,2.8,300,910,720,2000,2019
2212,"GOPHUR TANK, GOPHUR, ASSAM",POND,ASSAM,20,32,6.8,8,7.5,8.9,69,91,1.7,5.6,1,2.3,300,1500,720,2800,2019
2213,"JAIPAL PUKHURI, SIPAJHAR, ASSAM",POND,ASSAM,22,30,6.8,8,7.2,8.8,26,231,2,7.8,0.8,1.9,2,1100,360,2700,2019
2214,"BOTODRIVA SATRA POND, NAGAON, ASSAM",POND,ASSAM,21,36,2.5,9,6,7.8,19,123,1.6,8.8,0.4,2.6,2,730,360,2700,2019
2215,"SARAN BEEL, ASSAM",POND,ASSAM,22,34,4.2,9.8,7.3,8.1,51,83,1,5.4,0.6,1.5,300,730,360,2300,2019
2216,"DIGHALI PUKHURI, GUWAHATI, ASSAM",POND,ASSAM,22,33,6,12.2,7.1,8.7,154,360,2.3,5.8,1,2.6,300,1100,730,2800,2019
2217,"SUBHAGYA KUNDA POND KAMAKHYA 
TEMPLE, GUWAHATI, ASSAM",POND,ASSAM,19,33,5.4,9.6,7.3,8.1,268,620,2.1,7,0.8,2.7,700,2800,1400,12000,2019
2219,"BISHNU PUSKAR PUKHURI OF HAYAGRIB 
MADHAB TEMPLE, HAJO, ASSAM",POND,ASSAM,21,33,6.4,10.8,7.5,9.1,90,228,1.1,14.5,1.5,2.5,300,2000,910,2800,2019
2220,"CHAND DUBI BEEL, CHAND DUBI, ASSAM",POND,ASSAM,15,36,6,10.3,6.1,8,19,195,1,2.6,0.7,2.8,300,720,360,2300,2019
2221,"GANGA PUKHURI, NALBARI (GORDON 
SCHOOL), ASSAM",POND,ASSAM,21,36,6,10,7.5,8.5,49,58,2,4,0.8,1.6,2,1500,720,4300,2019
2222,"RAJADINIA PUKHURI AT ABHAYAPURI, ASSAM",POND,ASSAM,23,38,4.7,5.6,7.2,8.1,16,110,1.2,4.2,0.9,1.9,2,700,360,1500,2019
2223,"MAHAMAYA MANDIR PUKHURI, ASSAM",POND,ASSAM,21,38,3.1,5.5,7.1,8.1,44,63,1.2,2.5,0.7,2.4,300,1500,730,2800,2019
2224,"RAJAPUKHURI AT GAURIPUR, ASSAM",POND,ASSAM,20,38,3.1,5.8,7.2,8.8,74,98,1.2,2.4,0.7,2,2,730,360,2100,2019
2225,"BASKANDI POND INSIDE THE BASKANDI 
MADRASA, BASKANDI, ASSAM",POND,ASSAM,21,28,4.7,5.8,6.7,7.3,96,116,1.6,3.8,1.3,3.2,2,360,300,2800,2019
2226,"SIVASAGAR TANK (BORPUKHURI) NEAR 
SIVADOL, ASSAM",POND,ASSAM,18,32,5.8,8.7,6.1,7.5,22,40,1.2,2.8,0.2,1.7,2,730,2,910,2019
2227,"HORDAI PUKHURI, CHARAIDEW, ASSAM",POND,ASSAM,20,31,5.1,7.6,6.3,7.5,22,36,1.3,3.6,0.6,1.3,2,910,2,2800,2019
2228,"GALA BEEL AT DERGAON, ASSAM",POND,ASSAM,20,30,4.4,10,6.8,7.9,20,57,1.2,2.6,0.4,1.8,2,1500,360,3900,2019
3772,BORPUKHURI AT SONARI,POND,ASSAM,20,31,4.5,7.5,6.6,7.6,53,87,1.5,2.9,0.8,1.8,2,700,2,1500,2019
3806,"POND WATER FROM RAMKRISHNA MISSION 
AT HAILAKANDI",POND,ASSAM,22,25,4.1,5.3,6.4,7.5,108,163,2,3.2,0.7,1.6,2,2,2,730,2019
3809,"JORPUKHURI AT UZANBAZAR (UGRATALA 
TEMPLE)",POND,ASSAM,23,34,5.1,10.2,7.5,8.1,311,381,1.9,4.8,1.1,2.5,720,2700,1400,12000,2019
4006,NETAI PUKHURI AT NETAI PUKHURI,POND,ASSAM,20,32,5.2,8.5,6.8,7.8,22,52,1.8,3.4,0.5,1.7,2,1500,2,4300,2019
4334,"THOWRADOLE PUKHURI, THOWRADOLE G.P. 
DEMOW BLOCK",POND,ASSAM,24,34,5.8,8,7.1,7.9,37,65,1.8,2.5,0.4,1.5,2,300,2,700,2019
1532,"GOYSAGAR TANK, SIBSAGAR, ASSAM",TANK,ASSAM,18,31,5.3,7.7,6.8,7.7,20,28,1.5,2.2,0.2,1.8,2,360,2,600,2019
2557,"KAWAR LAKE, BEGUSARAI",LAKE,BIHAR,19,29,9.3,9.8,7.7,8.2,239,366,2.7,2.9,0,0.18,4000,7000,11000,11000,2019
2571,MOTI JHEEL AT MOTIHARII,LAKE,BIHAR,17,34,9.2,13.6,7.6,9.9,353,905,1.4,10,0.12,1.57,180,22000,1200,54000,2019
4296,"SIKANDRAPUR, MUZAFFARPUR",LAKE,BIHAR,15,34,7,10.5,8.3,9.6,858,1200,2.8,15.6,0.06,2.09,1400,35000,3300,160000,2019
2573,TIGHI TALAB AT GAYA,POND,BIHAR,17,37,7.8,9.5,7,7.8,658,1020,2.6,3.8,0,2.75,2100,22000,1100,35000,2019
2574,SURAJ KUND AT GAYA,POND,BIHAR,16,37,7.8,9.8,7.3,9.1,521,718,2.5,4.1,0,2.03,930,17000,3300,35000,2019
2046,"SUKHNA LAKE, CHANDIGARH",LAKE,CHANDIGARH,16,29.5,6.2,9.6,7.2,8.5,210,290,1,19,0,3,2,4900000,4,542000000,2019
3163,"HITKASA TAILING DAM, RAJHARA, 
CHHATISGARH.(DALLI RAJHARA IRON ORE 
MINES, DALLI RAJHARA)",LAKE,CHHATTISGARH,28,34,5.8,6.9,7.2,7.5,,,2.5,10.8,0,0,2,180,2,1600,2019
3164,"NEHRU NAGAR TALAB, BHILAI, CHHATISGARH.",POND,CHHATTISGARH,21,33,6,7,7.2,7.6,,,2.4,8.4,0,0,2,280,2,1600,2019
3030,"SANJAY LAKE, DELHI",LAKE,DELHI,7.4,7.4,6.8,6.8,7.4,7.4,999,1030,16,16,0.91,4.81,11000,11000,17000,17000,2019
3031,"BHALSWA LAKE, DELHI",LAKE,DELHI,8,8,2.8,2.8,8.1,8.1,6500,6510,27,72,0.31,4.46,17000,17000,22000,22000,2019
3032,"SULTANPUR LAKE, DELHI",LAKE,DELHI,,,,,6.9,7.4,235,303,1.7,7.1,BDL,0.64,220,2200,1400,16000,2019
3476,"LAKE NEAR IIT FLYOVER, DELHI",LAKE,DELHI,8.7,8.7,16.4,16.4,9.2,9.2,760,856,30,30,0.91,1.13,49000,49000,130000,130000,2019
1549,"SALAULIM LAKE AT SALAULIM - SANGUEM, 
GOA",LAKE,GOA,27,35,5.4,8.1,6.4,8,36,37320,BDL,0.8,BDL,0.53,BDL,130,BDL,240,2019
2269,"MAYEM LAKE, BICHOLIM",LAKE,GOA,27,31,6,8.2,5.6,8,13,24578,BDL,2.7,BDL,0.14,780,4900,1300,9400,2019
3175,ANJUNEM LAKE,LAKE,GOA,27,31,6.3,9,6.4,7.8,36,177,BDL,2.1,0,0.49,2,110,BDL,170,2019
3176,RUMDER LAKE,LAKE,GOA,26,30,2.2,6.1,6.4,7.7,52,2386,BDL,6,BDL,0.36,490,4900,790,7900,2019
3177,CARAMBOLIM LAKE,LAKE,GOA,26,30,5.7,8.2,6.2,8.4,29,12045,BDL,3,0.05,2.15,78,1700,130,5400,2019
3178,RAIA LAKE,LAKE,GOA,27,30,4.6,9.5,6.3,7.8,60,329,BDL,12,0,7.8,20,4900,40,7900,2019
3179,SAIPEM LAKE,LAKE,GOA,28,30,1.9,5,6,8.1,213,441,BDL,4.2,0,2.54,7900,24000,14000,92000,2019
3180,CURTORIM LAKE,LAKE,GOA,27,36,4.1,10.6,6.1,7.5,59,448,BDL,4.3,BDL,4.89,200,4900,450,13000,2019
4408,HARWALE WATER FALL,LAKE,GOA,26,30,7,8.8,6.1,7.2,50,145,BDL,BDL,BDL,0.37,2300,4900,3300,13000,2019
1343,"KANKORIA LAKE AT AHMEDABAD, NR. 
BALVATIKA,",LAKE,GUJARAT,25,30,6,8.8,8.1,9.1,2408,3402,11,24,0.06,0.29,12,46,120,540,2019
1344,"CHANDOLA LAKE AT AHMEDABAD,",LAKE,GUJARAT,28,29,6.1,8.2,7.4,8.3,415,527,4,13,0.07,0.21,2,68,2,490,2019
1345,"AJWAH LAKE AT SRI SAYAJI SABVAR, BARODA,",LAKE,GUJARAT,0,29,6.2,8.1,7.4,8.5,192,322,0.3,0.7,0.38,0.73,2,4,4,47,2019
1346,"SURSAGAR LAKE AT BARODA,",LAKE,GUJARAT,0,30.3,2.7,4.8,7.2,8.5,775,3670,0.9,11,0.38,0.78,26,210,63,640,2019
1972,"NALSAROVAR LAKE (SANAND), 
DIST.AHMEDABAD",LAKE,GUJARAT,27,27,7.1,7.4,7.7,9,335,2432,1.7,4,0,0.3,17,120,70,210,2019
1973,"BINDUSAROVAR, SIDDHPUR (DIST.PATAN)",LAKE,GUJARAT,24,29,3.2,7.4,7.6,8.2,698,2682,0.7,6,0.12,6,4,120,26,350,2019
1975,"LAKHOTA TALAV, JAMNAGAR",LAKE,GUJARAT,23,28,5.4,6.6,7.1,8.2,440,532,4.1,6.3,0.25,0.33,6,8,21,21,2019
1976,NARSIMEHTA TALAV- JUNAGADH,LAKE,GUJARAT,22,24,5.1,13.5,7.4,8.4,401,1736,1.9,276.9,0.02,0.06,6,7,26,33,2019
1977,CITY LAKE OF NADIAD,LAKE,GUJARAT,25,29,2.7,8,8.2,8.4,488,2240,0.4,3.7,0.38,0.74,2,120,21,540,2019
2076,"ANKLESHWAR RESERVOIR AT GIDC 
ANKLESHWAR AT VALIA ROAD.",LAKE,GUJARAT,27,32,6.6,7.6,7.4,8.6,269,1630,0.4,0.9,0.11,0.48,17,26,49,94,2019
2077,"MOTICHER LAKE NEAR KAKARPAR ATOMIC 
POWER STATION, DIST. SURAT.",LAKE,GUJARAT,26,29,6,7.3,7.3,8.1,318,805,0.7,1.5,0.01,0.17,6,11,26,93,2019
3197,"MACHHU-II DAM, RAFLESHWAR, MORBI, 
RAJKOT",LAKE,GUJARAT,24,33,5,7.7,7.6,8.3,375,2761,0.5,2.1,0.02,0.31,BDL,5,BDL,5,2019
3198,"GOMTI LAKE, OPP, RANCHODAJI TEMPLE, 
DAKOR, KHEDA",LAKE,GUJARAT,25,29,3.1,6.8,7.2,8.5,328,623,0.4,0.9,0.36,0.76,4,49,33,240,2019
3199,"HAMISAR TALAV, BHUJ",LAKE,GUJARAT,0,29,0,6.9,0,7.7,0,510,0,1.1,0,0.69,2,6,2,21,2019
3200,MOONSAR LAKE OF VIRAMGAM,LAKE,GUJARAT,26,30,2.8,9.2,8.4,9.4,6419,12050,14,82,0,0.4,12,120,70,920,2019
3201,"MALAV TALAV, DHOLKA",LAKE,GUJARAT,26,29,3.3,8.8,8.3,9.4,2892,4788,9,30,0,0.31,2,94,2,540,2019
3202,VHERAIMATA TALAV AT ANAND,LAKE,GUJARAT,24,30,0,7.1,6.5,8.2,158,627,0.4,12,0,0.58,4,350,47,920,2019
1979,"OLPAD, VILLAGE POND:OLPAD, SURAT",POND,GUJARAT,26,30,6.2,7.5,7.4,8,521,1126,0.9,1.6,0.04,0.44,6,17,38,84,2019
2079,"DHUDHIA TALAV AT NAVSARI, DIST. NAVSARI.",POND,GUJARAT,24,35,6,7.5,7,8.3,311,2171,0.8,1.2,0.02,0.29,6,21,33,142,2019
1971,THOL TANK (KALOL) (DIST. MEHASANA),TANK,GUJARAT,25,29,BDL,8.7,7.3,8.6,367,1992,2.2,81,0,0.13,4,84,6,150,2019
1349,BRAHMSAROVAR LAKE AT KURUKSHETRA,LAKE,HARYANA,19,29,4.4,8.3,7.5,9,197,716,0.8,10,0,0.21,500,13000,2100,160000,2019
1392,"KAUSSHALAYA LAKE, PINJORE, PANCHKULA",LAKE,HARYANA,18,29,2.1,8.1,7,8.4,329,590,1.8,4.5,0.02,2.09,9000,148000,5420,345000,2019
1291,GOBINDSAGAR LAKE AT BILASPUR,LAKE,HIMACHAL PRADESH,15,24,8.9,10.5,7.7,8.5,136,274,0.2,0.6,0.09,0.3,43,94,350,920,2019
1292,"PONGDAM LAKE AT PONG 
VILLAGE,",LAKE,HIMACHAL PRADESH,9.3,19,8.2,9.3,7.1,7.9,104,1791,0.1,0.3,0.09,1.2,2,4,33,120,2019
1429,"RENUKA LAKE , 35 KM FROM 
PATNA SAHIB NORTH",LAKE,HIMACHAL PRADESH,13,28,5.7,7.1,7.4,8.1,444,6330,0.5,2.8,0.01,0.67,14,31,33,84,2019
2649,RIWALSAR LAKE,LAKE,HIMACHAL PRADESH,11,28,5.3,12.5,6.9,8.2,181,284,3,17,0.14,0.39,84,210,920,1600,2019
2650,KHAZIAR LAKE,LAKE,HIMACHAL PRADESH,5,14,5.2,6.2,6.8,8,49,256,0.9,6.5,0.68,1.59,2,13,2,280,2019
1388,"ULSOOR LAKE TRAINING CENTRE OF FISH 
BREEDING,",LAKE,KARNATAKA,23,29,1,9.8,6.7,8.9,380,891,3,75,0.63,18,630,79000,5400,540000,2019
1446,"HEBALLA VALLEY LAKE AT D/S ROAD BRIDGE 
NR. MANDYA,",LAKE,KARNATAKA,24,29,1,6.1,7.6,8.1,386,870,3,10,1.24,11.2,410,940,1700,5800,2019
3582,HEBBAL LAKE,LAKE,KARNATAKA,22,31,1.2,5.8,7.4,8.9,1250,2310,4,24,2.8,12.2,1100,4600,6300,9400,2019
3583,KUKKARAHALLI LAKE,LAKE,KARNATAKA,20,30,3.1,7,7.3,9.4,542,2680,3,10.4,0.34,3.4,840,2100,4300,6300,2019
3584,DALAVAI LAKE,LAKE,KARNATAKA,20,30,BDL,3.8,7.4,9,746,1164,10.4,23.8,2.8,8.3,1100,8200,7000,21000,2019
3585,YENNEHOLE LAKE,LAKE,KARNATAKA,20,31,0,3.2,7.3,8.1,936,1213,12,28,3.1,8.1,1700,6800,6300,15000,2019
3586,LIMBHABUDI LAKE,LAKE,KARNATAKA,20,31,BDL,6.2,6.7,8.6,552,1579,3.8,52,1.5,9.6,1100,9300,5800,47000,2019
3587,SHETTYKERE LAKE,LAKE,KARNATAKA,7.2,29,4,6.8,7.3,9.4,585,1055,3,9,1.28,8.7,920,2100,4100,6300,2019
3591,KEMPAMBUDHI LAKE,LAKE,KARNATAKA,26,28,0.6,9.1,6.6,9.1,395,678,4,10,0.45,56,2100,240000,16000,1600000,2019
3592,YEDIYUR LAKE,LAKE,KARNATAKA,24,30,3,8.9,6.4,9.3,190,574,3,18,0.47,17,700,220000,5400,1600000,2019
3593,"ULSOOR LAKE TRAINING CENTRE OF FISH 
BREEDING,",LAKE,KARNATAKA,24,29,2,9.5,6.2,8.8,387,1110,3,32,0.6,20,480,110000,1600,920000,2019
3601,KARIHOBANAHALLI LAKE,LAKE,KARNATAKA,20,32,0.5,4.5,6.8,7.9,2,2890,7,122,1,21.3,4600,21000000,35000,160000000,2019
3602,BELLANDUR LAKE,LAKE,KARNATAKA,26,31,0.6,5.5,6.7,7.7,995,1306,5,36,0.7,33,700,400000,5400,16000000,2019
3608,VARTHUR LAKE,LAKE,KARNATAKA,22,33,2.5,7.1,6.7,8,541,1416,4,32,0.7,28,460,1700000,3500,16000000,2019
3610,TUBRAHALLI LAKE,LAKE,KARNATAKA,23,32,2.1,4.9,6.6,7.7,704,1821,7,34,0.9,33,470,110000,3500,920000,2019
3611,KAIKONDANAHALLI LAKE,LAKE,KARNATAKA,26,29,0.6,6,6.8,9.3,1304,1695,4,156,0.9,6.46,4800,210000,35000,1600000,2019
3612,AGARAM LAKE,LAKE,KARNATAKA,26,29,1.5,5.8,6.9,8.2,710,1986,5,29,0.38,13,840,70000,9200,540000,2019
3614,PUTTENAHALLI LAKE (S),LAKE,KARNATAKA,26,29,3.8,6.4,6.7,7.6,677,1367,4,12,0.52,5.6,700,22000,5400,1600000,2019
3615,ARAKERE LAKE,LAKE,KARNATAKA,28,30,2.2,6.1,6.9,7.7,13,2294,5,25,1.23,13.21,630,140000,5400,920000,2019
3616,KALENA AGRAHARA LAKE,LAKE,KARNATAKA,28,28,6.2,6.2,7.7,7.7,436,436,3,3,2.74,2.74,8400,8400,92000,92000,2019
3617,HULIMAVU LAKE,LAKE,KARNATAKA,26,29,1.7,5.5,6.7,8,687,1609,4,27,1.12,5,460,94000,3500,540000,2019
3618,SINGASANDRA LAKE,LAKE,KARNATAKA,26,29,2.8,15,6.8,7.8,800,1516,6,32,0.6,6,480,21000,5400,1600000,2019
3620,PARAPPANA AGRAHARA LAKE,LAKE,KARNATAKA,26,30,1,5.2,7,8.7,900,1687,5,31,1.67,10,940,110000,5400,920000,2019
3621,HARALAKUNTE LAKE,LAKE,KARNATAKA,27,30,1.3,5.1,6.8,7.9,839,1354,7.8,31,1.2,13,460,22000,3500,160000,2019
3624,PUTTENAHALLI LAKE,LAKE,KARNATAKA,24,30,3.2,7,6.5,7.3,591,1480,3,15,0.18,6,3100,46000,35000,350000,2019
3625,HEBBAL LAKE,LAKE,KARNATAKA,25,29,4,7.2,6.2,7.7,449,842,3,16,0.31,5,630,17000,9200,92000,2019
3627,JAKKUR LAKE,LAKE,KARNATAKA,27,36,0.5,5.6,6.5,8.8,782,1287,6,33,0.51,6.5,2800,94000,16000,540000,2019
3628,AMRUTHAHALLI LAKE,LAKE,KARNATAKA,25,34,0.5,7.2,6.5,7.6,638,1384,4,52,0.44,5,460,70000,5400,350000,2019
3644,MULBHAGAL LAKE,LAKE,KARNATAKA,22,34,BDL,3.8,7.1,9.3,2200,4930,13,54,1.1,16,940,35000,5400,160000,2019
3645,DEVARAYASAMUDRA LAKE,LAKE,KARNATAKA,22,35,BDL,1.8,6.6,10.3,428,1220,36,144,BDL,8,460,400000,5400,3500000,2019
3646,NARASAPURA LAKE,LAKE,KARNATAKA,23,35,2.5,7.2,7.8,9.6,654,911,4,19,BDL,8,470,700000,3500,5400000,2019
3649,BUGUDANAHALLI LAKE,LAKE,KARNATAKA,21,29,4.4,8,6.5,7.5,120,995,2,7,0.02,5.9,940,120000,9200,920000,2019
3654,GOTTIGERE LAKE,LAKE,KARNATAKA,22,32,1.4,6,6.5,8,689,1974,6,26,0.27,5.9,460,15000,5400,160000,2019
3679,BHUTANALA LAKE,LAKE,KARNATAKA,24,32,0.3,9.4,8,9.1,388,1540,1.1,23.1,0,42,220,1800,900,3200,2019
3680,KILLA LAKE,LAKE,KARNATAKA,22,34,6.4,8.7,7.3,8.8,260,648,1.1,2.5,0,35.5,280,1800,1600,3200,2019
3685,NAVALOORU LAKE,LAKE,KARNATAKA,23,26,6.2,8.2,6.9,8.3,394,1575,3.6,5.3,0.49,1.43,70,900,550,1800,2019
4094,"GANGONDANA HALLI LAKE, BENGALURU 
NORTH",LAKE,KARNATAKA,22,33,0.5,6,6.4,7.7,577,3060,5,192,1.9,12,6300,4600000,54000,92000000,2019
4095,"CHIKKABANVARA LAKE, CHIKKABANWARA, 
BENGALURU NORTH",LAKE,KARNATAKA,22,33,0.6,6.2,6.8,7.9,1150,2810,7,64,0.36,43,4800,150000,35000,920000,2019
4096,"ANDHRAHALLI LAKE, ANDHRAHALLI, 
BENGALURU",LAKE,KARNATAKA,22,32,3,7.6,6.5,8.1,260,1786,3,30,0.38,4,260,940000,5400,9200000,2019
4097,"KACHOHALLI LAKE, KACHOHALLI, BENGALURU 
NORTH",LAKE,KARNATAKA,22,33,0.6,6.5,5.2,7.8,510,2457,3,165,1.58,70,700,58000,5400,920000,2019
4504,SARAKKI LAKE,LAKE,KARNATAKA,24,28,5.2,8.5,5.7,6.8,289,790,3,6,1,13.99,70,28000,540,5400000,2019
4505,NELAMANGALA LAKE,LAKE,KARNATAKA,25,28,3,5.5,6.5,7.7,258,1554,3,41,1.94,5.6,630,14000,5400,160000,2019
4507,CHELEKERE LAKE,LAKE,KARNATAKA,24,36,4,7.1,6.8,7.2,389,852,4,11,1.2,10,410,21000,3500,160000,2019
4508,SINGAPURA LAKE,LAKE,KARNATAKA,23,33,0.6,6.2,6.6,7.6,786,1814,6,28,2,14,700,1700000,5400,16000000,2019
4509,NARASIPURA LAKE,LAKE,KARNATAKA,20,32,0.5,7.1,6.6,7.3,481,845,3,9,1.22,4,940,12000000,5400,92000000,2019
4510,RACHENAHALLI LAKE,LAKE,KARNATAKA,24,35,0.2,6,6.5,8.3,820,1334,5,38,1.6,8,4600,12000000,35000,92000000,2019
4533,ULLALU LAKE,LAKE,KARNATAKA,22.7,33.8,4.8,8,7.1,8.2,467,1581,3,8,0.72,14,460,70000,5400,920000,2019
4534,SOMPURA LAKE,LAKE,KARNATAKA,23.4,31.6,4.9,8,7.7,8.2,604,858,1,6,0.8,12,460,84000,5400,920000,2019
4535,GUBBALAL KERE,LAKE,KARNATAKA,22.3,32.4,1,6.8,6.7,7.9,834,1693,3,27,1,14,630,840000,5400,9200000,2019
4536,HOSAKEREHALLI LAKE,LAKE,KARNATAKA,24.3,33.6,1,6.7,6.4,7.5,453,1332,3,34,0.5,10,4600,460000,54000,3500000,2019
4537,CHINNAKURCHI KERE,LAKE,KARNATAKA,23.4,33.4,4.4,6.7,6.9,7.9,300,774,3,41,0.32,5.2,840,84000,9200,920000,2019
4538,MACHOHALLI LAKE,LAKE,KARNATAKA,23,31,0.9,3.5,6.3,7.3,625,3400,8,72,1.5,22,460,14000,5400,160000,2019
4539,DODDABIDARAKALLU LAKE,LAKE,KARNATAKA,22,31,0.5,5.6,6.3,7.3,802,2182,9,68,0.8,11,460,1700000,3500,16000000,2019
4540,KAMMGONDANAHALLI LAKE,LAKE,KARNATAKA,22,31,0.5,5.5,6.5,8,392,1840,3,75,2.7,20,2800,4600000,16000,35000000,2019
4543,KODI SINGASANDRA LAKE,LAKE,KARNATAKA,28,28,5.7,5.7,7.8,7.8,484,484,3,3,2.88,2.88,1400,1400,9200,9200,2019
4545,JUNGU KERE,LAKE,KARNATAKA,28,28,2.8,2.8,7.8,7.8,805,805,8.4,8.4,1.31,1.31,8400,8400,92000,92000,2019
4546,JAKKSANDRA LAKE,LAKE,KARNATAKA,28,28,4.5,4.5,7.5,7.5,985,985,7.3,7.3,1.4,1.4,4600,4600,35000,35000,2019
4547,SWARANA KUNTE,LAKE,KARNATAKA,28,28,4,4,7.7,7.7,399,399,18,18,2,2,7000,7000,54000,54000,2019
3559,HULLIGE TANK,TANK,KARNATAKA,22,32,6.8,7.2,7.5,9,286,462,2.1,6,0,1.13,36,540,148,1700,2019
3560,MAVENAKERE TANK,TANK,KARNATAKA,26,31,6.8,8.8,8.7,9.6,498,5306,16,90,0.13,0.33,13000,22000,35000,54000,2019
3561,HUNDIKERE (KOPPAL) TANK,TANK,KARNATAKA,22,32,5.6,7.4,6.9,8.4,290,678,2.3,8,0,15,46,8400,138,54000,2019
3565,PILIKULA TANK,TANK,KARNATAKA,28,30,6.2,6.7,6.8,8,140,188,3,3,0.1,1.32,11,22,14,40,2019
3588,KARANJIKERE TANK,TANK,KARNATAKA,19,30,4,7,7.4,8.8,445,767,3,8.6,0.49,2.46,790,1400,4000,7000,2019
3589,MADIWALA TANK,TANK,KARNATAKA,28,30,1.2,5.1,6.8,8.2,553,1398,5,35,1.07,11,460,14000000,3500,92000000,2019
3590,LALBAGH TANK,TANK,KARNATAKA,26,30,4,8,7,8.3,355,691,3,7,0.72,16,630,70000,5400,540000,2019
3594,SANKEY TANK,TANK,KARNATAKA,26,29,1.5,8.2,7.1,8.6,411,566,3,17,0,44,630,140000,5400,920000,2019
3595,BYRASANDRA TANK,TANK,KARNATAKA,23,29,1.5,5.9,6.3,8.2,446,1422,4,32,1.3,31,9400,170000,92000,1600000,2019
3597,HESARAGHATTA TANK,TANK,KARNATAKA,22,32,4.2,8.3,6.4,7.4,225,515,3,13,0.13,2,3300,94000,35000,920000,2019
3598,HEROHALLI TANK,TANK,KARNATAKA,22,32,0.5,7.2,6.6,8.6,351,960,0.6,60,0.5,15.8,940,94000,5400,540000,2019
3599,MADAVARA TANK,TANK,KARNATAKA,22,32,0.5,5.8,6.5,9.3,332,1637,3,165,0.8,19.44,4700,120000,35000,920000,2019
3600,SHIVAPURA TANK,TANK,KARNATAKA,20,32,0.5,6,6.6,7.7,1086,4190,7,66,2,31,630,490000,9200,5400000,2019
3603,VENGAIHNAKERE,TANK,KARNATAKA,21,29,2.1,6,6.6,7.6,703,1546,4,47,1,75,1200,170000,9200,920000,2019
3604,DODDANAKUNDI TANK,TANK,KARNATAKA,26,30,2.7,5.2,7.3,7.8,1014,2260,4,19,2,5,480,140000,3500,920000,2019
3605,YELLAMALLAPPA TANK,TANK,KARNATAKA,22,32,4.3,6.8,6.5,7.4,631,1845,5,14,1.3,55.2,460,110000,5400,920000,2019
3606,DASARAHALLI TANK,TANK,KARNATAKA,22,32,0.3,6.9,6.5,8.5,285,1400,2,38,0.3,18,380,94000,3500,540000,2019
3607,KALKERE TANK,TANK,KARNATAKA,25,29,2.5,4.8,6.8,8.1,728,1827,4.8,15,1.6,9,2800,110000,16000,920000,2019
3623,ANEKAL DODDAKERE TANK,TANK,KARNATAKA,23,26,5.1,6.7,6.7,7.2,727,1736,3,7,1.6,2.94,700,1400,5400,9200,2019
3626,NAGAVARA TANK,TANK,KARNATAKA,24,36,3,7.3,6.5,7.4,480,854,3,17,0.48,10,630,84000,3500,920000,2019
3629,ALLASANDRA TANK,TANK,KARNATAKA,25,35,0.6,6.8,7,8.3,516,1432,3,36,0.56,5,580,1500000,9200,1600000,2019
3630,YELAHANKA TANK,TANK,KARNATAKA,25,35,0.5,6,6.6,8,512,1362,6,35,0,4,940,220000,5400,1600000,2019
3632,VEERAPURA TANK,TANK,KARNATAKA,24,28,1.8,6.8,6.2,7.4,315,1139,3,39,0.04,7,700,70000,5400,540000,2019
3634,DEVARAKERE TANK,TANK,KARNATAKA,23.7,34.6,3.2,7.2,6.5,7.2,358,694,3,10,0.1,4.56,940,220000,9200,1600000,2019
3635,MALATHAHALLI TANK,TANK,KARNATAKA,21.4,30.6,0.3,6.2,6.8,7.7,712,1583,4,145,0.7,20,4300,17000000,35000,92000000,2019
3637,BYRAMANGALA TANK,TANK,KARNATAKA,25,28,1.6,5.2,6.9,7.5,708,1608,6,18,0.7,6,1400,94000,9200,5400000,2019
3638,ANNAYAPPA TANK,TANK,KARNATAKA,25,29,4,8,6.7,8.8,175,1637,3,15,0.72,19,1100,28000,9200,920000,2019
3640,UTTARAHALLI DORAIKERE,TANK,KARNATAKA,22.3,33.8,2.6,6.7,6.3,8.1,460,1114,4,38,0.9,13,4700,460000,35000,3500000,2019
3641,DHOREKERE TANK,TANK,KARNATAKA,22.8,34,3.8,6.9,6.6,8.2,410,638,3,27,0.4,9,630,170000,5400,920000,2019
3642,JIGANI TNAK,TANK,KARNATAKA,24,27,4.8,6,6.8,7.2,627,1090,3,7,1.2,3,1700,46000,16000,540000,2019
3643,BEENNIGANAHALLI TANK,TANK,KARNATAKA,26,27,2.3,6,6.5,7.6,286,1827,3,13,3.4,9.5,12000,94000,92000,540000,2019
3648,MYDALA TANK,TANK,KARNATAKA,22,29,5,7.8,6.5,7.6,164,550,3,14,0.02,4.16,630,170000,5400,1600000,2019
3650,MELEKOTE TANK,TANK,KARNATAKA,23,30,0.8,8,6.6,7.3,437,1631,3,16,0.61,30,2600,170000,35000,1600000,2019
3651,BHEEMSANDRA TANK,TANK,KARNATAKA,22,30,0.5,6.9,6.4,7.4,560,1885,3,15.96,0.85,34,940,220000,5400,1600000,2019
3653,DODDAKERE TANK,TANK,KARNATAKA,19,35,4.9,7.3,6.7,7.7,190,580,2,10,0.1,4.48,410,63000,3500,540000,2019
3656,NALLIKATTE KERE TANK,TANK,KARNATAKA,26,28,5,5.6,7,7.6,340,470,2,3,0.1,0.2,320,460,2800,4000,2019
3657,KAACHACHALLI KOPPALUKERE TANK,TANK,KARNATAKA,24,28,1.9,4.4,7.9,8.8,980,8900,4,34,0.3,1.2,240,700,3300,6300,2019
3658,KALLAKATTE KERE TANK,TANK,KARNATAKA,24,26,4.6,5.4,8,8.2,410,470,3,3,0.2,0.2,320,610,2800,4000,2019
3659,MATHANA KERE TANK,TANK,KARNATAKA,24,28,1.2,4.2,7.2,7.7,610,1310,4,7,0.2,0.8,920,3300,9200,35000,2019
3660,HUNASINA KERE TANK,TANK,KARNATAKA,25,28,5,6.2,7.1,8.1,350,890,2,3,0.1,0.3,390,1400,3500,11000,2019
3661,KOKKANAGHATTADODDAKERE TANK,TANK,KARNATAKA,25,28,5,8.3,8.3,9.9,460,1800,4,8,0.2,0.5,220,630,2200,5400,2019
3662,KAWSHIKAKERE TANK,TANK,KARNATAKA,23,25,4.6,5.6,7.7,8.1,260,420,2,3,0.1,0.2,93,340,1100,2200,2019
3663,JOLADAKATTE TANK,TANK,KARNATAKA,24,26,4.8,5.6,7.7,8.2,450,640,2,3,0.1,0.2,110,450,1300,3500,2019
3664,BASAVANAHALLIKERE TANK,TANK,KARNATAKA,24,25,4.1,4.6,7.8,8,390,530,2,3,0.1,0.2,240,680,2200,4000,2019
3665,LINGAPPANAKATTE TANK,TANK,KARNATAKA,24,26,4.4,5.8,7.8,8.2,470,700,2,3,0.2,0.3,120,470,2100,4300,2019
3666,GANIGARAHOSAHALLIKERE TANK,TANK,KARNATAKA,24,28,4.5,5.2,7.8,8.2,250,470,2,3,0.1,0.1,170,260,1200,3200,2019
3667,SATHENAHALLIDODDAKERE TANK,TANK,KARNATAKA,24,27,4.7,6.6,7.9,8.4,460,720,2,3,0.1,0.3,140,450,1700,3500,2019
3668,SODHARAHALLIKERE TANK,TANK,KARNATAKA,24,28,5.7,6.8,7.8,8.2,340,470,2,3,0.1,0.4,170,460,2100,4300,2019
3669,SHELERAMANAHALLIKERE TANK,TANK,KARNATAKA,25,28,5,6.6,7.4,8.2,350,580,2,3,0.1,0.3,110,330,1500,4300,2019
3670,HAINARAKATTE TANK,TANK,KARNATAKA,25,28,4.4,4.8,7.7,7.8,180,340,2,2.2,0.1,0.1,130,320,920,1700,2019
3671,HANUMANTHAPURAKATTE TANK,TANK,KARNATAKA,25,28,4.9,7,7.5,8.2,340,470,2,3,0.1,0.2,120,270,1700,2800,2019
3672,SANKALAPURAKERE TANK,TANK,KARNATAKA,25,27,4.9,5.6,7.6,7.8,210,410,2,3,0.1,0.2,70,220,920,1700,2019
3673,HAVALIKERE TANK,TANK,KARNATAKA,24,27,3.4,5.5,7.6,8.2,440,1310,2,4,0.1,0.8,170,780,2100,5400,2019
3674,SATHAMANGALAKERE TANK,TANK,KARNATAKA,24,27,5,5.3,7.4,7.9,180,320,2,3,0.1,0.2,94,210,920,1700,2019
3675,B KALEHALLIKERE TANK,TANK,KARNATAKA,25,26,4.6,5,6.8,7.6,200,260,2,2,0.1,0.2,92,390,940,2200,2019
3676,THAVENAHALLIKERE TANK,TANK,KARNATAKA,24,27,5.2,6.1,7.4,7.6,210,260,2,2,0.1,0.2,140,390,1300,2200,2019
3677,SHARANABAWESHWARA KERE TANK,TANK,KARNATAKA,27,30,0,7.8,8.4,8.8,1202,2351,7,16,0,0.14,790,1700,2400,5400,2019
3681,ANGOL MI TANK,TANK,KARNATAKA,21,34,0,11.1,6.7,8.7,264,889,4,14.5,0,38.6,900,1800,1600,3200,2019
3682,KAKATI POND,TANK,KARNATAKA,21,30,3,11,8,10.2,581,7540,1.3,22,0,59.3,280,1800,1600,3200,2019
3683,HEREKERE TANK,TANK,KARNATAKA,23,26,4.2,5.9,7.2,8.3,880,1720,7.2,28,1.13,2.2,130,900,849,1800,2019
3684,KELEGERE TANK,TANK,KARNATAKA,23,26,7.1,7.3,7.3,8.4,310,1430,3.2,3.8,0.43,0.88,50,900,275,1800,2019
3686,NIRASAGARAKERE TANK,TANK,KARNATAKA,23,26,7.2,7.6,7.2,8.4,210,624,2.4,2.9,0.19,0.41,13,225,45,1600,2019
3687,NUGGIKERE TANK,TANK,KARNATAKA,23,25,6.6,6.9,7.2,8.2,340,1065,3.3,3.9,0.29,1.1,35,225,170,550,2019
3688,SUDANAKERE TANK,TANK,KARNATAKA,23,25,6.4,7.2,7.4,8.4,630,1160,0.8,3.8,0.52,0.86,25,900,140,1800,2019
3689,SOMESHWARAKERE TANK,TANK,KARNATAKA,23,25,6.1,6.8,7.2,7.9,670,1187,3.8,5.4,0.72,1.4,35,900,197,1800,2019
3690,UNAKALKERE TANK,TANK,KARNATAKA,23,26,6.6,7.2,7.1,8.3,410,1620,3.6,4.5,0.47,1.11,35,900,1405,1800,2019
3691,VIMANABHUTHIKERE TANK,TANK,KARNATAKA,26,31,6.5,7.3,6.9,7.8,12,226,2.1,3.5,BDL,0.36,170,500,500,900,2019
3692,KUNDUVADAKERE TANK,TANK,KARNATAKA,26,31,5.3,7.4,7.4,8.1,150,370,2.4,3.5,0,0.3,220,900,500,2200,2019
3693,BHATHIKERE TANK,TANK,KARNATAKA,26,31,4.8,7.2,6.7,8.2,200,917,2.4,25,BDL,3,5000,50000,7000,70000,2019
3694,SHANTHISAGARKERE TANK,TANK,KARNATAKA,26,30,6.3,7.5,6.9,8.4,171,640,2.6,3,0,0.42,500,1400,900,2800,2019
3695,KONDAGGIKERE TANK,TANK,KARNATAKA,26,28,5.9,6.9,6.6,8.1,200,244,2.4,7,0,0.72,500,1700,2200,16000,2019
3696,AIANAKERE TANK,TANK,KARNATAKA,26,31,4.3,6.3,6.8,8.3,1040,1350,18,94,0.3,6.35,22000,170000,5000,350000,2019
3697,MATTADAKERE TANK,TANK,KARNATAKA,28,29,4,5.9,7.2,8.3,256,900,5,5,0,3,1700,4000,3500,6000,2019
4498,"SANAVALLI DAM, MUNGOD",TANK,KARNATAKA,24,27,6.9,7.8,6.8,7.4,109,596,2.3,2.6,0.16,0.56,17,350,140,700,2019
4501,MANCHANABALE DAM,TANK,KARNATAKA,26,26,2.8,8.2,7.1,8.1,902,1355,5,9,1.8,4,330,9400,3500,92000,2019
4502,RAMAMMANA KERE,TANK,KARNATAKA,26,26,3.2,8.1,6.9,8.3,713,1298,4,13,1.7,4.4,340,120000,3500,920000,2019
4503,MADHURE TANK,TANK,KARNATAKA,25,29,1.8,7.4,6,8.2,170,432,BDL,20,0.74,5,84,94000,920,920000,2019
4512,MANCHANABALE DAM,TANK,KARNATAKA,23,31,0.5,3,6.4,7.5,740,1577,32,92,3.4,12,7000,1500000,54000,16000000,2019
4513,RAMAMMANA KERE,TANK,KARNATAKA,22,30,4.3,6.2,6.9,8.2,640,2020,3,38,0.77,9.7,1700,70000,16000,540000,2019
4530,KAMMASANDRA TANK,TANK,KARNATAKA,21,25,0.5,4.8,6.6,7.6,1508,2374,5,75,3.83,40,460,280000,3500,1600000,2019
4531,RAYASANDRA LAKE,TANK,KARNATAKA,20,25,0.6,6.6,6.5,7.6,1115,1718,5,16,7,9.9,7000,63000,54000,350000,2019
4532,CHANDAPURA LAKE,TANK,KARNATAKA,20,25,1.6,5.5,6.6,7.6,1500,2014,4,18,7,16,700,79000,5400,920000,2019
1383,"ORUVATHILKOTTA LAKE, KERALA",LAKE,KERALA,28,37,0.1,7.2,6.4,7.9,255,662,1.6,7.2,0,0.1,180,1500,430,2500,2019
1385,"SASTHAMCOTTA LAKE, KERALA",LAKE,KERALA,18,22,6.2,7.4,6,7.2,114,132,1.2,2,0.44,0.7,40,200,170,430,2019
1441,"ASHTHAMUDI LAKE AT QUILON, KERALA",LAKE,KERALA,19,25,3.4,5.6,7.5,8.1,18120,19350,1.4,4,0.98,2.9,260,680,480,920,2019
1574,"PARAVUR, KERALA",LAKE,KERALA,19,23,5.4,6.6,7.4,8,12260,13980,1.4,2.2,0.79,1.6,100,200,220,410,2019
1575,"VEMBANAD LAKE,KOCHI (OIL TANKER JETTY), 
KERALA",LAKE,KERALA,25,32,2.5,8.4,6.8,8,1200,44000,0.8,3.6,0,2.31,430,140000,840,310000,2019
1576,"PERIYAR LAKE AT THEKKADY, KERALA",LAKE,KERALA,23,31,6.2,7.9,6.8,7.9,41,60,0.1,0.9,0.02,0.07,2,790,2,1100,2019
1577,"KODUNGALLOOR, KERALA",LAKE,KERALA,27,30,4.4,7.2,3.9,7.8,504,27500,0.2,2,0,1.38,220,2100,480,3400,2019
1578,"KAYAMKULAM, KERALA",LAKE,KERALA,26,30,1.1,6.9,7.5,8.2,6458,65248,0.5,5.2,0.03,0.98,2,1800,20,2700,2019
1579,"ALAPPUZHA, KERALA",LAKE,KERALA,26,32,2.9,7.7,6.8,7.6,506,5248,2.1,3.9,0.07,0.92,2,600,10,1100,2019
1580,"POOKOTE, KERALA",LAKE,KERALA,24,34,5.1,9,6.7,7.9,19,43,0.3,2.6,0.1,0.13,2,40,18,102,2019
2312,"LAKE VEMBANAD AT PATHIRAMANAL 
(ALAPPUZHA)",LAKE,KERALA,26,31,6.1,7.9,6.8,7.5,713,9120,0.9,3.9,0.04,0.19,2,180,10,310,2019
2318,PAZHASSI RESERVOIR (KANNUR),LAKE,KERALA,23,32,6.3,8.1,6.7,8,36,92,0.1,1.2,0,0.14,5,160,40,500,2019
2328,RSVR AT MALAMPUZHA,LAKE,KERALA,24,32,6.2,7.8,6.8,7.6,82,130,0.6,2.8,0,2,2,490,2,700,2019
2329,RSVR AT BHOOTHATHANKETU,LAKE,KERALA,25,29,6.6,9.3,6.7,7.6,21,47,0.2,2.7,0,1.32,58,2500,110,4600,2019
2330,RSVR AT EDAMALAYAR,LAKE,KERALA,25,30,6.4,9.2,6.8,8,19,37,0.2,3,0,0.21,4,250,10,320,2019
3470,"VELLAYANI LAKE AT VANDITHADOM, 
THIRUVANANTHAPURAM",LAKE,KERALA,28,35,0.1,6.2,5.8,7.5,120,225,0.4,6.4,0,0.1,100,940,400,2000,2019
2325,"POND AT (PADMANABHA) SREE 
PADMANABHA SWAMY TEMPLE (TVPM)",POND,KERALA,28,36,0.1,6.6,6.1,8.2,180,385,1.4,75,0,0.2,100,700,200,2600,2019
3462,MANANCHIRA POND AT KOZHEKODE,POND,KERALA,27,33,6.6,9.8,7,8.1,50,100,0,1,0.01,0.5,10,600,49,700,2019
1373,"UPPER LAKE AT BHOPAL (INTAKE POINT), 
M.P.",LAKE,MADHYA PRADESH,19,30,7.4,8.2,7.6,8.3,279,312,1.3,2.6,3,5.59,2,2,140,210,2019
1374,LOWER LAKE AT BHOPAL OUTLET M.P.,LAKE,MADHYA PRADESH,19,29,6.4,7.9,7.7,8.3,340,396,5.2,8,5.35,16.63,70,240,920,1600,2019
1466,"MULTAI TANK LAKE AT VILLA. KHARI ON 
BETUL-AMRAVATI ROAD M.P(.RIVER TAPTI 
NEAR AMARAWATI, ROAD BRIDGE AT 
VILLAGE KHEDA)",LAKE,MADHYA PRADESH,25,29,8.1,8.4,7.4,8.1,248,384,1.3,1.4,0,2.29,2,2,150,1600,2019
2128,"KHANDARI RESERVOIR WATER OFF TAKE 
POINT",LAKE,MADHYA PRADESH,16.5,30.6,7.4,8.3,7.1,8.3,217,435,1.1,1.8,0.2,1.34,2,12,BDL,40,2019
2130,"MADHAV LAKE, SHIVPURI",LAKE,MADHYA PRADESH,12,36,5,7.8,7.1,8.7,320,1155,1.8,2.9,0.6,1.22,2,6,48,110,2019
2131,YASHWANT SAGAR AT INDORE,LAKE,MADHYA PRADESH,17,28,5.9,8,7.4,8.6,291,1451,1,2.1,0.62,1.95,2,2,43,96,2019
2132,BILAWALI TALAB AT INDORE,LAKE,MADHYA PRADESH,17,28,6.3,8,7.9,8.7,267,551,1.3,2.4,0,4.39,2,2,58,170,2019
2133,SIRPUR TALAB AT INDORE,LAKE,MADHYA PRADESH,17,28,5,8.4,7.6,8.6,341,884,1.1,2.6,0.26,1.9,2,2,39,120,2019
2134,NAGCHUN TALAB AT KHANDWA,LAKE,MADHYA PRADESH,18,28,6.2,7.8,7.1,8.8,220,450,1,1.4,0.01,1.16,2,2,7,70,2019
2135,GOVINDGARH LAKE,LAKE,MADHYA PRADESH,20.5,32,6.2,7.4,7.1,7.8,270,399,0.9,1.5,0.12,0.41,2,2,BDL,47,2019
2136,"SHAHPURA LAKE AT WEIR NEAR 
AYUSHMAN HOSPITAL, BHOPAL",LAKE,MADHYA PRADESH,18,28,6.3,8.2,7.8,8.4,278,548,1.7,14,1.57,35.96,2,240,70,2600,2019
2137,UPPER LAKE AT YATCH CLUB,LAKE,MADHYA PRADESH,19,31,7.1,8.4,7.7,8.6,264,294,2.1,2.9,4.37,5.84,2,2,70,280,2019
2138,UPPER LAKE AT KARBALA CLUB,LAKE,MADHYA PRADESH,17,33,7.4,8.4,7.6,8.5,268,293,2,2.7,3.58,4.58,2,2,120,220,2019
2139,UPPER LAKE AT BAIRAGARH CLUB,LAKE,MADHYA PRADESH,18,33,7.6,8.2,7.8,8.3,244,298,1.3,2.9,3.65,7.7,2,2,140,240,2019
2140,"KERWA DAM NEAR REST HOUSE, BPL",LAKE,MADHYA PRADESH,17,29,6.4,8.9,7.5,8.3,250,283,1.6,3,1.5,2.75,2,2,22,94,2019
2141,JANUNIA TALAB NEAR W/S,LAKE,MADHYA PRADESH,18,29,7.8,8.7,7.3,8.5,178,2328,1.3,2.8,0.16,3.56,2,2,70,210,2019
2142,"KALISINDH RESERVOIR AT SARANGPUR, 
RAJGARH",LAKE,MADHYA PRADESH,13,27,4.5,8,7.3,9.6,149,666,1.2,2.3,0,0.86,2,2,BDL,48,2019
3296,CHORAL DAM NEAR INDORE,LAKE,MADHYA PRADESH,17,29,6.4,8.6,7.4,8.6,271,690,0.9,1.9,0.47,3.23,2,2,39,63,2019
3845,"KANHARGAON STOP DAM WATER SUPPLY 
INTAKE OF CHHINDWARA TOWN",LAKE,MADHYA PRADESH,,,4.5,7.3,7.3,7.9,640,830,1.8,2.8,2.2,2.8,3,3,11,28,2019
4614,SUPTAL JABALPUR,LAKE,MADHYA PRADESH,18.1,28.9,6.6,7.6,7.1,8.2,319,596,2,4.4,0.22,1.81,2,39,BDL,540,2019
4615,GANGA SAGAR JABALPUR,LAKE,MADHYA PRADESH,18,32.1,6.4,7.5,7.3,8.3,350,642,2,5.2,0.29,2.61,2,48,BDL,540,2019
4622,"KOPTAL LAKE AT WATER SUPPLY INTAKE 
POINT CHHATARPUR",LAKE,MADHYA PRADESH,18,32,6.8,7.2,7.3,8.4,224,362,0.9,1.2,0,0.46,2,2,2,24,2019
3297,"MITHA TALAB, DEWAS",POND,MADHYA PRADESH,22,26,6.8,7.1,7.5,8.1,318,746,0.2,2,0,1.16,2,36,46,70,2019
3298,POND WATER AT LAKODA,POND,MADHYA PRADESH,22,22,6.8,7.7,7.2,7.9,210,296,1.8,2.2,0,0.77,2,6,25,63,2019
3299,HANUMANTAL JABALPUR,POND,MADHYA PRADESH,17,30.1,6.4,7.1,7.1,8.4,340,853,3.2,5.4,0.2,2,2,240,BDL,1100,2019
3300,"RANITAL TALAB, JABALPUR",POND,MADHYA PRADESH,18,32.5,4.8,7.9,6.8,8.6,352,4620,2.1,13,0.28,3.64,2,350,BDL,1600,2019
3301,MOTI TALAB AT BALAGHAT,POND,MADHYA PRADESH,13.9,35.9,6.1,8,7.3,7.8,320,4870,2.2,4,0.25,2,2,120,BDL,540,2019
3302,"PIPLIYA PALA TALAB, INDORE",POND,MADHYA PRADESH,19,26,6,6.9,7.1,8.4,278,974,1.4,3.8,0,4.29,2,2,84,170,2019
3303,"RANI TALAB, REWA",POND,MADHYA PRADESH,21,35,6,7.2,7.3,8.2,249,382,1,1.5,0.21,0.49,2,4,20,39,2019
3304,"RIHAND RESRVOIR, SINGRAULI",POND,MADHYA PRADESH,20,40,6.2,7.6,7.2,7.6,130,580,1.6,2,0,0.8,2,2,11,21,2019
3830,"GOKALPUR TALAB, DIST JABALPUR",POND,MADHYA PRADESH,15.8,27.9,6.2,8.2,7.3,8.3,239,796,2.2,7.2,0,2,2,140,BDL,430,2019
3831,"DAL SAGAR TALAB, DIST SEONI",POND,MADHYA PRADESH,14,35.8,6.4,7.5,7.3,8.1,290,512,2.2,4.8,0.34,1.6,2,84,BDL,430,2019
3849,SITAPAT TALAB DHAR,POND,MADHYA PRADESH,18,29,4.5,7.6,7.1,8.7,301,529,0.8,1.8,0.03,1.13,2,2,32,60,2019
3850,"BAGDOON TALAB PITHAMPUR SANJAY 
JALASHAY PITHAMPUR",POND,MADHYA PRADESH,18,28,6.6,7.9,7.5,8.9,258,656,1,1.9,0.18,2.82,2,2,40,63,2019
2129,"PERIAT TANK NEAR WSS INTAKE POINT 
JABALPUR",TANK,MADHYA PRADESH,16.1,29.9,7.2,8.1,7.2,8.3,233,3370,1.4,1.9,0.34,1.6,2,10,BDL,41,2019
1425,LOKTAK LAKE AT THANA,LAKE,MANIPUR,15,29,6.5,7.9,6.9,7.4,26,358,2.5,4.3,0.02,0.03,2,5,25,200,2019
1426,LOKTAK LAKE AT BISHNUPUR,LAKE,MANIPUR,15,29,7.1,8.2,6.9,7.8,130,2442,2.2,4.5,0.03,0.03,2,55,20,90,2019
1629,LOKTAK LAKE AT SENDRA,LAKE,MANIPUR,15,29,5.2,8.1,6.9,7.5,120,347,2.5,3.6,0.02,0.03,2,10,15,120,2019
1630,LOKTAK LAKE AT KARANG ISLAND,LAKE,MANIPUR,16,28,5.8,7.7,7.2,7.5,150,411,2.2,3.8,0.02,0.03,2,2,10,100,2019
2837,PUMLEN LAKE AT TOKPACHING,LAKE,MANIPUR,16,28.2,4.4,8.2,7,7.5,105,3405,2.1,4.7,0.02,0.03,2,15,20,280,2019
2839,PUKHRI AT LANGMEIDONG,POND,MANIPUR,16,28,6.4,8.1,6.7,7.5,201,311,2.9,3.8,0.03,0.03,2,45,20,142,2019
2840,LAMJAO PUKHURI AT ACHOUBA,POND,MANIPUR,16,29,6.1,7.9,7.1,7.6,167,297,2.5,26,0,0.03,2,15,40,185,2019
2841,HIRANMEI PUKHURI AT THOUBAL,POND,MANIPUR,16,29,5.1,8.1,6.7,7.5,51,430,2.4,4.1,0.02,0.03,2,25,45,130,2019
2842,LANGMEIDONG PUKHURI AT THOUBAL,POND,MANIPUR,16,28.8,6.8,8.1,6.4,7.4,220,334,2.7,3.8,0.02,0.03,2,20,30,120,2019
2843,POND AT LALAMBUNG,POND,MANIPUR,18,29,4.5,7.3,7.1,7.5,210,451,1.5,3.4,0.03,0.03,2,15,30,70,2019
2844,LILONG PUKHURI,POND,MANIPUR,19,29,6.8,7.8,7.1,7.6,142,3315,2.7,3.8,0.02,0.03,2,10,20,170,2019
2845,POND AT NGAIRANGBAM,POND,MANIPUR,19,31,7.1,7.9,6.9,7.8,91,311,2.4,4.1,0.02,0.03,2,20,45,150,2019
2846,POND AT MOIDANGPOK,POND,MANIPUR,19,30,6.9,8.1,7.1,7.6,75,2552,2.6,3.9,0.02,0.03,2,20,35,55,2019
2847,POND AT MAIBAM LOKPACHING,POND,MANIPUR,18,29,6.4,8.2,6.7,7.6,120,407,2.4,3.4,0.02,0.03,2,25,15,80,2019
2848,POND AT KAKWA BAZAR,POND,MANIPUR,20,29,4.8,7.4,7.1,7.9,242,550,2.2,3.3,0.03,0.03,2,25,60,140,2019
2849,CHANAM PUKHURI,POND,MANIPUR,18,29,5.4,7.2,7,7.9,249,463,2.1,3.2,0.02,0.03,2,5,95,200,2019
2850,NINGTHEM PUKHURI,POND,MANIPUR,19,31,5.9,7.1,6.8,7.6,41,476,2.8,3.6,0.02,0.03,2,55,50,495,2019
2851,POND AT KONGBA BAZAR,POND,MANIPUR,18,31,4,7.4,6.8,8.8,345,600,2.2,3.6,0.03,0.03,2,50,65,525,2019
1347,UMIAM LAKE AT BARAPANI,LAKE,MEGHALAYA,15,25,5.4,6.8,7,7.5,81,133,5.2,8.4,0.33,1.52,540,2700,1400,4900,2019
1348,WARD'S LAKE AT SHILLONG,LAKE,MEGHALAYA,11,19,6.2,7.4,6.9,7.6,137,158,3.8,4.8,0.25,0.83,240,2200,630,4800,2019
1459,"THADLASKEIN LAKE, JOWAI",LAKE,MEGHALAYA,12,23,6.6,7.5,6.8,7.2,38,59,1.4,2,0.26,0.71,12,33,84,240,2019
3346,"UMIAM LAKE AT OUTFALL OF UMIAM RIVER 
INTO LAKE",LAKE,MEGHALAYA,15,24,4.2,5.9,6.9,7.5,93,182,6,9.5,0.39,1.7,790,2700,1500,5800,2019
3347,UMIAM LAKE AT MIDDLE POINT,LAKE,MEGHALAYA,15,25,5.7,6.8,7.2,8,85,135,5,8.1,0.36,1.61,410,2700,1100,4700,2019
3348,"UMIAM LAKE ATNEAR UNITED CHRISTIAN 
COLLEGE",LAKE,MEGHALAYA,16,24,5.2,7,7.1,8.1,90,140,5.2,8.8,0.25,1.26,580,2400,1200,6300,2019
3349,"TASEK LAKE AT SONGSAK (NAPHAK),",LAKE,MEGHALAYA,16,32,6.5,7.7,6.8,7.6,62,83,1.5,2.3,0.25,0.46,21,47,110,280,2019
2437,CHILKA LAKE AT SATAPADA (RAMSAR SITE),LAKE,ODISHA,20,30,6.4,8.4,6.6,8.2,1606,44390,0.8,2.2,0.2,1.24,20,1700,78,3500,2019
2438,ANSHUPA LAKE KADALIBARI,LAKE,ODISHA,17,36,4.9,8.1,6.6,8.4,80,234,0.8,2.1,0.11,0.98,20,3500,170,5400,2019
3953,CHILKA AT RAMBHA,LAKE,ODISHA,13,28,6.2,8.5,7.4,8.4,9842,32150,1.2,2.5,0.13,4.5,2,1100,BDL,4900,2019
3954,TAMPADA LAKE AT CHHATRAPUR,LAKE,ODISHA,14,28,3.5,10,6.7,8.4,364,1385,1.8,6.6,0.12,1.31,BDL,3500,BDL,5400,2019
3955,ANSHUPA AT SUBARANAPUR,LAKE,ODISHA,18,37,5.6,7.9,6.6,8,104,213,0.7,1.9,0.13,1.15,20,1400,490,4300,2019
3956,ANSHUPA AT BISHNUPUR,LAKE,ODISHA,18,37,5.2,8.6,6.5,7.8,108,203,0.3,2.8,0.11,1.49,40,4600,210,7000,2019
3957,ANSHUPA AT SARANDAGARH,LAKE,ODISHA,17,37,5.6,9.2,6.6,7.8,102,215,0.6,1.9,0.12,3.15,20,3300,130,4600,2019
2431,"BINDUSAGAR ( RELIGIOUS POND OF 
BHUBANESWAR CITY) (NORTH) (LINGRAJ 
TEMPLE)",POND,ODISHA,17,31,5.4,10.4,6.7,8.3,334,560,1,2.9,0.02,9.86,45,54000,170,92000,2019
2432,"NARENDRA POKHARI ( RILIGIOUS POND OF 
PURI CITY)",POND,ODISHA,20,29,2.4,11.8,7.2,8.8,707,1317,1.6,8.7,0.11,3.55,2,16000,BDL,16000,2019
2433,"MARKANDA POKHARI ( RILIGIOUS POND OF 
PURI CITY)",POND,ODISHA,20,30,3.9,17.5,7.2,9,604,796,2.1,10.1,0.2,10.82,BDL,17000,BDL,54000,2019
2434,"INDRADYUMNA TANK ( RILIGIOUS POND OF 
PURI CITY)",POND,ODISHA,20,30,2.2,10.6,7.2,8.5,278,653,1.9,6.8,0.15,2.45,20,16000,78,17000,2019
2435,"SWETAGANGA ( RILIGIOUS POND OF PURI 
CITY)",POND,ODISHA,21,29,2,17.1,6.9,9.2,246,1368,2,21.6,0.19,8.95,20,2400,45,16000,2019
2436,"PARVATI SAGAR ( RILIGIOUS POND OF PURI 
CITY)",POND,ODISHA,22,30,2.4,15.2,7,8.5,260,576,2.7,29.9,0.13,1.9,130,16000,220,22000,2019
3962,JAGANNATH SAGAR POND OF JEYPORE,POND,ODISHA,20,30,6,7.6,7.2,8.4,166,434,1.4,2.4,0.16,2.34,20,1700,68,4900,2019
3963,RANIGUDA POND,POND,ODISHA,21,30,3.2,10.8,7,8.7,489,1049,1.3,9.8,0.17,4.72,20,16000,78,16000,2019
1396,OUSTERI LAKE,LAKE,PUDUCHERRY,22,28,3.6,8.9,7.6,7.8,320,447,1.7,4.2,0.02,0.11,220,300,500,500,2019
1686,BAHOUR LAKE,LAKE,PUDUCHERRY,26,32,1.1,7.5,7.5,7.6,331,591,BDL,4.7,0.03,0.06,220,430,300,540,2019
4634,KANAGAN LAKE,LAKE,PUDUCHERRY,24,35,6.1,9,7.7,8,128,341,1.4,2.6,0,0.22,780,7900,14000,28000,2019
1297,"HARIKE LAKE AT HARIKE VILLAGE, PUNJAB",LAKE,PUNJAB,13,32,6.9,8.6,7.2,8,229,380,1,2.1,0.5,1,300,2700,1300,6300,2019
1382,"HARIKE LAKE D/S FROM CANAL, PUNJAB",LAKE,PUNJAB,13,32,5.8,8.8,7.2,8.2,194,410,1,3.9,0.4,1.4,360,2100,1000,4600,2019
2912,"RANJIT SAGAR RESERVOIR, PUNJAB",LAKE,PUNJAB,10,28,7.2,8.9,7.2,7.9,152,226,BDL,1,0.1,0.1,26,43,63,84,2019
1285,"PICHOLA LAKE AT UDAIPUR (WATER INTAKE 
POINT), RAJASTHAN",LAKE,RAJASTHAN,18,24,5.8,7,2,8.7,470,780,0.7,3.04,2,3.11,11,64,64,120,2019
1286,"UDAISAGAR LAKE AT UDAIPUR (INTAKE PT.) 
RAJASTHAN",LAKE,RAJASTHAN,18,26,5,7.8,7.6,8.8,860,1860,3,6.8,2.14,2.8,9,150,28,460,2019
1414,"PUSHKAR LAKE, RAJASTHAN",LAKE,RAJASTHAN,15,32,0.9,4.9,7.3,8.4,190,570,1.7,22.5,2.2,3.5,20,75,39,210,2019
1481,"FATEH SAGAR LAKE AT UDAIPUR INTAKE 
POINT OF PHED, RAJASTHAN",LAKE,RAJASTHAN,18,22,5.1,8,8,8.8,480,880,1.4,2.2,1.67,2.36,11,39,75,150,2019
1714,"KAYALANA JHEEL JODHPUR, RAJASTHAN",LAKE,RAJASTHAN,22,30,5.3,9.2,7.2,8.4,260,390,0.7,1.6,1.84,2.74,7,23,28,39,2019
1716,"NAKKI LAKE, MT. ABU, RAJASTHAN",LAKE,RAJASTHAN,12.5,28,4.3,6.6,7.2,8.4,230,370,0.8,3.6,1.78,3.12,9,93,28,150,2019
2935,"JET SAGAR LAKE, BUNDI, RAJASTHAN",LAKE,RAJASTHAN,18,32,3.6,6.6,7.3,8.2,390,480,1.4,3.4,1.77,2.74,20,75,75,150,2019
2936,"JAISAMAND LAKE, ALWAR, RAJASTHAN",LAKE,RAJASTHAN,25,26,5.6,5.9,7,7.2,150,290,0.74,1.6,1.34,1.54,7,23,14,64,2019
2937,"SILISERH LAKE, ALWAR, RAJASTHAN",LAKE,RAJASTHAN,18,31,5.8,7.9,7.1,8.4,180,280,0.9,3.8,1.6,2.2,9,39,20,75,2019
2938,"RAJSAMAND LAKE , RAJSAMAND- POINT NO. 
1, RAJSAMAND, RAJASTHAN",LAKE,RAJASTHAN,16,22,2.5,5.7,7.7,8.5,480,650,1.2,2.76,1.7,2.37,11,93,28,240,2019
2939,"RAJSAMAND LAKE , RAJSAMAND- POINT NO. 
2, RAJSAMAND, RAJASTHAN",LAKE,RAJASTHAN,16,22.5,2.9,5.9,7.7,8.5,480,620,0.2,3.04,1.82,2.37,11,93,28,240,2019
2940,"GAPE- SAGAR LAKE, DUNGARPUR, RAJASTHAN",LAKE,RAJASTHAN,14,22,4.5,7.5,7.6,8.4,580,1000,1.6,3.52,1.82,2.28,11,93,75,210,2019
2941,"JAISAMAND LAKE, SALUMBER, UDAIPUR, 
POINT NO. 1, RAJASTHAN",LAKE,RAJASTHAN,16,22,6.8,7.7,7.7,8.5,510,660,0.9,2.1,1.6,2.2,11,39,28,148,2019
2942,"JAISAMAND LAKE, SALUMBER, UDAIPUR, 
POINT NO. 2, RAJASTHAN",LAKE,RAJASTHAN,16,22,7,7.8,7.7,8.6,510,630,0.6,1.9,1.68,2.1,9,64,28,120,2019
2943,"LODHA TALAB, BANSWARA- DUNGARPUR 
ROAD, BANSWARA, RAJASTHAN",LAKE,RAJASTHAN,13,30,3.5,5.1,7.5,8.3,640,1320,1.3,5.7,1.46,3.15,23,150,120,240,2019
2944,"JALMAHAL, JAIPUR, RAJASTHAN",LAKE,RAJASTHAN,15,27,0.5,5.3,7.9,9,2500,5000,5,28.2,2.21,3.12,39,240,120,460,2019
4795,"NELA TALAB, SECTOR-14 HIRAN MARG, 
UDAIPUR",LAKE,RAJASTHAN,18,26,3.4,5.5,8,8.9,540,2100,2.1,8.4,1.14,2.28,20,240,75,460,2019
4179,"BADI KA TALAB, UDAIPUR",POND,RAJASTHAN,18,24,4,7.8,7.4,8.7,370,1130,1.2,3.4,1.76,2.46,9,64,28,210,2019
1420,"KODAI KANAL LAKE, TAMILNADU",LAKE,TAMIL NADU,17,25,6.3,7.2,6.5,7.7,107,130,2.3,5.6,0,3.55,46,63,63,84,2019
1421,"UDHAGAMADALEM LAKE (OOTY), TAMILNADU",LAKE,TAMIL NADU,16,23,4.6,7.2,6.6,7.8,5,629,0.6,8.4,0.2,19.9,170,700,390,2200,2019
1452,"YERCAUD LAKE, SALEM, TAMILNADU",LAKE,TAMIL NADU,20,27,4.7,7.1,6.7,7.9,338,561,1.3,4.8,0.03,3.87,79,680,240,1700,2019
3007,"VEERANAM LAKE AT CUDDALORE, 
TAMILNADU",LAKE,TAMIL NADU,21,37,4.2,6.9,7.4,8.6,288,683,0.9,12,0.08,4.38,22,220,70,540,2019
3008,"POONDI LAKE AT THIRUVALLUR, TAMILNADU",LAKE,TAMIL NADU,0,31,4,7.4,7,8.3,531,941,0,14,0,3.05,BDL,1100,BDL,9200,2019
3009,"REDD HILLS AT THIRUVALLUR, TAMILNADU",LAKE,TAMIL NADU,29.2,31,3,7.8,6.6,8.6,420,2360,2,12,0,2.05,2,250,BDL,2790,2019
3010,"PORUR LAKE AT THIRUVALLUR, TAMILNADU",LAKE,TAMIL NADU,30,31,3,8,6.9,9.6,751,1950,2,16,0,2.8,BDL,390,BDL,2800,2019
3011,"PULICATE LAKE AT THIRUVALLUR, TAMILNADU",LAKE,TAMIL NADU,24,31,3.1,6.5,6.1,8.3,24200,59500,2,9,0,3.05,2,680,BDL,930,2019
4823,"OVER HEAD TANK AT TIRUR VILLAGE, 
TIRUVALLUR TALUK, TIRUVALLUR PANCHAYAT 
UN",TANK,TAMIL NADU,,,2.7,7,6.9,7.6,945,1053,2,5,0.18,0.65,BDL,78,BDL,330,2019
1391,"HUSSAIN SAGAR LAKE, BUDAMERU",LAKE,TELANGANA,21,29,0.1,5.1,7,7.9,1080,1786,10,32,0,21,20,920,240,1600,2019
1788,"SAROORNAGAR , RANGA REDDY DIST.",LAKE,TELANGANA,24,30,0,0.1,7.2,7.6,1360,1610,28,39,7,11.7,2,70,BDL,540,2019
1789,"HIMAYAT SAGAR LAKE , R.R.DIST.",LAKE,TELANGANA,25,30,4.4,6,7.2,8.3,380,444,2,4,0,9,2,8,BDL,80,2019
2340,"LAXMINARAYANA CHERUVU AT EDULABAD, 
RANGAREDDY",LAKE,TELANGANA,24,30,0,2.8,7.2,7.8,1316,1819,10,28,3.2,6,14,34,280,470,2019
2341,"MIRALAM LAKE NEAR ZOO PARK, 
RANGAREDDY",LAKE,TELANGANA,25,30,BDL,2.4,6.9,7.6,1503,1759,10,26,3.02,11,22,36,320,430,2019
2342,"NOOR MD. KUNTA, KATTEDAN, RANGAREDDY",LAKE,TELANGANA,26,30,0,0.1,7.2,7.7,2132,2980,36,54,4.58,19,20,94,350,540,2019
3068,"RAMAPPA LAKE, WARANGAL",LAKE,TELANGANA,25,30,5,6.7,7.3,8.1,242,340,2,3,0,2,2,2,BDL,42,2019
3069,"SHAMEERPET LAKE, SHAMEERPET, RANGA 
REDDY",LAKE,TELANGANA,23,30,3.8,5.2,7,7.9,578,820,3,4,0.26,2.3,2,2,BDL,38,2019
3070,"FOX SAGAR, JEEDIMETLA, RANGA REDDY",LAKE,TELANGANA,26,30,0.1,1.5,7.1,7.9,1420,1883,12,22,2.2,5.2,11,40,330,540,2019
3071,"LANGARHOUSE LAKE, HYDERABAD",LAKE,TELANGANA,27,30,0,0.1,7.1,7.8,1032,1511,14,26,3.28,8,8,62,350,590,2019
3072,"SAFILGUDA LAKE, RANGA REDDY",LAKE,TELANGANA,23,30,0,0.1,7,7.7,1269,1762,16,28,3.2,18,20,26,320,580,2019
3073,"HASMATHPET LAKE, HASMATHPET, RANGA 
REDDY",LAKE,TELANGANA,22,30,0,1,6.9,7.8,1167,1666,12,42,8,26,20,28,350,560,2019
3074,"BANJARA LAKE, BANJARA HILLS, RANGA 
REDDY",LAKE,TELANGANA,25,32,0,1.8,7.2,7.8,916,1360,6,30,1.6,4,4,40,280,540,2019
4229,NEKNAMPUR LAKE,LAKE,TELANGANA,25,30,0,1,7.1,7.8,1234,2295,18,36,2,18.2,17,90,220,540,2019
4234,"UMDA SAGAR LAKE, SHAMSHABAD",LAKE,TELANGANA,27,30,0,5.7,7.3,8.6,1113,1610,8,28,2,12,20,120,320,540,2019
4235,LAKE KAMUNI ( SHAMSHABAD LAKE),LAKE,TELANGANA,23,35,0,6.8,7.1,8.2,1037,2332,5.2,36,3.61,14.5,2,180,BDL,490,2019
4667,"SURRAM CHERUVU (PALLE CHERUVU), 
BANDLAGUDA (V), BANDLAGUDA (NEW 
MANDAL)",LAKE,TELANGANA,23,30,0,0.1,6.9,7.6,1720,2967,32,62,1,33.24,20,49,330,920,2019
4668,"CHINNARAYAN CHERUVU, ALWAL (V)",LAKE,TELANGANA,25,30,0,2.8,7.1,8.4,1206,1790,30,60,19,73.62,14,49,220,430,2019
4669,"PEDDA CHERUVU, GANGARAM (V) 
SERLINGAMPALLY (NEW MANDAL)",LAKE,TELANGANA,28,28,0.1,2,7,8,1783,1916,24,28,12,18,2,26,BDL,430,2019
4672,"MEDI KUNTA (WIPRO LAKE), 
NANAKRAMGUDA",LAKE,TELANGANA,22,31,0.1,3.6,6.7,7.9,1122,1756,14,30,8,24.46,2,22,BDL,500,2019
4673,"MEEDI KUNTA (BK ENCLAVE LAKE), MAQTA 
MAHBOOBPET, (MADEENAGUDA)",LAKE,TELANGANA,25,30,0,2.8,6.8,7.8,896,1280,8,16,2.4,13,16,32,220,430,2019
4674,"MEEDI KUNTA, HAFEEZPET (V)",LAKE,TELANGANA,28,29,0.1,0.1,7.1,7.9,1020,1440,14,22,0.7,9,20,22,220,350,2019
4676,"BANDA CHERUVU, MALKAJIGIRI (V), 
MALKAJIGIRI (NEW MANDAL)",LAKE,TELANGANA,26,30,0.1,5.4,6.9,7.9,1271,1739,28,44,16,56.46,BDL,32,BDL,430,2019
4681,"PHAKAL CHERUVU, NARSAMPET",LAKE,TELANGANA,26,29,5.8,6.8,7.1,8,218,273,2,3,0.1,2,2,2,BDL,18,2019
4682,"BANDAM CHERUVU, HANAMKONDA",LAKE,TELANGANA,26,30,0,2.2,7.2,8.1,1323,1694,6,30,10,21,20,212,220,540,2019
4683,"PEDDA CHERUVU, MADIKONDA",LAKE,TELANGANA,3.6,29,1.2,7.6,7,7.6,470,734,3,4,0.3,2.6,2,35,BDL,340,2019
4684,"CAMPUS LAKE, ICRISAT",LAKE,TELANGANA,23,28,2,7,6.6,7.5,169,799,1.6,4.8,2.23,9.4,2,40,220,720,2019
4685,SURISIGAL LAKE ICRISAT,LAKE,TELANGANA,23,25,5.4,7.3,6.7,7.4,456,2586,3,12,3.29,22.47,2,6,140,540,2019
4686,"ICRISAT LAKE, ICRISAT",LAKE,TELANGANA,23,25,4.1,7.1,6.8,7.4,517,1447,2.6,13,6.35,14.48,2,7,BDL,1400,2019
4687,"RED LAKE, ICRISAT",LAKE,TELANGANA,24,25,4.7,7.4,6.7,7.4,637,1184,2,22,5.42,19.57,2,60,280,12000,2019
4688,NARINJA LAKE,LAKE,TELANGANA,24,24,6.2,6.5,7.1,7.4,443,641,2,2.7,8.38,10.3,2,2,BDL,BDL,2019
4690,"BANJARA KUNTA (SINGADI KUNTA(, SHAIKPET",LAKE,TELANGANA,25,29,1.2,4.5,7,7.5,520,980,6,14,5,26.47,3,17,154,330,2019
4691,"NAGOLE CHERUVU, UPPAL (V)",LAKE,TELANGANA,27,28,0.1,2,7.3,7.4,1172,1252,8,14,8,18,28,32,350,430,2019
4692,"RAMANTHAPUR CHERUVU, UPPAL (V)",LAKE,TELANGANA,27,28,1.2,2,7.1,7.5,910,1027,10,12,9,18,18,20,330,350,2019
4693,"PATEL CHERUVU, UPPAL (V)",LAKE,TELANGANA,26,28,0.1,1.8,7.1,7.6,820,1152,12,18,2.6,3.8,11,28,318,350,2019
4694,"MUNDLA KATWA, MOOSAPET (V), 
KUKATPALLY",LAKE,TELANGANA,26,29,0.1,3.2,6.9,7.9,1286,1709,16,44,8,22.45,8,26,326,1200,2019
4695,"KHAJA KUNTA, KUKATPALLY (V)",LAKE,TELANGANA,27,29,0,2.1,7.1,7.7,1308,1633,60,63,12,72.3,17,39,350,1600,2019
4696,"PARKI CHERUVU, KUKATPALLY (V), 
BALANAGAR",LAKE,TELANGANA,26,29,0,2.7,7.1,7.9,1213,2053,20,38,3.2,88.54,2,70,BDL,540,2019
4697,"MUKKIDI CHERUVU (RAMAKRISHNAPURAM 
LAKE), MALKAJIGRI",LAKE,TELANGANA,26,29,0,0.1,8,8.3,1180,1300,25,28,47,48.8,2,2,20,21,2019
4698,"MANNEVARI KUNTA, MACHABOLLARAM (V) 
ALWAL",LAKE,TELANGANA,27,30,1.2,1.5,7,7.1,2200,2216,50,53,51.87,52,2,32,300,350,2019
4699,"KAPRAI CHERUVU, SAHEBNAGAR (V), 
HAYATHNAGAR",LAKE,TELANGANA,27,27,2.8,3,6.7,7.8,320,380,3,3,2.2,2.8,2,2,BDL,BDL,2019
4701,"LINGAM KUNTA, CHANDANAGAR (V) 
SERLINGAMPALLY",LAKE,TELANGANA,27,30,0,1,6.8,7.7,1420,1570,18,28,11,18,17,34,260,430,2019
4702,"PEDDA CHERUVU - KHAJA GUDA, KHJAGUDA 
(V), SERLINGAMPALLY 9NEW MANDAL)",LAKE,TELANGANA,27,34,0.1,3.6,6.8,8.2,1052,1989,10,38,2.78,29.5,26,240,430,1140,2019
4705,"KOTHA CHERUVU (ALWAL CHERUVU), ALWAL 
(V)",LAKE,TELANGANA,26,30,0.1,3.8,7.1,8.2,1382,2113,10,78,24,89.11,18,33,280,430,2019
4677,"LINGAM CHERUVU, SURARAM (V), 
QUTHUBULLAPUR",LAKE,TELANGANA,27,29,0.1,3.2,7.1,7.6,1660,2047,24,50,16,48.2,2,28,BDL,350,2019
4678,"PATEL CHERUVU, NACHARAM (V), UPPAL 
(NEW MANDAL)",LAKE,TELANGANA,27,29,0.1,1,7.2,7.5,1409,1604,32,52,8,30,22,28,350,540,2019
4679,HUDA PARK LAKE/ BUMRUKH KHAN DOWLA,LAKE,TELANGANA,22,40,0,1,7.2,7.6,1510,2152,22,42,0.98,4.6,22,58,350,430,2019
4680,"LAKNAVARAM CHERUVU, MULUGU (V)",LAKE,TELANGANA,26,30,5.6,6.8,7.4,8.9,140,318,2,3,0.1,2.5,2,2,BDL,BDL,2019
2344,"NALLA CHERUVU, RANGAREDDY",POND,TELANGANA,26,26,0.1,0.1,7.2,7.2,1507,1507,38,38,6,6,14,14,350,350,2019
2345,"SAI CHERUVU, NEAR TANNERY INDUSTRIES, 
DESAIPET, WARANGAL",POND,TELANGANA,26,29,0,0.1,7,7.9,6570,12256,122,202,8,13,22,160,350,540,2019
2346,"BHADRAKALI CHERUVU, BHADRAKALI TEMPLE, 
WARANGAL",POND,TELANGANA,26,30,5.4,6.1,7.4,8.2,390,548,2,3,0,2.8,2,2,BDL,50,2019
2347,"ASANI KUNTA, KAJIPALLY, MEDAK",POND,TELANGANA,21,26,0,0.1,6.5,7.4,3064,15750,77,286,7.75,94.81,2,10,BDL,350,2019
2357,DURGAM CHERUVU,POND,TELANGANA,25,30,0.1,3,1.4,7.8,1060,1260,10,18,3.03,5.6,14,32,320,440,2019
2359,PEDDA CHERUVU,POND,TELANGANA,25,30,BDL,3.2,7.2,8.3,376,1672,18,40,0.4,21.5,14,86,320,540,2019
3075,"RANGADHAMUNI CHERUVU, RANGA REDDY",POND,TELANGANA,25,30,0,1,7.2,7.8,1080,1690,10,24,1.4,4,20,58,22,560,2019
3076,"AMBER CHERUVU, KUKATPALLY, RANGA 
REDDY",POND,TELANGANA,26,30,0,0.1,7,7.8,1520,1763,24,68,3.72,29,19,32,290,450,2019
3077,"KAPRA CHERUVU, KAPRA, RANGA REDDY",POND,TELANGANA,22,30,BDL,2.2,7,7.8,1401,1812,12,26,5.6,10,16,217,280,540,2019
3078,"PRAGATHINAGAR CHERUVU, KUKATPALLY, 
RANGA REDDY",POND,TELANGANA,26,30,0,4.1,7,7.5,594,1682,3,40,0.4,20,2,40,BDL,430,2019
4665,"OUTLET OF KTPP ASH POND JOINING TO 
MORANCHA VAGU, CHELPUR, GHANPUR",POND,TELANGANA,27,30,4.5,5.2,7.4,8.3,673,944,3,4,0.42,1,2,2,BDL,BDL,2019
4675,"LOTUS POND, HAKIMPET (V), SHAIK PET (NEW 
MANDAL)",POND,TELANGANA,23,29,0.1,6.2,7.1,8,720,986,8,18,2.6,33.08,20,33,153,350,2019
1447,DHARMASAGAR TANK NEAR WARANGAL,TANK,TELANGANA,26,39,5.2,5.9,7.2,8.4,294,393,3,3,0.1,0.8,2,2,BDL,26,2019
1464,BIBINAGAR TANK,TANK,TELANGANA,17,24,5.4,7.3,6.2,7.8,443,2129,2.8,5,6.3,16.39,2,8,BDL,140,2019
1780,"GANDIGUDEM TANK , MEDAK DISTRICT",TANK,TELANGANA,18,30,1.3,7.2,6.8,7.7,1840,4100,2,16,12.37,28.3,2,2,BDL,50,2019
1783,"KISTAREDDYPET TANK , MEDAK DIST.",TANK,TELANGANA,21,26,5.5,6.9,6.4,7.6,2441,6350,3.4,14,9.28,38.55,2,6,BDL,210,2019
2343,"PREMAJIPET TANK, KATTEDAN, RANGAREDDY",TANK,TELANGANA,23,30,0,0.1,6.9,8,3072,5490,26,52,10,18,14,130,350,560,2019
2348,"KAJIPALLY TANK, KAJIPALLY, MEDAK",TANK,TELANGANA,21,23,5.1,6.8,6.7,7.4,2021,3170,2.4,3,15.3,23.29,2,2,BDL,BDL,2019
2358,MALLAPUR TANK,TANK,TELANGANA,26,31,0,0.9,7.1,8,1524,2097,24,48,2.6,14,20,94,350,860,2019
3084,"WADDEPALLY TANK, KAZIPET, WARANGAL",TANK,TELANGANA,27,39,4.6,5.9,7,8.1,588,741,3,6,0.4,0.83,2,2,BDL,43,2019
3085,"CHINNA WADDEPALLY TANK, WARANGAL",TANK,TELANGANA,26,29,0,3.8,7.1,8,1380,1890,14,30,0.58,4.7,22,70,350,432,2019
3086,"SAKI TANK, PATANCHERU, RANGA REDDY",TANK,TELANGANA,18,29,6,7.5,6.4,7.9,282,2129,2,3,0.26,28.48,2,2,BDL,50,2019
4222,"KONERU, KONDAGATTU TEMPLE, JAGITIYAL",TANK,TELANGANA,23,30,2,2.8,7.2,8,810,1122,6,12,2,3.9,11,23,220,350,2019
4223,"VEMULAWADA TEMPLE KONERU, 
KARIMNAGAR",TANK,TELANGANA,24,30,1.4,2.6,7,7.8,923,1348,6,18,1.2,4.2,11,33,220,430,2019
4225,"JOGULAMBA TEMPLE, GADWAL",TANK,TELANGANA,22,30,4,6.5,7.3,8.6,383,950,2.1,3,0.11,9.21,2,2,BDL,18,2019
4228,"IBRAHIM CHERUVU, RAJENDRA NAGAR",TANK,TELANGANA,28,28,0,BDL,7.2,7.6,1669,1858,28,34,15.1,17.2,46,80,350,390,2019
4230,"KISTAIPALLY TANK, KAZIPET, WARANGAL",TANK,TELANGANA,21,26,6,6.9,6.7,7.4,1160,1498,2,3,5.41,12,2,2,BDL,BDL,2019
4231,"RAYAM CHERUVU, BONTHAPALLY VILLAGE, 
JINNARAM MANDAL, SANGAREDDY DISTRICT",TANK,TELANGANA,21,27,5.1,7.2,6.7,7.4,336,4750,2,4.2,2.36,23.22,2,2,BDL,32,2019
4232,"KOMATI CHERUVU, SIDDIPET TOWN, SIDIPET 
DISTRICT",TANK,TELANGANA,19,30,6.1,7.2,6.6,7.9,678,1037,2,5.2,7.32,19.47,2,8,BDL,40,2019
4233,"GADDAPOTHARAM CHERUVU, 
GADDAPOTHARAM VILLAGE, JINNARAM 
MANDAL, SANGAREDDY DIST",TANK,TELANGANA,21,27,4.5,5.5,6.5,7.5,4860,8960,6.3,26,20.62,45.43,2,4,BDL,70,2019
4237,"MULLAKATWA CHERUVU, JI TECH CITY, 
MADHAPUR,",TANK,TELANGANA,22,30,0,1,7.1,8.2,1371,1940,18,38,13,22,34,72,350,540,2019
4238,"AMEENPUR CHERUVU, AMEENPUR (V & M) 
SANGAREDDY DISTRICT",TANK,TELANGANA,23,28,5.1,6.5,7,7.4,1114,1992,3.2,12,5.24,23.62,2,18,BDL,230,2019
4239,"MAHABOOBSAGAR TANK SANGAREDDY (V & 
M) SANGAREDDY DISTRICT",TANK,TELANGANA,22,24,5.5,6.7,7.2,7.5,1060,1804,2.2,8,9.29,18.4,2,4,BDL,70,2019
4241,"CHITKUL TANK, CHITKUL (V) PATANCHERU (M) 
SANGAREDDY DISTRICT",TANK,TELANGANA,23,26,4.9,6.2,6.6,7.6,1110,4550,2.8,10,7.32,28.37,2,2,BDL,40,2019
4242,"LAKADARAM CHERUVU, LAKADARAM (V) 
PATANCHERU (M) SANGAREDDY DISTRICT",TANK,TELANGANA,22,26,4.9,5.3,6.9,7.3,1190,1233,3.4,4,8.37,9.43,2,2,BDL,BDL,2019
4243,"ISNAPUR TANK, ISNAPUR (V) PATANCHERU 
9M) SANGAREDDY DISTRICT",TANK,TELANGANA,23,25,4.6,6.7,6.5,7.6,3370,15300,5.6,54,21.4,61.93,2,6,BDL,210,2019
4244,"YERDANOOR TANK, YERDANOOR (V) 
SANGAREDDY DISTRICT",TANK,TELANGANA,22,24,5.8,7.2,6.6,7.8,590,3200,2,36,7.59,40.2,2,2,BDL,26,2019
4245,"MALLEPALLY TANK MALLEPALLY (V) 
KONDAPUR (M) SANGAREDDY DISTRICT",TANK,TELANGANA,23,25,4.9,6.5,7.3,7.9,1598,3150,3.4,8,10.37,38.3,2,2,BDL,40,2019
4247,"MUCHARLA NAGARAM CHERUVU, WARANGAL",TANK,TELANGANA,25,31,0.1,3.2,6.7,8.2,698,1739,6,26,0.37,14,11,60,110,540,2019
4248,"KOTI CHERUVU, HANAMKONDA, WARANGAL",TANK,TELANGANA,26,30,0.1,5.6,6.8,7.9,996,1406,4,18,0.5,22,10,32,280,350,2019
4249,"RANGASAMUDRAM, WARANGAL",TANK,TELANGANA,26,30,BDL,1.6,7.2,7.8,1015,1893,12,28,2,6,20,350,230,540,2019
4302,"RUDRARAM TANK, RUDRARAM 
(V)PATANCHERU (M) SANGAREDDY DISTRICT",TANK,TELANGANA,22,25,5.6,6.9,6.1,7.4,1085,3560,2.2,12,6.17,42.43,2,2,BDL,40,2019
4689,"SUNNAM KUNTA, JUBILLE HILLS",TANK,TELANGANA,26,29,1.2,2.1,6.9,7.6,940,1114,6,63,5.2,35.36,3,49,164,540,2019
4700,"LARGE TANK, SAROORNAGAR (V)",TANK,TELANGANA,27,30,0,1,7.1,7.6,1468,1603,24,28,7,12,2,26,BDL,350,2019
4703,"BULBUL KUNTA, LAXMI NAGAR (V), 
RAJENDRANAGAR",TANK,TELANGANA,22,35,0,1.2,7.2,7.8,1220,2206,8,28,5.8,18,17,63,350,430,2019
4704,"PEDDA CHERUVU, MANSOORABAD (V), 
SAROORNAGAR",TANK,TELANGANA,27,30,0,1,7.1,7.9,1380,1782,20,34,2.6,24,20,58,25,430,2019
1727,"LAXMI NARAYAN BARI PALACE COMPOUND, 
TRIPURA",LAKE,TRIPURA,21,28,6.2,6.9,6.7,8,108,194,0.4,2.7,0.19,0.32,94,150,150,220,2019
1728,"RUDRASAGAR, SONUMURA, TRIPURA",LAKE,TRIPURA,20.5,27,6.7,7.2,6.5,7.5,106,194,1.2,2.9,0.22,0.39,70,130,170,240,2019
3391,"DHAMBUR LAKE, DHALAI",LAKE,TRIPURA,20.5,28,6.3,7.6,6.7,7.9,105,248,0.8,2.66,0.2,3.03,84,120,150,220,2019
4192,MBB COLLEGE LAKE,LAKE,TRIPURA,21.5,28,6.6,7.9,6.8,7.6,112,165,0.6,2.68,0.29,1.81,63,130,120,240,2019
4193,"DIMASAGAR LAKE, NORTH GATE",LAKE,TRIPURA,22,28,6.7,7.7,7,7.7,106,177,0.6,2.8,0.31,2.37,58,130,130,220,2019
3392,"SHIPAHIJALA POND, WEST TRIPURA",POND,TRIPURA,21,27.5,6.1,7.5,6.7,7.5,106,167,1.1,2.94,0.32,2.72,58,130,140,220,2019
3393,"BRAMAKUNDA POND, WEST TRIPURA",POND,TRIPURA,21.5,28,6.5,7.6,6.9,7.5,109,179,0.8,2.9,0.25,2.4,43,120,120,220,2019
3394,"KALYANSAGAR AT MATARBARI, SOUTH 
TRIPURA",POND,TRIPURA,21.5,27.5,6.3,7.7,6.6,7.3,111,182,1.8,2.86,0.24,2.46,49,150,130,240,2019
3395,"MAHADEB DIGHI, SOUTH TRIPURA",POND,TRIPURA,21,28,6.4,8,6.7,7.5,112,183,0.7,2.54,0.3,2.2,70,120,120,220,2019
3396,"JAGANNATH DIGHI, SOUTH TRIPURA",POND,TRIPURA,21.5,27.5,6.6,7.9,6.6,7.9,114,157,0.9,2.94,0.22,2.5,46,120,120,220,2019
4194,LALBAHADUR DIGHI POND,POND,TRIPURA,22,28,6,7.8,6.9,7.5,101,177,0.6,2.5,0.27,1.3,47,150,110,240,2019
4195,DURGABARI POND,POND,TRIPURA,21,27.5,6.5,7.5,6.9,7.7,108,166,0.58,2.6,0.2,1.13,33,130,130,220,2019
4196,RADHANAGAR POND,POND,TRIPURA,22,28,6.7,8,7,7.6,113,169,0.6,3.2,0.29,1.51,84,150,170,240,2019
4197,CHATURDASH DEBATA BARI POND,POND,TRIPURA,21,27,6.8,8.2,7,7.7,105,178,0.7,2.5,0.21,2.03,34,130,130,220,2019
4221,KATAL DIGHI POND,POND,TRIPURA,21,27,6.3,7.8,7,7.9,110,168,0.6,2.08,0.28,1.15,43,130,110,220,2019
1364,"RAMGARH LAKE, U.P.",LAKE,UTTAR PRADESH,12,33,8.8,9.6,7.5,8.2,438,478,4.2,5.2,0,0,2200,17000,8400,29000,2019
2499,"SAMARPUR JHEEL, RAEBARELI",LAKE,UTTAR PRADESH,20,30,5.8,8.5,8,8.6,289,521,4,5,0,0.96,3600,5600,4600,8100,2019
2500,"MAAHIL POND, URAI TEHSIL, JALAUN",POND,UTTAR PRADESH,12.6,36,0,2.6,7.3,8.9,232,2320,22,58,0,0,1100,2400,17000,43000,2019
2501,"LAXMI POND, JHANSI",POND,UTTAR PRADESH,17,38.3,0,8,7.1,8.7,180,2460,2,92,0,0,2100,3200,35000,92000,2019
1765,"RABINDRASAROVAR NATIONAL LAKE, 
CALCUTTA, WEST BENGAL",LAKE,WEST BENGAL,18,33,7,9.4,7.1,9,354,455,1,5,0.02,1.85,200,7000,700,17000,2019
2503,"HATISHALA GHAT ON DUDHPUKUR AT 
TARAKESHWAR, HOOGHLY",LAKE,WEST BENGAL,20,35,3.6,15.3,7.8,8.9,653,812,4.01,14.45,0.16,1.33,8000,220000,17000,500000,2019
2504,"MAINH GHAT ON DUDHPUKUR AT 
TARAKESHWAR, HOOGHLY",LAKE,WEST BENGAL,20,35,1.6,11.6,7.2,9,686,860,4.2,46.45,0.19,1.08,8000,500000,17000,900000,2019
2505,"HANUMAN GHAT ON DUDHPUKUR AT 
TARAKESHWAR, HOOGHLY",LAKE,WEST BENGAL,20,35,1.5,18,7.8,8.8,674,830,2.2,18.6,0.21,1.31,30000,900000,80000,1600000,2019
2519,"KOCHBIHAR LAKE (SAGAR DIGHI), 
COOCHBEHAR",LAKE,WEST BENGAL,18,30,6.8,8.7,6.8,8.5,41,78,1.2,2.8,0.06,1.2,1700,5000,5000,28000,2019
2520,"MIRIKH LAKE, DARJEELING",LAKE,WEST BENGAL,5,24,1.3,7.7,6.4,7.9,78,168,1.8,31,0.13,2.71,2200,9400,5000,28000,2019
2521,"WATER RESERVIOR AT DELO LAKE, 
DARJELLING",LAKE,WEST BENGAL,7,22,6.5,8.6,6.1,7.8,15,97,0.8,1.8,0.11,0.83,70,230,120,500,2019
2522,SINCHAL LAKE FOR DARJEELING,LAKE,WEST BENGAL,2,15,6.8,8.6,7,7.9,13,44,0.8,2,0,2.25,70,170,110,500,2019
2539,"BELBONI LAKE NEAR BARJORA, BANKURA",LAKE,WEST BENGAL,19,33,7.1,8.9,7.4,8.2,152,277,1.4,3.85,0.07,0.79,400,2100,810,3900,2019
2544,SAHEBBANDH AT PURULIA,LAKE,WEST BENGAL,20,35,8,9.6,7.6,8.5,338,617,2.65,5.5,0.09,0.83,2000,17000,2500,28000,2019
4720,LAKE RASIKBHEEL AT COOCHBEHAR,LAKE,WEST BENGAL,20,30,6.8,7.6,7.1,8.1,65,118,1.5,2.6,0.01,1.43,210,500,1100,2800,2019
4725,WATER RESERVIOR ST. HELENS SCHOOL,LAKE,WEST BENGAL,9,18,7.1,7.9,6.6,7.8,13,38,0.6,2.1,0,1.01,70,170,110,500,2019
4729,JOREPOKHARI LAKE AT SUKHIAPOKHARI,LAKE,WEST BENGAL,9,18,6.2,7.2,6.8,7.4,16,55,1.2,2.2,0.01,0.84,70,110,110,260,2019
1790,"PULICATE LAKE , NELLORE DIST",LAKE,"ANDHRA 
PRADESH",21,26,3.8,4.8,7,8.4,18830,57090,2.2,2.8,0.74,1.45,3,3,75,210,2020
2353,"KONDAKARLA-AAVA LAKE, 
PARAWADA PHARMA CITY, 
VISHAKHAPATNAM",LAKE,"ANDHRA 
PRADESH",25,28,3.6,6.8,7.1,8.3,580,890,2.4,4.8,1.03,4.52,15,23,150,460,2020
4368,"KOLLERU LAKE 
KOKKIRAYALANKA (V), 
KAILALUR (M)",LAKE,"ANDHRA 
PRADESH",23,29,0.5,5.4,6.8,8.4,675,13800,1.7,6.2,1.3,8.62,11,23,150,1100,2020
4391,"CHENGAMBAKAM TANK IN SRI 
CITY SEZ, TIRUPATHI",TANK,"ANDHRA 
PRADESH",26,30,5.3,6.7,6.4,7.6,206,670,0.8,2.5,0.11,3.3,47,200,210,600,2020
1529,"DEEPAR BEEL, ASSAM",LAKE,ASSAM,18,35,7.2,10.2,7.3,8,188,240,2.1,3.8,1,1.8,300,910,720,1500,2020
2205,"MER BEEL AT MADHABPUR, 
ASSAM",LAKE,ASSAM,20,28,4.2,6.8,6.8,7.6,25,140,1.1,2.4,0.6,1,300,360,720,1400,2020
2206,"DALONI BEEL NEAR 
JOGIGHOPA, ASSAM",LAKE,ASSAM,22,34,4.1,5.4,7,8.1,43,67,1.1,2.4,0.4,1.1,2,360,300,910,2020
2218,"DEEPAR BEEL AT BORAGAON 
NEAR IASST, GUWAHATI, 
ASSAM",LAKE,ASSAM,18,32,4.5,11.2,7.1,8,189,244,2.8,3.9,1.2,2,300,730,360,1500,2020
3785,"BORBEEL NO. 1 , RAM NAGAR, 
DIGBOI, PUBLIC WATER 
SUPPLY, TINSUKIA",LAKE,ASSAM,24,25,0.3,0.3,7.3,7.4,177,273,1.1,2.3,0.7,0.7,2,2,2,2,2020
3787,"HOLUDUNGA BEEL NEAR GAI 
NADI/ RIVER AT SOMARAJAN, 
DHEMA JI",LAKE,ASSAM,20,27,5,9,7.1,7.8,68,94,1.8,2.4,0.5,0.9,300,730,700,2000,2020
3789,"BORDOIBAM BEELMUKH BIRD 
SANCTUARY, DHEMAJI",LAKE,ASSAM,20,25,5,7.6,7,8,189,218,1.3,2.6,0.7,1.4,300,730,700,2000,2020
3798,"SAMAGURI BEEL IN NAGAON 
DISTRICT",LAKE,ASSAM,17,35,4.1,5.8,7,7.6,89,116,1.3,2.8,0.7,1.2,300,730,360,1500,2020
3800,"MALINI BEEL NEAR INDUTRIAL 
AREA AT RAMNAGAR",LAKE,ASSAM,20,25,4,4.5,6.2,7.4,126,152,2.1,2.6,0.7,1.1,300,360,360,1500,2020
3804,"SON BEEL WATER AT 
KARIMGANJ",LAKE,ASSAM,21,25,4.1,5.8,6.8,7.3,106,150,1.3,2.3,0.6,1.3,300,720,720,2000,2020
3808,PARASHALI BEEL AT DEMORIA,LAKE,ASSAM,21,36,4,8.5,6.4,7.7,96,148,1.6,2.7,0.7,2,300,910,720,2100,2020
3812,"KAMALPUR BEEL, KAMALPUR",LAKE,ASSAM,18,35,1.4,5.6,7,7.7,1139,1168,22.5,29.2,1.6,4.6,360,1100,1400,3500,2020
3814,"SILSAKO BEEL, CHACHAL, 
GUWAHATI",LAKE,ASSAM,20,34,0.3,2.4,6.9,7.8,480,530,13,16.3,1.1,2.2,1100,2900,2700,4400,2020
3819,"SORU SOLA BEEL, PALTAN 
BAZAR, GUWAHATI",LAKE,ASSAM,20,33,0.3,2.3,6.8,7.5,471,526,25,28.5,1,7,1400,3900,3900,12000,2020
3820,"BORSOLA BEEL, SARABBHATTI, 
GUWAHATI",LAKE,ASSAM,20,34,0.3,2.2,6.8,7.5,436,529,25.5,34.8,1.2,4.1,2000,4300,2800,15000,2020
3821,"DIPLAI BEEL AT SILGARA, 
KOKRAJHAR",LAKE,ASSAM,21,34,4.1,5.1,7.1,7.5,43,65,1.2,2.4,0.6,1,300,730,360,1400,2020
4337,"KAMALABARI LAKE INSIDE 
KAMALABARI CHILDREN,S 
PARK, GELEKY",LAKE,ASSAM,17,32,4.5,7.6,6.7,7.6,31,59,1.3,2.6,0.2,1.1,2,2,2,930,2020
1263,"ELANGABEEL SYSTEM POND 
(CONNECTED TO R. KOLANG), 
ASSAM",POND,ASSAM,18,34,1,6.6,7,7.8,847,1004,2.3,2.9,1.2,1.8,300,1100,720,2800,2020
2207,"BOR BEEL AT JAKAI., ASSAM",POND,ASSAM,20,26,4.2,7.7,6.9,7.4,153,203,1,2.8,0.6,1.1,300,910,720,2100,2020
2208,"BORPUKHURI, NAZIRA, ASSAM",POND,ASSAM,19,31,5.2,7.4,7.1,7.8,28,62,1.4,2.4,0.6,1.1,2,360,2,910,2020
2209,"GAURISAGAR TANK, 
GAURISAGAR, ASSAM",POND,ASSAM,20,31,6,7.5,7,7.8,22,33,1,2.4,0.1,0.9,2,360,300,730,2020
2210,"RAJMAW PUKHURI, JORHAT, 
ASSAM",POND,ASSAM,19,33,6.3,7.9,6.8,8.1,80,93,1.9,2.3,0.4,1.6,2,910,300,1500,2020
2211,"PADUMPUKHURI, TEZPUR, 
ASSAM",POND,ASSAM,21,32,6.8,8,7,8.2,273,313,1.2,2.6,0.7,1.2,300,910,720,2000,2020
2212,"GOPHUR TANK, GOPHUR, 
ASSAM",POND,ASSAM,19,34,6.6,8,7,7.8,83,101,1.9,2.5,0.8,1.1,2,730,730,1500,2020
2213,"JAIPAL PUKHURI, SIPAJHAR, 
ASSAM",POND,ASSAM,21,32,7,8.3,7.2,8.2,168,190,1.3,2.4,0.4,1.1,300,1100,720,2700,2020
2214,"BOTODRIVA SATRA POND, 
NAGAON, ASSAM",POND,ASSAM,20,34,4.2,7.6,7,7.7,41,60,1.6,2.6,0.7,1.6,300,730,720,2000,2020
2215,"SARAN BEEL, ASSAM",POND,ASSAM,20,34,4.3,10,7,7.7,57,84,1.6,2.4,0.7,2,2,730,300,2000,2020
2216,"DIGHALI PUKHURI, 
GUWAHATI, ASSAM",POND,ASSAM,20,34,5.1,10.5,7.2,8,176,227,2.2,2.8,0.8,1.5,300,910,730,2000,2020
2217,"SUBHAGYA KUNDA POND 
KAMAKHYA TEMPLE, 
GUWAHATI, ASSAM",POND,ASSAM,18,32,5.2,10.6,7,7.6,229,395,2.2,2.6,1,2.1,730,1500,1400,3500,2020
2219,"BISHNU PUSKAR PUKHURI OF 
HAYAGRIB MADHAB TEMPLE, 
HAJO, ASSAM",POND,ASSAM,20,35,4.8,10.5,6.8,8,216,250,2,4.2,1,1.8,300,730,720,2100,2020
2220,"CHAND DUBI BEEL, CHAND 
DUBI, ASSAM",POND,ASSAM,20,34,5.5,11.4,6.8,7.7,30,92,1.4,2.4,0.6,1,2,910,360,2800,2020
2221,"GANGA PUKHURI, NALBARI 
(GORDON SCHOOL), ASSAM",POND,ASSAM,19,36,6.4,11.1,7.2,8.2,47,64,1.7,2.3,0.6,1.6,300,910,1100,2100,2020
2222,"RAJADINIA PUKHURI AT 
ABHAYAPURI, ASSAM",POND,ASSAM,22,36,4,4.9,7.3,8.2,27,65,1.3,2.4,0.6,1.1,300,720,720,1500,2020
2223,"MAHAMAYA MANDIR 
PUKHURI, ASSAM",POND,ASSAM,22,35,4.1,4.8,7.2,7.7,49,70,1.3,2.7,0.4,1.1,2,910,360,2700,2020
2224,"RAJAPUKHURI AT GAURIPUR, 
ASSAM",POND,ASSAM,22,35,4.3,5.5,7,7.9,73,96,1.4,2.6,0.6,1.1,2,910,730,2100,2020
2225,"BASKANDI POND INSIDE THE 
BASKANDI MADRASA, 
BASKANDI, ASSAM",POND,ASSAM,20,24,4.1,5.2,7.2,7.6,96,131,2,2.7,0.7,1.3,300,730,300,2000,2020
2226,"SIVASAGAR TANK 
(BORPUKHURI) NEAR 
SIVADOL, ASSAM",POND,ASSAM,19,33,5.5,7.7,6.8,7.7,21,35,1.5,2.4,0.2,0.8,2,300,300,730,2020
2227,"HORDAI PUKHURI, 
CHARAIDEW, ASSAM",POND,ASSAM,19,32,4.8,7.2,6.7,7.8,22,57,1.8,2.5,0.4,1.1,2,2,2,730,2020
2228,"GALA BEEL AT DERGAON, 
ASSAM",POND,ASSAM,20,30,6.7,9.5,7,7.7,36,65,1.3,2.3,0.5,1,300,910,360,2000,2020
3772,BORPUKHURI AT SONARI,POND,ASSAM,18,32,5.3,7.9,6.9,7.7,69,89,1.6,2.4,0.6,1.7,2,360,2,1400,2020
3806,"POND WATER FROM 
RAMKRISHNA MISSION AT 
HAILAKANDI",POND,ASSAM,22,26,4.1,5.1,6.3,7.4,158,170,2,2.3,0.6,1.3,300,910,300,2100,2020
3809,"JORPUKHURI AT UZANBAZAR 
(UGRATALA TEMPLE)",POND,ASSAM,20,35,4.2,10.3,7,7.7,387,421,2.2,2.7,0.8,1.8,360,1100,910,3500,2020
4006,"NETAI PUKHURI AT NETAI 
PUKHURI",POND,ASSAM,20,31,5.6,8,6.8,7.9,21,34,1.9,2.5,0.3,1.4,2,300,300,730,2020
4334,"THOWRADOLE PUKHURI, 
THOWRADOLE G.P. DEMOW 
BLOCK",POND,ASSAM,19,33,4.2,7.8,7.2,7.8,49,71,1.4,2.4,0.4,1.6,2,360,300,910,2020
1532,"GOYSAGAR TANK, SIBSAGAR, 
ASSAM",TANK,ASSAM,20,30,6.6,7.3,6.7,7.6,21,31,1.3,2.3,0.7,1.1,2,2,300,600,2020
2557,"KAWAR LAKE, BEGUSARAI",LAKE,BIHAR,16,36,3.5,16,7.3,9,205,263,1.4,6.1,0.11,0.2,780,160000,2700,160000,2020
2571,MOTI JHEEL AT MOTIHARII,LAKE,BIHAR,17,30,4.5,16.6,7.3,9.7,627,1050,1.8,26,0.09,0.95,1100,28000,3300,160000,2020
4296,"SIKANDRAPUR, 
MUZAFFARPUR",LAKE,BIHAR,19,32,1,22,7.2,9.5,397,991,1.9,18.4,0.11,0.68,2100,54000,4600,92000,2020
2573,TIGHI TALAB AT GAYA,POND,BIHAR,14,30,2.9,13,7.1,9,470,968,1.2,5,0.18,5.99,17000,160000,22000,160000,2020
2574,SURAJ KUND AT GAYA,POND,BIHAR,14,31,6,14,7.5,8.6,237,688,3,8,0.05,1.01,360,160000,3300,160000,2020
2046,"SUKHNA LAKE, CHANDIGARH",LAKE,CHANDIGARH,16,30,7.1,9.8,7.4,8.5,215,288,0.7,3.6,0.52,4,8,5449,9,80000,2020
3163,"HITKASA TAILING DAM, 
RAJHARA, 
CHHATISGARH.(DALLI 
RAJHARA IRON ORE MINES, 
DALLI RAJHARA)",LAKE,CHHATTISGARH,23,36,6.3,6.9,7.1,7.7,308,308,7,16,0.44,0.44,1,360,6,1600,2020
3164,"NEHRU NAGAR TALAB, BHILAI, 
CHHATISGARH.",POND,CHHATTISGARH,24,33,6.5,7.4,7.1,7.6,322,322,1.6,86.4,0.36,0.36,5,300,1,1600,2020
1549,"SALAULIM LAKE AT SALAULIM 
- SANGUEM, GOA",LAKE,GOA,27,31,5.9,8.8,6.5,7.6,21,83,0.1,2.1,0.11,0.32,5,170,13,350,2020
2269,"MAYEM LAKE, BICHOLIM",LAKE,GOA,27,32,5.6,7.9,5.6,6.9,42,72,0.1,0.1,0.11,0.32,1100,2300,2200,4900,2020
3175,ANJUNEM LAKE,LAKE,GOA,27,30,3.9,7.7,5.8,7.4,41,78,0.1,2,0.11,0.32,8,540,13,920,2020
3176,RUMDER LAKE,LAKE,GOA,27,31,1.3,6.2,6.1,7.4,81,15330,0.1,6.2,0.11,3.61,1300,7900,1700,14000,2020
3177,CARAMBOLIM LAKE,LAKE,GOA,26,31,4.8,8,6.3,8.1,34,395,0.1,3.6,0.11,0.51,490,2300,790,4900,2020
3178,RAIA LAKE,LAKE,GOA,26,30,4.4,8,6.1,8.7,28,267,0.1,3.7,0.11,4.78,1300,4900,2300,7900,2020
3179,SAIPEM LAKE,LAKE,GOA,28,30,4.1,5.8,7,7.3,176,358,0.1,5,0.63,2.59,3300,7000,4900,11000,2020
3180,CURTORIM LAKE,LAKE,GOA,26,30,1.6,8.7,6,7.5,62,1671,0.1,6.2,0.11,1.96,1100,7000,2300,9400,2020
4408,HARWALE WATER FALL,LAKE,GOA,27,31,7.3,8,6.2,7.3,55,153,0.1,2.3,0.11,0.45,1700,4900,3500,7000,2020
1343,"KANKORIA LAKE AT 
AHMEDABAD, NR. BALVATIKA,",LAKE,GUJARAT,25,30,5.2,8.7,7.9,8.9,2303,3840,1.8,21,0.07,0.41,6,82,94,430,2020
1344,"CHANDOLA LAKE AT 
AHMEDABAD,",LAKE,GUJARAT,25,30,5.7,8.2,7.3,8.3,36,601,2.7,6,0.03,0.33,15,92,120,460,2020
1345,"AJWAH LAKE AT SRI SAYAJI 
SABVAR, BARODA,",LAKE,GUJARAT,22,32,3.5,8.8,7.9,8.4,9,419,0.1,0.9,0.12,0.62,2,20,17,120,2020
1346,"SURSAGAR LAKE AT BARODA,",LAKE,GUJARAT,22,32,2.8,6.1,7.3,8.4,770,1299,0.1,5.1,0.18,0.74,21,540,120,920,2020
1972,"NALSAROVAR LAKE (SANAND), 
DIST.AHMEDABAD",LAKE,GUJARAT,26,30,5.7,8.2,7.5,9,281,13220,1.8,17,0.09,0.35,8,170,110,350,2020
1973,"BINDUSAROVAR, SIDDHPUR 
(DIST.PATAN)",LAKE,GUJARAT,21,33,5.5,8.2,7.2,8.2,1082,3113,0.9,6,0.05,6.9,5,33,40,170,2020
1975,"LAKHOTA TALAV, JAMNAGAR",LAKE,GUJARAT,24,26,2.6,6.3,7.1,8.4,450,1360,0.4,3,0.28,0.32,6,7,17,27,2020
1976,"NARSIMEHTA TALAV- 
JUNAGADH",LAKE,GUJARAT,22,28,2.6,8.9,7.3,8.4,355,1241,2.1,26.4,0.04,2.25,2,17,2,110,2020
1977,CITY LAKE OF NADIAD,LAKE,GUJARAT,20,34,3.1,7,7.4,8.7,651,1777,0.1,6.3,0.18,0.88,12,120,110,540,2020
2076,"ANKLESHWAR RESERVOIR AT 
GIDC ANKLESHWAR AT VALIA 
ROAD.",LAKE,GUJARAT,28,32,6.1,7.8,7.3,8.4,354,565,0.1,0.9,0.07,0.32,17,26,33,70,2020
2077,"MOTICHER LAKE NEAR 
KAKARPAR ATOMIC POWER 
STATION, DIST. SURAT.",LAKE,GUJARAT,26,30,6.7,7.4,7,8.4,304,4533,0.2,1.5,0.05,0.15,2,12,12,63,2020
2078,"KUWADAVA LAKE, VILL. 
KUWADAVA, DIST. RAJKOT.",LAKE,GUJARAT,25,30,4.2,7.3,7.3,8.3,922,2350,2,2.7,0.03,0.75,2,2,2,8,2020
3197,"MACHHU-II DAM, 
RAFLESHWAR, MORBI, RAJKOT",LAKE,GUJARAT,24,30,5.4,7.2,6.4,8.5,502,1832,0.1,2.3,0.03,0.28,2,2,2,2,2020
3198,"GOMTI LAKE, OPP, 
RANCHODAJI TEMPLE, DAKOR, 
KHEDA",LAKE,GUJARAT,21,31,4.1,6.3,7.2,8.2,383,562,0.6,2.6,0.12,0.68,12,94,84,350,2020
3199,"HAMISAR TALAV, BHUJ",LAKE,GUJARAT,26,32,6.1,6.9,7,7.7,371,695,1.1,2.6,0.03,0.23,2,7,2,26,2020
3200,"MOONSAR LAKE OF 
VIRAMGAM",LAKE,GUJARAT,27,30,0.6,8.3,8.4,9.2,704,18330,6,170,0.15,0.5,21,540,220,920,2020
3201,"MALAV TALAV, DHOLKA",LAKE,GUJARAT,27,30,4.6,8.6,9,9.3,2451,4408,6,24,0.04,0.32,26,540,120,920,2020
3202,"VHERAIMATA TALAV AT 
ANAND",LAKE,GUJARAT,25,29,4.7,7.5,7.6,8.4,250,802,3.7,6.4,0.16,0.18,210,1600,920,1600,2020
1979,"OLPAD, VILLAGE POND:OLPAD, 
SURAT",POND,GUJARAT,26,30,6.5,7.8,7,8.4,532,7359,0.3,2.6,0.06,0.25,9,47,41,430,2020
2079,"DHUDHIA TALAV AT NAVSARI, 
DIST. NAVSARI.",POND,GUJARAT,24,34,5.2,7.4,7.1,8.5,324,4317,0.2,1.8,0.03,0.28,2,36,2,84,2020
1971,"THOL TANK (KALOL) (DIST. 
MEHASANA)",TANK,GUJARAT,24,30,4.3,8.2,7.2,8.4,420,843,4,20,0.04,0.66,4,170,8,470,2020
1349,"BRAHMSAROVAR LAKE AT 
KURUKSHETRA",LAKE,HARYANA,14,28,7,10.5,7.2,8.1,216,1850,1.6,5.2,0.09,2.3,200,2000,140,11000,2020
1392,"KAUSSHALAYA LAKE, PINJORE, 
PANCHKULA",LAKE,HARYANA,14,29,6.7,9.6,7,8.4,329,905,1.2,7.6,0.06,3.14,130,26000,260,233000,2020
4857,"SANHIT SAROVAR, 
KURUSHETRA",POND,HARYANA,24,29,6.8,9.9,7.1,8.3,240,1720,2.2,7.5,0.05,2.38,100,100,110,1400,2020
1291,"GOBINDSAGAR LAKE AT 
BILASPUR",LAKE,"HIMACHAL 
PRADESH",16,22,8.3,10.1,7.3,8.5,169,397,0.1,0.4,0.1,3.39,63,140,280,920,2020
1292,"PONGDAM LAKE AT PONG 
VILLAGE,",LAKE,"HIMACHAL 
PRADESH",13,28,8.1,9.6,6.7,8,178,306,0.1,0.3,0.07,1.3,2,2,25,70,2020
1429,"RENUKA LAKE , 35 KM FROM 
PATNA SAHIB NORTH",LAKE,"HIMACHAL 
PRADESH",15,27,6.1,7.6,6.7,7.6,483,6124,0.8,2,0.01,1.23,12,33,38,170,2020
2649,RIWALSAR LAKE,LAKE,"HIMACHAL 
PRADESH",16,24,5.6,9.6,7.1,8.1,144,204,1.6,9,0.06,1.68,49,350,350,1600,2020
2650,KHAZIAR LAKE,LAKE,"HIMACHAL 
PRADESH",3,22,5.9,6.7,6.6,7.9,60,139,0.4,6.5,0.22,1.63,2,20,32,240,2020
1388,"ULSOOR LAKE TRAINING 
CENTRE OF FISH BREEDING,",LAKE,KARNATAKA,25,27,3.4,8.5,7,9.3,317,479,3,60,0.5,4.31,940,34000,5400,240000,2020
1446,"HEBALLA VALLEY LAKE AT D/S 
ROAD BRIDGE NR. MANDYA,",LAKE,KARNATAKA,23,28,2,6.1,7.5,8.2,387,891,3,5.8,2.4,7.5,330,1200,2200,4300,2020
3582,HEBBAL LAKE,LAKE,KARNATAKA,20,34,0.3,3.6,7.4,8.5,1076,2490,9,17.2,0.83,11.3,2100,4300,8400,13000,2020
3583,KUKKARAHALLI LAKE,LAKE,KARNATAKA,21,29,6,6.9,7.9,9.2,512,633,2.8,5.2,1,2.8,580,1700,4300,6300,2020
3584,DALAVAI LAKE,LAKE,KARNATAKA,21,32,0.5,3.2,7.3,8.3,722,1176,7.4,15.2,1.9,5.3,2100,6300,8400,14000,2020
3585,YENNEHOLE LAKE,LAKE,KARNATAKA,19,33,0.3,2.8,7.4,8.4,919,1168,9.6,16,2.1,8.4,2100,7000,8400,15000,2020
3586,LIMBHABUDI LAKE,LAKE,KARNATAKA,20,32,4.5,6,7.5,8.8,612,1270,3.5,7.5,3.4,7.6,1100,2200,4800,7000,2020
3587,SHETTYKERE LAKE,LAKE,KARNATAKA,20,32,5.2,6.5,7.5,8.8,494,978,3,6,1.2,6.5,910,2100,4800,6300,2020
3591,KEMPAMBUDHI LAKE,LAKE,KARNATAKA,24,31,4.1,11.5,6.6,8.3,397,723,3.4,17,0.01,4,1700,330000,9200,3500000,2020
3592,YEDIYUR LAKE,LAKE,KARNATAKA,24,30,4,8.4,7.3,9.2,250,725,3,16,0.31,3.2,940,15000,5400,160000,2020
3593,ULSOOR LAKE TEMPLE,LAKE,KARNATAKA,25,27,3.5,11.3,7,9,320,500,3,25,0.9,2.35,4100,210000,24000,1600000,2020
3601,KARIHOBANAHALLI LAKE,LAKE,KARNATAKA,23,30,0.9,5.3,6.5,7.9,992,2644,6,32,1,57,630,94000,5400,540000,2020
3602,BELLANDUR LAKE,LAKE,KARNATAKA,25,29,0.3,6.5,6.5,7.5,554,2107,0.5,32,1.61,16,12000,7000000,92000,54000000,2020
3608,VARTHUR LAKE,LAKE,KARNATAKA,25,29,0.3,6.8,6.5,8.1,880,1520,3,174,1.85,7.6,7000,23000000,54000,240000000,2020
3609,IBBALUR LAKE,LAKE,KARNATAKA,25,28,0.5,6.2,6.6,8,328,1386,3.5,31,0.51,10,330,3300000,3500,24000000,2020
3610,TUBRAHALLI LAKE,LAKE,KARNATAKA,24,30,0.5,10.5,6.8,8.4,1250,2050,6,70,1.2,4.56,4800,2100000,7000,16000000,2020
3611,KAIKONDANAHALLI LAKE,LAKE,KARNATAKA,25,29,3.4,6.5,6.9,8,702,1961,3,20,0.6,9,3300,94000,24000,540000,2020
3612,AGARAM LAKE,LAKE,KARNATAKA,25,28,3.7,6.8,6.8,7.5,814,1103,3.4,15,0.72,8,4800,70000,35000,920000,2020
3613,GOTTIGERE LAKE,LAKE,KARNATAKA,25,25,6.1,6.1,6.5,6.5,1101,1101,4,4,1.9,1.9,17000,17000,92000,92000,2020
3614,PUTTENAHALLI LAKE (S),LAKE,KARNATAKA,25,28,3.8,7.1,6.7,7.9,688,1410,2.7,9,0.65,4.5,330,110000,3500,920000,2020
3615,ARAKERE LAKE,LAKE,KARNATAKA,25,28,2.6,7.2,6.5,7.9,720,1961,3,45,1.2,6.5,790,46000,9200,350000,2020
3616,KALENA AGRAHARA LAKE,LAKE,KARNATAKA,25,29,3.4,7,6.6,7.9,682,1338,3.1,13,0.64,12,340,70000,3500,920000,2020
3617,HULIMAVU LAKE,LAKE,KARNATAKA,25,28,4,7.1,6.5,7.7,370,1343,2.6,11,1,2.4,840,79000,9200,540000,2020
3618,SINGASANDRA LAKE,LAKE,KARNATAKA,25,29,4.1,11.5,6.4,8,378,1472,2.6,20,0.7,3.21,630,120000,5400,920000,2020
3620,PARAPPANA AGRAHARA LAKE,LAKE,KARNATAKA,25,28,1,6.2,6.4,8.1,641,1482,3,24,1.06,3.3,630,130000,5400,920000,2020
3621,HARALAKUNTE LAKE,LAKE,KARNATAKA,25,29,0.3,8.4,6.7,7.9,510,1069,3.4,39,0.71,11,410,3400000,3500,24000000,2020
3624,PUTTENAHALLI LAKE,LAKE,KARNATAKA,25,30,3.8,6.7,5.3,8,575,1100,3,13,0.84,12,460,140000,5400,920000,2020
3625,HEBBAL LAKE,LAKE,KARNATAKA,25,28,2.4,6.5,6,7.7,178,702,2,15,0.4,5.89,1500,1400000,16000,9200000,2020
3627,JAKKUR LAKE,LAKE,KARNATAKA,25,31,2.3,5.8,6.4,9.8,702,1160,7,39,0.9,7.32,630,1200000,5400,9200000,2020
3628,AMRUTHAHALLI LAKE,LAKE,KARNATAKA,25,30,3,6.1,6.4,8.2,266,1184,3,17,0.46,3.77,1700,940000,16000,5400000,2020
3644,MULBHAGAL LAKE,LAKE,KARNATAKA,25,25,5.3,5.3,6.9,6.9,1264,1264,7,7,2.4,2.4,4600,4600,35000,35000,2020
3645,DEVARAYASAMUDRA LAKE,LAKE,KARNATAKA,25,25,6.3,6.3,6.6,6.6,182,182,4,4,0.46,0.46,4100,4100,24000,24000,2020
3646,NARASAPURA LAKE,LAKE,KARNATAKA,23,28,3.4,9,7.4,8.2,685,924,3,8,1.4,5.2,940,12000,5400,92000,2020
3649,BUGUDANAHALLI LAKE,LAKE,KARNATAKA,18,32,4.5,7,6.1,8.3,135,1612,2,8,0.12,3.83,390,1200000,5400,9200000,2020
3654,GOTTIGERE LAKE,LAKE,KARNATAKA,25,33,0.5,6,5.5,7.8,340,2014,6,36,0.86,10,84,40000,920,350000,2020
3679,BHUTANALA LAKE,LAKE,KARNATAKA,24,30,6.1,8.9,8.1,8.8,386,1200,1.1,9.9,0.61,3.96,500,920,900,1600,2020
3680,KILLA LAKE,LAKE,KARNATAKA,22,26,6.3,8.9,7.7,8.8,316,456,1,4.7,0.52,3.76,350,920,900,1600,2020
3685,NAVALOORU LAKE,LAKE,KARNATAKA,24,26,6.5,7.1,7.4,8.3,525,790,3.3,4.3,0.69,0.99,9,120,120,788,2020
4094,"GANGONDANA HALLI LAKE, 
BENGALURU NORTH",LAKE,KARNATAKA,24,36,0.2,6.9,5.7,7.2,243,2887,4,258,0.87,16,3300,1200000,24000,9200000,2020
4095,"CHIKKABANVARA LAKE, 
CHIKKABANWARA, 
BENGALURU NORTH",LAKE,KARNATAKA,25,32,0.6,6,6,7.9,419,1954,3.3,36,1.4,11,1700,84000,9200,1600000,2020
4096,"ANDHRAHALLI LAKE, 
ANDHRAHALLI, BENGALURU",LAKE,KARNATAKA,24,36,0.1,6.4,6.5,8.2,306,1572,4,30,0.72,15,940,460000,5400,5400000,2020
4097,"KACHOHALLI LAKE, 
KACHOHALLI, BENGALURU 
NORTH",LAKE,KARNATAKA,24,37,0.5,6.7,6.7,7.5,1204,2278,2,39,1.3,13,490,150000,5400,1600000,2020
4504,SARAKKI LAKE,LAKE,KARNATAKA,24,30,3.5,7,6.6,8.2,329,920,3,9,0.34,14,1100,34000,9200,240000,2020
4505,NELAMANGALA LAKE,LAKE,KARNATAKA,25,30,4,6.5,6.2,9.2,121,2047,3,35,0.33,20.1,700,1700000,5400,9200000,2020
4506,ABBIGERE LAKE,LAKE,KARNATAKA,24,33,0.4,5.9,6.5,7,425,1553,5,11,0.8,14,700,63000,5400,540000,2020
4507,CHELEKERE LAKE,LAKE,KARNATAKA,25,31,3.2,7.4,6.1,8,267,945,2,16,0.48,5.6,480,170000,3500,1600000,2020
4508,SINGAPURA LAKE,LAKE,KARNATAKA,25,31,0.5,6,6.4,8,594,1954,3,30,1.2,13.9,4000,1200000,35000,92000000,2020
4509,NARASIPURA LAKE,LAKE,KARNATAKA,24,31,4,7.2,6,7.9,267,741,2,8,0.68,4,790,2300000,9200,35000000,2020
4510,RACHENAHALLI LAKE,LAKE,KARNATAKA,25,31,2.1,5.7,6.6,9.7,729,1368,4,30,0.77,6,6300,46000,54000,540000,2020
4514,SADRAMANGALA LAKE,LAKE,KARNATAKA,25,28,3.4,6.2,6.1,7.8,577,1405,4,10,0.03,3.4,480,63000,2400,540000,2020
4515,BATTARAHALLI LAKE,LAKE,KARNATAKA,25,28,2.4,6.8,6.6,8.2,757,1164,5,15,0.9,3.08,4600,490000,34000,2400000,2020
4516,KUNDALAHALLI LAKE,LAKE,KARNATAKA,24,26,4.2,6.9,7.1,7.8,882,1405,3,10,0.03,3.3,480,17000,3500,160000,2020
4517,KOWDHENAHALLI LAKE,LAKE,KARNATAKA,25,27,3.2,8.2,6.1,7.1,287,928,3,15,1.2,6.71,4100,150000,54000,1600000,2020
4518,GARUDACHARPALYA LAKE,LAKE,KARNATAKA,25,26,2,6.1,6.4,8.7,470,885,4,15,0.48,10,700,21000,5400,160000,2020
4519,RAMPURA LAKE,LAKE,KARNATAKA,25,26,0.3,3,6.1,7.2,528,1413,6.6,128,0.91,13.3,11000,940000,92000,5400000,2020
4520,CHINNAPANHALLI LAKE,LAKE,KARNATAKA,24,27,0.5,5.2,7,9.2,729,1309,6,37.5,1.5,11,4100,94000,35000,920000,2020
4521,DEVARABEESANAHALLI LAKE,LAKE,KARNATAKA,25,29,2.8,11,6.6,8,680,1228,3.2,14,0.13,3.3,460,63000,3500,540000,2020
4523,NALLURAHALLI LAKE,LAKE,KARNATAKA,29,29,1.4,3,7.2,7.3,1176,1314,10,17,4,14,46000,70000,540000,540000,2020
4524,PATTANDUR AGARAHARA,LAKE,KARNATAKA,24,29,1,5.8,6.7,7.6,445,1415,4,12,0.7,10,4100,330000,24000,3500000,2020
4525,SEETHARAM PALYA LAKE,LAKE,KARNATAKA,24,29,1,4.1,6.7,7.5,1082,2293,9,37,0.19,16,3300,150000,35000,1600000,2020
4529,KASAVANAHALLI LAKE,LAKE,KARNATAKA,25,28,3.6,5.6,6.8,8,738,1330,3,10,1.15,1.9,7900,4800000,54000,35000000,2020
4533,ULLALU LAKE,LAKE,KARNATAKA,23,29,2.4,7.2,6.9,8.2,917,1883,4,9,2.61,47,460,11000,3500,92000,2020
4534,SOMPURA LAKE,LAKE,KARNATAKA,25,32,4.7,7,6.3,7.6,268,871,2,5,0.3,4.47,1200,43000,9200,540000,2020
4535,GUBBALAL KERE,LAKE,KARNATAKA,25,31,0.6,6.5,6.7,7.8,1073,2298,4,32,3,7,460,4800000,3500,35000000,2020
4536,HOSAKEREHALLI LAKE,LAKE,KARNATAKA,20,32,2.4,6.7,6.3,7.9,380,1648,3,16,1.09,4.1,540,700000,9200,5400000,2020
4537,CHINNAKURCHI KERE,LAKE,KARNATAKA,24,32,5,6.9,6.5,8.2,248,593,3,5,0.61,5,1200,70000,9200,350000,2020
4538,MACHOHALLI LAKE,LAKE,KARNATAKA,23,37,1,6.6,6,7.4,607,3008,2,57,1.11,8.11,630,94000,5400,540000,2020
4539,DODDABIDARAKALLU LAKE,LAKE,KARNATAKA,24,35,0.1,7,6.5,7.9,294,2086,3,38,1.39,20,1100,1200000,16000,9200000,2020
4540,KAMMGONDANAHALLI LAKE,LAKE,KARNATAKA,24,32,1,6.1,6.1,8.5,313,1553,3.6,120,2,6.32,790,1100000,5400,9200000,2020
4542,BASAVANAPURA LAKE,LAKE,KARNATAKA,25,28,1.9,9.4,6.8,7.9,600,1254,4,13,0.97,3.4,460,48000,3500,350000,2020
4543,KODI SINGASANDRA LAKE,LAKE,KARNATAKA,25,29,3.8,6.5,6.7,8,337,1104,3.4,18,0.68,13.2,1700,110000,9200,1600000,2020
4544,KOTHUNURU LAKE,LAKE,KARNATAKA,25,28,2.6,12,6.7,7.6,332,1000,4.2,30,0.47,3.3,790,23000,9200,350000,2020
4545,JUNGU KERE,LAKE,KARNATAKA,28,28,3.5,6.2,7.3,7.6,868,1197,4,16,3,9,700,7900,5400,92000,2020
4546,JAKKSANDRA LAKE,LAKE,KARNATAKA,25,28,1,6.3,6.8,7.5,625,1236,4,10,0.67,13,1200,14000,9200,92000,2020
4547,SWARANA KUNTE,LAKE,KARNATAKA,25,28,4.1,6,7,7.8,660,1066,4,8,0.78,3,940,140000,5400,1600000,2020
3559,HULLIGE TANK,TANK,KARNATAKA,20,28,6.8,7.2,7.1,8.7,260,418,3,6,0.1,0.3,350,1100,1600,3500,2020
3560,MAVENAKERE TANK,TANK,KARNATAKA,24,30,3.8,8.6,8.6,9.4,810,3142,16,39,0.1,1.25,6300,28000,22000,92000,2020
3561,HUNDIKERE (KOPPAL) TANK,TANK,KARNATAKA,20,28,6.8,7.2,7.5,9.1,278,521,4,6,0.1,0.3,580,1100,2100,3500,2020
3565,PILIKULA TANK,TANK,KARNATAKA,27,32,5.3,7.6,6.6,7.4,128,166,2,3,0.08,2.49,2,1600,7,1600,2020
3588,KARANJIKERE TANK,TANK,KARNATAKA,21,26,4.5,6.7,7.2,8.4,552,868,3,7.2,1.5,5,780,1300,4300,6300,2020
3589,MADIWALA TANK,TANK,KARNATAKA,25,28,4.5,6.9,6.5,7.6,487,1661,3,9,0.83,3.8,940,940000,5400,9200000,2020
3590,LALBAGH TANK,TANK,KARNATAKA,24,30,4,8.2,6.9,8.2,399,592,4,9,0.12,3.31,230,14000,3500,160000,2020
3594,SANKEY TANK,TANK,KARNATAKA,25,27,3.6,7.6,6.5,8.6,357,570,3,8,0.18,4.59,230,70000,3500,540000,2020
3595,BYRASANDRA TANK,TANK,KARNATAKA,25,28,0.5,6.3,6,8.3,426,1469,4,41,0.58,4,4600,210000,54000,1600000,2020
3596,NAYANDANAHALLI TANK,TANK,KARNATAKA,22,28,4,6.8,5.6,6.6,187,415,3,6,0.41,2.89,700,150000,5400,1600000,2020
3597,HESARAGHATTA TANK,TANK,KARNATAKA,24,34,0.9,6.7,6.3,7.7,76,1852,2,31,0.82,4.5,790,170000,9200,1600000,2020
3598,HEROHALLI TANK,TANK,KARNATAKA,23,36,2.5,12,6.7,8.7,124,1228,4,29,1.15,4.7,700,1200000,5400,9200000,2020
3599,MADAVARA TANK,TANK,KARNATAKA,23,35,3,6.2,6.2,8.5,525,1594,4,20,1,5.9,79,48000,9200,350000,2020
3600,SHIVAPURA TANK,TANK,KARNATAKA,22,30,0.5,8.4,6.5,8.2,1114,3780,6,46,2.42,16,1100,1500000,9200,16000000,2020
3603,VENGAIHNAKERE,TANK,KARNATAKA,25,33,0.5,6.5,6.6,7.5,277,1791,4,50,1.66,12.2,840,480000,9200,5400000,2020
3604,DODDANAKUNDI TANK,TANK,KARNATAKA,25,25,4.6,5.3,6.2,6.9,714,791,5,8,1.1,3.61,6300,17000,54000,92000,2020
3605,YELLAMALLAPPA TANK,TANK,KARNATAKA,25,28,0.5,5.8,6.3,7.7,637,1988,4,51,1.4,29,790,94000,16000,920000,2020
3606,DASARAHALLI TANK,TANK,KARNATAKA,24,33,0.6,13.5,6.4,7.6,243,1354,3,13,0.73,13,700,48000,5400,350000,2020
3607,KALKERE TANK,TANK,KARNATAKA,25,28,0.5,8.6,6,8.2,525,1973,4,40,0.83,7.4,4600,1400000,35000,9200000,2020
3619,BEGUR TANK,TANK,KARNATAKA,25,28,2,6.2,6.5,7.9,726,1478,3,29,0.6,8.73,400,120000,3500,920000,2020
3623,ANEKAL DODDAKERE TANK,TANK,KARNATAKA,25,30,3.3,8.2,6.5,8.3,351,2770,2,22,1.1,7.46,460,140000,3500,920000,2020
3626,NAGAVARA TANK,TANK,KARNATAKA,25,32,2.1,8.5,6.4,7.9,267,1185,3,21,0.8,5.8,120,46000000,920,350000000,2020
3629,ALLASANDRA TANK,TANK,KARNATAKA,25,30,3,7.5,7,9,474,1445,4,13,1,3.3,4600,3300000,35000,24000000,2020
3630,YELAHANKA TANK,TANK,KARNATAKA,25,31,0.5,7.8,5.9,9.7,428,1443,2,35,1.22,6.9,3300,110000,35000,1600000,2020
3632,VEERAPURA TANK,TANK,KARNATAKA,24,26,0.5,6.1,6.3,7.8,262,2880,4,77,0.9,5.74,630,940000,5400,5400000,2020
3633,SUBRAMANYAPURA TANK,TANK,KARNATAKA,25,34,3.8,7,6.4,7.9,920,1853,4,28,1.4,7.72,580,58000,9200,920000,2020
3634,DEVARAKERE TANK,TANK,KARNATAKA,24,35,3.5,6.8,6.5,7.7,261,1936,2.6,9,0.61,2.18,460,130000,5400,920000,2020
3635,MALATHAHALLI TANK,TANK,KARNATAKA,20,29,0.3,5.2,6.6,7.9,912,1570,5,95,2.1,11,6300,15000000,54000,160000000,2020
3636,BANDEMATTA TANK,TANK,KARNATAKA,24,29,0.5,6.1,6.5,8,670,1276,4,15,2,11.7,4300,15000,35000,160000,2020
3637,BYRAMANGALA TANK,TANK,KARNATAKA,25,26,0.9,6.5,6.5,7.6,850,1330,4,28,0.32,5.4,1400,140000,9200,1600000,2020
3638,ANNAYAPPA TANK,TANK,KARNATAKA,24,31,4.3,6.7,6.5,8,225,400,3,8,0.02,3.1,480,11000,3500,92000,2020
3639,KENGERI TANK,TANK,KARNATAKA,24,30,2.8,6.8,6.5,7.6,314,1822,3.2,13,0.65,6.81,4600,94000,35000,920000,2020
3640,UTTARAHALLI DORAIKERE,TANK,KARNATAKA,25,35,2.5,5.8,6.7,9,165,681,5,59,0.5,5.78,2300,940000,35000,5400000,2020
3641,DHOREKERE TANK,TANK,KARNATAKA,24,35,0.5,7.5,6.5,8.1,402,990,4,83,0.19,6,940,460000,9200,3500000,2020
3642,JIGANI TNAK,TANK,KARNATAKA,25,27,3.6,8.5,6.3,8.2,393,1378,3,18,1,5.9,460,170000,5400,1600000,2020
3643,BEENNIGANAHALLI TANK,TANK,KARNATAKA,24,27,0.8,8.3,6.6,8.2,302,865,3,16,1,2.5,1200,46000,9200,540000,2020
3648,MYDALA TANK,TANK,KARNATAKA,25,32,3.2,7.6,6.6,8,133,415,2,12,0.29,4,460,11000,5400,92000,2020
3650,MELEKOTE TANK,TANK,KARNATAKA,20,32,1,6,6.5,7.9,519,1443,4,12,0.49,9,460,940000,5400,5400000,2020
3651,BHEEMSANDRA TANK,TANK,KARNATAKA,19,32,1,6.4,6.8,7.9,926,1719,6.1,19,1,20.5,460,70000,3500,350000,2020
3653,DODDAKERE TANK,TANK,KARNATAKA,24,31,4.5,7.6,6.2,8.2,136,556,2,8,0.32,4.4,63,15000,540,160000,2020
3656,NALLIKATTE KERE TANK,TANK,KARNATAKA,27,27,4.6,4.6,7.7,7.7,510,510,3,3,0.2,0.2,680,680,3900,3900,2020
3657,"KANCHANAHALLI KOPPALU 
KERE",TANK,KARNATAKA,24,28,3.6,5.2,8,8.2,1410,3260,4,8,0.7,1.3,680,930,4300,7900,2020
3659,MAKANA KERE,TANK,KARNATAKA,24,28,2.8,5.1,7.3,7.8,580,1190,3.6,6,0.13,0.68,920,3400,7000,17000,2020
3660,HUNASINA KERE TANK,TANK,KARNATAKA,24,28,4.9,6.5,7.5,7.9,430,530,1.8,3,0.14,0.2,340,780,2400,4900,2020
3661,"KOKKANAGHATTADODDAKERE 
TANK",TANK,KARNATAKA,24,28,4.7,6.8,7.7,8.5,470,1470,3,5,0.32,1.4,320,780,2400,4000,2020
3662,KOUSHIKA KERE,TANK,KARNATAKA,23,28,5.3,6.9,7.7,8,390,450,2,2.4,0.13,0.26,170,260,1100,2200,2020
3663,JOLADAKATTE TANK,TANK,KARNATAKA,23,27,4.8,6.8,7.7,8.1,450,620,2,3,0.14,0.3,270,470,2200,3500,2020
3664,BASAVANAHALLIKERE TANK,TANK,KARNATAKA,24,28,4.5,6.9,7.7,8,390,480,2.2,3,0.2,0.25,320,680,2200,4000,2020
3665,LINGAPPANAKATTE TANK,TANK,KARNATAKA,23,28,5.1,6.3,7.8,8.1,450,640,2.2,3,0.17,0.3,320,780,1600,4000,2020
3666,"GANIGARAHOSAHALLIKERE 
TANK",TANK,KARNATAKA,24,28,4.9,7.4,7.8,8.1,410,480,2,3,0.1,0.2,140,390,920,2800,2020
3667,"SATHENAHALLIDODDAKERE 
TANK",TANK,KARNATAKA,24,28,4.8,6.2,7.8,8.1,500,1100,2,3.8,0.2,1.1,260,700,1700,5400,2020
3668,SOUDRALLI KERE,TANK,KARNATAKA,23,28,5,6.4,7.5,8,440,760,2,3,0.1,0.29,210,490,1700,3500,2020
3669,PEREMINAHALLI KERE,TANK,KARNATAKA,24,27,4.9,6.2,7.6,7.9,400,560,2,3,0.1,0.2,170,490,2100,3500,2020
3670,INORKATTE KERE,TANK,KARNATAKA,24,27,4.2,7,7.5,7.8,340,460,1.8,3,0.13,0.25,320,490,1700,2800,2020
3671,"HANUMANTHAPURAKATTE 
TANK",TANK,KARNATAKA,24,28,5.2,7.1,7.5,7.7,380,460,2,3,0.17,0.24,210,400,1300,2800,2020
3672,SANKALAPURAKERE TANK,TANK,KARNATAKA,25,28,4.8,5.8,7.5,7.9,410,470,2,3,0.18,0.23,170,260,1100,1400,2020
3673,AVALI KERE,TANK,KARNATAKA,24,28,3,4.6,7.6,8.1,1280,1820,4,6,0.8,1.6,610,940,4600,5400,2020
3674,SATHYAMANGALA KERE,TANK,KARNATAKA,24,28,5.2,6.6,7.6,8,340,400,2,2.6,0.1,0.2,120,400,1100,2200,2020
3675,B KATIHALLI KERE,TANK,KARNATAKA,24,28,5.1,7.2,7.5,8,280,420,2,2.8,0.16,0.26,140,220,920,1700,2020
3676,GAVENAHALLIKERE,TANK,KARNATAKA,23,27,4.9,6.6,7.6,8.2,280,360,2,2.6,0.1,0.18,110,270,940,1700,2020
3677,"SHARANABAWESHWARA KERE 
TANK",TANK,KARNATAKA,26,31,6.8,7.4,7.5,8.9,938,2296,4.5,16,0.1,0.86,700,2200,2800,9200,2020
3681,ANGOL MI TANK,TANK,KARNATAKA,21,30,0.3,6.7,6.8,8,394,658,3.4,17.1,0.72,4.15,900,1800,1600,3200,2020
3682,KAKATI POND,TANK,KARNATAKA,21,28,4.9,8.7,8.4,9.4,760,4300,1.5,5.2,0.81,4.96,900,920,1600,1600,2020
3683,HEREKERE TANK,TANK,KARNATAKA,23,26,5.2,5.7,6.9,7.5,806,1597,4.5,8.4,1.17,1.7,70,187,278,698,2020
3684,KELEGERE TANK,TANK,KARNATAKA,23,25,7.1,7.9,7.4,8.3,358,452,3.1,3.9,0.44,0.63,8,177,94,849,2020
3686,NIRASAGARAKERE TANK,TANK,KARNATAKA,24,26,7.2,7.8,7.6,8.3,301,903,2.1,3.7,0.27,0.82,2,39,11,175,2020
3687,NUGGIKERE TANK,TANK,KARNATAKA,24,26,6.8,7.2,7.3,8.2,554,869,3.2,4.2,0.42,0.72,5,96,39,302,2020
3688,SUDANAKERE TANK,TANK,KARNATAKA,23,25,6.8,7.4,7.2,8.3,650,1070,3.2,3.7,0.47,0.75,5,48,109,1161,2020
3689,SOMESHWARAKERE TANK,TANK,KARNATAKA,23,25,6.6,6.9,7.2,8.2,693,1169,3.4,4.2,0.13,1.29,2,58,27,154,2020
3690,UNAKALKERE TANK,TANK,KARNATAKA,24,26,7.1,7.3,7.4,8.3,809,975,3.5,4.3,0.75,1.08,13,253,130,1005,2020
3691,VIMANABHUTHIKERE TANK,TANK,KARNATAKA,26,29,6.7,7.6,7,8.2,110,270,1.8,2.5,0.3,1,240,500,800,900,2020
3692,KUNDUVADAKERE TANK,TANK,KARNATAKA,25,29,4,7.3,7.2,8.2,120,298,2,5,0.3,5.9,600,15000,900,160000,2020
3693,BHATHIKERE TANK,TANK,KARNATAKA,27,29,5.2,7,6.9,8.3,320,1070,3.4,16,0.3,23.2,5000,11000,7000,22000,2020
3694,SHANTHISAGARKERE TANK,TANK,KARNATAKA,26,33,6.8,7.8,7.1,8.2,152,290,2.4,3,0.3,0.9,500,900,1400,2200,2020
3695,KONDAGGIKERE TANK,TANK,KARNATAKA,27,30,4.1,7.9,7,8.3,182,676,2.8,4,0.3,0.7,900,1400,2200,2800,2020
3696,AIANAKERE TANK,TANK,KARNATAKA,25,29,2.2,6.9,8.2,8.5,1020,1390,4.6,102,0.3,4.3,50000,140000,110000,220000,2020
3697,MATTADAKERE TANK,TANK,KARNATAKA,25,31,3.9,7.1,7.1,8.3,530,1080,4.8,32,0.3,35,5000,40000,8000,60000,2020
4092,"MANCHALAPUR TANK, 
MANCHALAPUR, RAICHUR TQ 
& DIST",TANK,KARNATAKA,25,31,6.5,7.4,7.5,9.2,978,2553,9,16,0.1,0.32,2400,11000,9200,43000,2020
4498,"SANAVALLI DAM, MUNGOD",TANK,KARNATAKA,24,26,7.1,7.7,6.7,7.6,128,217,2.3,2.6,0.21,0.72,4,26,14,94,2020
4501,MANCHANABALE DAM,TANK,KARNATAKA,25,26,3.2,7.2,7,8.5,842,1306,4,9,0.29,18.4,400,17000,2400,92000,2020
4502,RAMAMMANA KERE,TANK,KARNATAKA,25,26,0.9,6,7.1,8.6,898,1325,6,16,0.62,18.6,630,15000,5400,160000,2020
4503,MADHURE TANK,TANK,KARNATAKA,24,26,0.1,7.2,6.4,8.5,187,1178,2.3,78,0.5,6.62,4300,7000000,35000,54000000,2020
4512,MANCHANABALE DAM,TANK,KARNATAKA,25,37,0.3,6.1,6.5,7.4,161,1648,4,114,0.76,12,790,1200000,9200,9200000,2020
4513,RAMAMMANA KERE,TANK,KARNATAKA,24,34,0.6,7,6.3,7.6,301,2297,3,13,0.66,11,460,13000,5400,160000,2020
4526,DYAVASANDRA TANK,TANK,KARNATAKA,25,29,2.9,6.1,6.5,7.1,414,685,3.5,11,0.9,3.6,630,17000,5400,92000,2020
4530,KAMMASANDRA TANK,TANK,KARNATAKA,20,25,0.3,5.5,6.8,7.8,637,2414,8,45,2.72,4.74,840,170000,5400,1600000,2020
4531,RAYASANDRA LAKE,TANK,KARNATAKA,20,25,4.1,7,6.7,8.6,757,1775,4,19,0.34,10.47,1500,110000,16000,920000,2020
4532,CHANDAPURA LAKE,TANK,KARNATAKA,21,25,0.5,6.5,6.8,7.9,749,2775,7,39,2.16,13.1,940,110000,5400,1600000,2020
4541,ALUR KERE,TANK,KARNATAKA,25,25,0.5,6.3,6.1,7.6,76,2307,4,12,1,4,1200,6300,9200,54000,2020
1383,"ORUVATHILKOTTA LAKE, 
KERALA",LAKE,KERALA,26,29,0.9,2.6,6.2,7.8,241,475,2.3,10.2,0.01,0.11,200,1000,1300,2400,2020
1385,"SASTHAMCOTTA LAKE, 
KERALA",LAKE,KERALA,20,25,6.8,7.5,6.8,7.9,140,174,1.2,2.7,0.67,0.73,40,100,180,380,2020
1441,"ASHTHAMUDI LAKE AT 
QUILON, KERALA",LAKE,KERALA,20,23,3.6,5.6,6.6,8.1,18200,19220,2.9,4.5,2.2,2.6,100,220,310,540,2020
1574,"PARAVUR, KERALA",LAKE,KERALA,19,24,6.1,6.8,6.9,7.9,13120,14910,1.7,2,1.1,1.7,80,200,310,540,2020
1575,"VEMBANAD LAKE,KOCHI (OIL 
TANKER JETTY), KERALA",LAKE,KERALA,27,30,2.3,6.7,6.6,7.7,320,46270,0.1,3.4,0.07,1.39,480,24000,1100,46000,2020
1576,"PERIYAR LAKE AT THEKKADY, 
KERALA",LAKE,KERALA,21,30,6.7,8.4,6.5,8,33,52,0.1,0.9,0.01,0.05,2,400,2,600,2020
1577,"KODUNGALLOOR, KERALA",LAKE,KERALA,26,31,6,8.2,6.7,7.9,300,36100,0.9,2.7,0.04,0.5,17,1700,49,4300,2020
1578,"KAYAMKULAM, KERALA",LAKE,KERALA,25,31,2.6,5.7,6.8,8,2348,7690,2.7,5.4,0.01,0.32,2,1200,2,2500,2020
1579,"ALAPPUZHA, KERALA",LAKE,KERALA,25,31,3.9,7.9,6.9,7.9,171,1172,1.1,4.8,0.01,0.77,100,1400,400,2400,2020
1580,"POOKOTE, KERALA",LAKE,KERALA,24,30,6.8,8.5,6.9,7.5,24,32,0.1,1.6,0.01,0.1,4,120,14,150,2020
2312,"LAKE VEMBANAD AT 
PATHIRAMANAL (ALAPPUZHA)",LAKE,KERALA,25,31,4.9,7.8,6.8,7.4,180,1351,1.8,3.1,0.01,0.24,2,400,2,700,2020
2318,"PAZHASSI RESERVOIR 
(KANNUR)",LAKE,KERALA,24,30,6.6,8,6.7,7.5,38,74,0.1,1.4,0.01,0.06,40,140,120,540,2020
2328,RSVR AT MALAMPUZHA,LAKE,KERALA,23,28,6.8,7.9,6.7,7.8,91,128,0.1,1.2,0.01,1.47,2,600,2,920,2020
2329,RSVR AT BHOOTHATHANKETU,LAKE,KERALA,24,29,7.6,8.3,6.3,7.4,20,51,0.1,2.1,0.05,0.95,40,2200,58,7000,2020
2330,RSVR AT EDAMALAYAR,LAKE,KERALA,25,29,7.4,8.2,6.7,7.4,16,30,0.1,1.8,0.01,0.12,10,140,17,330,2020
3470,"VELLAYANI LAKE AT 
VANDITHADOM, 
THIRUVANANTHAPURAM",LAKE,KERALA,26,29,1.8,6.9,6,7.2,102,212,1.4,13.2,0.01,0.01,100,400,400,1400,2020
2325,"POND AT (PADMANABHA) 
SREE PADMANABHA SWAMY 
TEMPLE (TVPM)",POND,KERALA,26,29,0.9,4.7,6.8,8.2,265,362,6.6,23.4,0.01,0.01,400,1000,1700,2800,2020
3462,"MANANCHIRA POND AT 
KOZHEKODE",POND,KERALA,23,29,5.7,8,6.5,8.1,51,73,0.1,1,0.01,0.38,31,920,54,1200,2020
1373,"UPPER LAKE AT BHOPAL 
(INTAKE POINT), M.P.",LAKE,"MADHYA 
PRADESH",19,31,6,10.7,7.2,8.9,162,914,0.9,2.5,1.02,3.71,2,360,40,22000,2020
1374,"LOWER LAKE AT BHOPAL 
OUTLET M.P.",LAKE,"MADHYA 
PRADESH",19,31,4.9,8.7,6.9,8.6,347,901,2.9,19,0.32,7.44,39,22000,920,1600000,2020
1466,"MULTAI TANK LAKE AT VILLA. 
KHARI ON BETUL-AMRAVATI 
ROAD M.P(.TAPTI NEAR 
AMARAWATI, ROAD BRIDGE 
AT VILLAGE KHEDA)",LAKE,"MADHYA 
PRADESH",21,38,7.1,7.2,7.4,8.2,618,813,1.2,11.8,2.2,2.6,3,7,14,75,2020
2128,"KHANDARI RESERVOIR WATER 
OFF TAKE POINT",LAKE,"MADHYA 
PRADESH",16,25,7,8.4,7.1,8.3,160,482,0.8,1.8,0.21,1.34,2,2,10,47,2020
2130,"MADHAV LAKE, SHIVPURI",LAKE,"MADHYA 
PRADESH",20,26,5.9,7.6,7.5,8.3,318,730,1.8,2.9,0.32,1.2,1,8,32,110,2020
2131,YASHWANT SAGAR AT INDORE,LAKE,"MADHYA 
PRADESH",20,25,6.6,8.2,7.3,8.2,314,795,0.8,1.7,0.82,1.39,1,1,41,110,2020
2132,BILAWALI TALAB AT INDORE,LAKE,"MADHYA 
PRADESH",16,28,6.1,8,7.7,8.5,373,1080,0.9,1.6,0.64,1.74,1,1,41,158,2020
2133,SIRPUR TALAB AT INDORE,LAKE,"MADHYA 
PRADESH",16,25,6.6,8.6,7.6,8.1,280,642,1,1.4,0.01,1.68,1,1,43,110,2020
2134,"NAGCHUN TALAB AT 
KHANDWA",LAKE,"MADHYA 
PRADESH",19,24,6,7.8,7.2,8.3,265,492,0.9,1.3,0.62,1.37,1,2,39,63,2020
2135,GOVINDGARH LAKE,LAKE,"MADHYA 
PRADESH",19,31,6.6,8.3,7.1,8.1,209,382,0.7,2,0.18,0.67,2,18,32,49,2020
2136,"SHAHPURA LAKE AT WEIR 
NEAR AYUSHMAN HOSPITAL, 
BHOPAL",LAKE,"MADHYA 
PRADESH",19,31,5.9,10.3,7.2,8.4,512,667,1.2,20,1.02,15.94,10,35000,540,1600000,2020
2137,UPPER LAKE AT YATCH CLUB,LAKE,"MADHYA 
PRADESH",20,31,8,10.3,7.5,8.8,93,902,0.1,2,1.02,3.95,2,1600,34,28000,2020
2138,UPPER LAKE AT KARBALA CLUB,LAKE,"MADHYA 
PRADESH",20,31,8.3,10.9,7.7,8.2,160,905,1.2,3.9,1.29,3.48,2,2400,47,43000,2020
2139,"UPPER LAKE AT BAIRAGARH 
CLUB",LAKE,"MADHYA 
PRADESH",19,31,7.9,10.2,7.7,8.4,180,922,1.4,3.4,1.32,7.44,2,17000,46,92000,2020
2140,"KERWA DAM NEAR REST 
HOUSE, BPL",LAKE,"MADHYA 
PRADESH",20,32,3.4,9.7,7.4,8,212,857,0.1,2.7,1.02,3.5,2,84,21,17000,2020
2141,JANUNIA TALAB NEAR W/S,LAKE,"MADHYA 
PRADESH",28,30,8.6,9,7.8,8.2,273,476,1.6,2.3,0.65,0.82,2,2,21,70,2020
2142,"KALISINDH RESERVOIR AT 
SARANGPUR, RAJGARH",LAKE,"MADHYA 
PRADESH",12,26,6.8,8,7.2,7.9,210,666,1.2,1.8,0.1,2,2,3,24,52,2020
3296,CHORAL DAM NEAR INDORE,LAKE,"MADHYA 
PRADESH",20,25,6.8,7.8,7.3,8.2,264,665,0.6,2.1,0.71,1.84,1,1,32,63,2020
4614,SUPTAL JABALPUR,LAKE,"MADHYA 
PRADESH",16,24,6.4,7.6,7.3,8.1,220,802,1.8,4.8,0.25,2.1,2,70,17,1600,2020
4615,GANGA SAGAR JABALPUR,LAKE,"MADHYA 
PRADESH",16,24,5.5,7.8,6.3,8.4,180,911,2.5,7.8,0.12,1.6,2,170,11,1600,2020
4622,"KOPTAL LAKE AT WATER 
SUPPLY INTAKE POINT 
CHHATARPUR",LAKE,"MADHYA 
PRADESH",19,31,6.8,7.5,7.1,7.8,168,294,0.8,1.8,0.01,0.17,2,2,2,27,2020
3297,"MITHA TALAB, DEWAS",POND,"MADHYA 
PRADESH",22,24,6.6,7.6,7.3,7.9,350,493,1.8,3.4,0.75,1.25,2,36,29,150,2020
3298,POND WATER AT LAKODA,POND,"MADHYA 
PRADESH",24,26,7.2,7.6,7.6,7.8,264,768,1.6,2,0.48,0.82,2,2,40,49,2020
3299,HANUMANTAL JABALPUR,POND,"MADHYA 
PRADESH",16,24,6,7.8,7.4,7.8,226,641,0.8,4.8,0.12,2,1,120,17,540,2020
3300,"RANITAL TALAB, JABALPUR",POND,"MADHYA 
PRADESH",16,26,5,7.6,7.1,7.9,310,857,1.9,4.2,0.12,3.2,2,220,20,1600,2020
3301,MOTI TALAB AT BALAGHAT,POND,"MADHYA 
PRADESH",16,29,6.1,7.6,7.1,8.2,234,513,0.9,4.2,0.01,1.6,2,27,7,540,2020
3302,"PIPLIYA PALA TALAB, INDORE",POND,"MADHYA 
PRADESH",16,25,6.8,8.5,7.6,8.4,382,618,1.1,1.6,0.83,2.02,1,1,48,140,2020
3303,"RANI TALAB, REWA",POND,"MADHYA 
PRADESH",19,32,6.3,7.8,7.2,8.1,270,544,0.7,1.9,0.19,0.8,2,18,27,48,2020
3830,"GOKALPUR TALAB, DIST 
JABALPUR",POND,"MADHYA 
PRADESH",17,24,5.4,7.8,7.3,8.6,45,964,0.9,4.2,0.12,1.1,2,280,25,1600,2020
3831,"DAL SAGAR TALAB, DIST SEONI",POND,"MADHYA 
PRADESH",17,26,6,8.2,6.7,8.6,290,5640,0.9,4,0.18,1.6,2,11,7,920,2020
3849,SITAPAT TALAB DHAR,POND,"MADHYA 
PRADESH",19,26,6.2,7.6,7.6,8.8,302,525,0.8,1.4,0.09,2.68,1,1,31,63,2020
3850,"BAGDOON TALAB PITHAMPUR 
SANJAY JALASHAY 
PITHAMPUR",POND,"MADHYA 
PRADESH",19,24,6.9,7.9,7.1,8.1,220,496,0.8,1.3,0.62,1.37,1,1,16,63,2020
2129,"PERIAT TANK NEAR WSS 
INTAKE POINT JABALPUR",TANK,"MADHYA 
PRADESH",17,25,7,8.2,7,8.2,162,391,0.8,1.9,0.21,1.1,2,2,11,48,2020
1347,UMIAM LAKE AT BARAPANI,LAKE,MEGHALAYA,15,25,5.6,6.9,7.1,8,67,110,4.8,6,0.5,2.73,340,790,420,2100,2020
1348,WARD'S LAKE AT SHILLONG,LAKE,MEGHALAYA,15,26,7,8,7.1,7.9,120,155,3.1,4.2,0.3,0.98,84,170,390,790,2020
1459,"THADLASKEIN LAKE, JOWAI",LAKE,MEGHALAYA,6,21,6,7.8,6.7,7.3,35,390,1.4,5.8,0.39,0.78,9,420,94,1200,2020
3346,"UMIAM LAKE AT OUTFALL OF 
UMIAM INTO LAKE",LAKE,MEGHALAYA,14,29,4.8,6,6.9,8.3,70,118,5.5,7.3,0.52,2.72,330,790,790,1700,2020
3347,"UMIAM LAKE AT MIDDLE 
POINT",LAKE,MEGHALAYA,16,28,5.9,6.8,7.2,8.1,65,112,4.8,6.7,0.02,2.91,310,430,580,1300,2020
3348,"UMIAM LAKE ATNEAR UNITED 
CHRISTIAN COLLEGE",LAKE,MEGHALAYA,12,28,5.6,6.8,6.9,7.7,65,109,4.9,6.2,0.3,3.21,310,630,630,1200,2020
3349,"TASEK LAKE AT SONGSAK 
(NAPHAK),",LAKE,MEGHALAYA,19,30,6.8,7.5,7,7.2,55,79,1.6,2.2,0.32,0.47,21,120,130,520,2020
2437,"CHILKA LAKE AT SATAPADA 
(RAMSAR SITE)",LAKE,ODISHA,22,32,6.1,8.2,7,8.4,1830,47720,0.5,1.8,0.02,3.22,2,1300,45,2400,2020
2438,ANSHUPA LAKE KADALIBARI,LAKE,ODISHA,20,37,5.1,7.8,6.9,8.4,92,1888,0.6,2.5,0.02,1.86,170,2200,490,5400,2020
3953,CHILKA AT RAMBHA,LAKE,ODISHA,13,31,5.8,8.5,7.4,8.6,6898,21180,0.9,2.6,0.04,1.02,2,220,20,1100,2020
3954,"TAMPADA LAKE AT 
CHHATRAPUR",LAKE,ODISHA,12,30,3,9.7,7.8,8.7,305,1614,2.1,8.3,0.02,1.88,130,3300,230,17000,2020
3955,ANSHUPA AT SUBARANAPUR,LAKE,ODISHA,18,38,4,8.4,6.6,8.4,108,239,0.6,2.1,0.02,4.66,110,1100,220,3500,2020
3956,ANSHUPA AT BISHNUPUR,LAKE,ODISHA,19,34,4.6,7.8,6.9,7.9,112,209,0.5,2.4,0.02,1.62,20,2200,110,3500,2020
3957,ANSHUPA AT SARANDAGARH,LAKE,ODISHA,18,37,4.8,9.2,6.6,8.3,90,219,0.6,2.4,0.02,1.07,45,1300,170,3500,2020
2431,"BINDUSAGAR ( RELIGIOUS 
POND OF BHUBANESWAR",POND,ODISHA,20,29,6.4,9.6,6.8,8.4,208,498,1.3,2.9,0.02,1.67,20,22000,490,160000,2020
2432,"NARENDRA POKHARI ( 
RILIGIOUS POND OF PURI CITY)",POND,ODISHA,22,33,4.5,12.4,7.9,8.7,461,1381,2.3,6.3,0.02,2.02,2,14000,20,22000,2020
2433,"MARKANDA POKHARI ( 
RILIGIOUS POND OF PURI CITY)",POND,ODISHA,23,32,2.8,17,7.7,8.8,513,735,3.7,8.8,0.23,8.91,2,1700,36,4900,2020
2434,"INDRADYUMNA TANK ( 
RILIGIOUS POND OF PURI CITY)",POND,ODISHA,20,32,3.1,10.9,7.4,8.5,267,1279,3.5,6.7,0.02,14.57,2,7900,78,24000,2020
2435,"SWETAGANGA ( RILIGIOUS 
POND OF PURI CITY)",POND,ODISHA,22,32,2.9,18.1,7.9,8.9,424,1155,3.6,8.7,0.02,6.88,2,11000,2,22000,2020
2436,"PARVATI SAGAR ( RILIGIOUS 
POND OF PURI CITY)",POND,ODISHA,15,33,3.5,12.3,7.2,8.5,288,519,3.3,8.4,0.19,4.29,2,7900,45,24000,2020
3962,"JAGANNATH SAGAR POND OF 
JEYPORE",POND,ODISHA,16,32,5.4,8.4,7.1,8.2,176,369,0.9,2.7,0.02,2.3,220,3300,790,7900,2020
3963,RANIGUDA POND,POND,ODISHA,19,29,2.8,10.1,7.3,8,246,1080,2,8.4,0.02,2.8,220,7900,790,13000,2020
1396,OUSTERI LAKE,LAKE,PUDUCHERRY,27,32,5.2,6.6,7.2,7.5,182,905,0.8,2,0.05,0.92,13,1600,23,1600,2020
1686,BAHOUR LAKE,LAKE,PUDUCHERRY,28,28,4,7,6.9,7.2,287,332,1,1.5,0.02,1.42,240,1600,1600,1600,2020
4634,KANAGAN LAKE,LAKE,PUDUCHERRY,13,32,5.1,8.5,7.2,8.8,218,1542,1.5,11,0.03,0.82,2,3900,1600,11000,2020
1297,"HARIKE LAKE AT HARIKE 
VILLAGE, PUNJAB",LAKE,PUNJAB,11,32,6.5,8.8,7.4,8.1,207,280,1.1,1.8,0.5,1.2,110,610,700,1700,2020
1382,"HARIKE LAKE D/S FROM 
CANAL, PUNJAB",LAKE,PUNJAB,12,33,7,8.9,7.5,8.2,204,310,1.1,1.9,0.6,0.9,140,920,1000,2700,2020
2912,"RANJIT SAGAR RESERVOIR, 
PUNJAB",LAKE,PUNJAB,6,34,0.3,8.6,7.5,8.4,138,246,0.1,1.1,0.1,0.6,11,46,61,94,2020
1285,"PICHOLA LAKE AT UDAIPUR 
(WATER INTAKE POINT), 
RAJASTHAN",LAKE,RAJASTHAN,23,26,6.9,8.6,8,8.8,420,660,1.2,2.7,1.68,2.16,21,75,28,150,2020
1286,"UDAISAGAR LAKE AT UDAIPUR 
(INTAKE PT.) RAJASTHAN",LAKE,RAJASTHAN,20,26,5.1,6.8,7.6,8.8,1060,1250,1.2,3.8,1.66,3.09,64,150,120,240,2020
1414,"PUSHKAR LAKE, RAJASTHAN",LAKE,RAJASTHAN,21,31,1.2,5.8,7.7,8.9,190,560,1.5,5.3,1.55,4.72,14,75,28,210,2020
1481,"FATEH SAGAR LAKE AT 
UDAIPUR INTAKE POINT OF 
PHED, RAJASTHAN",LAKE,RAJASTHAN,24,26,7,8.8,8.3,8.8,540,1590,0.7,3.2,1.15,1.75,64,93,120,150,2020
1716,"NAKKI LAKE, MT. ABU, 
RAJASTHAN",LAKE,RAJASTHAN,14,28,3.4,7.3,7.8,8.2,230,330,0.7,2.7,1.14,2.63,39,93,75,210,2020
2935,"JET SAGAR LAKE, BUNDI, 
RAJASTHAN",LAKE,RAJASTHAN,20,30,1.6,6.9,7.9,8.6,310,510,1.1,3.3,0.92,2.29,39,240,75,460,2020
2937,"SILISERH LAKE, ALWAR, 
RAJASTHAN",LAKE,RAJASTHAN,20,32,5.2,6.8,7,8.3,210,280,0.6,3.1,0.08,1.76,14,23,21,64,2020
2938,"RAJSAMAND LAKE , 
RAJSAMAND- POINT NO. 1, 
RAJSAMAND, RAJASTHAN",LAKE,RAJASTHAN,17,22,4.1,6.6,8.3,8.7,310,630,1,3.4,0.92,2.1,39,150,75,240,2020
2939,"RAJSAMAND LAKE , 
RAJSAMAND- POINT NO. 2, 
RAJSAMAND, RAJASTHAN",LAKE,RAJASTHAN,17,22,4,6.9,8.4,8.8,420,640,0.8,2.8,1.1,2.06,39,240,64,460,2020
2940,"GAPE- SAGAR LAKE, 
DUNGARPUR, RAJASTHAN",LAKE,RAJASTHAN,22,25,5.1,7.6,8.1,8.8,560,750,0.8,4.3,1.54,2.29,64,240,120,1100,2020
2941,"JAISAMAND LAKE, SALUMBER, 
UDAIPUR, POINT NO. 1, 
RAJASTHAN",LAKE,RAJASTHAN,22,26,7.2,9,8.4,8.8,470,520,1,2.3,1.24,1.66,23,75,39,150,2020
2942,"JAISAMAND LAKE, SALUMBER, 
UDAIPUR, POINT NO. 2, 
RAJASTHAN",LAKE,RAJASTHAN,22,26,7,8.8,8.3,8.6,480,720,1.5,2.2,1.24,2.62,23,64,64,120,2020
2943,"LODHA TALAB, BANSWARA- 
DUNGARPUR ROAD, 
BANSWARA, RAJASTHAN",LAKE,RAJASTHAN,19,34,1,5.8,7.6,8.1,430,1010,1.6,4.4,2.07,3.05,75,460,150,2400,2020
4177,SWAROOP SAGAR LAKE,LAKE,RAJASTHAN,20,26,4.8,7.6,7.9,9.4,390,650,1,2.4,1.25,2.5,14,150,21,460,2020
4178,"GOVERDHAN SAGAR, 
UDAIPUR",LAKE,RAJASTHAN,20,26,3,6.4,8,9,690,920,1.4,4.1,1.35,2.29,64,460,120,1100,2020
4795,"NELA TALAB, SECTOR-14 
HIRAN MARG, UDAIPUR",LAKE,RAJASTHAN,20,26,3.2,5.1,7.9,8.7,540,880,1.1,4.4,1.56,2.33,93,150,150,240,2020
4179,"BADI KA TALAB, UDAIPUR",POND,RAJASTHAN,24,26,7.2,8.8,7.9,8.6,360,430,1,2.3,1.02,1.82,20,64,39,120,2020
1420,"KODAI KANAL LAKE, 
TAMILNADU",LAKE,TAMIL NADU,18,30,6,6.5,6,7.8,68,182,2,4,0.32,2.36,36,49,60,96,2020
1421,"UDHAGAMADALEM LAKE 
(OOTY), TAMILNADU",LAKE,TAMIL NADU,17,23,4.6,6.6,6.7,7.9,345,517,2,11.1,0.04,0.96,12,220,34,540,2020
1452,"YERCAUD LAKE, SALEM, 
TAMILNADU",LAKE,TAMIL NADU,20,24,5.9,7.1,6.5,8,286,378,0.1,2,0.22,0.77,25,260,120,630,2020
3007,"VEERANAM LAKE AT 
CUDDALORE, TAMILNADU",LAKE,TAMIL NADU,23,27,5.7,7,7.9,8.4,454,725,0.1,2.4,0.15,0.84,31,94,70,280,2020
3008,"POONDI LAKE AT 
THIRUVALLUR, TAMILNADU",LAKE,TAMIL NADU,26,32,5,7,7.2,8.3,358,615,2,3,0.32,1.05,2,2,2,170,2020
3009,"REDD HILLS AT THIRUVALLUR, 
TAMILNADU",LAKE,TAMIL NADU,26,31,4.9,6.4,7,8.3,340,531,1,3,0.14,2.05,2,93,2,490,2020
3010,"PORUR LAKE AT 
THIRUVALLUR, TAMILNADU",LAKE,TAMIL NADU,26,30,5,7,7.2,8.7,836,1657,1,3,0.32,1.85,2,120,40,1300,2020
3011,"PULICATE LAKE AT 
THIRUVALLUR, TAMILNADU",LAKE,TAMIL NADU,26,32,4.8,5.7,7.3,8.6,13010,65200,2,4,0.32,2.21,2,45,2,330,2020
1391,"HUSSAIN SAGAR LAKE, 
BUDAMERU",LAKE,TELANGANA,25,31,0.4,6,6.9,8.1,1066,1566,8,28,2.59,51,14,540,350,1600,2020
1788,"SAROORNAGAR , RANGA 
REDDY DIST.",LAKE,TELANGANA,26,33,0.1,3.9,6.8,7.9,1070,1498,8,46,0.1,9,8,70,31,1600,2020
1789,"HIMAYAT SAGAR LAKE , 
R.R.DIST.",LAKE,TELANGANA,27,30,4,7.5,7.2,8.2,272,602,2.1,3,0.29,2.1,2,8,5,154,2020
2340,"LAXMINARAYANA CHERUVU 
AT EDULABAD, RANGAREDDY",LAKE,TELANGANA,22,29,0.1,5.8,7.1,8.6,1084,1630,2.7,20,0.7,8,2,24,2,430,2020
2341,"MIRALAM LAKE NEAR ZOO 
PARK, RANGAREDDY",LAKE,TELANGANA,26,32,0.1,5.4,6.9,8.2,1048,1547,6,20,1.1,107,2,36,220,1600,2020
2342,"NOOR MD. KUNTA, 
KATTEDAN, RANGAREDDY",LAKE,TELANGANA,26,29,0.1,0.3,7,7.7,1072,2710,12,98,3.9,19,2,70,110,1600,2020
3068,"RAMAPPA LAKE, WARANGAL",LAKE,TELANGANA,27,27,5.8,6.8,7.4,8.6,155,274,2.1,4,0.01,7,2,2,2,70,2020
3069,"SHAMEERPET LAKE, 
SHAMEERPET, RANGA REDDY",LAKE,TELANGANA,26,30,4.2,6,6.9,8.3,408,699,2,4,0.4,3.5,2,10,18,280,2020
3070,"FOX SAGAR, JEEDIMETLA, 
RANGA REDDY",LAKE,TELANGANA,26,31,0.1,4.8,7.1,7.8,1066,2496,6,48,1.64,12,2,49,79,1600,2020
3071,"LANGARHOUSE LAKE, 
HYDERABAD",LAKE,TELANGANA,26,32,0.1,3.4,6.9,7.7,840,1414,4,28,0.4,19,2,36,20,540,2020
3072,"SAFILGUDA LAKE, RANGA 
REDDY",LAKE,TELANGANA,25,30,0.1,2,6.9,7.6,816,1776,6,28,2.04,22,8,26,26,430,2020
3073,"HASMATHPET LAKE, 
HASMATHPET, RANGA REDDY",LAKE,TELANGANA,24,30,0.1,1.2,6.9,7.5,928,1728,10,32,0.7,25,17,150,230,1600,2020
3074,"BANJARA LAKE, BANJARA 
HILLS, RANGA REDDY",LAKE,TELANGANA,26,30,0.3,0.9,7,7.8,1080,1144,8,12,1.18,1.51,14,130,280,920,2020
4229,NEKNAMPUR LAKE,LAKE,TELANGANA,25,35,0.1,5.2,7,7.7,1160,2021,2.9,34,1.4,7.87,2,32,74,430,2020
4234,"UMDA SAGAR LAKE, 
SHAMSHABAD",LAKE,TELANGANA,27,28,0.1,4.7,6.7,8.9,712,1480,4,30,0.3,13,4,130,180,540,2020
4235,"LAKE KAMUNI ( SHAMSHABAD 
LAKE)",LAKE,TELANGANA,23,32,0.1,5.1,7.1,8.5,645,1894,2.6,28,1,20,2,36,74,430,2020
4667,"SURRAM CHERUVU (PALLE 
CHERUVU), BANDLAGUDA (V),",LAKE,TELANGANA,26,30,0.1,3,6.8,8.3,1081,2518,8,42,3.4,18,2,46,63,540,2020
4668,"CHINNARAYAN CHERUVU, 
ALWAL (V)",LAKE,TELANGANA,26,30,0.1,4.5,6.9,7.9,1105,1992,8,32,1,16,2,20,49,430,2020
4669,"PEDDA CHERUVU, GANGARAM 
(V) SERLINGAMPALLY (NEW 
MANDAL)",LAKE,TELANGANA,20,28,0.1,3.9,6.7,8.4,1122,2485,6,32,3.1,16,12,36,120,540,2020
4670,"MADDELLA KUNTA/ 
BAIRAMALGUDA CHERUVU",LAKE,TELANGANA,27,29,0.1,4.3,6.9,8.2,474,1360,2.2,18,0.3,4.1,2,17,70,220,2020
4672,"MEDI KUNTA (WIPRO LAKE), 
NANAKRAMGUDA",LAKE,TELANGANA,22,35,0.1,5,7.2,8.4,887,1480,4,22,1,8.5,4,36,84,430,2020
4673,"MEEDI KUNTA (BK ENCLAVE 
LAKE), MAQTA MAHBOOBPET, 
(MADEENAGUDA)",LAKE,TELANGANA,18,29,0.1,3.2,6.9,7.4,685,1553,6,34,0.8,5,4,26,110,920,2020
4674,"MEEDI KUNTA, HAFEEZPET (V)",LAKE,TELANGANA,19,28,0.3,3,7.3,7.8,729,1216,4,12,1.2,11.4,2,15,84,430,2020
4676,"BANDA CHERUVU, 
MALKAJIGIRI (V), MALKAJIGIRI 
(NEW MANDAL)",LAKE,TELANGANA,26,30,0.1,2.8,6.9,7.8,1216,1642,7,32,1.8,22,2,70,63,430,2020
4677,"LINGAM CHERUVU, SURARAM 
(V), QUTHUBULLAPUR",LAKE,TELANGANA,26,30,0.1,5,6.9,7.9,1267,1800,7,25,2.1,28,2,49,110,480,2020
4678,"PATEL CHERUVU, NACHARAM 
(V), UPPAL (NEW MANDAL)",LAKE,TELANGANA,19,29,0.1,1,7,7.9,1220,1820,8,32,0.8,12,5,70,33,540,2020
4679,"HUDA PARK LAKE/ BUMRUKH 
KHAN DOWLA",LAKE,TELANGANA,22,35,0.1,2.6,6.8,7.9,1546,2299,10,36,2.4,5.7,8,79,110,540,2020
4680,"LAKNAVARAM CHERUVU, 
MULUGU (V)",LAKE,TELANGANA,28,29,5.5,6.8,6.5,8,98,640,2,12,0.36,4.2,2,17,20,170,2020
4681,"PHAKAL CHERUVU, 
NARSAMPET",LAKE,TELANGANA,27,30,4.4,6.4,7.6,8.2,175,376,2,2.8,0.1,2,2,26,14,240,2020
4682,"BANDAM CHERUVU, 
HANAMKONDA",LAKE,TELANGANA,27,28,0.1,5.6,7.2,8.2,808,1480,3,18,0.3,4,18,74,140,430,2020
4683,"PEDDA CHERUVU, 
MADIKONDA",LAKE,TELANGANA,27,28,2.2,5.8,7.3,8.3,420,715,2.2,12,0.2,1.74,2,22,27,120,2020
4684,"CAMPUS LAKE, ICRISAT",LAKE,TELANGANA,17,28,5.2,7.1,6.8,7.4,158,950,2.2,4,2.1,7.29,3,84,170,350,2020
4685,SURISIGAL LAKE ICRISAT,LAKE,TELANGANA,17,26,5.2,7.2,6.8,7.4,242,762,2.4,5,2.16,8.33,3,240,170,1600,2020
4686,"ICRISAT LAKE, ICRISAT",LAKE,TELANGANA,18,26,5.7,6.8,6.6,7.3,238,903,2.8,5,1.49,15.28,3,36,33,540,2020
4687,"RED LAKE, ICRISAT",LAKE,TELANGANA,18,25,5.8,6.9,6.6,7.5,345,1220,2.2,5.6,4.2,18.36,4,13,110,430,2020
4688,NARINJA LAKE,LAKE,TELANGANA,24,24,6.5,7.4,6.9,7.4,154,283,2.1,3,1.24,3.25,2,33,6,110,2020
4690,"BANJARA KUNTA (SINGADI 
KUNTA(, SHAIKPET",LAKE,TELANGANA,26,29,0.1,3.8,6.8,8.1,942,1346,8,34,2.01,12,2,79,110,430,2020
4691,"NAGOLE CHERUVU, UPPAL (V)",LAKE,TELANGANA,22,31,0.1,2.8,6.8,7.8,1034,1883,6,44,0.8,14,2,84,220,920,2020
4693,"PATEL CHERUVU, UPPAL (V)",LAKE,TELANGANA,19,26,0.1,2.2,6.8,7.4,966,1503,5,20,1.2,12,8,79,150,540,2020
4696,"PARKI CHERUVU, KUKATPALLY 
(V), BALANAGAR",LAKE,TELANGANA,25,29,0.1,3.8,6.8,8.4,1043,1818,10,36,2.9,29,2,79,13,920,2020
4697,"MUKKIDI CHERUVU 
(RAMAKRISHNAPURAM LAKE), 
MALKAJIGRI",LAKE,TELANGANA,27,27,5.2,5.2,8.5,8.5,561,561,6,6,16,16,5,5,33,33,2020
4698,"MANNEVARI KUNTA, 
MACHABOLLARAM (V) ALWAL",LAKE,TELANGANA,26,31,0.1,4,7,7.8,1146,2014,9,52,1.9,13,2,34,63,430,2020
4699,"KAPRAI CHERUVU, 
SAHEBNAGAR (V), 
HAYATHNAGAR",LAKE,TELANGANA,25,28,1.2,4.8,6.6,7.8,388,959,2.1,8,0.3,3,2,115,28,540,2020
4701,"LINGAM KUNTA, 
CHANDANAGAR (V) 
SERLINGAMPALLY",LAKE,TELANGANA,20,29,0.1,3.2,6.8,7.8,1172,1737,5,28,1.62,12,2,94,94,540,2020
4702,"PEDDA CHERUVU - KHAJA 
GUDA, KHJAGUDA (V), 
SERLINGAMPALLY 9NEW 
MANDAL)",LAKE,TELANGANA,22,30,2.1,5.9,7.2,8.1,1132,1793,8,34,13,41,13,280,49,1600,2020
4705,"KOTHA CHERUVU (ALWAL 
CHERUVU), ALWAL (V)",LAKE,TELANGANA,26,30,0.1,2.8,7,7.6,1700,1916,10,38,5,22.3,11,49,130,430,2020
2344,"NALLA CHERUVU, 
RANGAREDDY",POND,TELANGANA,26,30,0.3,2.4,7.6,7.7,1499,1669,10,14,1.9,3.41,2,20,8,350,2020
2345,"SAI CHERUVU, NEAR TANNERY 
INDUSTRIES, DESAIPET, 
WARANGAL",POND,TELANGANA,28,29,0.1,4.7,6.8,8.4,2491,14650,21,82,1.9,11,2,58,18,430,2020
2346,"BHADRAKALI CHERUVU, 
BHADRAKALI TEMPLE, 
WARANGAL",POND,TELANGANA,27,29,4.2,6.7,7.5,8.5,350,590,2.1,3.2,0.6,2,2,2,6,58,2020
2347,"ASANI KUNTA, KAJIPALLY, 
MEDAK",POND,TELANGANA,18,32,0.1,0.3,6.3,7.6,1409,12540,51,486,0.64,61.63,2,350,28,1600,2020
2357,DURGAM CHERUVU,POND,TELANGANA,27,30,0.1,4.8,7.1,8.7,814,1256,6,18,0.2,8,2,36,140,1600,2020
2359,PEDDA CHERUVU,POND,TELANGANA,26,32,0.1,1.1,7.1,7.8,914,1615,12,60,0.2,20,12,49,210,1600,2020
3075,"RANGADHAMUNI CHERUVU, 
RANGA REDDY",POND,TELANGANA,26,30,0.1,4,6.8,8.2,762,1549,5,32,0.8,18,2,70,140,540,2020
3076,"AMBER CHERUVU, 
KUKATPALLY, RANGA REDDY",POND,TELANGANA,26,32,0.1,2.9,7,7.8,994,1864,8,34,1.57,18,2,84,230,540,2020
3077,"KAPRA CHERUVU, KAPRA, 
RANGA REDDY",POND,TELANGANA,27,29,0.1,4.6,7,7.9,1139,1667,8,12,1.2,4.1,15,49,210,920,2020
3078,"PRAGATHINAGAR CHERUVU, 
KUKATPALLY, RANGA REDDY",POND,TELANGANA,26,32,0.1,2.8,7,7.7,998,1716,8,38,1.5,14,22,130,350,920,2020
4236,"PEDDA CHERUVU (NACHARAM 
CHERUVU)",POND,TELANGANA,28,28,0.3,0.3,7.5,7.5,1498,1498,15,15,2.83,2.83,-,-,-,-,2020
4665,"OUTLET OF KTPP ASH POND 
JOINING TO MORANCHA 
VAGU, CHELPUR, GHANPUR",POND,TELANGANA,27,29,3.4,5.7,7.4,8.4,480,990,2.3,5,0.5,2.2,2,23,18,130,2020
4675,"LOTUS POND, HAKIMPET (V), 
SHAIK PET (NEW MANDAL)",POND,TELANGANA,25,29,0.8,5,6.9,8.3,600,880,3,16,1.2,32,2,32,21,350,2020
1447,"DHARMASAGAR TANK NEAR 
WARANGAL",TANK,TELANGANA,27,28,5.6,6.5,7.5,8.8,187,380,2,3,0.3,2,2,2,4,39,2020
1464,BIBINAGAR TANK,TANK,TELANGANA,16,28,5.6,6.9,7,7.5,408,582,3,4,2.14,7.32,2,13,27,110,2020
1780,"GANDIGUDEM TANK , MEDAK 
DISTRICT",TANK,TELANGANA,17,34,5.6,6.6,6.9,7.4,773,2938,3.8,7,6.19,20.35,2,13,13,120,2020
1783,"KISTAREDDYPET TANK , 
MEDAK DIST.",TANK,TELANGANA,18,30,4.9,7.2,6.7,7.4,1120,6250,4,9,8.11,31.24,2,26,16,110,2020
2343,"PREMAJIPET TANK, 
KATTEDAN, RANGAREDDY",TANK,TELANGANA,27,33,0.1,3.8,6.8,8.5,1670,6110,16,68,0.5,18,2,36,14,540,2020
2348,"KAJIPALLY TANK, KAJIPALLY, 
MEDAK",TANK,TELANGANA,21,25,4.1,6.3,6.9,7.4,2080,3510,3,5.4,12.18,57.32,2,4,8,79,2020
2358,MALLAPUR TANK,TANK,TELANGANA,25,30,0.1,0.3,7,7.8,1270,2343,16,52,1.6,17,14,430,350,1600,2020
3084,"WADDEPALLY TANK, KAZIPET, 
WARANGAL",TANK,TELANGANA,18,29,4.2,6.5,6.9,8.4,319,1321,2,6,0.3,8.21,2,8,24,84,2020
3085,"CHINNA WADDEPALLY TANK, 
WARANGAL",TANK,TELANGANA,27,29,0.1,5.8,6.9,9.5,481,1296,2.1,40,0.8,17,2,39,63,540,2020
3086,"SAKI TANK, PATANCHERU, 
RANGA REDDY",TANK,TELANGANA,18,26,5,7.1,7.1,7.4,495,2083,3,6.4,0.32,9.18,2,9,25,84,2020
4222,"KONERU, KONDAGATTU 
TEMPLE, JAGITIYAL",TANK,TELANGANA,27,27,2,4.8,7.1,7.6,951,1332,4,10,4,4.6,14,70,320,350,2020
4223,"VEMULAWADA TEMPLE 
KONERU, KARIMNAGAR",TANK,TELANGANA,26,28,2.1,3.4,7.1,7.3,1079,1290,12,18,4,5,20,26,280,430,2020
4225,"JOGULAMBA TEMPLE, 
GADWAL",TANK,TELANGANA,26,31,4.8,6.2,6.9,8.4,660,1808,2,4,0.2,4,2,13,6,70,2020
4228,"IBRAHIM CHERUVU, 
RAJENDRA NAGAR",TANK,TELANGANA,30,32,0.3,1.7,6.9,7.3,1246,1686,8,12,1.2,6.9,2,27,33,920,2020
4230,"KISTAIPALLY TANK, KAZIPET, 
WARANGAL",TANK,TELANGANA,21,37,0.9,6.2,7.1,7.4,1391,3075,2.1,12,6.9,24.38,2,27,2,920,2020
4231,"RAYAM CHERUVU, 
BONTHAPALLY VILLAGE, 
JINNARAM MANDAL, 
SANGAREDDY DISTRICT",TANK,TELANGANA,21,37,5,6.4,7,7.4,234,625,2.1,3.4,2.16,9,2,5,2,110,2020
4232,"KOMATI CHERUVU, SIDDIPET 
TOWN, SIDIPET DISTRICT",TANK,TELANGANA,24,37,5.8,6.8,7,7.4,323,943,2.1,4.2,2.08,10.37,2,68,2,70,2020
4233,"GADDAPOTHARAM CHERUVU, 
GADDAPOTHARAM VILLAGE, 
JINNARAM MANDAL, 
SANGAREDDY DIST",TANK,TELANGANA,21,37,4,5.1,6.3,7.4,2600,6600,6,10,13.31,37.42,2,17,2,220,2020
4237,"MULLAKATWA CHERUVU, JI 
TECH CITY, MADHAPUR,",TANK,TELANGANA,25,32,0.1,0.3,6.9,7.8,1158,1558,6,22,0.5,6,5,33,170,920,2020
4238,"AMEENPUR CHERUVU, 
AMEENPUR (V & M) 
SANGAREDDY DISTRICT",TANK,TELANGANA,21,26,5,6.1,6.9,7.4,685,1680,3.4,5,1.28,19.31,2,24,92,280,2020
4239,"MAHABOOBSAGAR TANK 
SANGAREDDY (V & M) 
SANGAREDDY DISTRICT",TANK,TELANGANA,17,26,5,6,6.7,7.5,448,1861,2.8,5.2,3.13,16.28,3,92,33,240,2020
4240,"MUTHANGI TANK, MUTHANGI 
(V), PATANCHERU (M) 
SANGAREDDY DISTRICT",TANK,TELANGANA,23,24,4.9,5.4,7.2,7.3,249,325,2.8,3.2,3.1,4.14,2,4,17,22,2020
4241,"CHITKUL TANK, CHITKUL (V) 
PATANCHERU (M) 
SANGAREDDY DISTRICT",TANK,TELANGANA,19,26,4.5,5.4,6.9,7.3,725,2680,2.8,5.8,7.17,26.28,2,68,20,130,2020
4242,"LAKADARAM CHERUVU, 
LAKADARAM (V) PATANCHERU 
(M) SANGAREDDY DISTRICT",TANK,TELANGANA,16,26,4.6,5.7,6.6,7.4,610,1962,3,6,4.12,17.37,2,12,20,94,2020
4243,"ISNAPUR TANK, ISNAPUR (V) 
PATANCHERU 9M) 
SANGAREDDY DISTRICT",TANK,TELANGANA,18,26,3.5,5,6.7,7.4,1328,11200,4.2,86,8.39,45.31,2,33,24,210,2020
4244,"YERDANOOR TANK, 
YERDANOOR (V) SANGAREDDY 
DISTRICT",TANK,TELANGANA,18,24,6,6.4,6.8,7.4,420,1843,2.4,3.6,4.11,16.53,2,6,47,63,2020
4245,"MALLEPALLY TANK 
MALLEPALLY (V) KONDAPUR 
(M) SANGAREDDY DISTRICT",TANK,TELANGANA,20,24,5.4,6.2,6.8,7.4,405,3013,3,5,2.1,22.58,2,15,31,70,2020
4246,PASHAMYLARAM TANK,TANK,TELANGANA,19,19,4.7,4.7,7.2,7.2,5500,5500,7,7,23.3,23.3,2,2,70,70,2020
4247,"MUCHARLA NAGARAM 
CHERUVU, WARANGAL",TANK,TELANGANA,25,29,1,5.5,7.4,8.5,527,1010,2.2,16,0.3,3,2,26,28,430,2020
4248,"KOTI CHERUVU, 
HANAMKONDA, WARANGAL",TANK,TELANGANA,27,29,0.1,4.3,6.8,8.4,698,1124,4,18,0.6,8,2,22,14,540,2020
4249,"RANGASAMUDRAM, 
WARANGAL",TANK,TELANGANA,27,29,0.1,4.8,7.2,8.4,644,1585,3.8,18,0.3,4,8,38,73,430,2020
4302,"RUDRARAM TANK, 
RUDRARAM (V)PATANCHERU 
(M) SANGAREDDY DISTRICT",TANK,TELANGANA,18,28,5,6.6,6.7,7.5,715,2979,2.6,5,6.1,24.21,2,9,20,84,2020
4689,"SUNNAM KUNTA, JUBILLE 
HILLS",TANK,TELANGANA,26,29,0.1,4.5,7.1,8,434,1030,4,26,0.88,18,2,26,58,350,2020
4700,"LARGE TANK, SAROORNAGAR 
(V)",TANK,TELANGANA,25,29,0.1,2.5,6.7,7.6,1296,1620,6,30,0.62,8,2,94,130,540,2020
4703,"BULBUL KUNTA, LAXMI 
NAGAR (V), RAJENDRANAGAR",TANK,TELANGANA,22,30,0.1,3.2,7.1,7.8,1326,2158,14,34,1.4,8,17,110,320,920,2020
4704,"PEDDA CHERUVU, 
MANSOORABAD (V), 
SAROORNAGAR",TANK,TELANGANA,27,30,0.1,3.3,6.9,11.1,573,1720,6,30,0.3,20,2,41,130,430,2020
1727,"LAXMI NARAYAN BARI PALACE 
COMPOUND, TRIPURA",LAKE,TRIPURA,23,30,5.7,6.7,7,8.3,126,179,0.9,1.4,0.3,1.28,15,38,47,150,2020
1728,"RUDRASAGAR, SONUMURA, 
TRIPURA",LAKE,TRIPURA,22,29,5.1,6.3,6.7,7.3,118,1229,1,2.7,0.78,1.92,25,58,94,280,2020
3391,"DHAMBUR LAKE, DHALAI",LAKE,TRIPURA,22,29,5.4,6.9,6.8,7.7,124,191,0.1,1.4,0.69,1.18,17,47,63,170,2020
4192,MBB COLLEGE LAKE,LAKE,TRIPURA,22,30,5,6.5,6.9,7.5,116,166,0.1,1.3,0.31,0.89,15,48,84,240,2020
4193,"DIMASAGAR LAKE, NORTH 
GATE",LAKE,TRIPURA,23,29,5.2,6.8,6.3,6.9,106,161,0.7,1.6,0.3,1.17,15,58,58,220,2020
4642,"RUDRASAGAR NORTH 
LAKE,TRIPURA",LAKE,TRIPURA,22,29,5.8,6.8,6.7,7.2,109,181,0.5,2.3,0.27,1.17,17,58,58,210,2020
4643,"RUDRASAGAR EAST LAKE 
TRIPURA",LAKE,TRIPURA,22,29,5.3,6.4,6.8,7.5,121,184,0.1,1.8,0.27,1.28,17,63,84,150,2020
4644,"RUDRASAGAR WEST LAKE 
TRIPURA",LAKE,TRIPURA,22,29,5.6,6.5,6.7,7.2,117,169,0.3,1.6,0.32,1.19,17,58,58,210,2020
3392,"SHIPAHIJALA POND, WEST 
TRIPURA",POND,TRIPURA,13,27,5,6.1,6.4,7.1,119,169,0.6,1.6,0.7,1.72,17,38,47,130,2020
3393,"BRAMAKUNDA POND, WEST 
TRIPURA",POND,TRIPURA,22,29,6,6.8,6.9,7.3,122,193,0.6,1.6,0.68,1.65,17,40,58,130,2020
3394,"KALYANSAGAR AT 
MATARBARI, SOUTH TRIPURA",POND,TRIPURA,22,30,6,6.9,6.5,7.4,123,192,0.7,2.1,0.68,2.27,25,63,94,220,2020
3395,"MAHADEB DIGHI, SOUTH 
TRIPURA",POND,TRIPURA,22,29,6.1,6.9,7,7.4,127,173,0.1,1.5,0.46,1.29,15,58,48,150,2020
3396,"JAGANNATH DIGHI, SOUTH 
TRIPURA",POND,TRIPURA,22,29,5.9,7,6.7,7.1,106,174,0.6,1.4,0.55,1.09,17,31,41,120,2020
4194,LALBAHADUR DIGHI POND,POND,TRIPURA,22,29,5.3,6.5,6.5,7.1,127,172,1.1,2,0.48,1.25,15,48,41,140,2020
4195,DURGABARI POND,POND,TRIPURA,22,29,5,6.6,6.4,6.9,128,179,0.1,1.3,0.43,1.09,12,25,40,120,2020
4196,RADHANAGAR POND,POND,TRIPURA,22,30,5.1,6.8,6.6,7.1,114,191,2.1,4,0.68,1.51,32,63,110,280,2020
4197,"CHATURDASH DEBATA BARI 
POND",POND,TRIPURA,22,29,6,7.1,6.1,7.1,119,184,0.1,1.3,0.75,1.08,15,39,46,120,2020
4221,KATAL DIGHI POND,POND,TRIPURA,23,29,5.5,6.9,6.5,7.4,127,184,0.5,1.6,0.31,1.12,15,49,40,150,2020
2499,"SAMARPUR JHEEL, RAEBARELI",LAKE,"UTTAR 
PRADESH",21,28,0.3,8,7.8,8.2,259,411,4,4.6,0.78,0.9,3900,4900,5100,7000,2020
1765,"RABINDRASAROVAR 
NATIONAL LAKE, CALCUTTA, 
WEST BENGAL",LAKE,WEST BENGAL,19,36,4.8,10.4,6.9,8.5,299,987,1.1,5.5,0.99,3.54,450,1100,1300,2800,2020
2503,"HATISHALA GHAT ON 
DUDHPUKUR AT 
TARAKESHWAR, HOOGHLY",LAKE,WEST BENGAL,24,34,4.8,9,7.9,8.6,607,786,4,7.2,0.33,0.61,200,35000,400,54000,2020
2504,"MAINH GHAT ON DUDHPUKUR 
AT TARAKESHWAR, HOOGHLY",LAKE,WEST BENGAL,24,34,4.5,8.8,7.9,8.7,604,777,3.5,6.5,0.36,0.77,4000,54000,8000,92000,2020
2505,"HANUMAN GHAT ON 
DUDHPUKUR AT 
TARAKESHWAR, HOOGHLY",LAKE,WEST BENGAL,24,33,5.5,9.2,8.1,8.6,615,800,2.2,6.6,0.37,0.63,200,22000,400,35000,2020
2519,"KOCHBIHAR LAKE (SAGAR 
DIGHI), COOCHBEHAR",LAKE,WEST BENGAL,16,29,6.4,7.4,6.7,7.8,39,107,1.2,2.6,0.3,1.75,2100,14000,7000,14000,2020
2520,"MIRIKH LAKE, DARJEELING",LAKE,WEST BENGAL,8,17,5.4,7.4,6.5,7.6,18,128,1,2.8,0.3,2.39,90,3400,170,17000,2020
2521,"WATER RESERVIOR AT DELO 
LAKE, DARJELLING",LAKE,WEST BENGAL,7,21,7,7.6,6.9,7.8,13,33,1,1.2,0.3,1.16,80,230,110,1100,2020
2522,"SINCHAL LAKE FOR 
DARJEELING",LAKE,WEST BENGAL,3,12,7.1,8.6,6.9,7.8,12,28,1,1.2,0.3,0.82,70,170,120,300,2020
2539,"BELBONI LAKE NEAR BARJORA, 
BANKURA",LAKE,WEST BENGAL,19,34,7.9,8.7,6.9,7.8,122,222,1.4,2.1,0.3,0.3,450,1700,830,2200,2020
2544,SAHEBBANDH AT PURULIA,LAKE,WEST BENGAL,18,35,8.5,9.5,7.3,8.3,314,467,2.9,4,0.3,0.3,2500,4100,3800,8400,2020
4720,"LAKE RASIKBHEEL AT 
COOCHBEHAR",LAKE,WEST BENGAL,19,28,6.7,8.1,7.1,8.4,32,109,1.4,2.1,0.3,2.76,90,1300,700,3500,2020
4725,"WATER RESERVIOR ST. HELENS 
SCHOOL",LAKE,WEST BENGAL,4,27,7.1,8.2,7.1,7.7,14,32,1,2.1,0.3,2.76,70,1300,170,3400,2020
4729,"JOREPOKHARI LAKE AT 
SUKHIAPOKHARI",LAKE,WEST BENGAL,4,14,6.9,7.8,6.8,8,10,135,1,1.4,0.3,2.28,60,260,110,330,2020
4368,"KOLLERU LAKE KOKKIRAYALANKA (V),
KAILALUR (M)",LAKE,ANDHRA PRADESH,24,27,3.2,6.5,7,8,245,5160,1.6,3.2,1.02,3.6,9,21,120,210,2021
2353,"KONDAKARLA-AAVA LAKE, PARAWADA 
PHARMA CITY, VISHAKHAPATNAM",LAKE,ANDHRA PRADESH,26,29,3,6.8,6.9,7.8,599,1179,1.9,4.6,0.77,3.56,15,23,150,240,2021
1790,"PULICATE LAKE , NELLORE DIST",LAKE,ANDHRA PRADESH,18,24,4.2,6,7.2,8.2,28000,56900,2.4,2.8,1.2,1.64,3,3,47,150,2021
4391,"CHENGAMBAKAM TANK IN SRI CITY SEZ, 
TIRUPATHI",TANK,ANDHRA PRADESH,22,29,5.4,6.2,6.3,7.9,180,476,1,2.5,0.34,2.3,24,365,170,549,2021
4921,"ANNAMAYYA PROJECT ON CHEYYERU 
RESERVOIR",Wetland,ANDHRA PRADESH,21,30,5.4,6.5,7.3,8,496,734,1,2.3,0.35,1,43,289,240,727,2021
4936,ANUMANAPALLE CHERUVU,Wetland,ANDHRA PRADESH,22,23,6.8,7.5,7.1,9,158,320,1.2,2.2,0.42,1.79,3,4,63,150,2021
4919,BRAMHASAGAR,Wetland,ANDHRA PRADESH,20,29,5.1,6.4,7.1,7.9,381,608,1,2.2,0.32,0.67,45,322,210,602,2021
4926,DALI TANK,Wetland,ANDHRA PRADESH,22,31,4.2,7.3,7.1,8.5,274,18950,1.5,2.5,0.38,2.82,4,15,2,150,2021
4931,GACCHAKAYALA PORA (LAGOON),Wetland,ANDHRA PRADESH,27,31,4.5,7.2,7.1,8.6,12230,56900,1.4,3.6,0.63,2.86,4,15,64,120,2021
4917,GANGINENI CHERUVU,Wetland,ANDHRA PRADESH,21,30,3.8,5.8,6.6,8.1,802,1326,2.2,3.5,1.08,4.51,191,659,540,1120,2021
4934,INTERU SWAMPS,Wetland,ANDHRA PRADESH,25,26,6.1,7.5,7.3,7.9,16170,26800,2.4,2.8,1.12,1.8,3,3,63,150,2021
4918,KATTAMANCHI CHERUVU,Wetland,ANDHRA PRADESH,23,30,4.3,5.6,6.8,8.1,733,1303,1.8,3.2,0.65,2.91,170,525,430,1120,2021
4933,KRISHNA MANGROVES,Wetland,ANDHRA PRADESH,24,28,5.1,6.2,7.1,8,24000,34500,2.4,2.8,1.03,1.81,3,3,71,150,2021
4916,MID PENNAR RESERVOIR,Wetland,ANDHRA PRADESH,21,27,5.3,6.3,7,7.9,346,560,1,1.7,0.33,2.57,84,376,220,659,2021
4925,NAUPADA SWAMPS,Wetland,ANDHRA PRADESH,22,32,2,8,7.2,8.3,330,58500,1.8,4.1,1,6.16,7,28,2,1100,2021
4930,P .S. CHINNAIAH PALEM,Wetland,ANDHRA PRADESH,24,30,5.8,8,6.8,8.2,460,1340,1.5,4.1,0.32,1.92,4,21,64,210,2021
4924,PATATEKALLI CHERUVU,Wetland,ANDHRA PRADESH,22,32,3.5,8.5,6.9,8.6,271,53100,1.5,22,1.02,3.87,9,23,120,460,2021
4915,PATHAKOTHA CHERUVU,Wetland,ANDHRA PRADESH,23,28,4.6,6.1,7.1,8.1,931,1702,1.8,3,0.42,2.94,180,629,430,1046,2021
4928,PEDDA CHERUVU,Wetland,ANDHRA PRADESH,26,32,0.3,7.5,6.6,7.7,620,1450,1.9,54,1.96,6.09,21,39,240,2400,2021
4923,SANGAMESWARA BACKWATERS,Wetland,ANDHRA PRADESH,22,27,5.1,6.4,6.8,7.9,357,1210,1.2,2.7,0.38,2.34,41,356,220,840,2021
4920,SOMASILA BACK WATER,Wetland,ANDHRA PRADESH,21,29,5.2,6.5,7.2,7.9,480,795,1,1.8,0.34,0.94,25,373,240,594,2021
4927,TATIPUDI RESERVOIR,Wetland,ANDHRA PRADESH,25,32,4.1,8,7,8.2,216,392,1.2,2.4,0.34,2.29,3,4,39,75,2021
4929,UPPALANKA MUDFLATS,Wetland,ANDHRA PRADESH,25,29,2.3,8,7,8,730,39600,1.8,5.8,0.46,3.02,4,15,49,150,2021
4935,UPPALAPADU TANK,Wetland,ANDHRA PRADESH,21,24,6.4,7.6,7,8.4,641,937,2.6,4.4,1.27,4.52,3,4,150,2400,2021
4932,YERRAKALUVA RESERVOIR,Wetland,ANDHRA PRADESH,23,28,2.2,8.2,7.1,8,185,1175,1.4,2.8,0.42,2.29,4,7,43,93,2021
3785,"BORBEEL NO. 1 , RAM NAGAR, DIGBOI, 
PUBLIC WATER SUPPLY, TINSUKIA",LAKE,ASSAM,24,24,1,1,7.7,7.8,278,282,2.3,2.4,1,1,2,2,2,2,2021
3789,"BORDOIBAM BEELMUKH BIRD 
SANCTUARY, DHEMAJI",LAKE,ASSAM,22,26,3.8,8.5,7,7.7,179,208,2,2.7,0.6,1.2,300,910,1400,2000,2021
3820,"BORSOLA BEEL, SARABBHATTI, 
GUWAHATI",LAKE,ASSAM,21,32,0.3,6.3,7.3,7.8,452,470,23.6,29.2,2,2.8,2300,3900,4400,6400,2021
2206,"DALONI BEEL NEAR JOGIGHOPA, ASSAM",LAKE,ASSAM,24,36,4.5,5.5,7,7.8,66,81,1.6,2.6,0.7,1.1,300,730,610,1500,2021
2218,"DEEPAR BEEL AT BORAGAON NEAR 
IASST, GUWAHATI, ASSAM",LAKE,ASSAM,21,31,4.6,10.8,7.2,7.8,156,288,2,5,0.6,2,300,730,1100,1600,2021
1529,"DEEPAR BEEL, ASSAM",LAKE,ASSAM,20,31,4.2,10.8,7.2,7.8,150,291,2.2,5.2,0.8,1.8,300,730,910,1600,2021
3821,"DIPLAI BEEL AT SILGARA, KOKRAJHAR",LAKE,ASSAM,22,34,4.2,5.5,7,7.6,64,98,2,2.9,0.7,1.4,300,730,910,1600,2021
3787,"HOLUDUNGA BEEL NEAR GAI NADI/ 
RIVER AT SOMARAJAN, DHEMA JI",LAKE,ASSAM,22,25,4.2,8.4,7,7.6,84,130,2,2.8,0.6,0.9,300,730,910,1500,2021
4337,"KAMALABARI LAKE INSIDE KAMALABARI 
CHILDREN,S PARK, GELEKY",LAKE,ASSAM,20,35,5.4,7.6,6.8,7.6,53,85,1.9,2.5,0.7,1.2,300,360,360,910,2021
3812,"KAMALPUR BEEL, KAMALPUR",LAKE,ASSAM,21,27,0.3,3.8,7.2,7.8,1046,1150,25.2,30.4,2.2,3.4,360,1400,910,2700,2021
3800,"MALINI BEEL NEAR INDUTRIAL AREA AT 
RAMNAGAR",LAKE,ASSAM,20,25,4,6.2,7,7.7,126,164,2.1,2.8,0.6,1,300,610,610,1600,2021
2205,"MER BEEL AT MADHABPUR, ASSAM",LAKE,ASSAM,22,25,4,7.8,7.2,8,136,161,2.3,2.8,0.8,1.1,300,720,910,2000,2021
3808,PARASHALI BEEL AT DEMORIA,LAKE,ASSAM,20,30,5.8,10.2,7,7.6,120,152,2.2,2.8,0.6,1.2,300,930,910,2000,2021
3798,SAMAGURI BEEL IN NAGAON DISTRICT,LAKE,ASSAM,19,34,4,7.1,7,7.5,118,143,2,2.9,0.6,1.1,300,730,720,2000,2021
3814,"SILSAKO BEEL, CHACHAL, GUWAHATI",LAKE,ASSAM,20,33,0.3,1.4,7.1,7.6,511,532,14,19,1.2,2.6,1400,2300,2700,4300,2021
3804,SON BEEL WATER AT KARIMGANJ,LAKE,ASSAM,21,25,4,4.3,6.8,7.5,123,158,2.2,2.8,0.6,1.2,300,910,730,2100,2021
3819,"SORU SOLA BEEL, PALTAN BAZAR, 
GUWAHATI",LAKE,ASSAM,21,32,0.3,6.7,7,8,462,486,24.6,29.4,2,2.8,2600,3600,4200,5300,2021
2225,"BASKANDI POND INSIDE THE BASKANDI 
MADRASA, BASKANDI, ASSAM",POND,ASSAM,18,24,4.2,4.8,7.2,7.5,101,130,2.1,2.6,0.6,1.2,300,910,1100,2000,2021
2219,"BISHNU PUSKAR PUKHURI OF HAYAGRIB 
MADHAB TEMPLE, HAJO, ASSAM",POND,ASSAM,20,27,4.5,10,7,7.6,210,242,2,2.6,1,1.3,300,2300,730,4300,2021
2207,"BOR BEEL AT JAKAI., ASSAM",POND,ASSAM,21,25,4,7,7.2,7.8,200,297,2,2.8,0.6,1.1,300,730,610,1500,2021
3772,BORPUKHURI AT SONARI,POND,ASSAM,18,33,5.8,7.4,6.8,8,68,111,2,2.6,0.6,1.1,300,360,360,1100,2021
2208,"BORPUKHURI, NAZIRA, ASSAM",POND,ASSAM,19,34,5.6,7.6,6.9,7.7,56,96,2,2.5,0.7,1.1,300,360,300,910,2021
2214,"BOTODRIVA SATRA POND, NAGAON, 
ASSAM",POND,ASSAM,20,30,4,6.2,7.2,7.6,63,88,2,2.8,0.8,1.1,300,730,730,1500,2021
2220,"CHAND DUBI BEEL, CHAND DUBI, ASSAM",POND,ASSAM,22,32,4.6,10.3,7.2,7.7,83,108,2.1,2.6,0.7,1.1,300,730,720,1500,2021
2216,"DIGHALI PUKHURI, GUWAHATI, ASSAM",POND,ASSAM,20,35,4.2,11.2,7.1,7.7,218,321,2.3,3,1,1.8,360,730,910,2000,2021
1263,"ELANGABEEL SYSTEM POND 
(CONNECTED TO R. KOLANG), ASSAM",POND,ASSAM,19,29,4,6.8,7,7.6,206,882,2.2,2.8,0.8,1.3,300,910,730,2100,2021
2228,"GALA BEEL AT DERGAON, ASSAM",POND,ASSAM,20,30,6.8,9.2,7.3,7.8,63,103,2.1,2.5,0.7,1.1,300,720,720,1500,2021
2221,"GANGA PUKHURI, NALBARI (GORDON 
SCHOOL), ASSAM",POND,ASSAM,21,27,4.5,10.2,7,7.8,70,89,1.8,2.8,0.6,1.1,300,730,610,1500,2021
2209,"GAURISAGAR TANK, GAURISAGAR, 
ASSAM",POND,ASSAM,20,36,4.8,7,6.4,7.6,65,83,1.3,2.7,0.7,1.4,2,730,360,1500,2021
2212,"GOPHUR TANK, GOPHUR, ASSAM",POND,ASSAM,20,32,6.8,7.6,7.4,7.8,101,119,2.3,2.6,0.6,1.2,300,360,620,1500,2021
2227,"HORDAI PUKHURI, CHARAIDEW, ASSAM",POND,ASSAM,18,32,5.6,7.2,6.7,7.4,64,77,1.8,2.7,0.8,1.1,300,360,360,910,2021
2213,"JAIPAL PUKHURI, SIPAJHAR, ASSAM",POND,ASSAM,22,31,7,8,7.2,8,89,210,2.2,2.8,0.8,1.1,300,720,730,1400,2021
3809,"JORPUKHURI AT UZANBAZAR 
(UGRATALA TEMPLE)",POND,ASSAM,20,35,4.5,11,7,8,382,404,2.1,2.9,0.8,1.2,360,910,910,2000,2021
2223,"MAHAMAYA MANDIR PUKHURI, ASSAM",POND,ASSAM,22,36,4,5.1,7.2,8,68,95,1.9,2.6,0.7,1.1,300,910,910,2100,2021
4006,NETAI PUKHURI AT NETAI PUKHURI,POND,ASSAM,18,35,5,7.6,6,7.9,64,88,1.8,2.6,0.7,1.1,300,360,360,910,2021
2211,"PADUMPUKHURI, TEZPUR, ASSAM",POND,ASSAM,23,33,7,7.8,7.2,7.8,264,304,2.2,2.7,0.8,1.3,300,730,720,1500,2021
3806,"POND WATER FROM RAMKRISHNA 
MISSION AT HAILAKANDI",POND,ASSAM,22,25,4,5.4,6.8,7.7,122,179,2.2,2.6,0.7,1,300,940,910,1600,2021
2222,"RAJADINIA PUKHURI AT ABHAYAPURI, 
ASSAM",POND,ASSAM,24,38,4.1,5.7,7,7.7,60,80,1.9,2.6,0.7,1.2,300,910,730,2000,2021
2224,"RAJAPUKHURI AT GAURIPUR, ASSAM",POND,ASSAM,24,36,4.3,5.6,7.3,7.9,96,126,2.1,2.6,0.7,1.2,300,910,910,2000,2021
2210,"RAJMAW PUKHURI, JORHAT, ASSAM",POND,ASSAM,21,33,5.6,7.8,6.8,7.8,73,109,2.1,2.6,0.6,1.2,300,360,360,910,2021
2215,"SARAN BEEL, ASSAM",POND,ASSAM,21,32,4,7,7,7.6,75,105,2,2.7,0.7,1.1,300,730,720,1500,2021
2226,"SIVASAGAR TANK (BORPUKHURI) NEAR 
SIVADOL, ASSAM",POND,ASSAM,20,36,4,7.5,6.6,7.6,66,90,1.8,2.8,0.7,1.1,300,730,360,1500,2021
2217,"SUBHAGYA KUNDA POND KAMAKHYA 
TEMPLE, GUWAHATI, ASSAM",POND,ASSAM,19,30,4,8.5,7.3,7.8,218,247,2,2.7,0.6,1.1,300,730,720,2100,2021
4334,"THOWRADOLE PUKHURI, THOWRADOLE 
G.P. DEMOW BLOCK",POND,ASSAM,19,36,5.5,7.8,6.8,7.7,71,89,2,2.8,0.7,1.1,300,360,360,910,2021
1532,"GOYSAGAR TANK, SIBSAGAR, ASSAM",TANK,ASSAM,20,36,5.5,6.5,6.3,7.6,62,88,1.4,2.6,0.7,1.1,2,300,360,730,2021
2557,"KAWAR LAKE, BEGUSARAI",LAKE,BIHAR,12,31,1.7,9.2,6.8,7.5,136,360,2.4,4.2,0.15,6.2,780,92000,2300,160000,2021
2571,MOTI JHEEL AT MOTIHARII,LAKE,BIHAR,20,29,2.6,22,7.2,8.3,390,1080,1,16,0.06,2.57,680,160000,1100,160000,2021
4296,"SIKANDRAPUR, MUZAFFARPUR",LAKE,BIHAR,12,32,2.2,18.5,7.6,9,444,948,3.7,10,0.3,0.5,1700,160000,3300,160000,2021
2574,SURAJ KUND AT GAYA,POND,BIHAR,18,31,3.3,16,7.1,8.2,427,817,2.3,6.9,0.13,1.65,2200,160000,2600,160000,2021
2573,TIGHI TALAB AT GAYA,POND,BIHAR,18,31,5.4,19.6,7.4,8.8,557,1140,2.1,8,0.3,1.17,920,160000,1700,160000,2021
2046,"SUKHNA LAKE, CHANDIGARH",LAKE,CHANDIGARH,17,33,7.5,10.3,6.9,8.7,208,295,2.4,3.6,0.5,15,5,27000,33,10900000,2021
3163,"HITKASA TAILING DAM, RAJHARA, 
CHHATISGARH.(DALLI RAJHARA IRON 
ORE MINES, DALLI RAJHARA)",LAKE,CHHATTISGARH,24,32,6,6.8,7.1,7.8,,,8,16,0.64,0.64,2,170,70,170,2021
3164,"NEHRU NAGAR TALAB, BHILAI, 
CHHATISGARH.",POND,CHHATTISGARH,21,31,7,7.2,7.1,7.8,,,2,2.8,0.59,0.59,10,110,110,170,2021
3031,"BHALSWA LAKE, DELHI",LAKE,DELHI,32,32,0.3,1.7,7.6,8.1,6560,6560,40,55,1.14,2.1,49000,3300000,14000000,14000000,2021
3476,"LAKE NEAR IIT FLYOVER, DELHI",LAKE,DELHI,34,34,0.3,11,8.7,9.1,940,940,64,163,2.38,2.6,49,980000,79,79,2021
3030,"SANJAY LAKE, DELHI",LAKE,DELHI,33,33,0.3,9,8.1,8.3,1194,1194,26,57,1.01,2.04,49,40000,130,130,2021
3175,ANJUNEM LAKE,LAKE,GOA,27,32,4.8,7.9,5.7,7.4,40,140,1,1.6,0.32,0.54,2,240,2,540,2021
3177,CARAMBOLIM LAKE,LAKE,GOA,27,30,4.3,8.8,6.3,8.3,99,603,1,2.8,0.32,0.39,78,1300,110,3300,2021
3180,CURTORIM LAKE,LAKE,GOA,27,31,1.6,6.7,6,7.7,78,195,1,2.9,0.32,1.22,130,2300,170,4900,2021
4408,HARWALE WATER FALL,LAKE,GOA,27,33,5.9,8.4,6.2,7.4,55,167,1,1.9,0.32,0.44,49,3300,140,5400,2021
2269,"MAYEM LAKE, BICHOLIM",LAKE,GOA,28,32,5.9,8.2,6.2,7.3,39,96,1,1.8,0.32,0.32,170,2200,330,2700,2021
3178,RAIA LAKE,LAKE,GOA,27,31,2.8,7.7,6.4,7.7,90,177,1.2,3.4,0.32,1.12,45,2700,68,3900,2021
3176,RUMDER LAKE,LAKE,GOA,27,32,1.2,6,6.1,7.8,95,141,1,3.8,0.32,0.52,130,2300,230,4900,2021
3179,SAIPEM LAKE,LAKE,GOA,28,30,1.2,4.9,6.5,7.8,196,463,2.5,8,0.32,1.18,230,4900,940,7900,2021
1549,"SALAULIM LAKE AT SALAULIM - 
SANGUEM, GOA",LAKE,GOA,27.5,33,6.1,8.1,6.7,8.5,38,139,1,1.8,0.32,0.9,2,49,4,79,2021
1345,"AJWAH LAKE AT SRI SAYAJI SABVAR, 
BARODA,",LAKE,GUJARAT,27,30,5.1,8.5,7.6,8.5,365,502,1,1,0.32,0.39,2,11,17,70,2021
2076,"ANKLESHWAR RESERVOIR AT GIDC 
ANKLESHWAR AT VALIA ROAD.",LAKE,GUJARAT,26,31,6.5,8.5,7.6,8.3,306,508,1,1,0.3,0.5,2,27,20,70,2021
1973,"BINDUSAROVAR, SIDDHPUR 
(DIST.PATAN)",LAKE,GUJARAT,27,29,3.5,7.2,7.3,8,205,2415,1,10.5,0.3,1.3,12,120,46,350,2021
1344,"CHANDOLA LAKE AT AHMEDABAD,",LAKE,GUJARAT,25,30,4.1,6.9,7.3,8.4,449,669,2.4,19,0.3,1.68,26,920,130,1600,2021
1977,CITY LAKE OF NADIAD,LAKE,GUJARAT,27,35,4.7,6.7,7.7,8.5,892,1621,1.5,3.2,0.24,0.72,70,350,280,540,2021
3198,"GOMTI LAKE, OPP, RANCHODAJI 
TEMPLE, DAKOR, KHEDA",LAKE,GUJARAT,26,33,3.4,6.8,7.4,8.5,335,646,1.3,3.2,0.32,1.6,23,140,130,350,2021
3199,"HAMISAR TALAV, BHUJ",LAKE,GUJARAT,23,30,5.2,6.4,7.2,8.4,363,690,2.2,2.8,0.33,0.46,5,7,22,28,2021
1343,"KANKORIA LAKE AT AHMEDABAD, NR. 
BALVATIKA,",LAKE,GUJARAT,25,30,4.8,8.4,8.5,9.1,2571,3999,7,22,0.32,1.63,33,920,280,1600,2021
2078,"KUWADAVA LAKE, VILL. KUWADAVA, 
DIST. RAJKOT.",LAKE,GUJARAT,26,30,5.9,6.9,7.3,8.4,452,3120,1.6,2.5,0.32,0.75,2,170,10,540,2021
1975,"LAKHOTA TALAV, JAMNAGAR",LAKE,GUJARAT,18,29,3,4.4,6.8,8.4,358,835,1,2.1,0.32,0.6,3,6,6,27,2021
3197,"MACHHU-II DAM, RAFLESHWAR, MORBI, 
RAJKOT",LAKE,GUJARAT,24,29,6.4,6.8,7.3,8.6,299,1012,2,2.4,0.16,0.43,2,21,2,49,2021
3201,"MALAV TALAV, DHOLKA",LAKE,GUJARAT,24,32,4.2,9.2,8.3,9.1,2669,3850,3,27,0.3,0.72,12,540,63,920,2021
3200,MOONSAR LAKE OF VIRAMGAM,LAKE,GUJARAT,26,30,0.3,7.5,8.3,9,1838,6138,10,59,0.16,1.1,94,920,280,1600,2021
2077,"MOTICHER LAKE NEAR KAKARPAR 
ATOMIC POWER STATION, DIST. SURAT.",LAKE,GUJARAT,20,30,6.2,7.6,7.5,8.3,383,773,1,1.1,0.01,0.42,2,6,2,33,2021
1972,"NALSAROVAR LAKE (SANAND), 
DIST.AHMEDABAD",LAKE,GUJARAT,26,30,5,8.4,7.8,8.8,1290,11480,1.8,24,0.32,0.76,33,540,120,920,2021
1976,NARSIMEHTA TALAV- JUNAGADH,LAKE,GUJARAT,23,29,3.5,6.5,7.2,8.3,314,1020,2.2,2.9,0.33,0.35,2,49,17,130,2021
1346,"SURSAGAR LAKE AT BARODA,",LAKE,GUJARAT,26,32,4.9,7.3,7.6,8.5,800,1136,1.6,4.1,0.32,0.45,46,350,170,540,2021
3202,VHERAIMATA TALAV AT ANAND,LAKE,GUJARAT,26,28,3.5,5.5,7.3,8.5,430,779,1.8,4.1,0.3,0.91,130,350,240,540,2021
2079,"DHUDHIA TALAV AT NAVSARI, DIST. 
NAVSARI.",POND,GUJARAT,28,31,7,7.8,7.5,8.4,369,564,1,1.9,0.3,0.57,2,17,10,120,2021
1979,"OLPAD, VILLAGE POND:OLPAD, SURAT",POND,GUJARAT,20,30,5.4,8.2,7.3,8.4,413,1038,1,2.5,0.04,0.32,2,110,27,280,2021
1971,THOL TANK (KALOL) (DIST. MEHASANA),TANK,GUJARAT,22,35,2.6,7.7,7.1,8.5,440,1360,8,29,0.32,1.04,6,540,50,920,2021
1349,"BRAHMSAROVAR LAKE AT 
KURUKSHETRA",LAKE,HARYANA,,,6.2,7.8,7.2,8,289,812,3.5,4.5,0.14,2.84,100,14100,100,34800,2021
1392,"KAUSSHALAYA LAKE, PINJORE, 
PANCHKULA",LAKE,HARYANA,,,3.9,7.2,7.6,8.2,329,488,3.2,4.8,0.3,0.88,400,4800,100,12000,2021
3033,SOHNA LAKE,LAKE,HARYANA,20.4,32,6.5,7.2,7,7.9,860,1360,4,9,0.8,3.2,6600,39000,32000,110000,2021
4857,"SANHIT SAROVAR, KURUSHETRA",POND,HARYANA,,,6.3,8,7,7.8,280,785,3.4,4.6,0.18,0.3,100,11800,100,24000,2021
1291,GOBINDSAGAR LAKE AT BILASPUR,LAKE,"HIMACHAL 
PRADESH",14,23,8.4,9.7,7.2,8,187,380,1,1,0.32,2.14,94,540,280,1600,2021
2650,KHAZIAR LAKE,LAKE,"HIMACHAL 
PRADESH",4,17,5.7,7.1,6.1,7.7,62,113,1,2,0.3,1.9,2,2,31,84,2021
1292,"PONGDAM LAKE AT PONG VILLAGE,",LAKE,"HIMACHAL 
PRADESH",13,26,6,9.2,7.1,8.2,109,225,1,1,0.3,1.2,2,2,25,63,2021
1429,"RENUKA LAKE , 35 KM FROM PATNA 
SAHIB NORTH",LAKE,"HIMACHAL 
PRADESH",10,22,6.5,8.9,7.3,8.5,372,625,1,2,0.32,0.82,26,46,130,350,2021
2649,RIWALSAR LAKE,LAKE,"HIMACHAL 
PRADESH",11,27,5.3,9.8,6.9,8.3,58,746,1,5,0.41,1.74,110,920,920,1600,2021
4506,ABBIGERE LAKE,LAKE,KARNATAKA,25,25,0.3,7.2,6.5,8.1,226,1399,3,42,0.7,3,4600,940000,35000,5400000,2021
3612,AGARAM LAKE,LAKE,KARNATAKA,25,25,1.9,7,6.5,7.7,324,1268,4,22,1.5,5.7,3300,150000,24000,1600000,2021
3628,AMRUTHAHALLI LAKE,LAKE,KARNATAKA,25,25,4.2,6.6,6.6,7.6,449,963,3,8,0.3,2.6,2300,1100000,24000,3500000,2021
4096,"ANDHRAHALLI LAKE, ANDHRAHALLI, 
BENGALURU",LAKE,KARNATAKA,25,25,0.3,6.2,6.3,7.2,358,1637,4,29,0.3,2.2,3400,700000,24000,5400000,2021
3615,ARAKERE LAKE,LAKE,KARNATAKA,25,25,4.6,6.8,6.8,7.9,706,985,3.7,7,1.4,3.29,490,15000,5400,160000,2021
4542,BASAVANAPURA LAKE,LAKE,KARNATAKA,25,25,4.4,6.5,6.5,8.1,209,1194,4,9,0.7,3.2,3300,140000,24000,540000,2021
4515,BATTARAHALLI LAKE,LAKE,KARNATAKA,25,25,3.2,6.8,7.1,8.5,706,949,4,17,0.4,6.49,3300,150000,24000,1600000,2021
3602,BELLANDUR LAKE,LAKE,KARNATAKA,25,25,0.3,2.8,6.5,6.9,1035,1187,18,87,1.1,5,2300,1200000000,24000,9200000000,2021
3679,BHUTANALA LAKE,LAKE,KARNATAKA,24,29,0.3,10.9,7.6,9,708,1528,1,38,0.32,6,920,1840,1600,3200,2021
3649,BUGUDANAHALLI LAKE,LAKE,KARNATAKA,25,25,5.7,6.9,6.5,7.2,141,312,3,5,0.4,11.5,1200,15000,16000,160000,2021
4507,CHELEKERE LAKE,LAKE,KARNATAKA,25,25,4,7,6.5,7.4,297,1326,3,11,0.6,2.3,3300,940000,24000,5400000,2021
4095,"CHIKKABANVARA LAKE, 
CHIKKABANWARA, BENGALURU NORTH",LAKE,KARNATAKA,25,25,1,7,6.5,7.7,225,1871,4,22,0.36,3,3300,1100000,24000,9200000,2021
4537,CHINNAKURCHI KERE,LAKE,KARNATAKA,25,25.1,4.8,7.4,6.5,7.8,208,521,2,10,0.3,2.2,23,46000,24000,350000,2021
4520,CHINNAPANHALLI LAKE,LAKE,KARNATAKA,25,25,2.1,4.8,6.5,8.5,671,1238,6,36,1.5,3.6,4000,79000,24000,540000,2021
3584,DALAVAI LAKE,LAKE,KARNATAKA,21,26,0.3,3.6,7.1,8.5,725,1168,8,14,2.1,4.9,2100,3300,7000,12000,2021
4521,DEVARABEESANAHALLI LAKE,LAKE,KARNATAKA,21,25,2.1,6.6,6.5,7.6,425,1336,3,30,1.1,9.4,4000,14000,24000,160000,2021
3645,DEVARAYASAMUDRA LAKE,LAKE,KARNATAKA,25,25,3.4,6.6,6.1,8,185,1114,3,8,0.3,9.79,4000,120000,24000,1600000,2021
4539,DODDABIDARAKALLU LAKE,LAKE,KARNATAKA,25,25,0.3,5.1,6.3,7.4,974,1737,9,375,1.2,8,3300,2300000000,24000,2400000000,2021
4094,"GANGONDANA HALLI LAKE, BENGALURU 
NORTH",LAKE,KARNATAKA,25,25,0.3,6,6,7.5,359,3010,5,203,0.7,13,4600,94000000,35000,540000000,2021
4518,GARUDACHARPALYA LAKE,LAKE,KARNATAKA,25,25,4,6.2,6.5,7.6,325,1769,4,15,0.5,4.5,2300,94000,24000,540000,2021
3613,GOTTIGERE LAKE,LAKE,KARNATAKA,25,25,2,7.1,6.4,8.4,221,1453,4,42,0.6,3.6,2300,46000,24000,350000,2021
3654,GOTTIGERE LAKE,LAKE,KARNATAKA,25,26,2.1,6.8,6.1,7.1,240,2720,3,34,0.3,8.8,4000,120000,24000,920000,2021
4535,GUBBALAL KERE,LAKE,KARNATAKA,25,25,4.8,6.4,6.5,7.7,247,371,3,11,0.4,0.8,1500,15000,16000,160000,2021
3621,HARALAKUNTE LAKE,LAKE,KARNATAKA,25,25,1.2,5.9,6.5,8.4,812,1282,4,30,0.8,5.3,3300,23000,24000,240000,2021
1446,"HEBALLA VALLEY LAKE AT D/S ROAD 
BRIDGE NR. MANDYA,",LAKE,KARNATAKA,22,29,5.2,5.8,7.5,8.5,386,655,3.5,4.8,1.8,6,240,790,2200,3800,2021
3582,HEBBAL LAKE,LAKE,KARNATAKA,19,25,4.4,6.3,7.5,9,986,1549,3.5,7.4,2.3,8.1,910,2600,5800,7000,2021
3625,HEBBAL LAKE,LAKE,KARNATAKA,25,25,3.2,6.9,6.4,7.4,303,974,3,16,0.9,4,4000,480000,35000,3500000,2021
4536,HOSAKEREHALLI LAKE,LAKE,KARNATAKA,25,25.1,0.3,6,6.5,7,550,1576,5,78,0.7,4.5,3300,700000,24000,3500000,2021
3617,HULIMAVU LAKE,LAKE,KARNATAKA,25,25,3.1,7.2,6.9,7.9,217,1466,3,10,1,5.2,3300,17000,24000,160000,2021
3609,IBBALUR LAKE,LAKE,KARNATAKA,25,25,2,6.4,6.5,7.4,206,738,4,16,0.5,3.4,4600,330000,35000,2400000,2021
4546,JAKKSANDRA LAKE,LAKE,KARNATAKA,25,25,1,6.3,6.5,7.4,521,1017,3,35,1,4.2,2300,63000,24000,540000,2021
3627,JAKKUR LAKE,LAKE,KARNATAKA,25,25,2.8,6.1,6.5,8.2,447,1323,3,13,1.27,4.7,2300,700000,24000,16000000,2021
4097,"KACHOHALLI LAKE, KACHOHALLI, 
BENGALURU NORTH",LAKE,KARNATAKA,25,25,0.3,5.5,6.3,7.6,286,2280,6,124,0.6,19,3300,480000,24000,3500000,2021
3611,KAIKONDANAHALLI LAKE,LAKE,KARNATAKA,25,25,0.3,7.2,6.6,7.7,629,1449,3,27,0.93,6,2200,1700000,24000,16000000,2021
3616,KALENA AGRAHARA LAKE,LAKE,KARNATAKA,25,25,4.1,7.2,6.5,8.4,424,1304,3,12,1,5.3,3300,23000,24000,240000,2021
4540,KAMMGONDANAHALLI LAKE,LAKE,KARNATAKA,25,25,2.3,6.8,6.5,7.5,180,2116,3,12,0.3,4,4900,130000,24000,1600000,2021
3601,KARIHOBANAHALLI LAKE,LAKE,KARNATAKA,25,25,0.3,6.1,6.5,7.4,827,2860,3,80,1.7,7.03,4800,48000000,35000,350000000,2021
4529,KASAVANAHALLI LAKE,LAKE,KARNATAKA,25,25,4.6,7.1,6.7,7,210,853,4,6,1,5,4600,46000,35000,350000,2021
3591,KEMPAMBUDHI LAKE,LAKE,KARNATAKA,25,25,4.3,6.8,6.5,8.5,299,787,3,14,0.88,2.3,2300,140000,24000,1600000,2021
3680,KILLA LAKE,LAKE,KARNATAKA,21,33,4.6,10,7,8.8,332,692,1.3,6.4,0.3,4.7,920,920,1600,1600,2021
4543,KODI SINGASANDRA LAKE,LAKE,KARNATAKA,25,25,2.7,6.9,6.5,8,488,1253,3,20,0.3,6.8,2300,46000,24000,350000,2021
4544,KOTHUNURU LAKE,LAKE,KARNATAKA,25,25,3,6.2,6.6,7.6,369,1345,4,34,0.5,4,2700,14000,24000,160000,2021
4517,KOWDHENAHALLI LAKE,LAKE,KARNATAKA,25,25.1,0.3,6.5,6.5,8.3,313,3370,5,54,0.3,8.09,2600,330000,24000,2400000,2021
3583,KUKKARAHALLI LAKE,LAKE,KARNATAKA,21,25,5,6.8,7.1,9,495,770,2.7,4.4,1,3.1,830,1400,4600,6300,2021
4516,KUNDALAHALLI LAKE,LAKE,KARNATAKA,25,25,3,6.1,6.8,7.8,725,1299,4,17,0.81,15,460,94000,3500,540000,2021
3586,LIMBHABUDI LAKE,LAKE,KARNATAKA,20,26,4.6,6,7.3,8.8,564,850,3.5,5.2,1.5,3.1,780,1700,5800,8400,2021
4538,MACHOHALLI LAKE,LAKE,KARNATAKA,25,25,0.3,6.4,6.3,7.6,385,4200,3,145,0.6,11,3300,1200000,24000,9200000,2021
3644,MULBHAGAL LAKE,LAKE,KARNATAKA,25,25,1.2,5.4,6.8,8.2,647,2009,4,78,1.1,6,3300,63000,24000,540000,2021
4523,NALLURAHALLI LAKE,LAKE,KARNATAKA,24,25,3.6,6.5,6.5,6.7,374,820,3,10,1.2,3,3900,7000,24000,54000,2021
3646,NARASAPURA LAKE,LAKE,KARNATAKA,25,25,4.1,6.2,6.9,8,543,1021,3,10,0.3,7.75,3300,130000,24000,920000,2021
4509,NARASIPURA LAKE,LAKE,KARNATAKA,25,25,1.1,7.1,6.5,7.8,304,821,3,34,0.44,3.2,3400,7000000,24000,92000000,2021
3685,NAVALOORU LAKE,LAKE,KARNATAKA,24,26,6.5,6.8,7.4,8,810,1070,3.4,3.9,0.92,1.22,26,52,109,165,2021
4505,NELAMANGALA LAKE,LAKE,KARNATAKA,25,25,0.8,6.3,6.5,7.6,422,2120,4,46,1.22,7.6,4600,34000,35000,240000,2021
3620,PARAPPANA AGRAHARA LAKE,LAKE,KARNATAKA,25,25,1.8,6.5,6.5,8,207,1297,5,38,0.3,7.9,2300,1100000,24000,9200000,2021
4524,PATTANDUR AGARAHARA,LAKE,KARNATAKA,25,25,0.3,6.8,6.5,8.2,346,741,4,32,0.5,2.8,330,63000,9200,540000,2021
3624,PUTTENAHALLI LAKE,LAKE,KARNATAKA,25,25,3,6.3,6.6,7.7,459,1173,3,22,1.1,2.57,3300,94000,24000,540000,2021
3614,PUTTENAHALLI LAKE (S),LAKE,KARNATAKA,25,25,4.7,6,6.9,7.8,290,1233,3,11,1.1,3,4000,9400,35000,54000,2021
4510,RACHENAHALLI LAKE,LAKE,KARNATAKA,25,25,3.1,6.7,6.6,8.5,413,1236,4,23,0.47,4.6,3300,150000,24000,1600000,2021
4519,RAMPURA LAKE,LAKE,KARNATAKA,25,25,0.3,4.2,6.6,7.4,1023,1480,9,93,0.9,6,3300,1700000,35000,9200000,2021
4514,SADRAMANGALA LAKE,LAKE,KARNATAKA,24,25,1.5,7,6.5,8.3,552,1027,4,35,1.4,10,3300,15000,24000,160000,2021
4504,SARAKKI LAKE,LAKE,KARNATAKA,25,25,4.9,7.1,6.9,8.2,415,783,3,9,0.3,5,3300,120000,24000,920000,2021
4525,SEETHARAM PALYA LAKE,LAKE,KARNATAKA,25,25,0.3,5.9,7.1,8.7,512,3860,4,50,2.09,11,3300,63000,24000,540000,2021
3587,SHETTYKERE LAKE,LAKE,KARNATAKA,20,34,4.3,6.6,6.9,8.9,583,1028,3,6,1.8,3.6,700,2200,4700,7000,2021
4508,SINGAPURA LAKE,LAKE,KARNATAKA,25,25,0.3,5.2,6.5,7.2,886,1374,5,47,0.3,5.9,4800,790000,35000,5400000,2021
3618,SINGASANDRA LAKE,LAKE,KARNATAKA,25,25,1.1,7,6.5,7.6,562,1367,4,36,0.5,6,4300,130000,35000,1600000,2021
3622,SOMASUNDRA PALYA LAKE,LAKE,KARNATAKA,25,25,2.8,6.9,6.6,7.6,216,1323,3.4,21,0.5,3.4,2300,140000,24000,920000,2021
4534,SOMPURA LAKE,LAKE,KARNATAKA,25,25.1,4.2,7.2,7,7.7,239,532,2,6,0.6,2.1,2300,110000,24000,920000,2021
4547,SWARANA KUNTE,LAKE,KARNATAKA,25,25,4.2,6.8,6.5,8.5,444,1320,3,9,0.5,3,2300,120000,24000,1600000,2021
3610,TUBRAHALLI LAKE,LAKE,KARNATAKA,25,25,0.3,4.8,6.7,8.1,1109,1593,7,81,0.4,3,9400,13000,54000,160000,2021
4533,ULLALU LAKE,LAKE,KARNATAKA,25,25,2,6.3,6.5,7.7,369,1561,3,15,0.58,25,3400,630000,24000,5400000,2021
3593,ULSOOR LAKE TEMPLE,LAKE,KARNATAKA,25,25,1.8,7,6.6,8.8,254,551,3,42,0.3,2.01,4000,700000,24000,3500000,2021
1388,"ULSOOR LAKE TRAINING CENTRE OF FISH 
BREEDING,",LAKE,KARNATAKA,25,25,2,6.8,6.8,8.5,253,570,3,38,0.67,2,2300,490000,24000,2400000,2021
3608,VARTHUR LAKE,LAKE,KARNATAKA,25,26,0.3,4.8,6.5,7.7,798,1347,6,60,1,19,11000,1500000000,160000,1600000000,2021
4527,WHITEFIELD KERE,LAKE,KARNATAKA,24,25,0.3,6.9,6.6,8.4,496,889,4,62,0.3,13.4,3300,150000,24000,1600000,2021
3592,YEDIYUR LAKE,LAKE,KARNATAKA,25,25,4.1,7.1,6.5,8.2,201,334,3,18,0.6,2.4,4600,46000,24000,920000,2021
3585,YENNEHOLE LAKE,LAKE,KARNATAKA,21,33,1,3.9,7,8.5,742,1252,1.4,14,2.5,7.5,1300,4900,7900,14000,2021
3629,ALLASANDRA TANK,TANK,KARNATAKA,25,25,4,6.4,6.5,8.4,421,1223,4,8.5,0.9,5,6300,11000000,54000,92000000,2021
4541,ALUR KERE,TANK,KARNATAKA,25,25,4.2,6.9,6.5,7.3,89,678,3,16,0.3,2,3300,49000,35000,240000,2021
3623,ANEKAL DODDAKERE TANK,TANK,KARNATAKA,25,25,0.3,7.3,6.6,8,414,3020,2,69,0.72,11.1,3300,15000,24000,160000,2021
3681,ANGOL MI TANK,TANK,KARNATAKA,21,33,0.3,8,6.6,9.5,293,584,3.7,57,0.32,5.46,1480,1840,3200,3200,2021
3638,ANNAYAPPA TANK,TANK,KARNATAKA,25,25,4,7,6.5,8.1,173,493,3,8,0.3,1.53,4100,46000,24000,540000,2021
3673,AVALI KERE,TANK,KARNATAKA,21,27,3,4.3,7.3,7.9,980,1930,3.8,6.4,0.7,1.3,130,930,1100,4900,2021
3675,B KATIHALLI KERE,TANK,KARNATAKA,21,27,5.4,6.7,7.4,7.9,290,450,2,2.4,0.3,0.3,110,140,920,1200,2021
3636,BANDEMATTA TANK,TANK,KARNATAKA,25,25,3,6.9,6.5,7.6,196,1268,5,18,0.4,3.23,6300,33000,54000,240000,2021
3664,BASAVANAHALLIKERE TANK,TANK,KARNATAKA,25,25,5.9,5.9,7.7,7.7,500,500,2,2,0.3,0.3,330,330,2200,2200,2021
3643,BEENNIGANAHALLI TANK,TANK,KARNATAKA,25,25,0.5,7,6.6,7.9,304,1079,3,24,0.73,2.7,3300,70000,24000,1600000,2021
3619,BEGUR TANK,TANK,KARNATAKA,25,25,4.1,6.5,6.4,7.5,426,1444,3,10,0.7,8,2700,110000,24000,920000,2021
3651,BHEEMSANDRA TANK,TANK,KARNATAKA,25,25,1,6.2,6.7,7.4,740,1870,4,46,2,78,3300,110000,35000,920000,2021
3637,BYRAMANGALA TANK,TANK,KARNATAKA,25,25,2.2,6.1,6.8,7.7,821,1413,4,27,0.81,6.1,3300,120000,24000,920000,2021
3595,BYRASANDRA TANK,TANK,KARNATAKA,25,25.1,3.2,6.2,6.5,7.7,274,1223,3,14,0.94,4.3,4800,150000,35000,1600000,2021
4532,CHANDAPURA LAKE,TANK,KARNATAKA,25,25,0.3,5,6.7,7.4,1099,2309,6,42,1,27,2300,460000,24000,3500000,2021
3606,DASARAHALLI TANK,TANK,KARNATAKA,25,26,2.9,6.8,6.1,7.4,194,1120,2,14,0.51,2.5,3300,40000,13000,350000,2021
3634,DEVARAKERE TANK,TANK,KARNATAKA,25,25,3,7.3,6.5,7.6,271,2540,3,17,0.3,6.6,4700,94000,35000,920000,2021
3641,DHOREKERE TANK,TANK,KARNATAKA,25,25,0.3,6.3,6.5,7.4,237,1145,3.8,39,0.7,5.2,2300,120000,24000,920000,2021
3653,DODDAKERE TANK,TANK,KARNATAKA,25,26,4.8,7.2,6.5,7.3,155,406,3,6,0.3,1,2300,15000,24000,160000,2021
3604,DODDANAKUNDI TANK,TANK,KARNATAKA,25,25,3.3,6.1,6.5,7.8,574,2730,4,10,1.1,4.5,3300,49000,35000,240000,2021
4526,DYAVASANDRA TANK,TANK,KARNATAKA,25,25,4,6.8,6.3,7.9,236,775,2,9,0.6,3,3300,14000,24000,160000,2021
3666,GANIGARAHOSAHALLIKERE TANK,TANK,KARNATAKA,21,25,4.6,6,7.6,8.3,460,1180,2,3.2,0.3,0.4,140,320,1100,2100,2021
3676,GAVENAHALLIKERE,TANK,KARNATAKA,20,28,5.6,7.3,7.4,7.9,330,470,2,2.2,0.3,0.3,92,220,920,1400,2021
3671,HANUMANTHAPURAKATTE TANK,TANK,KARNATAKA,22,27,4.2,5.7,7.5,7.8,390,500,2.2,2.6,0.3,0.3,210,340,1700,2200,2021
3683,HEREKERE TANK,TANK,KARNATAKA,24,26,4.5,5.5,7.4,7.9,739,889,9,24,1.22,1.67,63,175,279,561,2021
3598,HEROHALLI TANK,TANK,KARNATAKA,25,25,0.3,6.3,6.2,7.4,321,1566,4,30,0.3,6.3,3400,46000,24000,350000,2021
3597,HESARAGHATTA TANK,TANK,KARNATAKA,25,25,4.8,6.6,5.4,8.1,123,702,2,7,0.3,2.4,4600,6300000,35000,54000000,2021
3559,HULLIGE TANK,TANK,KARNATAKA,24,29,6.9,7.5,7.4,8.4,312,1485,2.5,6,0.3,1.3,350,1400,1600,5400,2021
3660,HUNASINA KERE TANK,TANK,KARNATAKA,21,27,5.3,7.1,7.3,7.8,440,530,2,2.6,0.3,0.3,170,700,1200,3500,2021
3561,HUNDIKERE (KOPPAL) TANK,TANK,KARNATAKA,24,29,7,7.6,7.5,8.4,326,1458,3,6,0.3,0.3,350,1300,1600,5400,2021
3670,INORKATTE KERE,TANK,KARNATAKA,23,24,4.6,6,7.3,7.8,320,440,2,2.2,0.3,0.32,200,330,1700,2200,2021
3642,JIGANI TNAK,TANK,KARNATAKA,23,25,4.8,6.9,6.5,7.3,394,1543,2,20,1,4,2700,70000,24000,920000,2021
3663,JOLADAKATTE TANK,TANK,KARNATAKA,21,27,4.2,5.8,7.7,8.1,390,650,2.1,3,0.3,0.3,210,470,1400,3500,2021
3682,KAKATI POND,TANK,KARNATAKA,21,32,4,9,8.4,10.3,1180,3819,1.1,16.2,0.4,6.53,920,1840,1600,3200,2021
3607,KALKERE TANK,TANK,KARNATAKA,25,25,1.8,6.3,6.5,8.4,393,1201,4,25,0.4,5.3,3300,2800000,24000,16000000,2021
4530,KAMMASANDRA TANK,TANK,KARNATAKA,25,25,0.3,4.1,6.7,7.3,1237,2135,9,101,1.8,16,2100,12000000,24000,92000000,2021
3657,KANCHANAHALLI KOPPALU KERE,TANK,KARNATAKA,21,27,2.4,5,7.3,8.1,990,4300,3.4,6.8,0.5,1.9,110,700,920,4700,2021
3588,KARANJIKERE TANK,TANK,KARNATAKA,19,26,6,7.4,7.4,8.6,496,764,2.5,6,1.5,3.2,700,1100,4300,5800,2021
3684,KELEGERE TANK,TANK,KARNATAKA,23,26,6.7,7.4,7.5,8.2,447,592,3.2,4.1,0.62,0.88,32,79,212,290,2021
3639,KENGERI TANK,TANK,KARNATAKA,25,25,1.3,7.6,6.5,7.7,289,1389,3,40,0.59,6.3,3300,940000,24000,5400000,2021
4511,KOGILU KERE,TANK,KARNATAKA,25,25,3.1,7.2,6.5,8.3,407,1332,3,13,0.4,4.4,3300,6300000,35000,160000000,2021
3661,KOKKANAGHATTADODDAKERE TANK,TANK,KARNATAKA,22,27,3.6,6.9,7.7,8.8,500,2900,2.6,7.2,0.3,1.3,140,400,1100,2800,2021
3695,KONDAGGIKERE TANK,TANK,KARNATAKA,26,28,5.8,7.4,7.6,8.2,220,370,2.2,6.5,0.3,0.3,-,-,-,-,2021
3662,KOUSHIKA KERE,TANK,KARNATAKA,21,27,5.7,7.3,7.3,7.8,450,540,1.8,2.3,0.3,0.3,93,220,920,1400,2021
3692,KUNDUVADAKERE TANK,TANK,KARNATAKA,27,27,6.9,6.9,8,8,330,330,2.3,2.3,1.1,1.1,-,-,-,-,2021
3590,LALBAGH TANK,TANK,KARNATAKA,25,25,2.6,6.9,6.6,8.1,397,509,3,28,0.61,3,3100,49000,24000,540000,2021
3665,LINGAPPANAKATTE TANK,TANK,KARNATAKA,21,27,5,7,7.5,7.9,370,620,2,3,0.3,0.3,94,270,920,1700,2021
3599,MADAVARA TANK,TANK,KARNATAKA,25,25,3.4,6.6,6.2,7.6,213,1240,2,13,0.56,3.8,2300,460000,24000,3500000,2021
4503,MADHURE TANK,TANK,KARNATAKA,25,25,3.4,6.3,6.5,6.8,64,398,3,18,0.3,2.1,4900,11000000,24000,92000000,2021
3589,MADIWALA TANK,TANK,KARNATAKA,25,25,4.2,7.1,6.7,8.4,286,1402,3,10,1.03,4.3,2300,170000,24000,1600000,2021
3659,MAKANA KERE,TANK,KARNATAKA,21,27,1.9,3,7.3,8,740,1400,3.8,5.8,0.7,1.2,930,2600,7000,13000,2021
3635,MALATHAHALLI TANK,TANK,KARNATAKA,25,25,0.3,5.8,6.3,7.6,375,1898,4,38,1.6,7.8,4900,1100000,24000,9200000,2021
4092,"MANCHALAPUR TANK, MANCHALAPUR, 
RAICHUR TQ & DIST",TANK,KARNATAKA,26,29,6.5,7.2,7.8,8.8,922,2385,6,18,0.3,2.27,7900,54000,35000,160000,2021
4501,MANCHANABALE DAM,TANK,KARNATAKA,25,25,3.3,7,6.6,8.3,643,1100,4,10,0.3,14.04,3300,33000,24000,350000,2021
4512,MANCHANABALE DAM,TANK,KARNATAKA,25,25,0.3,6.5,6.5,7.4,183,1733,8,174,0.8,45,4600,63000,35000,540000,2021
3697,MATTADAKERE TANK,TANK,KARNATAKA,24,29.5,4.2,8.4,7.2,8.4,770,920,5,34,0.3,3,-,-,-,-,2021
3560,MAVENAKERE TANK,TANK,KARNATAKA,26,29,6.5,7.2,7.5,9.3,962,2156,7,30,0.3,0.36,14000,54000,54000,160000,2021
3650,MELEKOTE TANK,TANK,KARNATAKA,25,25,1.1,6.4,6.6,8,704,1397,3,53,1,6.3,4600,110000,35000,920000,2021
3648,MYDALA TANK,TANK,KARNATAKA,25,25,4.8,7.3,6.5,7.2,151,599,3,4,0.52,2,630,17000,5400,160000,2021
3626,NAGAVARA TANK,TANK,KARNATAKA,25,25,1,7.1,6.5,8,308,773,3,35,0.5,3,4000,79000000,24000,540000000,2021
3596,NAYANDANAHALLI TANK,TANK,KARNATAKA,25,25.1,0.3,6,6.1,8,211,1231,3.6,195,0.5,2.99,3300,700000,24000,3500000,2021
3686,NIRASAGARAKERE TANK,TANK,KARNATAKA,24,25,7.3,7.6,7.5,8.2,326,438,1,2.5,0.32,0.92,2,14,10,32,2021
3687,NUGGIKERE TANK,TANK,KARNATAKA,23,25,6.5,6.9,7.3,8.1,620,850,3.2,3.8,0.72,1.92,19,52,76,148,2021
3669,PEREMINAHALLI KERE,TANK,KARNATAKA,22,27,5.2,6.4,7.4,7.8,380,520,1.8,2.5,0.3,0.3,94,400,920,3300,2021
3565,PILIKULA TANK,TANK,KARNATAKA,28,30,4.9,7.9,6.5,7.2,128,224,2,3,2.1,7,23,1600,23,1600,2021
4502,RAMAMMANA KERE,TANK,KARNATAKA,25,25,2.8,6.9,7.2,8.4,896,1365,5,20,2,4,1200,94000,35000,1600000,2021
4513,RAMAMMANA KERE,TANK,KARNATAKA,25,25,1.6,6.5,6.2,7.2,230,1366,2,47,0.56,3.51,3300,150000,24000,1600000,2021
4531,RAYASANDRA LAKE,TANK,KARNATAKA,25,25,0.3,5.8,6.7,7.9,1035,1563,5,20,1.15,24,7900,94000,54000,540000,2021
4498,"SANAVALLI DAM, MUNGOD",TANK,KARNATAKA,23,28,7.1,7.4,6.8,7.3,163,251,2.2,2.7,0.3,0.79,2,8,19,31,2021
3672,SANKALAPURAKERE TANK,TANK,KARNATAKA,22,27,4.1,6.4,7.4,7.9,450,700,2,2.6,0.3,0.3,170,460,1100,3500,2021
3594,SANKEY TANK,TANK,KARNATAKA,25,25,4.9,6.8,6.5,7.6,267,815,3,8,0.56,3,490,3300000,2400,24000000,2021
3667,SATHENAHALLIDODDAKERE TANK,TANK,KARNATAKA,22,28,4.5,6.2,7.6,8.1,780,1280,3,4,0.5,1.5,220,610,1600,4000,2021
3674,SATHYAMANGALA KERE,TANK,KARNATAKA,22,28,5.4,6.5,7.5,7.9,370,470,1.8,2.4,0.3,0.3,140,340,1100,2400,2021
3677,SHARANABASAVESHWARA KERE,TANK,KARNATAKA,26,30,6,8.2,7.5,8.4,1035,1670,3,6,0.3,1.8,630,1400,2200,5400,2021
3600,SHIVAPURA TANK,TANK,KARNATAKA,25,25,0.3,5.8,6.5,7.6,762,4110,5,83,2,9.19,4000,9400000,35000,54000000,2021
3689,SOMESHWARAKERE TANK,TANK,KARNATAKA,23,25,5.8,6.8,7.1,7.9,732,1340,3.3,4.5,1.02,1.32,13,58,70,196,2021
3668,SOUDRALLI KERE,TANK,KARNATAKA,21,27,4.3,5.9,7.3,7.8,690,1150,2.9,3.8,0.3,0.9,340,490,2200,3500,2021
3633,SUBRAMANYAPURA TANK,TANK,KARNATAKA,25,25,0.3,4.8,6.5,7.6,969,2005,5,50,0.8,11.5,4600,940000,35000,5400000,2021
3688,SUDANAKERE TANK,TANK,KARNATAKA,23,26,6.9,7.3,7.7,8.2,581,790,3.4,3.9,0.52,0.79,41,136,221,394,2021
3690,UNAKALKERE TANK,TANK,KARNATAKA,25,26,6.9,7.3,7.7,8.3,876,1008,3.3,3.9,1.02,1.12,21,63,120,185,2021
3640,UTTARAHALLI DORAIKERE,TANK,KARNATAKA,25,25,0.3,7.1,6.7,9.3,192,450,4,48,0.52,2.08,2700,94000,24000,540000,2021
3632,VEERAPURA TANK,TANK,KARNATAKA,25,25,0.3,6.5,6.5,8.1,309,5860,3,124,0.8,9,4600,94000,24000,540000,2021
3603,VENGAIHNAKERE,TANK,KARNATAKA,24,25,1.9,6.2,6.5,7.2,667,1330,2,81,0.8,12,2300,110000,24000,920000,2021
3630,YELAHANKA TANK,TANK,KARNATAKA,25,25,4,6.9,6.5,8.5,512,1120,4,14,1.2,3.7,140,94000,24000,1600000,2021
3605,YELLAMALLAPPA TANK,TANK,KARNATAKA,25,25,3.1,5.6,6.6,7.6,887,1791,5,14,0.7,8.12,3300,170000,24000,920000,2021
1579,"ALAPPUZHA, KERALA",LAKE,KERALA,29,30,5.4,7.8,6.9,7.5,148,1168,1,4,0.3,0.8,2,1400,2,2200,2021
1441,"ASHTHAMUDI LAKE AT QUILON, KERALA",LAKE,KERALA,22,24,5.1,6.1,6.3,7.4,15000,18410,1,3.5,0.3,2.7,100,150,350,610,2021
1578,"KAYAMKULAM, KERALA",LAKE,KERALA,29,30,3.1,5.6,6.9,8,1285,7651,1.4,5.9,0.3,0.3,200,1700,400,3500,2021
1577,"KODUNGALLOOR, KERALA",LAKE,KERALA,26,31,5.7,8,6.5,8.7,100,33520,1,2.4,0.3,2.4,100,2000,630,6300,2021
2312,"LAKE VEMBANAD AT PATHIRAMANAL 
(ALAPPUZHA)",LAKE,KERALA,28,29,6.1,7.9,6.6,7.4,131,1314,1,3.8,0.3,0.3,2,1400,2,4100,2021
1383,"ORUVATHILKOTTA LAKE, KERALA",LAKE,KERALA,26,27,1.6,3.2,6.4,7.8,173,240,1,7.2,0.3,0.3,920,1700,2100,3100,2021
1574,"PARAVUR, KERALA",LAKE,KERALA,20,23,5.1,6.9,6.2,7.6,12140,16130,1,2.3,0.3,1.8,94,140,380,490,2021
2318,PAZHASSI RESERVOIR (KANNUR),LAKE,KERALA,24,30,6.7,8,6.6,7.8,47,73,1,1.2,0.3,0.3,20,80,100,620,2021
1576,"PERIYAR LAKE AT THEKKADY, KERALA",LAKE,KERALA,24,26,6.5,7.8,6.7,7.6,36,44,1,1,0.3,0.3,2,2,2,100,2021
1580,"POOKOTE, KERALA",LAKE,KERALA,25,29,6.9,8.2,6.5,7,24,29,1,1.5,0.3,0.3,2,27,14,79,2021
2329,RSVR AT BHOOTHATHANKETU,LAKE,KERALA,24,29,6.9,8.2,6.2,8.1,23,56,1,1.3,0.3,0.7,47,3500,84,5400,2021
2330,RSVR AT EDAMALAYAR,LAKE,KERALA,25,29,6.9,8.2,6.4,7.7,21,48,1,1,0.3,0.3,2,120,12,400,2021
2328,RSVR AT MALAMPUZHA,LAKE,KERALA,22,31,6.1,7.8,6.8,7.8,77,138,1,3.4,0.3,3.6,2,700,100,1200,2021
1385,"SASTHAMCOTTA LAKE, KERALA",LAKE,KERALA,21,25,6.5,7.5,6.4,7.8,162,185,1,2,0.3,0.7,70,110,240,410,2021
3470,"VELLAYANI LAKE AT VANDITHADOM, 
THIRUVANANTHAPURAM",LAKE,KERALA,26,27,5.2,7.1,5.7,6.9,105,165,1.7,3.8,0.3,0.3,200,700,700,1700,2021
1575,"VEMBANAD LAKE,KOCHI (OIL TANKER 
JETTY), KERALA",LAKE,KERALA,27,31,3.4,7.8,6.3,7.9,200,42380,1,3.6,0.3,2.7,630,32000,1500,200000,2021
3462,MANANCHIRA POND AT KOZHEKODE,POND,KERALA,23,32,6.5,8.2,6.7,8,43,190,1,2.1,0.3,0.72,20,810,40,1300,2021
2325,"POND AT (PADMANABHA) SREE 
PADMANABHA SWAMY TEMPLE (TVPM)",POND,KERALA,26,27,2.5,6.7,7,7.9,248,282,3.7,7.8,0.3,0.3,1000,2200,3100,7000,2021
1401,POND NEAR JUMA MASJID,POND,LAKSHADWEEP,28,30,9,9,7.1,9.5,300,900,1,1,0.32,0.32,5,5,1600,1600,2021
2132,BILAWALI TALAB AT INDORE,LAKE,"MADHYA 
PRADESH",19,24.3,6.8,7.9,7.4,8.8,326,512,1,2,0.54,4.42,2,2,43,63,2021
3296,CHORAL DAM NEAR INDORE,LAKE,"MADHYA 
PRADESH",20,24,7,7.8,7.1,8.4,325,573,1,1.3,0.02,1.01,2,2,40,58,2021
4615,GANGA SAGAR JABALPUR,LAKE,"MADHYA 
PRADESH",17,28.2,5.8,7.3,7.1,8.2,280,764,2.7,6,0.3,0.77,2,110,43,920,2021
2135,GOVINDGARH LAKE,LAKE,"MADHYA 
PRADESH",19.2,32.9,6.7,7.9,7,8.1,204,288,1,1.6,0.35,1.18,2,2,33,47,2021
2141,JANUNIA TALAB NEAR W/S,LAKE,"MADHYA 
PRADESH",20,32,6,8.6,6.8,8.1,215,524,1.4,8.4,0.33,9.17,2,180,49,24000,2021
2142,"KALISINDH RESERVOIR AT SARANGPUR, 
RAJGARH",LAKE,"MADHYA 
PRADESH",20,24,7,7.9,7.2,7.9,250,490,1.4,2.4,0.3,0.5,2,2,24,34,2021
3845,"KANHARGAON STOP DAM WATER 
SUPPLY INTAKE OF CHHINDWARA TOWN",LAKE,"MADHYA 
PRADESH",17,30,7.1,7.9,7.1,8.9,511,713,1,1.8,2.2,3,3,4,14,43,2021
2140,"KERWA DAM NEAR REST HOUSE, BPL",LAKE,"MADHYA 
PRADESH",19,30,5.2,10.4,7.1,8.3,183,422,1,1.4,1.88,6.66,2,180,110,35000,2021
2128,"KHANDARI RESERVOIR WATER OFF TAKE 
POINT",LAKE,"MADHYA 
PRADESH",16.6,27,7.1,8.3,7.2,8.1,238,411,1,1.9,0.13,0.4,2,4,8,48,2021
4622,"KOPTAL LAKE AT WATER SUPPLY INTAKE 
POINT CHHATARPUR",LAKE,"MADHYA 
PRADESH",22,30,4.3,7.1,7.2,8.5,243,702,1,2.9,0.05,0.47,2,2,4,38,2021
1374,LOWER LAKE AT BHOPAL OUTLET M.P.,LAKE,"MADHYA 
PRADESH",19,33,4.7,8.3,7.2,8,226,509,1.2,8,3.8,15.23,2,920,150,120000,2021
2130,"MADHAV LAKE, SHIVPURI",LAKE,"MADHYA 
PRADESH",20,27,5.2,7.8,7.6,8.1,278,800,1.7,3.2,0.6,0.98,2,8,32,110,2021
1466,"MULTAI TANK LAKE AT VILLA. KHARI ON 
BETUL-AMRAVATI ROAD M.P(.TAPTI 
NEAR AMARAWATI, ROAD BRIDGE AT 
VILLAGE KHEDA)",LAKE,"MADHYA 
PRADESH",17,32,7,8,7.3,8.2,611,813,1.2,1.8,2.2,2.9,3,7,15,75,2021
2134,NAGCHUN TALAB AT KHANDWA,LAKE,"MADHYA 
PRADESH",19,23.8,6.2,7.7,6.1,8.5,260,371,1,1.8,0.62,4.08,2,2,36,63,2021
2136,"SHAHPURA LAKE AT WEIR NEAR 
AYUSHMAN HOSPITAL, BHOPAL",LAKE,"MADHYA 
PRADESH",20,33,2,10.2,6.8,8.6,445,738,4.8,12,3.35,21.39,14,2100,280,220000,2021
2133,SIRPUR TALAB AT INDORE,LAKE,"MADHYA 
PRADESH",20,23,6.7,7.8,7.4,8.2,344,796,1,1.4,0.68,1.22,2,2,34,63,2021
4614,SUPTAL JABALPUR,LAKE,"MADHYA 
PRADESH",17,27.7,6,7.7,7.1,7.8,368,690,2.6,5,0.3,0.6,2,350,46,1600,2021
2139,UPPER LAKE AT BAIRAGARH CLUB,LAKE,"MADHYA 
PRADESH",19,32,4.1,8,7.4,8.1,211,285,1,1.7,2.22,5.03,2,3500,240,92000,2021
1373,"UPPER LAKE AT BHOPAL (INTAKE POINT), 
M.P.",LAKE,"MADHYA 
PRADESH",19,32,5,8.1,7.2,7.7,208,305,1.1,4.2,2.43,3.9,2,4700,150,43000,2021
2138,UPPER LAKE AT KARBALA CLUB,LAKE,"MADHYA 
PRADESH",20,32,5,8.6,7.3,8.1,205,256,1.2,4,2.25,5.01,2,2600,110,92000,2021
2137,UPPER LAKE AT YATCH CLUB,LAKE,"MADHYA 
PRADESH",20,31,4.7,8.6,7.3,8.2,210,288,1.1,3.6,2.03,4.75,2,3500,140,54000,2021
2131,YASHWANT SAGAR AT INDORE,LAKE,"MADHYA 
PRADESH",20,24,6.6,7.9,7.6,8.5,493,743,1,2.2,0.65,1.12,2,2,40,70,2021
3850,"BAGDOON TALAB PITHAMPUR SANJAY 
JALASHAY PITHAMPUR",POND,"MADHYA 
PRADESH",20,24,6.9,7.8,7.4,8.4,327,424,1,1.3,0.54,1.92,2,2,33,403,2021
3831,"DAL SAGAR TALAB, DIST SEONI",POND,"MADHYA 
PRADESH",16,30.3,6,7.6,7.3,7.9,220,612,1.8,4.4,0.3,2.3,2,120,17,1600,2021
3830,"GOKALPUR TALAB, DIST JABALPUR",POND,"MADHYA 
PRADESH",17.3,27.6,5.7,7.6,7.3,8.7,180,671,2.4,8,0.3,0.73,2,150,14,1600,2021
3299,HANUMANTAL JABALPUR,POND,"MADHYA 
PRADESH",17,27.9,5.3,7.6,7.2,7.9,260,636,2.3,4,0.3,0.73,2,70,41,1600,2021
3297,"MITHA TALAB, DEWAS",POND,"MADHYA 
PRADESH",22,29,6.8,7.9,7.2,8.5,339,440,1.6,2.9,0.32,1,2,6,47,110,2021
3301,MOTI TALAB AT BALAGHAT,POND,"MADHYA 
PRADESH",16.2,31,6.2,7.8,7.2,7.9,262,687,1.1,5.2,0.21,0.3,2,110,17,920,2021
3302,"PIPLIYA PALA TALAB, INDORE",POND,"MADHYA 
PRADESH",19,24,6.5,7.6,7.4,8.7,440,621,1.2,2.2,0.81,3.09,2,2,63,140,2021
3298,POND WATER AT LAKODA,POND,"MADHYA 
PRADESH",11.4,25,6.8,7.5,7.2,7.9,210,592,1.7,2.1,0.61,1.02,2,4,48,49,2021
3303,"RANI TALAB, REWA",POND,"MADHYA 
PRADESH",19,30,5.8,7.5,7.5,8.5,288,415,1,1.9,0.48,0.9,2,2,33,48,2021
3300,"RANITAL TALAB, JABALPUR",POND,"MADHYA 
PRADESH",17,26,5.2,8.3,7.2,8.2,265,780,2.8,8,0.12,4.6,2,280,63,1600,2021
3849,SITAPAT TALAB DHAR,POND,"MADHYA 
PRADESH",20,23,0.3,7.8,7.544,8.2,5,529,1,1.2,0.61,1,2,2,33,49,2021
2129,"PERIAT TANK NEAR WSS INTAKE POINT 
JABALPUR",TANK,"MADHYA 
PRADESH",16.6,27.4,7,7.9,7.2,7.9,210,358,1,1.8,0.21,0.4,2,4,7,46,2021
2849,CHANAM PUKHURI,POND,MANIPUR,19,28,5.8,6.9,7,7.6,110,430,3.3,3.9,0.3,0.3,30,60,75,175,2021
3349,"TASEK LAKE AT SONGSAK (NAPHAK),",LAKE,MEGHALAYA,17.1,29,6.5,7,6.9,7.3,61,78,1.5,2.2,0.42,0.56,110,170,450,540,2021
1459,"THADLASKEIN LAKE, JOWAI",LAKE,MEGHALAYA,12,21,6.8,7.6,6.9,7.3,37,70,1.4,1.9,0.32,0.52,10,17,130,170,2021
1347,UMIAM LAKE AT BARAPANI,LAKE,MEGHALAYA,15,23.1,5.7,6.8,7,7.8,74,117,5.2,7.8,0.32,1.12,380,420,1100,1700,2021
3347,UMIAM LAKE AT MIDDLE POINT,LAKE,MEGHALAYA,15,23,5.5,6.8,7.1,7.8,73,105,4.8,7.5,0.35,1.02,310,410,830,1300,2021
3346,"UMIAM LAKE AT OUTFALL OF UMIAM 
INTO LAKE",LAKE,MEGHALAYA,14,23.1,4.5,5.9,7.2,7.9,77,250,6,9,0.32,1.22,350,520,920,2100,2021
3348,"UMIAM LAKE ATNEAR UNITED 
CHRISTIAN COLLEGE",LAKE,MEGHALAYA,15,23.2,5.6,6.6,6.8,7.8,69,130,5.3,7,0.32,0.66,340,460,940,1700,2021
1348,WARD'S LAKE AT SHILLONG,LAKE,MEGHALAYA,14,26,6,7.8,7,7.8,110,145,2.1,3.6,0.32,0.79,70,120,350,490,2021
3956,ANSHUPA AT BISHNUPUR,LAKE,ODISHA,19,35,5.2,7.5,6.6,8,111,184,1.2,2.6,0.32,0.62,700,4900,2400,17000,2021
3957,ANSHUPA AT SARANDAGARH,LAKE,ODISHA,20,33,4,7.7,6.5,8.2,96,223,1.1,2.2,0.32,1.15,130,2300,790,9200,2021
3955,ANSHUPA AT SUBARANAPUR,LAKE,ODISHA,20,34,6.2,7.8,6.5,8.5,102,181,1.1,1.9,0.32,1.02,130,3500,490,16000,2021
2438,ANSHUPA LAKE KADALIBARI,LAKE,ODISHA,20,32,5.8,7.8,6.9,8.4,117,259,1.1,2.3,0.32,1.22,220,1700,1300,4700,2021
3953,CHILKA AT RAMBHA,LAKE,ODISHA,14,32,5.6,11,6.9,8.5,106,40520,1.3,2.7,0.32,1.66,2,2300,2,4900,2021
2437,"CHILKA LAKE AT SATAPADA (RAMSAR 
SITE)",LAKE,ODISHA,20,32,5.8,9.6,6.9,8.4,2930,42780,1.2,1.9,0.35,1.59,2,1700,20,3500,2021
3954,TAMPADA LAKE AT CHHATRAPUR,LAKE,ODISHA,13,30,3,11.5,7.9,8.5,147,945,1.9,6,0.32,2.12,110,1700,460,3500,2021
2431,"BINDUSAGAR ( RELIGIOUS POND OF 
BHUBANESWAR CITY) (NORTH) (LINGRAJ 
TEMPLE)",POND,ODISHA,22,33,4.1,9.1,6.5,8,236,420,1.1,2.8,0.32,1.52,2,24000,170,54000,2021
2434,"INDRADYUMNA TANK ( RILIGIOUS POND 
OF PURI CITY)",POND,ODISHA,25,34,2,11.9,7.6,9.4,283,561,3.8,5.7,0.32,1.72,20,35000,45,54000,2021
3962,JAGANNATH SAGAR POND OF JEYPORE,POND,ODISHA,12,29,5.7,6.4,7.1,7.6,216,402,1.4,2.7,0.32,1.84,140,160000,490,160000,2021
2433,"MARKANDA POKHARI ( RILIGIOUS POND 
OF PURI CITY)",POND,ODISHA,25,34,3.2,12.5,7.4,9.4,380,688,3.4,8.3,0.35,8.62,45,13000,45,24000,2021
2432,"NARENDRA POKHARI ( RILIGIOUS POND 
OF PURI CITY)",POND,ODISHA,25,34,4.2,15.7,7.7,9.5,356,961,3.6,8.2,0.32,2.92,130,1300,490,9200,2021
2436,"PARVATI SAGAR ( RILIGIOUS POND OF 
PURI CITY)",POND,ODISHA,25,35,2.1,11.1,6.9,9.3,332,599,3.3,12,0.32,3.46,45,2400,130,5400,2021
3963,RANIGUDA POND,POND,ODISHA,22,26,2.8,12.6,7.3,8.4,392,1334,3.4,9.5,0.32,11.52,130,1300,490,2800,2021
2435,"SWETAGANGA ( RILIGIOUS POND OF 
PURI CITY)",POND,ODISHA,23,35,3.3,15.6,7.5,9.3,298,745,3.6,8,0.32,13.34,45,2400,170,4300,2021
1686,BAHOUR LAKE,LAKE,PUDUCHERRY,28,33,5.2,5.6,7.1,7.5,198,375,1,2.5,0.32,1.22,2,23,350,1600,2021
4634,KANAGAN LAKE,LAKE,PUDUCHERRY,29,33,6.7,14.1,7.6,9.1,570,1682,2.8,30,0.32,4.3,110,500,900,1600,2021
1396,OUSTERI LAKE,LAKE,PUDUCHERRY,28,32,5.1,9.3,6.3,8,197,283,1,2.3,0.32,0.82,2,110,2,1600,2021
1297,"HARIKE LAKE AT HARIKE VILLAGE, 
PUNJAB",LAKE,PUNJAB,15,29,6.7,9,7.6,8.1,207,295,1,2.7,0.6,2.9,320,1300,910,3300,2021
1382,"HARIKE LAKE D/S FROM CANAL, PUNJAB",LAKE,PUNJAB,15,29,5.9,9.4,7.5,8.1,188,340,1,3.8,0.6,5.6,110,1700,490,4100,2021
2912,"RANJIT SAGAR RESERVOIR, PUNJAB",LAKE,PUNJAB,7,37,7,8.2,7.5,8.3,135,234,1,1,0.3,0.7,20,40,79,140,2021
1481,"FATEH SAGAR LAKE AT UDAIPUR INTAKE 
POINT OF PHED, RAJASTHAN",LAKE,RAJASTHAN,23,28,5.9,7.3,7.8,8.7,590,867,1.9,2.8,1.84,6.42,39,93,75,210,2021
2940,"GAPE- SAGAR LAKE, DUNGARPUR, 
RAJASTHAN",LAKE,RAJASTHAN,24,29,4.4,5.2,7.9,8.9,730,11113,1.8,4.1,3.09,8.22,150,460,460,1100,2021
4178,"GOVERDHAN SAGAR, UDAIPUR",LAKE,RAJASTHAN,20,28,4.9,5.8,7.6,8.5,480,1283,1.1,3.3,1.84,6.22,240,460,460,1100,2021
2936,"JAISAMAND LAKE, ALWAR, RAJASTHAN",LAKE,RAJASTHAN,29,29,4,4.4,7.2,7.2,110,279,1,1.4,0.74,1.26,23,93,64,150,2021
2941,"JAISAMAND LAKE, SALUMBER, 
UDAIPUR, POINT NO. 1, RAJASTHAN",LAKE,RAJASTHAN,23,28,7.1,7.8,8.3,9,530,777,1.2,2.1,1.66,3.54,23,75,75,150,2021
2942,"JAISAMAND LAKE, SALUMBER, 
UDAIPUR, POINT NO. 2, RAJASTHAN",LAKE,RAJASTHAN,24,28,7.2,7.8,8.4,8.9,520,665,1.3,2.4,1.42,3.37,39,75,64,150,2021
2944,"JALMAHAL, JAIPUR, RAJASTHAN",LAKE,RAJASTHAN,18,30,0.5,4.4,8.5,9.2,1210,2670,3.2,5.9,2.5,10.32,93,460,210,1100,2021
2935,"JET SAGAR LAKE, BUNDI, RAJASTHAN",LAKE,RAJASTHAN,19,33,3.7,4.4,7.4,8.6,270,435,2.3,3.2,1.56,4.08,150,240,460,460,2021
1714,"KAYALANA JHEEL JODHPUR, RAJASTHAN",LAKE,RAJASTHAN,21,26,6.9,9,7.3,8.5,270,408,1,2.1,0.64,2.61,23,93,64,150,2021
2943,"LODHA TALAB, BANSWARA- 
DUNGARPUR ROAD, BANSWARA, 
RAJASTHAN",LAKE,RAJASTHAN,18,32,2.1,6.6,7.7,8.6,460,1177,2.1,4.1,1.82,7.84,150,460,240,1100,2021
1716,"NAKKI LAKE, MT. ABU, RAJASTHAN",LAKE,RAJASTHAN,14,25.5,4.4,6.7,7.6,8.3,230,420,1.3,3.4,1.37,3.84,64,150,120,210,2021
4795,"NELA TALAB, SECTOR-14 HIRAN MARG, 
UDAIPUR",LAKE,RAJASTHAN,20,28,3.3,7.2,7.6,8.9,460,1154,2,3.9,1.78,3.53,75,240,150,460,2021
1285,"PICHOLA LAKE AT UDAIPUR (WATER 
INTAKE POINT), RAJASTHAN",LAKE,RAJASTHAN,22,29,5.8,6.2,7.5,8.5,440,607,1.5,2.3,1.72,5.42,23,39,39,75,2021
1414,"PUSHKAR LAKE, RAJASTHAN",LAKE,RAJASTHAN,19,29,3.6,8.5,7.3,8,220,390,2.2,4.5,1.26,5.36,23,93,93,150,2021
2938,"RAJSAMAND LAKE , RAJSAMAND- POINT 
NO. 1, RAJSAMAND, RAJASTHAN",LAKE,RAJASTHAN,17,26,5.2,7.7,8.2,8.9,460,790,1.5,2.6,1.12,3.53,23,150,93,240,2021
2939,"RAJSAMAND LAKE , RAJSAMAND- POINT 
NO. 2, RAJSAMAND, RAJASTHAN",LAKE,RAJASTHAN,17,27,4.6,7.2,8.3,9.3,450,771,1.2,2.6,1.43,4.68,75,240,120,460,2021
2937,"SILISERH LAKE, ALWAR, RAJASTHAN",LAKE,RAJASTHAN,20,30,5.2,6.6,7.1,8.9,160,292,1,1.7,1.04,2.67,14,75,20,150,2021
4177,SWAROOP SAGAR LAKE,LAKE,RAJASTHAN,20,27,4.1,5.7,8,8.9,460,790,1,2.4,2.05,3.52,4,93,120,210,2021
1286,"UDAISAGAR LAKE AT UDAIPUR (INTAKE 
PT.) RAJASTHAN",LAKE,RAJASTHAN,20,28,4.6,6,7.3,8.5,1170,1963,1.4,3.1,2.7,7.92,93,150,150,240,2021
4179,"BADI KA TALAB, UDAIPUR",POND,RAJASTHAN,23,27,7.1,7.9,7.2,8.4,380,532,1.4,2.4,1.56,3.69,23,64,64,120,2021
1420,"KODAI KANAL LAKE, TAMILNADU",LAKE,TAMIL NADU,17,28,6,7,6.7,7.5,96,147,2,3,0.32,0.95,14,36,25,96,2021
3008,"POONDI LAKE AT THIRUVALLUR, 
TAMILNADU",LAKE,TAMIL NADU,26,40,6,8.9,7,8.1,475,745,2,3,0.32,0.52,2,2,2,68,2021
3010,"PORUR LAKE AT THIRUVALLUR, 
TAMILNADU",LAKE,TAMIL NADU,27,37,6,7,7.3,8,929,1410,2,4,0.32,0.62,2,78,4,230,2021
3011,"PULICATE LAKE AT THIRUVALLUR, 
TAMILNADU",LAKE,TAMIL NADU,25,36,5,6.9,6.9,8.2,8330,59400,2,4,0.32,1.5,2,45,4,230,2021
3009,"REDD HILLS AT THIRUVALLUR, 
TAMILNADU",LAKE,TAMIL NADU,25,33,5.1,7.1,6.6,8,432,660,2,4,0.32,0.62,2,20,2,200,2021
1421,"UDHAGAMADALEM LAKE (OOTY), 
TAMILNADU",LAKE,TAMIL NADU,17,31,5.7,7.2,6.1,7.1,339,492,1,4.5,0.32,0.33,38,120,120,330,2021
3007,"VEERANAM LAKE AT CUDDALORE, 
TAMILNADU",LAKE,TAMIL NADU,23,30,6,6.4,6.8,7.9,349,684,1,3,0.32,0.82,23,46,58,120,2021
1452,"YERCAUD LAKE, SALEM, TAMILNADU",LAKE,TAMIL NADU,20,30,5.3,7,6,7.8,242,371,1,2.2,0.32,0.33,31,120,110,260,2021
4823,"OVER HEAD TANK AT TIRUR VILLAGE, 
TIRUVALLUR TALUK, TIRUVALLUR 
PANCHAYAT UN",TANK,TAMIL NADU,25,39,5,6.7,6.8,7.4,946,2032,2,4,0.32,1.18,2,20,2,110,2021
5052,"BAKSHI KUNTA (VEMANA COLONY 
PARK), CHANDANAGAR, 
SERILINGAMPALLY, RR",LAKE,TELANGANA,20,24,0.3,4.4,6.6,8.4,659,1451,3,16,3.2,7.6,2,23,80,540,2021
4676,"BANDA CHERUVU, MALKAJIGIRI (V), 
MALKAJIGIRI (NEW MANDAL)",LAKE,TELANGANA,28,29,0.3,1.3,7.1,8.1,1145,1680,5.8,16,2.7,24.7,14,58,240,430,2021
5048,"BANDAM CHERUVU, GAJULARAMARAM, 
QUTUBULLAPUR, MEDCHAL – 
MALKAGIRI",LAKE,TELANGANA,27,27,2,3.8,7.1,8.2,732,877,3,9,3.2,6.2,14,63,140,540,2021
4682,"BANDAM CHERUVU, HANAMKONDA",LAKE,TELANGANA,27,29,0.7,4.1,7.1,8.5,655,1457,3.4,12,0.7,38,9,36,140,430,2021
5040,"BANDLAGUDA CHERUVU, BANDALGUDA 
UPPAL, MEDCHAL - MALKAGIRI",LAKE,TELANGANA,28,32,0.3,0.3,7,7.9,995,1519,6.4,16,3.5,14.8,13,94,280,540,2021
4690,"BANJARA KUNTA (SINGADI KUNTA(, 
SHAIKPET",LAKE,TELANGANA,23,30,0.3,4.1,7.3,8.4,688,1191,2.6,6.8,3.6,14.2,7,39,170,540,2021
3074,"BANJARA LAKE, BANJARA HILLS, RANGA 
REDDY",LAKE,TELANGANA,20,28,0.3,0.3,6.7,7.9,783,1246,6,18,1.2,10.8,11,70,210,540,2021
5035,"BATHAR KUNTA, SHAIKPET, HYDERABAD",LAKE,TELANGANA,23,30,0.3,2,7.1,8.5,1042,1318,4,12,4.6,12.4,21,63,280,920,2021
4684,"CAMPUS LAKE, ICRISAT",LAKE,TELANGANA,24,25,5.7,6.9,6.4,7.5,385,750,2.1,3,4.09,7.1,10,17,110,240,2021
5060,"CHAKALAVANI CHERUVU, 
LINGAMPALLY, SERILINGAMPALLY, RR",LAKE,TELANGANA,20,30,0.3,2.9,7,8.3,1024,1528,4,20,5.2,17.7,17,36,240,540,2021
5051,"CHINNA BANDAM, SURARAM, 
QUTUBULLAPUR, MEDCHAL – 
MALKAGIRI",LAKE,TELANGANA,27,29,0.3,3.9,7,8.3,1146,1888,2.1,14,2.1,12.8,11,63,170,540,2021
,"CHINNA PEDDA CHERUVU, 
GOPANPALLY, SERILINGAMPALLY, RR",LAKE,TELANGANA,20,29,1,5.1,7,8.6,846,987,3,6,3.8,356,6,33,21,540,2021
4668,"CHINNARAYAN CHERUVU, ALWAL (V)",LAKE,TELANGANA,28,30,0.3,2.2,7.2,8.2,1080,1732,6,12,2.2,18,21,63,280,540,2021
5046,"CHINTAL CHERUVU, GAJULARAMARAM, 
QUTUBULLAPUR, MEDCHAL – 
MALKAGIRI",LAKE,TELANGANA,27,30,2.2,5,7.3,8.5,377,572,2.1,6,0.3,4,2,33,28,540,2021
5039,"DMRL LAKE, KANCHANBAGH, 
BANDLAGUDA, HYDERABAD",LAKE,TELANGANA,22,30,0.3,3.8,7.1,8.2,1048,1821,3.2,18,0.3,16.8,13,79,94,540,2021
3070,"FOX SAGAR, JEEDIMETLA, RANGA REDDY",LAKE,TELANGANA,25,30,0.8,3.2,7.6,8.5,1042,1476,3,6,1,14,7,54,280,540,2021
5059,"GOPI CHERUVU, LINGAMPALLY, 
SERILINGAMPALLY, RR",LAKE,TELANGANA,20,32,0.3,4.1,7.1,8.4,999,1323,3,10,2.6,10.3,10,34,220,540,2021
5062,"GURUNATH CHERUVU, MIYAPUR, 
SERILINGAMPALLY, RR",LAKE,TELANGANA,20,30,0.3,3.9,7,8.5,830,1313,4,14,6.2,39,8,33,170,540,2021
3073,"HASMATHPET LAKE, HASMATHPET, 
RANGA REDDY",LAKE,TELANGANA,21,30,0.3,0.3,7.1,8.4,961,1685,6,10,2.1,7,21,84,430,540,2021
1789,"HIMAYAT SAGAR LAKE , R.R.DIST.",LAKE,TELANGANA,20,29,4.9,6.2,7.3,8.1,388,526,2.1,2.6,0.3,1.2,2,4,2,110,2021
4679,"HUDA PARK LAKE/ BUMRUKH KHAN 
DOWLA",LAKE,TELANGANA,28,35,0.3,0.9,7,8.4,1773,3194,6,22,5.2,29,26,120,350,920,2021
1391,"HUSSAIN SAGAR LAKE, BUDAMERU",LAKE,TELANGANA,23.2,32,0.3,2.4,7.4,8,1044,1410,5.8,8,1.8,14.6,39,120,430,920,2021
4686,"ICRISAT LAKE, ICRISAT",LAKE,TELANGANA,25,25,5.9,6.8,6.5,7.3,394,914,2.1,3.6,3.11,7.15,10,25,120,280,2021
4699,"KAPRAI CHERUVU, SAHEBNAGAR (V), 
HAYATHNAGAR",LAKE,TELANGANA,20,35,2.9,5,7.2,8.3,378,671,2.1,4,0.3,2.4,8,34,110,280,2021
5054,"KOMATI KUNTA, GOPANPALLY, 
SERILINGAMPALLY, RR",LAKE,TELANGANA,20,30,1.8,5.1,7.1,8.5,554,775,2.1,7,2.2,7.8,4,27,33,430,2021
4705,"KOTHA CHERUVU (ALWAL CHERUVU), 
ALWAL (V)",LAKE,TELANGANA,27,29,0.3,0.9,7.3,8.5,1269,1942,6,14,7.2,27,21,63,350,540,2021
5032,"KOTHA CHERUVU, SHAIKPET, 
HYDERABAD",LAKE,TELANGANA,24,29,0.3,4.1,7.2,8.5,869,1366,3,10,1.8,12,11,49,130,430,2021
5057,"KUDI KUNTA (GAUTAMI LAKE), 
KONDAPUR, SERILINGAMPALLY, RR",LAKE,TELANGANA,20,33,0.3,0.3,6.9,7.6,1045,1769,6,17,5.4,19.9,10,47,350,540,2021
4235,LAKE KAMUNI ( SHAMSHABAD LAKE),LAKE,TELANGANA,28,35,1.8,4.4,7,8.4,715,1291,2.1,5.8,1.5,8.8,11,33,170,540,2021
4680,"LAKNAVARAM CHERUVU, MULUGU (V)",LAKE,TELANGANA,28,29,5,6.6,6.9,8.4,124,211,2.1,2.6,0.3,0.8,2,2,4,32,2021
3071,"LANGARHOUSE LAKE, HYDERABAD",LAKE,TELANGANA,20,30,0.3,1,7.2,8.2,870,1520,4.2,10,2.6,13,7,110,280,540,2021
2340,"LAXMINARAYANA CHERUVU AT 
EDULABAD, RANGAREDDY",LAKE,TELANGANA,21,30,3.1,5.4,7.5,8.3,1086,1744,2.4,5.4,0.4,4.5,3,22,150,350,2021
4677,"LINGAM CHERUVU, SURARAM (V), 
QUTHUBULLAPUR",LAKE,TELANGANA,27,29,0.3,0.3,7.1,7.7,1488,1731,6.2,12,4,18.2,17,63,430,920,2021
4701,"LINGAM KUNTA, CHANDANAGAR (V) 
SERLINGAMPALLY",LAKE,TELANGANA,20,27,0.3,3.2,6.9,8.5,940,1360,4,10,3,12,10,47,140,540,2021
4670,"MADDELLA KUNTA/ BAIRAMALGUDA 
CHERUVU",LAKE,TELANGANA,28,35,2.8,5.8,6.7,8,520,1358,2.1,5.4,0.3,6,6,49,170,540,2021
5047,"MAHABOOB KUNTA, SURARAM, 
QUTUBULLAPUR, MEDCHAL – 
MALKAGIRI",LAKE,TELANGANA,28,28,0.8,5.1,6.7,7.8,543,882,2.1,8,1.8,11.6,11,33,210,540,2021
4698,"MANNEVARI KUNTA, MACHABOLLARAM 
(V) ALWAL",LAKE,TELANGANA,28,29,0.3,0.3,7.5,8.2,1481,1983,7,10,8.4,16.6,47,63,430,540,2021
5049,"MEDDELA KUNTA, GAJULARAMARAM, 
QUTUBULLAPUR, MEDCHAL – 
MALKAGIRI",LAKE,TELANGANA,27,28,1.3,4.2,7.2,8.2,685,1054,3,11,0.4,23,2,47,64,540,2021
4672,"MEDI KUNTA (WIPRO LAKE), 
NANAKRAMGUDA",LAKE,TELANGANA,20,31,0.9,3.8,7.2,8.4,809,1030,3.2,10,1.2,16.2,4,84,240,540,2021
4673,"MEEDI KUNTA (BK ENCLAVE LAKE), 
MAQTA MAHBOOBPET, 
(MADEENAGUDA)",LAKE,TELANGANA,18,29,0.3,3,6.7,8.4,682,1244,3.2,11,3.6,9.2,11,46,140,540,2021
4674,"MEEDI KUNTA, HAFEEZPET (V)",LAKE,TELANGANA,24,29,2,3.8,7.4,8.4,742,1106,2.8,10,1,8.6,11,73,170,540,2021
2341,"MIRALAM LAKE NEAR ZOO PARK, 
RANGAREDDY",LAKE,TELANGANA,24,31,0.3,2.9,7.2,8.1,1177,1398,2.2,8,1.2,6.4,4,84,280,430,2021
5029,"MOHINI CHERUVU, AMBERPET, 
HYDERABAD",LAKE,TELANGANA,21,27,0.3,4,7.2,8.5,366,2188,2.1,18,1.7,9.9,9,63,79,430,2021
5045,"MOTHKULA KUNTA, MACHABOLLARAM, 
ALWAL, MEDCHAL - MALKAGIRI",LAKE,TELANGANA,26,42,0.3,3.1,6.8,8.2,1072,1790,3,11,0.3,18.6,15,63,79,540,2021
5043,"MYSAMMA CHERUVU, KUKATPALLY, 
BALANAGAR, MEDCHAL - MALKAGIRI",LAKE,TELANGANA,27,28,0.3,2,7.1,8,1010,1358,5,13,0.3,12.6,21,63,430,920,2021
4691,"NAGOLE CHERUVU, UPPAL (V)",LAKE,TELANGANA,28,32,0.3,2,6.9,8.4,919,1632,5.8,12,1,13.5,17,84,240,540,2021
5063,"NANAKRAM KUNTA, NANAKRAMGUDA, 
SERILINGAMPALLY, RR",LAKE,TELANGANA,20,35,0.3,3.8,7.3,8.2,279,1102,2.1,32,2.2,6,4,21,280,430,2021
4688,NARINJA LAKE,LAKE,TELANGANA,23,26,5.9,7.1,6.8,7.4,410,670,2.1,3,4.1,7.15,6,9,21,41,2021
5030,"NAYA QUILA TALAB, GOLKONDA, 
HYDERABAD",LAKE,TELANGANA,22,32,0.3,3.3,7.5,8.9,1112,1356,3.3,20,2.4,14.3,17,63,70,540,2021
5056,"NAYANAMMA KUNTA (BASPALLI 
CHERUVU), HAFEEZPET, 
SERILINGAMPALLY, RR",LAKE,TELANGANA,20,27,0.3,4,7.1,8.6,828,1248,3,10,2,14,11,33,150,540,2021
4229,NEKNAMPUR LAKE,LAKE,TELANGANA,26,35,0.3,2.7,7.2,8.5,1322,2186,6,12,3.8,35,17,84,140,920,2021
2342,"NOOR MD. KUNTA, KATTEDAN, 
RANGAREDDY",LAKE,TELANGANA,25,29,0.3,0.3,7.2,7.9,1384,2436,6.2,22,4,28.7,21,94,430,540,2021
4696,"PARKI CHERUVU, KUKATPALLY (V), 
BALANAGAR",LAKE,TELANGANA,26,28,0.3,0.3,7.2,8.1,1079,1803,6,12,3,26,8,63,210,540,2021
4678,"PATEL CHERUVU, NACHARAM (V), 
UPPAL (NEW MANDAL)",LAKE,TELANGANA,19,30,0.3,0.3,7.2,8.1,1193,1745,7,22,3.8,28,14,63,240,540,2021
4693,"PATEL CHERUVU, UPPAL (V)",LAKE,TELANGANA,19,32,0.3,2.6,7.1,7.7,737,1515,4.6,14,4.2,9.4,21,73,210,430,2021
5041,"PATHULGUDA LAKE, PATHALGUDA, 
UPPAL, MEDCHAL - MALKAGIRI",LAKE,TELANGANA,27,32,0.3,2.2,7.1,8.6,1050,1579,4,22,1.2,11.2,21,77,280,540,2021
4702,"PEDDA CHERUVU - KHAJA GUDA, 
KHJAGUDA (V), SERLINGAMPALLY 9NEW 
MANDAL)",LAKE,TELANGANA,28,34,2.1,4.6,7.3,8.2,1130,1817,8,19,5.1,15,70,220,230,1600,2021
4669,"PEDDA CHERUVU, GANGARAM (V) 
SERLINGAMPALLY (NEW MANDAL)",LAKE,TELANGANA,20,28,0.3,3.4,6.8,8.3,623,2440,3.5,14,3.6,12.4,17,94,170,540,2021
4683,"PEDDA CHERUVU, MADIKONDA",LAKE,TELANGANA,28,29,3.3,5.9,7.1,8.4,527,746,2.1,8,0.6,2.8,2,31,26,350,2021
5061,"PEDDAKUDI CHERUVU, MAQTA 
MAHBOOBPET, SERILINGAMPALLY, RR",LAKE,TELANGANA,20,27,0.3,3.2,7.1,8.3,717,1404,4,15,5.2,14.3,13,33,160,540,2021
4681,"PHAKAL CHERUVU, NARSAMPET",LAKE,TELANGANA,27,28,4.8,6.5,7.5,8.5,136,458,2.1,2.8,0.3,0.8,2,2,10,39,2021
5053,"RAMAMMA KUNTA (DR. YSR TOURISM 
COLLEGE), GACHIBOWLI, 
SERILINGAMPALLY, RR",LAKE,TELANGANA,30,35,0.3,2.4,7.2,8.5,487,868,3,6,1,13,8,33,170,540,2021
3068,"RAMAPPA LAKE, WARANGAL",LAKE,TELANGANA,27,27,5,6.4,7.6,8.3,205,339,2.1,2.3,0.3,1.2,2,4,15,120,2021
4687,"RED LAKE, ICRISAT",LAKE,TELANGANA,25,25,5.5,6.6,6.7,7.5,548,1072,2.4,5,5.18,10.17,14,31,170,350,2021
5058,"REGULA KUNTA, MIYAPUR 
SERILINGAMPALLY, RR",LAKE,TELANGANA,20,32,0.3,4.2,7,8.4,644,920,2.6,8,1.6,8.6,8,22,80,540,2021
3072,"SAFILGUDA LAKE, RANGA REDDY",LAKE,TELANGANA,21,30,0.3,1.6,7.1,8.3,1150,1865,6,13,2.2,12,17,84,350,540,2021
5038,"SALKAM CHERUVU, BANDLAGUDA, 
HYDERABAD",LAKE,TELANGANA,21,30,0.3,2.2,7.1,8.3,1224,2627,3,36,0.3,18.6,17,63,350,540,2021
1788,"SAROORNAGAR , RANGA REDDY DIST.",LAKE,TELANGANA,24,35,0.3,1.2,7.2,8.3,944,1537,5.8,14,2,10.6,21,34,280,540,2021
5033,"SHAHATAM CHERUVU, SHAIKPET, 
HYDERABAD",LAKE,TELANGANA,22,30,0.3,0.3,7,8.1,840,1535,4,22,3.2,10.2,12,63,140,540,2021
3069,"SHAMEERPET LAKE, SHAMEERPET, 
RANGA REDDY",LAKE,TELANGANA,22,29,5.2,6.1,7.4,8.4,498,622,2.1,2.8,0.3,2.4,2,12,27,280,2021
5034,"SHIKARI KUNTA, SHAIKPET, HYDERABAD",LAKE,TELANGANA,24,30,1.2,5.9,7.4,8.5,634,1354,2.1,7,1.6,10.2,14,63,33,540,2021
5044,"SUDALAVANI KUNTA (SUNNAM 
CHERUVU), ALLAHPUR, BALANAGAR, 
MEDCHAL - MALKAGIRI",LAKE,TELANGANA,28,41,0.3,1,7.1,7.8,944,1592,5,14,0.3,14.2,21,63,430,540,2021
4685,SURISIGAL LAKE ICRISAT,LAKE,TELANGANA,24,25,5.8,6.7,6.9,7.4,418,838,2.1,3.4,4.13,7.13,12,27,130,280,2021
4667,"SURRAM CHERUVU (PALLE CHERUVU), 
BANDLAGUDA (V), BANDLAGUDA (NEW 
MANDAL)",LAKE,TELANGANA,23,33,0.3,1,6.9,7.9,977,2360,6,16,4.5,19,27,73,350,540,2021
5037,"TIRUMALAGIRI TANK, TIRUMALAGIRI, 
HYDERABAD",LAKE,TELANGANA,29,38,0.3,0.3,7.1,8.4,1289,1558,6,12,0.3,14.2,21,33,430,540,2021
4234,"UMDA SAGAR LAKE, SHAMSHABAD",LAKE,TELANGANA,27,35,0.3,3.7,6.9,8.4,813,1020,2.1,8,0.3,7.4,7,57,120,430,2021
5050,"VENNA CHERUVU, JEEDIMETLA, 
QUTUBULLAPUR, MEDCHAL – 
MALKAGIRI",LAKE,TELANGANA,27,30,0.3,3.1,7.1,7.8,1312,1604,5,16,7.8,52,9,63,130,540,2021
5042,"YELLAMMA CHERUVU, KUKATPALLY, 
MEDCHAL - MALKAGIRI",LAKE,TELANGANA,27,28,0.3,3,7,8.1,1027,2250,5.8,20,0.6,37,27,63,220,920,2021
5031,"YERRA KUNTA, SHAIKPET, HYDERABAD",LAKE,TELANGANA,22,29,0.3,3.8,7.2,8,740,1352,4,19,0.9,8.6,2,57,220,920,2021
3076,"AMBER CHERUVU, KUKATPALLY, RANGA 
REDDY",POND,TELANGANA,25,29,0.3,0.3,7.3,8.2,925,1500,7.8,12,2,6.4,33,79,350,430,2021
2347,"ASANI KUNTA, KAJIPALLY, MEDAK",POND,TELANGANA,19,24,0.3,1.3,6.4,7.3,4750,15300,31,350,24.37,46.37,6,14,170,540,2021
2346,"BHADRAKALI CHERUVU, BHADRAKALI 
TEMPLE, WARANGAL",POND,TELANGANA,27,28,4.1,5.9,7.6,8.5,537,901,2.1,4,0.8,2.2,2,27,11,220,2021
2357,DURGAM CHERUVU,POND,TELANGANA,26,30,2,3.6,7.3,8.5,705,944,2.4,6,0.8,5.4,7,57,240,430,2021
3077,"KAPRA CHERUVU, KAPRA, RANGA 
REDDY",POND,TELANGANA,21,29,0.6,3.2,7,8.3,1225,1609,3.2,8,1,4.6,15,53,210,540,2021
4675,"LOTUS POND, HAKIMPET (V), SHAIK PET 
(NEW MANDAL)",POND,TELANGANA,25,35,3,5.1,6.9,8.6,589,873,2.2,4,1,10.8,2,43,120,430,2021
2344,"NALLA CHERUVU, RANGAREDDY",POND,TELANGANA,26,28,0.3,1.2,7.4,8.3,1046,1753,6,10,0.3,4.8,21,47,430,540,2021
4665,"OUTLET OF KTPP ASH POND JOINING TO 
MORANCHA VAGU, CHELPUR, GHANPUR",POND,TELANGANA,27,28,3,5.4,7.2,8.4,566,996,2.1,3.9,0.3,1.8,2,4,10,130,2021
2359,PEDDA CHERUVU,POND,TELANGANA,26,30,0.3,1.2,7.2,8.5,1163,1665,6,12,2.4,26,33,63,430,920,2021
4236,"PEDDA CHERUVU (NACHARAM 
CHERUVU)",POND,TELANGANA,20,29,1,2,7.4,7.9,1144,1605,4,6,10.2,28.8,43,58,430,540,2021
3078,"PRAGATHINAGAR CHERUVU, 
KUKATPALLY, RANGA REDDY",POND,TELANGANA,25,29,0.3,1.8,7.2,8,1020,1505,4.2,15,1.6,9,4,47,350,540,2021
3075,"RANGADHAMUNI CHERUVU, RANGA 
REDDY",POND,TELANGANA,24,28,0.3,2.2,7.2,8.4,628,1679,4,11,1.1,7.6,11,63,350,540,2021
2345,"SAI CHERUVU, NEAR TANNERY 
INDUSTRIES, DESAIPET, WARANGAL",POND,TELANGANA,27,28,0.3,3,7.5,8.5,1450,7050,4,32,1.1,14,2,31,120,350,2021
4238,"AMEENPUR CHERUVU, AMEENPUR (V & 
M) SANGAREDDY DISTRICT",TANK,TELANGANA,24,26,5,6,6.5,7.5,998,1347,3.2,6,9.13,13.17,4,12,79,170,2021
1464,BIBINAGAR TANK,TANK,TELANGANA,18,22,5,6.2,7.1,7.5,598,1004,2.2,4.5,5.11,12.12,4,12,36,49,2021
4703,"BULBUL KUNTA, LAXMI NAGAR (V), 
RAJENDRANAGAR",TANK,TELANGANA,26,33,0.3,0.3,7,8.4,1305,2234,7.4,19,2.8,23,25,84,350,920,2021
3085,"CHINNA WADDEPALLY TANK, 
WARANGAL",TANK,TELANGANA,28,28,0.3,4.6,7,8.4,706,1355,3.8,18,1.4,12,13,47,110,540,2021
4241,"CHITKUL TANK, CHITKUL (V) 
PATANCHERU (M) SANGAREDDY 
DISTRICT",TANK,TELANGANA,26,26,4.6,6.3,6.7,7.5,795,1687,3.2,6,10.1,15.13,4,11,49,140,2021
1447,"DHARMASAGAR TANK NEAR 
WARANGAL",TANK,TELANGANA,27,29,5.1,6.2,7.9,8.5,253,502,2,2.1,0.3,2.6,2,17,14,280,2021
4233,"GADDAPOTHARAM CHERUVU, 
GADDAPOTHARAM VILLAGE, JINNARAM 
MANDAL, SANGAREDDY DIST",TANK,TELANGANA,24,34,4,5.4,6.7,7.4,3530,5140,10,15,10.15,24.18,12,27,110,240,2021
1780,"GANDIGUDEM TANK , MEDAK DISTRICT",TANK,TELANGANA,19,24,5,6.2,6.8,7.5,1140,1802,5.2,8,9.13,14.2,4,10,70,140,2021
4228,"IBRAHIM CHERUVU, RAJENDRA NAGAR",TANK,TELANGANA,26,33,0.3,1.2,7.1,8.4,992,2097,5.6,20,2.4,14.6,11,63,350,540,2021
4243,"ISNAPUR TANK, ISNAPUR (V) 
PATANCHERU 9M) SANGAREDDY 
DISTRICT",TANK,TELANGANA,24,25,3.7,5.4,6.8,7.5,2186,5400,8,22,13.18,23.28,13,20,110,280,2021
4225,"JOGULAMBA TEMPLE, GADWAL",TANK,TELANGANA,22,30,3.6,6,7.3,8.2,471,1488,2.1,4.2,1.2,3.7,2,33,17,430,2021
2348,"KAJIPALLY TANK, KAJIPALLY, MEDAK",TANK,TELANGANA,20,25,4,5.6,7,7.3,1428,3964,5,10,12.2,21.15,2,8,39,63,2021
4230,"KISTAIPALLY TANK, KAZIPET, 
WARANGAL",TANK,TELANGANA,25,34,4.1,5.4,7.2,7.5,2248,4810,5.4,6.6,12.12,16.1,6,9,63,150,2021
1783,"KISTAREDDYPET TANK , MEDAK DIST.",TANK,TELANGANA,19,23,5,6.2,6.6,7.6,1624,2895,5.4,9.5,13.1,26.1,2,8,38,84,2021
4232,"KOMATI CHERUVU, SIDDIPET TOWN, 
SIDIPET DISTRICT",TANK,TELANGANA,25,34,5.4,6.5,7,7.5,495,893,2.7,23,5.07,11.1,2,6,31,47,2021
4248,"KOTI CHERUVU, HANAMKONDA, 
WARANGAL",TANK,TELANGANA,27,28,1.5,4,6.8,8.4,788,1090,2.1,6,2.2,5.2,2,27,21,430,2021
4242,"LAKADARAM CHERUVU, LAKADARAM 
(V) PATANCHERU (M) SANGAREDDY 
DISTRICT",TANK,TELANGANA,25,26,4.3,5.8,7,7.4,585,1439,4,6,3.1,14.17,4,9,43,94,2021
4700,"LARGE TANK, SAROORNAGAR (V)",TANK,TELANGANA,28,35,0.3,0.3,7.1,8.3,1244,1615,12,22,1.8,18,15,47,120,540,2021
4239,"MAHABOOBSAGAR TANK SANGAREDDY 
(V & M) SANGAREDDY DISTRICT",TANK,TELANGANA,24,25,5,6.3,6.8,7.5,570,1347,4,6,6.12,11.18,6,10,58,170,2021
2358,MALLAPUR TANK,TANK,TELANGANA,25,27,0.3,0.3,7,8.2,1724,2496,7.6,18,0.7,14.6,17,94,350,540,2021
4245,"MALLEPALLY TANK MALLEPALLY (V) 
KONDAPUR (M) SANGAREDDY DISTRICT",TANK,TELANGANA,24,24,5.4,6.4,6.9,7.4,642,1457,2.1,5,6.1,12.13,6,12,47,70,2021
4247,"MUCHARLA NAGARAM CHERUVU, 
WARANGAL",TANK,TELANGANA,27,29,2.6,5.7,7.4,8.6,420,1221,2.1,4,0.6,6.8,7,34,150,350,2021
4237,"MULLAKATWA CHERUVU, JI TECH CITY, 
MADHAPUR,",TANK,TELANGANA,28,33,0.3,0.3,7,7.9,921,3030,6,14,2.5,31.8,17,33,280,1600,2021
4240,"MUTHANGI TANK, MUTHANGI (V), 
PATANCHERU (M) SANGAREDDY 
DISTRICT",TANK,TELANGANA,24,26,4.5,6.2,6.8,7.5,420,1709,2.2,5.7,4.1,12.11,2,7,26,70,2021
4704,"PEDDA CHERUVU, MANSOORABAD (V), 
SAROORNAGAR",TANK,TELANGANA,27,35,0.3,4.6,6.9,8.4,427,1178,2.1,8,1.4,6,4,58,220,430,2021
2343,"PREMAJIPET TANK, KATTEDAN, 
RANGAREDDY",TANK,TELANGANA,24,29,0.3,2.6,7.4,8.4,1921,4320,5.2,26,2.4,12,4,21,280,540,2021
4249,"RANGASAMUDRAM, WARANGAL",TANK,TELANGANA,27,29,1.7,3.7,7.1,8.6,606,1306,2.1,10,0.4,5.6,2,27,120,430,2021
4231,"RAYAM CHERUVU, BONTHAPALLY 
VILLAGE, JINNARAM MANDAL, 
SANGAREDDY DISTRICT",TANK,TELANGANA,24,34,4.6,5.8,7.1,7.4,480,1325,2.5,4,4.1,10.2,2,9,27,47,2021
4302,"RUDRARAM TANK, RUDRARAM 
(V)PATANCHERU (M) SANGAREDDY 
DISTRICT",TANK,TELANGANA,24,25,5.1,6.4,6.6,7.5,1023,1898,3.5,6,7.1,15.1,2,8,47,84,2021
3086,"SAKI TANK, PATANCHERU, RANGA 
REDDY",TANK,TELANGANA,18,23,5.2,6.6,6.8,7.5,689,1180,3,6.2,6.16,14.1,6,11,34,48,2021
4689,"SUNNAM KUNTA, JUBILLE HILLS",TANK,TELANGANA,23,29,1.8,6.6,6.7,8.5,344,820,2.1,8,0.8,8.1,7,27,150,430,2021
3084,"WADDEPALLY TANK, KAZIPET, 
WARANGAL",TANK,TELANGANA,28,29,4.1,6.3,7.6,8.5,350,644,2.1,3,0.5,2.6,2,26,26,350,2021
4244,"YERDANOOR TANK, YERDANOOR (V) 
SANGAREDDY DISTRICT",TANK,TELANGANA,24,25,5.2,6.6,6.7,7.5,5,1437,2.2,5,9.1,15.15,8,12,43,84,2021
3391,"DHAMBUR LAKE, DHALAI",LAKE,TRIPURA,18,28.5,5.1,5.9,7,7.4,155,200,1,1.6,0.72,3,17,58,94,220,2021
4193,"DIMASAGAR LAKE, NORTH GATE",LAKE,TRIPURA,19,30,5.2,5.9,6.6,7.3,121,198,1,2.2,0.55,3.08,21,63,140,280,2021
1727,"LAXMI NARAYAN BARI PALACE 
COMPOUND, TRIPURA",LAKE,TRIPURA,19,29,5.2,6.4,7.1,7.5,124,211,1,1.5,0.58,2.94,13,58,79,210,2021
4192,MBB COLLEGE LAKE,LAKE,TRIPURA,19,30,5.2,6.2,6.9,7.5,137,198,1,1.8,0.48,2.55,22,41,120,210,2021
4643,RUDRASAGAR EAST LAKE TRIPURA,LAKE,TRIPURA,18,29,5.2,6.3,7.1,7.5,152,203,1,1.9,0.74,2.73,21,58,94,220,2021
4642,"RUDRASAGAR NORTH LAKE,TRIPURA",LAKE,TRIPURA,18,29,5.3,6.9,6.9,7.3,148,206,1.4,2.3,0.72,3.5,27,84,150,280,2021
4644,RUDRASAGAR WEST LAKE TRIPURA,LAKE,TRIPURA,18,29,5.6,6.5,7,7.7,129,181,1,2.1,0.73,2.73,25,63,150,280,2021
1728,"RUDRASAGAR, SONUMURA, TRIPURA",LAKE,TRIPURA,19,28.5,5.1,5.8,6.6,7.5,132,187,1.1,1.7,1.07,3.06,31,49,170,240,2021
3393,"BRAMAKUNDA POND, WEST TRIPURA",POND,TRIPURA,19,28.5,5.4,6.5,6.9,7.5,157,228,1,1.8,1,2.48,17,48,84,170,2021
4197,CHATURDASH DEBATA BARI POND,POND,TRIPURA,18.5,29,5.6,6.7,6.7,7.3,139,194,1,1.8,0.67,2.39,17,46,84,170,2021
4195,DURGABARI POND,POND,TRIPURA,18.5,30,5,6.1,6.2,7.3,142,198,1,1.9,0.7,2.49,15,48,63,210,2021
3396,"JAGANNATH DIGHI, SOUTH TRIPURA",POND,TRIPURA,19,29.5,5.2,6.2,6.9,7.3,143,201,1,2.2,0.71,3.08,17,58,84,210,2021
3394,"KALYANSAGAR AT MATARBARI, SOUTH 
TRIPURA",POND,TRIPURA,19.5,29.5,5.1,6.8,7,7.7,141,220,1.5,2.6,1.54,4,33,93,140,280,2021
4221,KATAL DIGHI POND,POND,TRIPURA,18,29,5.1,6,6.9,7.5,143,191,1.1,1.6,0.61,2.48,27,47,110,210,2021
4194,LALBAHADUR DIGHI POND,POND,TRIPURA,19,30,5.1,5.9,6.8,7.4,135,198,1,1.9,0.58,2.4,17,47,110,220,2021
3395,"MAHADEB DIGHI, SOUTH TRIPURA",POND,TRIPURA,19,29,5.4,6.8,6.9,7.4,134,192,1,1.5,0.72,2.39,17,63,94,240,2021
4196,RADHANAGAR POND,POND,TRIPURA,19.5,30,1.2,6.2,6.4,8,147,216,3.1,11,0.89,6.6,47,94,210,430,2021
3392,"SHIPAHIJALA POND, WEST TRIPURA",POND,TRIPURA,19,29,5,5.9,6.6,7.2,128,192,1.1,1.9,0.68,2.9,17,58,84,210,2021
2499,"SAMARPUR JHEEL, RAEBARELI",LAKE,UTTAR PRADESH,19,26,5.8,7,7.6,8.2,251,371,4,5,0.8,0.92,3600,4300,6300,7900,2021
3437,BHEEMTAL LAKE,LAKE,UTTARAKHAND,11,23,7.4,9,7.2,8,160,210,1,1.6,0.32,0.37,70,170,210,540,2021
1362,"NAINI LAKE AT NAINITAL (WATER 
INTAKE POINT)",LAKE,UTTARAKHAND,9,22,7.6,9.6,7.2,7.8,370,440,1,2,0.32,0.36,140,350,350,920,2021
2539,"BELBONI LAKE NEAR BARJORA, 
BANKURA",LAKE,WEST BENGAL,19,30,7.7,8.6,7,8.1,141,195,1.2,1.7,0.3,0.3,1100,2200,1400,3900,2021
2505,"HANUMAN GHAT ON DUDHPUKUR AT 
TARAKESHWAR, HOOGHLY",LAKE,WEST BENGAL,22.5,34,4,13.1,7.8,8.7,568,763,3.2,8.5,0.35,0.72,3300,35000,4900,54000,2021
2503,"HATISHALA GHAT ON DUDHPUKUR AT 
TARAKESHWAR, HOOGHLY",LAKE,WEST BENGAL,22.5,34,4.5,10.9,7.5,8.6,567,868,3.2,6.9,0.3,0.8,1400,92000,3300,160000,2021
4729,JOREPOKHARI LAKE AT SUKHIAPOKHARI,LAKE,WEST BENGAL,6,24,5.5,7.8,6.9,7.9,20,97,1,1.8,0.3,0.3,60,5000,110,13000,2021
2519,"KOCHBIHAR LAKE (SAGAR DIGHI), 
COOCHBEHAR",LAKE,WEST BENGAL,21,30,6.8,8.2,6.7,7.6,32,68,1,2.2,0.3,0.3,400,5000,1300,13000,2021
4720,LAKE RASIKBHEEL AT COOCHBEHAR,LAKE,WEST BENGAL,19,33,6.8,8.9,6.7,8.4,32,128,1.4,2.1,0.3,0.3,170,2600,700,9000,2021
2504,"MAINH GHAT ON DUDHPUKUR AT 
TARAKESHWAR, HOOGHLY",LAKE,WEST BENGAL,22.5,34,3.8,12,7.6,8.7,569,775,3.6,7.2,0.3,0.9,13000,240000,23000,540000,2021
2520,"MIRIKH LAKE, DARJEELING",LAKE,WEST BENGAL,4,24,5.8,6.9,6.5,8,67,196,1.8,2.8,0.3,0.32,2100,5000,5000,14000,2021
1765,"RABINDRASAROVAR NATIONAL LAKE, 
CALCUTTA, WEST BENGAL",LAKE,WEST BENGAL,22,31,5.2,9.7,7.2,8.5,252,826,1.8,4.1,0.3,1.9,330,790,1100,1700,2021
2544,SAHEBBANDH AT PURULIA,LAKE,WEST BENGAL,22,32,8.8,9.8,7,7.6,311,422,2.7,7.3,0.3,0.8,3100,9400,4300,12000,2021
2522,SINCHAL LAKE FOR DARJEELING,LAKE,WEST BENGAL,7,16,7.1,8.1,6.9,7.6,13,29,1,1.1,0.3,0.3,70,110,110,210,2021
2521,"WATER RESERVIOR AT DELO LAKE, 
DARJELLING",LAKE,WEST BENGAL,9,24,7.2,8.2,6.9,7.6,20,36,1,1.8,0.3,0.3,60,130,110,330,2021
4725,WATER RESERVIOR ST. HELENS SCHOOL,LAKE,WEST BENGAL,8,18,7.1,8.5,6.9,7.9,16,73,1,1.6,0.3,0.3,70,110,110,330,2021
5159,"GARGEYAPURAM LAKE 
GARGEYAPURAM (V), 
KURNOOL (M)",LAKE,"ANDHRA 
PRADESH",22,27,3.9,6.5,7.1,7.9,374,1370,1.5,3.7,0.33,5.9,214,525,816,1733,2022
4368,"KOLLERU LAKE, 
KOKKIRAYALANKA (V), 
KAILALUR (M)",LAKE,"ANDHRA 
PRADESH",18,29,3.2,8.7,7.2,8.6,215,1800,1.6,6.1,0.69,2.79,7,21,210,460,2022
2353,"KONDAKARLA-AAVA 
LAKE, KONDAKARLA, 
VISHAKHAPATNAM",LAKE,"ANDHRA 
PRADESH",26,29,3.4,6.4,7.1,8.5,402,888,2.4,4.8,1.12,2.42,7,39,150,240,2022
5147,"PALASAMUDRAM LAKE, 
PALASAMUDRAM (V), 
PENUKONDA (M)",LAKE,"ANDHRA 
PRADESH",23,27,5.1,6.1,6.6,7.8,322,535,1.5,2.2,0.32,1.26,89,388,491,1046,2022
1790,"PULICATE LAKE, SRIHARI 
KOTA, SULLURUPETA (M)",LAKE,"ANDHRA 
PRADESH",18,22,5.7,6.8,7.4,8.1,31100,42200,2.6,2.9,1.11,1.78,3,62,75,689,2022
5156,"BRAHMAIAHLINGAM 
CHERUVU AT 
NARASINGAPALEM (V), 
AGIRIPALLI?(M)",TANK,"ANDHRA 
PRADESH",24,24,6.6,7.7,7.2,8,699,990,2.4,2.9,1.4,2.04,3,343,75,1380,2022
4391,"CHENGAMBAKAM TANK 
IN SRI CITY SEZ, 
IRUGULAM (V)",TANK,"ANDHRA 
PRADESH",22,29,5.2,6.3,7,7.9,196,502,1,2,0.32,3.12,104,258,258,980,2022
5150,"NELLORE SWARNALA 
CHERUVU (NELLORE 
TANK),NEAR 
BARASHAHID DARGHA, 
NELLORE TOWN",TANK,"ANDHRA 
PRADESH",17,21,6.2,7.5,7.5,8.3,982,1286,2.5,2.9,0.45,4.46,3,176,120,680,2022
4921,"ANNAMAYYA PROJECT 
ON CHEYYERU 
RESERVOIR, RAJAMPET",WETLAND,"ANDHRA 
PRADESH",19,29,5.1,6.6,7.5,8,510,720,1.2,2.3,0.32,0.79,97,368,403,914,2022
4936,"ANUMULA PALLY 
CHERUVU, ANUMULA 
PALLY (V),RACHERLA (M)",WETLAND,"ANDHRA 
PRADESH",22,26,6.4,7.6,7.3,8.4,247,480,1.8,2.6,0.92,2.05,3,29,64,240,2022
4919,"BRAHMAMSAGAR, 
KANDIMALLAYAPALLI (V)",WETLAND,"ANDHRA 
PRADESH",21,27,5.4,6.5,7,8,406,603,1,2.2,0.32,1.12,102,243,436,816,2022
4926,"DALI TANK,VEMULADA 
(V), TEKKALI (M)",WETLAND,"ANDHRA 
PRADESH",24,32,2.9,7.5,7.4,8.2,279,804,1.7,10.2,0.51,2.42,4,20,75,460,2022
4931,"GACHAKAYALA PORA 
(LAKE), GACHAKAYALA 
PORA (V), KATRENIKONA 
(M)",WETLAND,"ANDHRA 
PRADESH",26,36,6.4,8,7.1,8.7,2182,56100,1.6,2.6,0.55,8.05,3,15,93,240,2022
4917,"GANGINENI CHERUVU, 
CHITTOOR TOWN",WETLAND,"ANDHRA 
PRADESH",15,30,4,6.1,6.8,7.7,893,1203,1.3,3.5,0.32,3.59,244,689,866,1986,2022
4934,"INTERU SWAMPS, INTERU 
(V),  
BANTUMILLI (M)",WETLAND,"ANDHRA 
PRADESH",25,26,6.1,6.6,7.5,8.1,14950,31200,2.7,2.9,0.95,1.69,3,22,75,423,2022
4918,"KATTAMANCHI 
CHERUVU, NEAR NEW 
RTC BUS STAND, 
CHITTOOR TOWN",WETLAND,"ANDHRA 
PRADESH",16,28,4.1,6.2,6.8,7.6,701,1172,1.2,3.7,0.46,3.76,226,479,686,1733,2022
4933,"KRISHNA MANGROVES, 
KARA AGRAHARAM (V), 
MACHILIPATNAM (M)",WETLAND,"ANDHRA 
PRADESH",25,26,5.8,6.7,7.2,7.9,23000,39200,2.6,2.9,0.74,1.76,3,16,47,260,2022
4929,"LAGOON, NEAR 
UPPALANKA 
MUDFLATS,MAHALAKSH
MI NAGAR, KAKINADA",WETLAND,"ANDHRA 
PRADESH",24,26,5,7.5,6.8,8.1,1859,47070,2.2,3,1.04,3.61,3,9,21,210,2022
4916,"MID PENNAR RESERVOIR, 
PENAKACHERLA (V), 
GARLADINNE (M)",WETLAND,"ANDHRA 
PRADESH",22,27,5.3,6.4,7.2,8.2,364,490,1,2.3,0.32,0.74,118,293,365,722,2022
4925,"NAUPADA SWAMPS, 
MEGHAVARAM (V), 
SANTHABOMMALI (M)",WETLAND,"ANDHRA 
PRADESH",24,31,3.2,7.3,7,8.4,415,51700,1.1,3.2,0.53,2.33,4,15,48,240,2022
4930,"P.E CHINNAYAPALEM 
CHERUVU, P.E 
CHINNAYAPALEM 
(V),TONDANGI (M)",WETLAND,"ANDHRA 
PRADESH",25,27,5,8.2,7.4,8.4,593,1446,1.8,3.6,0.57,3.89,3,11,11,210,2022
4915,"PATHAKOTHA CHERUVU, 
PATHAKOTHA (V), 
GUNTAKAL (M)",WETLAND,"ANDHRA 
PRADESH",21,27,4.2,6.2,7.3,8,746,2453,1.2,3.7,0.32,1.88,228,914,579,2420,2022
4924,"PATHATEKKALI CHERUVU 
(PEDDA CHERUVU), 
PATHATEKKALI (V), 
VAJRAPUKOTTURU (M)",WETLAND,"ANDHRA 
PRADESH",24,32,4.3,8,7.3,8.4,212,8710,1,6.2,0.55,1.88,9,21,120,240,2022
4928,"PEDDA 
CHERUVU,VIZIANAGARA
M TOWN",WETLAND,"ANDHRA 
PRADESH",23,27,0.3,6.5,6.8,8.4,658,2630,5.4,54,0.32,4.95,3,43,64,2400,2022
4923,"SANGAMESWARA BACK 
WATERS, LIFT 
IRRIGATION SCHEME, 
MUCHUMARRI (V), 
PAGIDYALA(M)",WETLAND,"ANDHRA 
PRADESH",21,26,4.8,6.3,7,8.1,389,1370,1.2,2.7,0.43,1.94,142,403,594,1046,2022
4920,"SOMASILA BACK WATER, 
OLD RAMAPURAM (V), 
VONTIMITTA (M)",WETLAND,"ANDHRA 
PRADESH",21,30,5.1,6.7,7.3,8,464,820,1,2.8,0.32,1.69,38,330,403,980,2022
4927,"TATIPUDI RESERVOIR, 
TATIPUDI (V), GANTYADA 
(M)",WETLAND,"ANDHRA 
PRADESH",25,29,5.7,8,7.1,8.5,218,444,1.2,2.8,0.38,1.75,3,21,39,2400,2022
4935,"UPPALAPADU 
TANK,UPPALAPADU (V), 
PEDAKAKANI (M)",WETLAND,"ANDHRA 
PRADESH",23,27,6.1,6.8,7.2,7.8,877,1188,4,6.2,2.96,5.88,4,609,380,2938,2022
4932,"YERRAKALUVA 
RESERVOIR, 
KONGUVARIGUDEM (V), 
JANGAREDDYGUDEM (M)",WETLAND,"ANDHRA 
PRADESH",16,32,5.6,8.6,7.5,8.5,146,401,1.4,4.2,0.32,2.12,3,15,64,240,2022
2207,"BOR BEEL AT JAKAI, 
ASSAM",LAKE,ASSAM,22,24,4,7,6.8,7.4,140,248,2.1,2.8,0.8,2,300,940,720,1600,2022
3789,"BORDOIBAM BEELMUKH 
BIRD SANCTUARY, 
DHEMAJI",LAKE,ASSAM,22,23,4.5,9.4,6.9,7.6,196,298,2,2.9,0.9,1.2,300,730,730,1500,2022
3820,"BORSOLA BEEL, 
SARABBHATTI, 
GUWAHATI",LAKE,ASSAM,20,33,0.3,2.4,6.8,7.7,430,585,22.6,29.4,2.4,5.8,2100,3900,3900,6400,2022
2220,"CHAND DUBI BEEL, 
CHAND DUBI, ASSAM",LAKE,ASSAM,20,27,4.6,9,6.8,7.6,92,153,2.4,2.8,0.8,2.1,360,910,730,2100,2022
2206,"DALONI BEEL NEAR 
JOGIGHOPA, ASSAM",LAKE,ASSAM,23,37,4.8,5.2,7,7.6,90,156,2.1,2.8,0.9,1.6,300,610,910,1400,2022
2218,"DEEPOR BEEL AT 
BORAGAON NEAR IASST, 
GUWAHATI, ASSAM",LAKE,ASSAM,18,32,5,7.3,6.8,8.1,224,478,5,5.9,2.5,4,360,920,910,1600,2022
1529,"DEEPOR BEEL NEAR 
DHARAPUR CHARIALI, 
GUWAHATI, ASSAM",LAKE,ASSAM,18,32,5.3,7.9,6.8,8,223,477,5.1,5.8,2.6,3.8,300,940,910,2000,2022
3821,"DIPLAI BEEL AT SILGARA, 
KOKRAJHAR",LAKE,ASSAM,21,37,4.6,5.5,6.7,7.6,103,138,1.8,2.5,0.8,2.1,300,620,720,1300,2022
1263,"ELANGABEEL SYSTEM 
(CONNECTED TO R. 
KOLONG), ASSAM",LAKE,ASSAM,20,30,4,4.8,6.6,7.7,243,302,2.2,2.8,0.7,2.2,360,1100,720,2100,2022
3787,"HOLUDUNGA BEEL NEAR 
GAI NADI/ RIVER AT 
SOMARAJAN, DHEMA JI",LAKE,ASSAM,22,24,4.2,9.2,6.7,7.8,126,223,2,2.8,0.9,2.2,300,720,910,1400,2022
4337,"KAMALABARI LAKE 
INSIDE KAMALABARI 
CHILDREN,S PARK, 
GELEKY",LAKE,ASSAM,18,33,4,6.8,6.6,7.5,49,88,2.3,2.7,0.7,1.1,300,730,360,1500,2022
3812,"KAMALPUR BEEL, 
KAMALPUR",LAKE,ASSAM,21,28,0.3,3,7.1,7.8,953,1076,24.4,29.6,2.3,3.6,300,1500,1400,3500,2022
3783,"MAGURI BEEL, GUIJAN, 
TINSUKIA",LAKE,ASSAM,22,23,4,9.7,6.8,7.6,154,182,2.1,2.7,0.7,2,300,720,720,1300,2022
3800,"MALINI BEEL NEAR 
INDUTRIAL AREA AT 
RAMNAGAR",LAKE,ASSAM,21,25,4,4.2,6.5,7.7,138,164,2.2,2.9,0.7,1.6,300,730,730,1500,2022
2205,"MER BEEL AT 
MADHABPUR, ASSAM",LAKE,ASSAM,22,23,4,7.2,6.5,7.8,140,180,2.1,2.6,0.5,1.2,300,720,720,1400,2022
3808,"PARASHALI BEEL AT 
DEMORIA",LAKE,ASSAM,22,38,4.1,9.7,6.8,7.6,126,186,2.2,2.7,0.8,2,300,730,610,1500,2022
3798,"SAMAGURI BEEL IN 
NAGAON DISTRICT",LAKE,ASSAM,19,30,4,8,6.5,7.6,87,131,2.3,2.6,0.8,4,360,720,910,1400,2022
2215,"SARAN BEEL, ASSAM",LAKE,ASSAM,21,32,4,9.5,6.8,7.6,78,122,2.1,2.8,0.8,1.8,300,720,720,1500,2022
3814,"SILSAKO BEEL, CHACHAL, 
GUWAHATI",LAKE,ASSAM,20,35,0.3,5,7,7.8,462,594,12.6,19.7,1.2,2,1500,2800,2800,4400,2022
3804,"SON BEEL WATER AT 
KARIMGANJ",LAKE,ASSAM,20,25,4.1,5.2,6.8,7.2,104,156,2.3,2.9,0.7,1.1,300,910,900,2000,2022
3819,"SORU SOLA BEEL, PALTAN 
BAZAR, GUWAHATI",LAKE,ASSAM,20,35,0.3,2.7,6.9,7.8,430,602,20.8,29.6,2.8,5.7,2800,3900,4400,5300,2022
2225,"BASKANDI POND INSIDE 
THE BASKANDI 
MADRASA, BASKANDI, 
ASSAM",POND,ASSAM,19,25,4,4.6,7,7.3,101,108,2.3,2.9,0.7,1.1,360,730,1100,1500,2022
2214,"BATODRAWA SATRA 
POND, NAGAON, ASSAM",POND,ASSAM,21,34,4,10.5,6.6,7.5,67,128,2.1,2.6,0.9,2,300,730,910,1500,2022
2219,"BISHNU PUSKAR 
PUKHURI OF HAYAGRIB 
MADHAB TEMPLE, HAJO, 
ASSAM",POND,ASSAM,20,27,6.5,10.2,7.1,8.1,218,309,2.2,2.6,0.8,2,300,1100,910,2000,2022
3772,BORPUKHURI AT SONARI,POND,ASSAM,18,33,5.6,7.1,6.8,7.5,81,118,2.1,2.6,0.8,1.3,300,910,360,1500,2022
2208,"BORPUKHURI, NAZIRA, 
ASSAM",POND,ASSAM,20,34,4.7,7.8,6.8,7.4,52,96,2.1,2.8,0.8,1.2,300,720,720,1400,2022
2216,"DIGHALI PUKHURI, 
GUWAHATI, ASSAM",POND,ASSAM,19,32,5.7,10.2,7,8.1,156,250,2.3,2.8,0.9,4,610,940,1100,1900,2022
2221,"GANGA PUKHURI, 
NALBARI (GORDON 
SCHOOL), ASSAM",POND,ASSAM,20,27,5.5,10,7.1,7.8,84,134,2.2,2.7,0.9,2,300,730,910,1400,2022
2209,"GAURISAGAR TANK, 
GAURISAGAR, ASSAM",POND,ASSAM,17,33,4.2,7.2,6.7,7.5,59,114,2,2.6,0.8,1.2,300,910,720,1500,2022
2212,"GOPHUR TANK, GOPHUR, 
ASSAM",POND,ASSAM,22,30,7,7.3,7,7.9,87,198,2.3,2.8,0.7,1.3,300,910,730,1500,2022
2227,"HARDOI PUKHURI, 
CHARAIDEW, ASSAM",POND,ASSAM,17,33,5.4,7.2,6.6,7.7,48,86,2.1,2.5,0.8,1.3,360,720,360,910,2022
2213,"JAIPAL PUKHURI, 
SIPAJHAR, ASSAM",POND,ASSAM,22,32,6.8,7.3,6.8,8.2,105,355,2.3,2.7,0.8,1.1,300,940,910,1500,2022
1532,"JAYSAGAR TANK, 
SIVASAGAR, ASSAM",POND,ASSAM,17,32,4.8,8.2,6.8,7.9,58,104,1.9,2.6,0.6,1.3,300,730,360,1100,2022
3809,"JORPUKHURI AT 
UZANBAZAR (UGRATALA 
TEMPLE)",POND,ASSAM,18,34,4.2,9.3,7.2,7.7,348,428,2.4,2.8,0.8,1.6,360,940,1400,1600,2022
2223,"MAHAMAYA MANDIR 
PUKHURI, ASSAM",POND,ASSAM,22,38,4.5,5.2,6.9,7.6,80,104,2.2,2.7,0.7,2.3,300,730,910,1500,2022
4006,"NETAI PUKHURI AT NETAI 
PUKHURI",POND,ASSAM,19,34,4.7,7.4,6.8,7.3,59,96,2.1,6.8,0.7,1.1,300,600,360,910,2022
2211,"PADUMPUKHURI, 
TEZPUR, ASSAM",POND,ASSAM,22,30,6.8,7.4,6.8,8,230,353,2.3,2.8,0.8,1.3,300,620,720,1400,2022
3806,"POND WATER FROM 
RAMKRISHNA MISSION 
AT HAILAKANDI",POND,ASSAM,22,25,4,5.2,6.9,7.4,130,162,2.3,2.9,0.8,1.3,300,730,610,1600,2022
2222,"RAJADINIA PUKHURI AT 
ABHAYAPURI, ASSAM",POND,ASSAM,24,37,4.5,5.4,6.9,7.8,84,136,2.5,2.7,0.8,1.7,300,730,1100,2000,2022
2224,"RAJAPUKHURI AT 
GAURIPUR, ASSAM",POND,ASSAM,22,39,4.6,4.9,6.9,7.7,94,133,2.1,2.6,0.7,2.2,300,720,730,1400,2022
2210,"RAJMAW PUKHURI, 
JORHAT, ASSAM",POND,ASSAM,20,34,4.9,6.7,7,8,90,116,2.1,2.5,0.8,1.4,300,910,620,2000,2022
2226,"SIVASAGAR TANK 
(BORPUKHURI) NEAR 
SIVADOL, ASSAM",POND,ASSAM,18,34,4.9,7.2,6.7,7.7,50,92,1,2.5,0.8,8,300,910,620,1500,2022
2217,"SUBHAGYA KUNDA POND 
KAMAKHYA TEMPLE, 
GUWAHATI, ASSAM",POND,ASSAM,17,30,4.3,9.3,6.8,7.8,230,571,2.4,2.8,1,1.5,300,730,1100,1500,2022
3775,"TENGA PUKHURI AT 
TENGAPUKHURI",POND,ASSAM,17,33,5.4,6.9,6.5,7.7,66,110,2.3,2.8,0.7,1.4,300,910,730,1500,2022
4334,"THOWRADOLE PUKHURI, 
THOWRADOLE G.P. 
DEMOW BLOCK",POND,ASSAM,19,35,4.3,7.9,6.8,7.7,50,112,2.3,2.6,0.9,1.2,360,720,360,2000,2022
5137,"HASILA BEEL, GOALPARA 
(HASILA BEEL), DIST. 
GOPALPARA, ASSAM",WETLAND,ASSAM,21,38,4.7,5.1,7,7.6,158,195,2.1,2.6,0.8,2,300,720,610,1200,2022
5136,"TAMRANGA BEEL, 
GHILAGURI NEAR 
IKRABARI, DIST. 
BONGAIGAON",WETLAND,ASSAM,22,38,4.9,5.3,7,7.8,156,202,2,2.6,1,1.6,300,730,730,1500,2022
2557,"KAWAR LAKE NEAR 
JAYMANGLA GARH 
TEMPLE AT BEGUSARAI",LAKE,BIHAR,15,28,2.8,8.9,7.1,8.1,221,392,1.6,6,0.3,0.43,1400,130000,2600,350000,2022
2571,"MOTI JHEEL AT 
MOTIHARII NEAR 
GAYATRI MANDIR, 
MOTIHARI, EAST 
CHAMPARAN",LAKE,BIHAR,15,30,3.6,20,7.2,8.5,472,1100,1.5,30,0.3,0.44,270,170000,1100,350000,2022
4296,"SIKANDRAPUR LAKE AT 
SIKANDARPUR, 
MUZAFFARPUR",LAKE,BIHAR,17,31,3.4,14.1,7.3,8.5,364,962,1.8,12,0.3,0.68,230,160000,330,160000,2022
2573,"DIGHI TALAB NEAR 
KACHHARI ROAD, GAYA",POND,BIHAR,19,32,5.2,15.2,7.1,8.7,699,995,2,14,0.3,0.43,2300,92000,3300,160000,2022
2574,"SURAJ KUND NEAR 
VISHNUPAD MANDIR 
,GAYA",POND,BIHAR,15,32,6.3,17.5,7.3,8.4,400,831,2.6,11,0.3,0.35,1300,240000,3500,540000,2022
2046,"SUKHNA LAKE, 
CHANDIGARH",LAKE,"CHANDIGAR
H",16,34,7.8,10.9,7,8.8,202,283,1.8,3.8,0.4,2.4,27,9200,170,16000,2022
3164,"NEHRU NAGAR TALAB, 
BHILAI, CHHATISGARH.",POND,"CHHATTISGA
RH",26,29,6.2,7.7,7.2,8.8,2432,2432,1.8,47,0.36,1,20,170,140,140,2022
5280,"AMBULOR LAKE, VERNA, 
SALCETE - GOA",LAKE,GOA,27,32,3,7.9,5.5,6.9,42,166,1,2.5,0.32,0.32,240,2200,350,3500,2022
3175,ANJUNEM LAKE,LAKE,GOA,25,31,4.2,8,6.1,7.5,28,59,1,1.7,0.32,0.62,8,350,17,540,2022
5103,"BATIM LAKE, GOA VELHA, 
TISWADI - GOA",LAKE,GOA,28,31,4,7.2,5.8,7.8,72,226,1,5,0.32,0.34,490,2400,790,3500,2022
3177,CARAMBOLIM LAKE,LAKE,GOA,27,30,5.1,10,6.1,8.9,16,1981,1,2.1,0.32,2.22,1300,2700,1700,3400,2022
3180,CURTORIM LAKE,LAKE,GOA,28,31,1,7.3,5.9,7.3,43,49,1.1,28,0.32,0.35,490,3400,940,4700,2022
4408,HARWALE WATER FALL,LAKE,GOA,26,31,6.8,8.7,6.1,7.7,44,164,1,2,0.32,0.32,490,2400,700,4900,2022
2269,"MAYEM LAKE, BICHOLIM",LAKE,GOA,27,30,6,8.6,5.3,7.3,29,67,1,1.9,0.32,0.32,1300,2300,1700,3300,2022
3178,RAITOLLEM LAKE,LAKE,GOA,28,31,3.4,7.5,5.9,7.7,82,271,1.2,16,0.32,0.32,230,2400,330,5400,2022
3179,SAIPEM LAKE,LAKE,GOA,27,28,1.2,5.1,6.3,7.4,166,477,1.7,6.7,0.32,2.96,2300,4900,3300,7000,2022
5104,"SARZORA LAKE, 
CHINCHINM, SALCETE - 
GOA",LAKE,GOA,27,30,6.4,8.4,6,7.7,40,99,1,1.5,0.32,0.32,330,940,490,1500,2022
1345,"AJWAH LAKE AT SRI 
SAYAJI SABVAR, BARODA,",LAKE,GUJARAT,25,31,6.1,7.6,7.8,8.5,320,576,1,1,0.32,3.27,2,4,11,21,2022
1973,"BINDUSAROVAR, 
SIDDHPUR 
(DIST.PATAN)BINDU 
SAROVAR, AHMEDABAD- 
PALANUR HIGHWAY, 
SIDDHPUR, DIST-PATAN",LAKE,GUJARAT,24,29,3.2,6.7,7.4,8,2140,2680,1,13,0.3,0.81,14,350,94,540,2022
1344,"CHANDOLA LAKE AT 
AHMEDABAD,",LAKE,GUJARAT,26,31,4.1,5.7,7.5,8.3,467,713,1.2,12,0.39,0.77,170,920,540,1600,2022
1977,"CITY LAKE OF 
NADIADKHETA TALAV 
(CITY LAKE) ,NADIAD, 
DIST:KHEDA",LAKE,GUJARAT,25,35,4.5,6.3,8.4,8.8,1108,2862,1.6,3.5,0.42,1.69,18,920,110,1600,2022
3198,"GOMTI LAKE, OPP, 
RANCHODAJI TEMPLE, 
DAKOR, KHEDAGOMTI 
LAKE, OPP: RANCHODAJI 
TEMPLE, DAKOR, KHEDA",LAKE,GUJARAT,25,33,4,6.3,7.7,8.5,476,831,1,3.9,0.32,0.66,11,350,110,540,2022
3199,"HAMISAR TALAV, 
BHUJPATVADI 
NAKU,NEAR ASHAPURA 
TEMPLE,TA:BHUJ,DIST:KU
TCH(WEST)",LAKE,GUJARAT,25,29,5.1,6.2,7.4,8.2,390,970,2,3.1,0.32,0.43,4,7,11,26,2022
1343,"KANKORIA LAKE AT 
AHMEDABAD, NR. 
BALVATIKA,",LAKE,GUJARAT,22,32,2.9,8.5,8.3,8.8,2644,3950,2.2,25,0.32,1,540,920,920,1600,2022
2078,"KUWADAVA LAKE, NR. 
KUVADVA GIDC, NH-8-B, 
VILL. KUWADAVA, DIST. 
RAJKOT.KUVADVA LAKE, 
VILLAGE KUVADVA, DIST. 
RAJKOT",LAKE,GUJARAT,26,29,6.5,7.3,7.1,8.2,340,2260,1.8,2.3,0.04,0.47,70,350,170,920,2022
1975,"LAKHOTA TALAV, 
JAMNAGARLAKHOTA 
LAKE, NEAR 
PANCHESHWAR TOWER, 
JAMNAGAR",LAKE,GUJARAT,24,29,4,5.8,7.1,7.7,526,814,1,1.7,0.32,0.36,4,7,21,26,2022
3201,"MALAV TALAV, DHOLKA 
DHOLKA",LAKE,GUJARAT,23,36,0.3,6.8,8.7,9.1,3408,6004,3.7,34,0.32,0.78,49,920,170,1600,2022
3200,"MOONSAR LAKE OF 
VIRAMGAMVIRAMGAM",LAKE,GUJARAT,20,30,0.3,6.7,7.9,9.1,1592,14400,16,70,0.33,1.02,2,920,220,1600,2022
2077,"MOTICHER LAKE NEAR 
KAKARPAR ATOMIC 
POWER STATION, DIST. 
SURAT.NEAR BRIDGE, 
MOTICHER,SURAT",LAKE,GUJARAT,25,31,7,7.9,6.8,8.5,350,506,1,1.1,0.3,0.3,2,2,4,14,2022
1972,"NALSAROVAR LAKE 
(SANAND), 
DIST.AHMEDABADNALSA
ROVAR LAKE (SANAND), 
DIST.AHMEDABAD",LAKE,GUJARAT,20,29,1.2,8,7.7,8.6,1322,20062,2.2,27,0.32,0.85,12,170,70,920,2022
1976,"NARSIMEHTA TALAV- 
JUNAGADHNARSINH 
MEHTA TALAV, AT: 
JUNAGADH, 
TAL:JUNAGADH, DIST: 
JUNAGADH.",LAKE,GUJARAT,23,30,6.5,7.3,7.1,8.4,312,1130,2,2.4,0.32,0.37,5,33,20,79,2022
1346,"SURSAGAR LAKE AT 
BARODA,",LAKE,GUJARAT,25,32,5.3,6.8,8.1,9,601,1053,1.2,3.3,0.36,4.34,63,240,170,350,2022
1971,"THOL LAKE (KALOL) (DIST. 
MEHASANA)THOL POND, 
VILL: THOL, TAL -KADI, 
DIST : MEHSANA",LAKE,GUJARAT,23,35,1.6,7.4,7.7,8.5,1200,3046,4.1,28,0.3,0.94,12,920,47,1600,2022
3202,"VHERAIMATA TALAV AT 
ANANDVHERAI MATA 
TALAV, OPP. VHERAI 
MATA MANDIR, ANAND 
TA. & DIST. ANAND",LAKE,GUJARAT,27,29,5.2,5.8,7.8,8.5,307,813,1,2.6,0.47,1.23,63,94,110,240,2022
2079,"DHUDHIA TALAV AT 
NAVSARI, DIST. 
NAVSARI.AT- 
KAGADIWAD, NAVSARI 
CITY, TA & DI. NAVSARI, 
GUJARAT.",POND,GUJARAT,28,30,6.6,8.2,7.8,8.5,345,540,1,2,0.32,0.36,2,12,12,46,2022
1979,"OLPAD, VILLAGE 
POND:OLPAD, 
SURATNEAR ROAD, NEAR 
TEMPLE, OLPAD,SURAT",POND,GUJARAT,25,31,6.8,8.3,7.5,8.4,522,1623,1,2.2,0.3,0.4,2,17,21,40,2022
1349,"BRAHMSAROVAR LAKE 
AT KURUKSHETRA",LAKE,HARYANA,,,7.8,7.9,7.2,8,269,324,2.2,4.5,0.3,0.3,100,200,800,900,2022
1392,"KAUSSHALAYA LAKE, 
PINJORE, PANCHKULA",LAKE,HARYANA,,,6.4,7.6,7.6,8,299,392,1,4.6,0.3,0.3,400,400,100,2100,2022
3033,SOHNA LAKE,LAKE,HARYANA,18,25,6.4,7,7,7.3,1050,1270,4,10,0.6,2.2,2400,7600,14000,31000,2022
3032,"SULTANPUR LAKE, 
GURUGRAM",LAKE,HARYANA,5,35,6.5,7.5,7,7.4,810,1120,4,9,1.8,1.8,750,4200,4200,9200,2022
4857,"SANHIT SAROVAR, 
KURUSHETRA",POND,HARYANA,,,6.5,8.5,7.3,7.9,394,825,2.2,3.2,0.3,0.3,200,200,700,700,2022
1291,"GOBINDSAGAR LAKE D/S 
OF BILASPUR TOWN",LAKE,"HIMACHAL 
PRADESH",10,28,8.6,9.6,7.6,8.5,165,650,1,1,0.32,1.62,94,540,540,1600,2022
2650,KHAZIAR LAKE,LAKE,"HIMACHAL 
PRADESH",7,23,5.5,9.9,6.7,8,46,179,1,1,0.3,4.67,2,130,14,1600,2022
1429,"RENUKA LAKE AT RENUKA 
SIRMAUR",LAKE,"HIMACHAL 
PRADESH",18,25,6.7,8.1,7.8,8.3,309,747,1,2.6,0.32,0.91,26,130,170,350,2022
2649,"REWALSAR LAKE 
(TOWARDS MELA 
GROUND)",LAKE,"HIMACHAL 
PRADESH",9,27,6.2,8.4,7.4,8.4,158,340,1,3.6,0.32,3.83,130,1600,920,1600,2022
4506,ABBIGERE LAKE,LAKE,KARNATAKA,25,25,0.3,6.7,6.5,7.4,312,2130,5,28,0.7,6.2,390,8400,3500,160000,2022
3612,AGARAM LAKE,LAKE,KARNATAKA,25,25,4.2,6.9,6.8,7.8,354,1237,4,9,1,4.8,230,4900,3500,92000,2022
3629,ALLALASANDRA LAKE,LAKE,KARNATAKA,25,25,0.3,6,6.8,8.2,368,1521,4,45,1,11.6,1700,33000,24000,350000,2022
4541,ALUR LAKE,LAKE,KARNATAKA,25,25,4.4,7.1,6.4,7.7,118,896,4,9,0.4,2.9,210,3100000,3500,54000000,2022
3628,AMRUTHAHALLI LAKE,LAKE,KARNATAKA,24,25,0.3,6.3,6.5,8.2,367,1098,4,73,1.1,4,49,7000,540,160000,2022
3599,ANCHEPALYA LAKE,LAKE,KARNATAKA,25,25,3.1,6.9,6.1,7.3,286,1010,3,18,1,4,310,12000,9200,160000,2022
4096,ANDHRAHALLI LAKE,LAKE,KARNATAKA,25,25,0.3,7.1,6.5,7.4,287,1943,4,52,0.96,7.2,170,4800000,3500,35000000,2022
3615,ARAKERE LAKE,LAKE,KARNATAKA,25,25,2.6,6.2,6.7,7.6,315,2078,4,20,0.92,7.79,230,21000,3500,350000,2022
3696,AYYANAKERE LAKE,LAKE,KARNATAKA,23,36,0.3,11.6,7.2,9.9,690,1600,3,185,0.4,7.3,1700,100000,7900,320000,2022
4542,BASAVANAPURA LAKE,LAKE,KARNATAKA,25,25,0.5,6.3,6.9,7.9,405,936,4,11,0.81,3.4,330,32000,3500,540000,2022
3602,BELLANDUR LAKE,LAKE,KARNATAKA,25,25,0.3,6,6.5,7.4,436,1750,5,65,1.4,18.7,460,41000000,16000,350000000,2022
3643,BENNIGANAHALLI LAKE,LAKE,KARNATAKA,25,25,4.2,6.3,6.5,7.9,404,499,3,8,0.72,2,230,12000,2400,92000,2022
4515,BHATTARAHALLI LAKE,LAKE,KARNATAKA,25,25,4.1,6,7.3,8.2,482,884,4,10,1.03,10,130,7000,2400,54000,2022
3651,BHEEMSANDRA TANK,LAKE,KARNATAKA,25,25,0.3,6.2,6.6,7.3,288,1742,4,30,0.9,6.4,330,110000,2400,1600000,2022
3679,BHUTANALA LAKE,LAKE,KARNATAKA,27,38,3.4,10.3,7.8,9,396,1020,1,5.4,3.43,21.34,920,920,1600,1600,2022
3637,BYRAMANGALA LAKE,LAKE,KARNATAKA,25,25,2.8,6.1,6.5,7.5,502,1615,4,21,1.93,19,26,46000,220,540000,2022
4507,CHELEKERE LAKE,LAKE,KARNATAKA,24,25,2.8,6.6,6.6,8.2,482,1670,3,20,1.7,6.78,220,4600000,2400,92000000,2022
4095,CHIKKABANAVARA LAKE,LAKE,KARNATAKA,25,25,0.3,6.7,6.5,7.5,368,2140,4,81,1.8,7,340,31000,2400,540000,2022
4537,CHINNAKURCHI KERE,LAKE,KARNATAKA,25,25,5.1,6.9,7.1,7.9,587,999,4,7,1.17,7.3,230,12000,3500,160000,2022
4520,"CHINNAPPANAHALLI 
LAKE",LAKE,KARNATAKA,25,25,4.1,6.2,6.5,8.6,673,1009,4,10,1.85,16,210,12000,3500,160000,2022
3584,DALAVAI LAKE,LAKE,KARNATAKA,21,29,1.5,4.5,7.5,8.7,897,1140,8,14,0.84,4.8,1200,2200,7000,11000,2022
4521,"DEVARABEESANAHALLI 
LAKE",LAKE,KARNATAKA,25,25,2.2,6.8,6.8,7.8,295,979,3,16,0.83,3.73,220,27000,2400,240000,2022
3645,"DEVARAYASAMUDRA 
LAKE",LAKE,KARNATAKA,25,25,0.5,6.4,6.5,7.3,216,499,3,8,0.5,2,330,15000,3500,160000,2022
4526,DEVASANDRA LAKE,LAKE,KARNATAKA,25,25,4.2,6.1,6.5,7.6,259,568,3,10,0.81,8,170,31000,3500,540000,2022
4539,"DODDABIDARAKALLU 
LAKE",LAKE,KARNATAKA,25,25,0.3,0.6,6.2,7.5,1033,1848,11,148,3.9,25,2300,270000000,35000,2400000000,2022
4528,DODDAKANNEHALLI LAKE,LAKE,KARNATAKA,24,25,4,6,6.7,8.2,378,1479,3,16,1,6,310,31000,5400,540000,2022
3604,DODDANEKKUNDI LAKE,LAKE,KARNATAKA,25,25,1.3,6.4,6.5,7.8,493,1376,4,75,1.7,3.54,170,6300,2400,160000,2022
4094,"GANGONDANAHALLI 
LAKE",LAKE,KARNATAKA,25,25,0.3,4.4,2.2,7.5,898,11230,6,107,2.5,32.4,410,84000000,3500,920000000,2022
3613,GOTTIGERE LAKE,LAKE,KARNATAKA,25,25,4.1,6.8,6.5,8,296,1292,4,10,1.1,4,48,7900,1600,92000,2022
3654,GOTTIGERE LAKE,LAKE,KARNATAKA,25,25,0.3,6.4,6.5,7.7,367,1542,4,19,1.1,4.4,270,63000,2400,540000,2022
4535,GUBBALAL LAKE,LAKE,KARNATAKA,25,25,3.3,7.4,6.5,8.6,217,650,3,11,0.7,3,400,700000,3500,5400000,2022
3621,HARALUR LAKE,LAKE,KARNATAKA,25,25,0.3,6.6,6.5,8,366,1972,4,38,1.1,13,330,33000,5400,350000,2022
3582,HEBBAL LAKE,LAKE,KARNATAKA,17,28,4.6,6.4,8.3,9,1006,1463,3,6,0.76,5.9,1100,1700,5800,7000,2022
3625,HEBBAL LAKE,LAKE,KARNATAKA,25,25,4,7.6,6.5,7.6,367,855,3,7,0.93,2.27,110,7900,2400,160000,2022
3597,HESARAGHATTA LAKE,LAKE,KARNATAKA,25,25,4.3,7.1,6.5,7.1,109,341,2,8,0.3,1.06,260,9400,3500,160000,2022
4536,HOSAKEREHALLI LAKE,LAKE,KARNATAKA,25,25,0.3,6.2,6.5,7.9,552,2099,4,87,2.12,11.2,3100,8400000000,35000,9200000000,2022
3636,HOSKERE LAKE,LAKE,KARNATAKA,25,25,0.3,6.4,6.5,7.6,376,1776,4,129,0.97,7.3,270,4600000,5400,35000000,2022
3559,HULIKERE LAKE,LAKE,KARNATAKA,24,34,3.1,7.3,7.8,9,234,1483,1,25,0.3,4.53,2,1498,2,3500,2022
3617,HULIMAVU LAKE,LAKE,KARNATAKA,25,25,3.1,6.2,6.5,7.7,316,1264,4,20,1,3.09,170,15000,2400,160000,2022
3660,HUNASINA KERE LAKE,LAKE,KARNATAKA,23,29,5.8,7.3,7.4,8,320,690,2,2.6,0.3,0.3,130,280,1100,1600,2022
3609,IBBALUR LAKE,LAKE,KARNATAKA,25,25,4.2,6.8,6.9,8.2,379,872,3,16,1.3,5,170,4300,2400,92000,2022
4546,"JAKKSANDRA LAKE 
(KASAVANAHALLI LAKE )",LAKE,KARNATAKA,25,25,5.5,5.5,6.8,6.8,314,314,4,4,,,4600,4600,35000,35000,2022
3627,JAKKUR LAKE,LAKE,KARNATAKA,24,25,2.2,6.9,6.7,7.7,478,1257,4,30,1.8,12,2300,12000,24000,160000,2022
4545,"JUNGU KERE 
(DEVARABEESANAHALLI 
LAKE)",LAKE,KARNATAKA,25,25,5.6,5.6,6.9,6.9,406,406,4,4,1.4,1.4,220,220,2400,2400,2022
4097,KACHOHALLI LAKE,LAKE,KARNATAKA,25,25,0.3,6.2,6.5,7.5,863,2420,4,66,2.2,15.87,140,43000,3500,920000,2022
3611,KAIKONDANAHALLI LAKE,LAKE,KARNATAKA,25,25,0.3,6.5,6.8,8.4,416,2073,4,45,1.6,16,2200,340000,24000,2400000,2022
3616,KALENA AGRAHARA LAKE,LAKE,KARNATAKA,25,25,3.4,6.7,6.7,7.8,309,1044,3,11,0.72,4,330,41000,3500,240000,2022
4540,"KAMMAGONDANAHALLI 
LAKE",LAKE,KARNATAKA,25,25,0.3,6.1,6.5,7.4,262,1970,3,36,0.67,7,430,2300000,3500,35000000,2022
4530,KAMMASANDRA LAKE,LAKE,KARNATAKA,25,25,0.3,5.1,6.8,7.8,738,3000,7,105,3,18,390,94000,5400,540000,2022
3601,KARIHOBANAHALLI LAKE,LAKE,KARNATAKA,25,25,0.3,5.8,6.7,7.1,1291,2890,5,80,4.2,53,430,220000,5400,3500000,2022
4529,KASAVANAHALLI LAKE,LAKE,KARNATAKA,24,25,2.8,6.8,6.6,8.2,314,894,3,12,1.1,7,170,8400,3500,160000,2022
3684,KELEGERE LAKE,LAKE,KARNATAKA,23,25,7.1,7.4,7.2,8.1,503,680,3.5,4.7,0.56,1.18,70,278,212,542,2022
3680,KILLA LAKE,LAKE,KARNATAKA,21,25,4.2,7.7,7.7,8.9,280,452,1,4,3.64,18.34,350,920,920,1600,2022
4543,KODI SINGASANDRA LAKE,LAKE,KARNATAKA,25,25,1.8,6.4,6.7,7.6,278,1119,3,18,0.9,4,330,8400,2400,160000,2022
4511,KOGILU KERE,LAKE,KARNATAKA,25,25,3.2,6.2,6.5,7.2,363,1098,4,31,0.9,4,270,12000,3500,160000,2022
3695,KONDAJJIKERE LAKE,LAKE,KARNATAKA,25,30,6.1,7.4,7.4,8.2,235,690,1.8,2.5,0.3,3.2,14,170,94,600,2022
4544,KOTHANURU LAKE,LAKE,KARNATAKA,25,25,3.2,6.1,6.5,7.8,345,1311,4,17,0.9,4,79,7900,1600,92000,2022
3583,KUKKARAHALLI LAKE,LAKE,KARNATAKA,22,35,5.5,7,8.2,9,543,653,2,4.5,0.44,2.5,400,1100,4300,6300,2022
4516,KUNDALAHALLI LAKE,LAKE,KARNATAKA,25,25,4.7,6.2,6.5,7.8,633,1325,4,8,1.9,5.09,310,4600,2400,160000,2022
3692,KUNDUVADAKERE LAKE,LAKE,KARNATAKA,25,28,6.7,9.1,7.8,8.3,240,370,1,2.6,0.3,2.3,20,70,170,240,2022
3586,LIMBHABUDI LAKE,LAKE,KARNATAKA,20,29,4.5,6.2,7.9,8.7,731,1698,3,6,0.44,4.8,140,1400,5800,7900,2022
4538,MACHOHALLI LAKE,LAKE,KARNATAKA,25,25,0.3,5.8,6.6,7.5,1057,6140,5,390,2.7,20.51,2300,1100000000,24000,3500000000,2022
3635,MALATHAHALLI LAKE,LAKE,KARNATAKA,25,25,2.2,6.3,6.6,7.7,632,1915,4,52,1.42,7,260,8400,9200,160000,2022
4547,"MANGAMANAPALYA 
LAKE(SWARANA KUNTE)",LAKE,KARNATAKA,25,25,4.1,6,6.7,7.7,325,896,4,14,0.72,4,130,11000,2400,92000,2022
3644,MULBAGALU LAKE,LAKE,KARNATAKA,25,25,0.3,5.8,6.5,8.2,850,1555,4,30,1.8,5.23,400,940000,3500,9200000,2022
3626,NAGAVARA LAKE,LAKE,KARNATAKA,25,25,2.6,7.1,6.5,8.2,378,1006,3.2,31,1.4,3,230,4700,3500,160000,2022
4523,NALLURAHALLI LAKE,LAKE,KARNATAKA,25,25,4.2,6.8,6.6,8.7,383,624,4,9,1.3,9.8,210,4900,2400,160000,2022
3646,NARASAPURA LAKE,LAKE,KARNATAKA,25,25,0.5,6.5,6.5,7.4,460,1006,4,115,0.92,3,230,4900,3500,160000,2022
4509,NARASIPURA LAKE,LAKE,KARNATAKA,24,25,2.2,7.3,6.6,8.2,354,774,3,19,1,3.9,230,23000,2400,240000,2022
3685,NAVALOORU LAKE,LAKE,KARNATAKA,23,26,6.3,7.6,6.6,8.2,805,1130,3.6,4.4,0.98,1.32,58,141,130,280,2022
4505,NELAMANGALA LAKE,LAKE,KARNATAKA,25,25,0.3,5.1,6.6,7.5,869,1938,6,65,2.29,6.53,130,12000,2400,92000,2022
3687,NUGGIKERE LAKE,LAKE,KARNATAKA,24,25,6.2,6.9,7.1,8.2,653,842,3.4,4.1,0.65,1.08,58,150,141,278,2022
3620,"PARAPPANA AGRAHARA 
LAKE",LAKE,KARNATAKA,24,25,0.3,5.8,6.7,7.8,460,1910,4,26,1.4,8.6,230,480000,3500,3500000,2022
4524,"PATTANDUR AGRAHARA 
LAKE",LAKE,KARNATAKA,25,25,2.3,6.9,6.6,7.6,409,1318,4,9,0.95,13,480,27000,3500,240000,2022
3614,PUTTENAHALLI LAKE,LAKE,KARNATAKA,25,25,3.1,6.2,6.5,7.5,360,1132,3,12,1,3.68,230,8400,2400,160000,2022
3624,PUTTENAHALLI LAKE,LAKE,KARNATAKA,24,25,2,7.3,6.5,7.6,369,751,4,23,1.1,2.2,170,32000,2400,540000,2022
4510,RACHENAHALLI LAKE,LAKE,KARNATAKA,25,25,2,5.4,6.6,8.2,486,1521,4,34,1.7,5.05,340,47000,9200,540000,2022
4519,RAMPURA LAKE,LAKE,KARNATAKA,25,25,0.3,4.4,6.5,7.5,1028,1545,11,134,3,34,460,270000,3500,2400000,2022
4514,SADARAMANGALA LAKE,LAKE,KARNATAKA,25,25,1.6,6.6,6.5,8.2,530,812,4,14,1.39,3.19,170,6300,2400,54000,2022
4504,SARAKKI LAKE,LAKE,KARNATAKA,25,25,3.8,9,6.9,8.3,422,686,4,9,1.4,2.6,270,7000,2400,160000,2022
3674,"SATHYAMANGALA KERE 
POND",LAKE,KARNATAKA,21,28,5.8,7.1,7.3,8.3,340,480,2,2.5,0.3,0.3,130,330,1100,1700,2022
4525,SEETHARAMPALYA LAKE,LAKE,KARNATAKA,25,25,2.8,5.7,6.7,8.4,580,2480,4,22,1.18,7.2,170,40000,3500,540000,2022
4527,"SHEELAVANTA-
WHITEFIELD LAKE",LAKE,KARNATAKA,25,25,0.5,6.2,6.5,8.9,517,1123,4,38,1.2,7.4,410,63000,9200,540000,2022
3587,SHETTYKERE LAKE,LAKE,KARNATAKA,18,30,5.3,6.6,7.7,8.6,525,1017,2.5,6.4,0.56,3.8,780,1700,4600,7900,2022
4508,SINGAPURA LAKE,LAKE,KARNATAKA,24,25,0.3,6.1,6.5,7.4,628,1387,4,98,2,19,630,31000000,9200,350000000,2022
3618,SINGASANDRA LAKE,LAKE,KARNATAKA,25,25,0.3,4.7,6.8,8.6,457,1990,8,32,1.4,14,330,34000,2400,540000,2022
3622,"SOMASUNDRAPALYA 
LAKE",LAKE,KARNATAKA,25,25,2.8,6.4,6.6,7.7,330,980,3,9,0.92,12,210,11000,3500,92000,2022
4534,SOMPURA LAKE,LAKE,KARNATAKA,25,25,4.2,6.9,7.3,7.8,652,1655,4,7,1.89,23.24,140,9400,2400,160000,2022
3688,SUDANAKERE LAKE,LAKE,KARNATAKA,23,25,5.1,7.1,7.3,8.2,719,1037,3.9,5.3,0.7,1.36,112,350,345,630,2022
4533,ULLALU LAKE,LAKE,KARNATAKA,25,25,0.3,6.4,6.5,7.8,405,978,4,50,1.18,4,310,23000000,3500,1600000000,2022
3593,ULSOOR LAKE TEMPLE,LAKE,KARNATAKA,25,25,0.5,6.9,6.5,9.2,262,384,4,26,0.9,4,630,40000,5400,350000,2022
1388,"ULSOOR LAKE TRAINING 
CENTRE OF FISH 
BREEDING",LAKE,KARNATAKA,25,25,0.6,6.8,7.3,9.3,263,391,4,17.4,0.8,1.2,460,94000,5400,540000,2022
3690,UNAKALKERE LAKE,LAKE,KARNATAKA,24,26,7.1,7.3,7.3,8.2,784,1037,3.3,3.8,0.95,1.22,52,186,172,350,2022
3640,UTTARAHALLI DORAIKERE,LAKE,KARNATAKA,25,25,0.3,6.1,6.3,8.8,171,509,4,174,0.65,4.6,270,84000,9200,920000,2022
3608,VARTHUR LAKE,LAKE,KARNATAKA,25,25,0.3,5.8,6.5,7.6,489,1517,4,102,1.5,19,3400,33000000,92000,350000000,2022
3632,VEERAPURA TANK,LAKE,KARNATAKA,25,25,1.9,6.3,6.5,7.3,133,1940,3,51,0.41,6.53,49,15000,350,160000,2022
3603,"VENGAIYYANAKERE( KR 
PURAM LAKE )",LAKE,KARNATAKA,25,25,0.3,5.2,6.5,7.5,808,1697,4,90,1.75,5.1,310,220000,5400,2400000,2022
4522,VIBHUTHIPURA LAKE,LAKE,KARNATAKA,25,25,2.4,6.9,6.5,8.5,325,1542,4,22,1.27,5,140,2200,2400,35000,2022
4512,VISWANEEDAM LAKE,LAKE,KARNATAKA,25,25,0.3,6,6.5,7.5,367,2860,5,104,0.69,17.8,430,3400000,9200,35000000,2022
3638,YELACHENAHALLI LAKE,LAKE,KARNATAKA,25,25,3.9,6.6,6.5,8.6,157,1994,3,12,0.52,7.6,310,7000,3500,92000,2022
3605,"YELEMALLAPPA SHETTY 
LAKE",LAKE,KARNATAKA,25,25,0.3,6.3,6.5,7.5,443,2118,4,45,1.4,6.5,170,230000000,3500,2400000000,2022
3585,YENNEHOLE LAKE,LAKE,KARNATAKA,20,28,0.9,4.3,7.6,8.7,856,1227,9,24,0.76,5.6,940,2500,7900,11000,2022
3682,KAKATI POND,POND,KARNATAKA,22,29,3.3,7.9,8.3,9.4,1020,2924,1,7.5,2.69,21.54,430,1840,1600,3200,2022
3670,AINORAKATTE KERE,TANK,KARNATAKA,20,26,4,5.8,7.3,7.9,380,1680,2.6,5.6,0.3,0.6,320,680,2100,4000,2022
3623,"ANEKAL DODDAKERE 
TANK",TANK,KARNATAKA,25,25,3,6.5,6.6,8.2,492,1988,4,13,1.4,21.44,210,6300,3500,54000,2022
3681,ANGOL MI TANK,TANK,KARNATAKA,24,28,0.3,2.1,6.8,8.3,348,1128,3.9,67,5.45,16.23,1840,1840,3200,3200,2022
3673,AVALI KERE,TANK,KARNATAKA,21,30,1.9,4.6,7.3,8,530,1510,3.6,16,0.3,1.3,110,680,920,4900,2022
3675,B KATIHALLI KERE,TANK,KARNATAKA,21,26,6.3,7.4,7.3,8,320,410,2.3,2.7,0.3,0.3,94,400,920,3500,2022
3664,"BASAVANAHALLIKERE 
TANK",TANK,KARNATAKA,21,26,5.8,7.4,7.7,8.2,280,370,2,2.6,0.3,0.3,94,220,920,1400,2022
3619,BEGUR TANK,TANK,KARNATAKA,25,25,3.2,6.3,6.6,7.6,285,1273,4,13,1,3.86,230,9400,2400,160000,2022
3693,BHATHIKERE TANK,TANK,KARNATAKA,25,30,1.9,6.9,6.6,7.9,280,980,2,5.2,0.3,19,240,6300,690,54000,2022
3595,BYRASANDRA TANK,TANK,KARNATAKA,25,25,1.2,5.3,6.5,8.5,292,798,4,27,0.72,2.5,310,27000,16000,540000,2022
4532,CHANDAPURA LAKE,TANK,KARNATAKA,25,25,0.3,6.1,6.7,7.7,634,2890,4,105,2,19,170,270000,2400,2400000,2022
3606,DASARAHALLI TANK,TANK,KARNATAKA,25,25,3.3,6.3,6.1,6.9,274,484,3,14,0.8,2,170,110000,2400,920000,2022
3634,DEVARAKERE TANK,TANK,KARNATAKA,25,25,2.9,7.1,6.5,8,251,472,3,21,0.74,4.4,210,12000,3500,160000,2022
3641,DHOREKERE TANK,TANK,KARNATAKA,25,25,0.3,6.8,6.6,8.6,223,1015,4,54,0.86,5.7,1700,12000,24000,160000,2022
3653,"DODDAKERE 
TANK(KUNIGAL)",TANK,KARNATAKA,25,25,4.4,6.4,6.5,8.2,149,626,3,7,0.51,2,340,8400,5400,92000,2022
3666,"GANIGARAHOSAHALLIKE
RE TANK",TANK,KARNATAKA,21,25,6.2,7.3,7.6,8,410,730,2,2.5,0.02,0.3,140,320,1100,2200,2022
4518,"GARUDACHARPALYA 
TANK",TANK,KARNATAKA,25,25,0.5,5.9,6.7,8.2,315,826,4,15,0.69,3,110,7900,2400,92000,2022
3561,"HANDIKERE (KOPPAL) 
TANK",TANK,KARNATAKA,24,34,2.4,7.3,8.1,9.1,304,1438,3,30,0.3,8.56,2,1356,2,3500,2022
3671,"HANUMANTHAPURAKAT
TE TANK",TANK,KARNATAKA,21,27,5.8,6.8,7.4,7.8,350,480,2,2.5,0.3,0.3,210,320,1300,2200,2022
3683,HEREKERE TANK,TANK,KARNATAKA,23,26,4.4,4.9,7.5,7.9,775,1119,19,36,1.12,1.68,161,542,475,920,2022
3598,HEROHALLI TANK,TANK,KARNATAKA,25,25,0.5,6.8,6.5,7.4,293,1131,3,87,0.9,4.59,170,7900,2400,160000,2022
3642,JIGANI TANK,TANK,KARNATAKA,25,25,4.3,6.2,6.5,7.4,446,1463,4,7,1.17,4,130,4800,2400,35000,2022
3663,JOLADAKATTE TANK,TANK,KARNATAKA,21,28,5,6.9,7.6,8.2,340,580,2,3,0.02,0.3,140,340,1100,2400,2022
3607,KALKERE TANK,TANK,KARNATAKA,25,25,0.3,5.6,6.8,8.9,885,1906,4,36,1.9,16,330,270000,3500,2400000,2022
3657,"KANCHANAHALLI 
KOPPALU KERE",TANK,KARNATAKA,21,30,1.5,6.2,7.2,8,580,4700,2.5,8,0.3,1.8,93,340,790,2200,2022
3588,KARANJIKERE TANK,TANK,KARNATAKA,22,28,5,6.9,7.9,8.8,540,912,2,4,0.32,3.3,380,1100,4100,6300,2022
3591,KEMPAMBUDHI TANK,TANK,KARNATAKA,25,25,2.5,6.4,6.5,8.1,242,647,4,15,0.8,8,340,15000,2400,160000,2022
3639,KENGERI TANK,TANK,KARNATAKA,25,25,0.3,5.3,6.5,7.8,493,1158,4,77,1.5,12,220,330000000,2400,2400000000,2022
3661,"KOKKANAGHATTADODDA
KERE TANK",TANK,KARNATAKA,20,29,4,7,7.6,8.6,380,2100,2.8,5.1,0.3,1.3,93,400,920,3500,2022
3662,KOUSHIKA KERE,TANK,KARNATAKA,21,32,6.2,7.8,7.5,8.2,350,530,2,2.4,0.3,0.3,94,220,920,1400,2022
4517,KOWDHENAHALLI TANK,TANK,KARNATAKA,25,25,0.3,6.8,6.5,8.8,260,1197,3,32,0.63,4,310,79000,3500,350000,2022
3590,LALBAGH TANK,TANK,KARNATAKA,25,25,3.5,6.7,6.9,8.4,331,515,4,8,1.02,8,170,6300,2400,92000,2022
3665,LINGAPPANAKATTE TANK,TANK,KARNATAKA,21,32,6,7.4,7.5,8.1,320,540,2,3,0.3,0.3,98,260,920,1700,2022
4503,MADHURE TANK,TANK,KARNATAKA,25,25,4.5,6.4,6.5,7.7,120,555,3,8,0.37,2,230,15000,2400,160000,2022
3589,MADIWALA TANK,TANK,KARNATAKA,25,25,2.2,6.6,6.9,8.2,399,1400,4,32,1.44,5.37,230,12000,2400,160000,2022
3659,MAKANA (KANDALI) KERE,TANK,KARNATAKA,22,28,1,5.8,7.2,7.8,460,1230,3.1,9.4,0.3,0.9,400,3300,4900,14000,2022
4092,"MANCHALAPUR TANK, 
MANCHALAPUR, 
RAICHUR",TANK,KARNATAKA,25,35,5.8,10.7,7.1,9.3,945,2280,4,24,0.3,17.22,170,54000,500,160000,2022
3697,"MATADAKERE TANK 
(ARASANAKERE)",TANK,KARNATAKA,24,29,7.2,8.2,7.4,9.3,740,1270,4.8,28,0.32,8.4,79,60000,920,430000,2022
3560,MAVINAKERE TANK,TANK,KARNATAKA,25,36,5,10.8,7.5,9.3,1210,2540,4,24,0.3,6.84,170,110000,900,350000,2022
3650,MELEKOTE TANK,TANK,KARNATAKA,25,25,0.5,6.3,6.6,7.6,284,1728,4,38,0.9,6.5,330,27000,3500,350000,2022
3648,MYDALA TANK,TANK,KARNATAKA,25,25,4,7.2,6.5,8.2,158,433,3.4,9,0.5,2.1,170,46000,2400,540000,2022
3596,NAYANDANAHALLI TANK,TANK,KARNATAKA,25,25,0.3,6.8,5.7,8.1,184,1576,4,23,0.69,7,630,130000,16000,2400000,2022
3686,NIRASAGARAKERE TANK,TANK,KARNATAKA,24,26,7.3,7.6,7.2,8.1,341,448,2.2,2.7,0.35,0.56,6,30,16,80,2022
3669,PEREMANAHALLI KERE,TANK,KARNATAKA,20,28,5.2,6.9,7.3,8.1,360,570,2,2.5,0.3,0.3,93,320,920,1700,2022
3565,PILIKULA TANK,TANK,KARNATAKA,26,29,6.4,7.9,6.7,7.8,128,227,3,3,0.68,3.03,11,84,94,460,2022
4502,RAMAMMANA KERE,TANK,KARNATAKA,25,25,0.3,6.8,7,7.9,412,1073,4,32,0.92,15,330,9400,3500,160000,2022
4513,RAMAMMANA KERE,TANK,KARNATAKA,25,25,0.3,6.3,6.5,7,250,1699,3,22,0.95,5,170,460000,5400,3500000,2022
4531,RAYASANDRA LAKE,TANK,KARNATAKA,25,25,0.3,5.9,6.7,7.8,736,2240,5,99,2.6,33,210,4700000,9200,92000000,2022
3676,SAHANA LAKE,TANK,KARNATAKA,21,28,5.9,7.3,7.5,8.2,330,460,1.8,2.4,0.3,0.3,140,260,1100,1600,2022
4498,"SANAVALLI DAM, 
MUNGOD",TANK,KARNATAKA,24,30,7.1,7.3,6.9,7.4,222,301,2.1,2.6,0.32,3.22,4,22,22,35,2022
3672,"SANKALAPURAKERE 
TANK",TANK,KARNATAKA,22,26,6.5,7.6,7.5,7.8,320,560,2,2.6,0.02,0.3,220,330,1600,2200,2022
3594,SANKEY TANK,TANK,KARNATAKA,25,25,4.7,7,6.7,7.7,419,721,3,6,1.18,2.77,49,4600,240,54000,2022
3667,"SATHENAHALLIDODDAKE
RE TANK",TANK,KARNATAKA,21,28,5.2,6.8,7.5,8.1,350,1130,2.5,4.1,0.3,0.9,170,470,1300,3500,2022
3694,"SHANTHISAGARKERE 
TANK",TANK,KARNATAKA,26,28,6.8,7.3,6.9,8.3,98,710,1.6,3,0.36,5.8,13,170,110,900,2022
3677,"SHARANABASAVESHWAR
A KERE TANK",TANK,KARNATAKA,25,31,6,7.8,6.9,8.9,1199,2250,3,15,0.3,4.2,140,7000,920,160000,2022
3600,SHIVAPURA TANK,TANK,KARNATAKA,25,25,0.3,4.8,6.8,7.4,694,3730,8,87,2.67,22,220,94000,2400,920000,2022
3668,SODHARAHALLIKERE,TANK,KARNATAKA,21,31,1.8,6,7.3,8.2,520,1350,3,8,0.3,1.1,200,780,1600,4900,2022
3689,"SOMESHWARAKERE 
TANK",TANK,KARNATAKA,23,26,5.1,6.6,7.1,7.9,784,1302,5.1,8.1,1.08,1.9,63,220,220,450,2022
3633,"SUBRAMANYAPURA 
TANK",TANK,KARNATAKA,25,25,0.3,5,6.6,7.6,992,2314,5,90,2.3,21,460,6300000,9200,54000000,2022
3610,TUBARAHALLI TANK,TANK,KARNATAKA,25,25,0.3,6,6.6,8,655,1017,4,14,2,14,330,4600,3500,92000,2022
3691,"VIMANABHUTHIKERE 
TANK",TANK,KARNATAKA,25,29,6.8,8.5,7.3,8.5,122,318,1,3,0.3,2.6,13,47,109,350,2022
3592,YEDIYUR TANK,TANK,KARNATAKA,25,25,3.2,6.8,6.9,8.4,203,382,4,11,0.67,5,310,6300,5400,160000,2022
3630,YELAHANKA TANK,TANK,KARNATAKA,24,25,2,6.5,6.7,8.1,366,780,4,19,1.1,10,230,12000,3500,92000,2022
5180,"AKKULAM BRIDGE AT 
AKKULAM LAKE, 
THIRUVANANTHAPURAM",LAKE,KERALA,27,27,0.8,7.3,6.3,7.5,5,56,1.6,13.8,0.3,0.3,100,15000,400,400,2022
1383,"AKKULAM LAKE AT 
ORUVATHILKOTTA, 
THIRUVANANTHAPURAM",LAKE,KERALA,26,27,2.2,4.1,6.5,7.8,179,520,3.6,7.2,0.3,0.3,920,2700,2500,6300,2022
1579,"ALAPPUZHA, KERALA",LAKE,KERALA,27,31,4,7.4,6.5,7.7,154,2151,1.1,2.7,0.3,0.3,2,1200,200,3300,2022
5200,"ASHTAMUDI LAKE AT 
PERUMON, KOLLAM",LAKE,KERALA,22,28,4.2,8.4,6.6,8.1,14200,41265,1,3.6,0.3,140.8,81,220,200,810,2022
5198,"ASHTAMUDI LAKE AT 
THOPPILAKADAVU, 
KOLLAM",LAKE,KERALA,24,29,0.8,5.7,6.7,8.2,16650,44050,1.6,22,0.3,76.5,210,530,320,1560,2022
5199,"ASHTAMUDI LAKE NEAR 
KSRTC BUS DEPOT, 
KOLLAM",LAKE,KERALA,23,28,0.4,4.9,7.5,8.9,16885,42360,8.8,24,0.3,111.8,170,1200,700,3200,2022
5201,"ASHTAMUDI LAKE NEAR 
M/S. KUNDARA 
CERAMICS, KOLLAM",LAKE,KERALA,20,26,3.4,7,7.1,8.1,24850,49865,1,18,0.3,147,140,350,780,1700,2022
1441,"ASHTHAMUDI LAKE AT 
QUILON, KERALA",LAKE,KERALA,23,28,4.1,6.8,6.4,8.4,17123,46952,1.8,9,0.3,135.4,130,680,630,1500,2022
1578,"KAYAMKULAM, KERALA",LAKE,KERALA,28,31,3.3,7.4,7.1,7.8,1894,10323,2,3.9,0.3,0.68,2,800,2,1500,2022
1577,"KODUNGALLOOR, 
KERALA",LAKE,KERALA,26,30,1.2,7.8,6.9,7.9,104,32000,1,2.5,0.3,0.61,170,10000,350,22000,2022
5230,"LAKE KARLAD AT 
WAYANAD",LAKE,KERALA,22,31,6.1,7.5,6.5,7.2,39,69,1,1.8,0.3,0.3,4,63,8,140,2022
2312,"LAKE VEMBANAD AT 
PATHIRAMANAL 
(ALAPPUZHA)",LAKE,KERALA,27,31,5.9,7.9,6.5,7.7,131,1516,1.3,3,0.3,0.3,2,100,2,540,2022
1574,"PARAVUR, KERALA",LAKE,KERALA,23,26,5.1,7.8,6.1,8,13800,28653,1.4,2.6,0.3,26.7,130,300,460,1020,2022
1576,"PERIYAR LAKE AT 
THEKKADY, KERALA",LAKE,KERALA,24,25,7.2,7.8,6.9,7.4,47,47,1,1,0.3,0.3,2,2,2,2,2022
1580,"POOKODE LAKE AT 
POOKODE",LAKE,KERALA,22,31,7,7.7,6.5,7.1,21,29,1,1,0.3,0.3,2,24,10,48,2022
1385,"SASTHAMCOTTA LAKE, 
KERALA",LAKE,KERALA,22,26,6.7,7.8,6.6,7.6,120,220,1,1.8,0.3,1.6,100,170,150,680,2022
3470,"VELLAYANI LAKE AT 
VANDITHADOM, 
THIRUVANANTHAPURAM",LAKE,KERALA,26,27,5.2,7.8,6,7.9,125,200,1.9,5.8,0.3,0.3,600,1800,1400,2500,2022
1575,"VEMBANAD LAKE,KOCHI 
(OIL TANKER JETTY), 
KERALA",LAKE,KERALA,27,30,2.8,7.6,6.7,9.8,365,53730,2,3.8,0.3,0.58,2200,240000,4000,700000,2022
5170,"AALUMKULAM POND AT 
KOORKKANCHERY,THRISS
UR",POND,KERALA,25,30,5.3,8,6,8.3,135,220,1,2.4,0.3,7.3,2,600,2,1000,2022
5165,"CHIRAKKAL CHIRA 
,KADALAYI,KANNUR",POND,KERALA,27,30,5.3,7.8,6.4,8.4,120,179,1,3.5,0.3,0.6,40,350,70,700,2022
3462,"MANANCHIRA POND AT 
KOZHEKODE",POND,KERALA,26,30,7.3,8.3,6.6,8.8,39,64,1,1.4,0.3,0.3,10,630,100,790,2022
2325,"POND AT 
(PADMANABHA) SREE 
PADMANABHA SWAMY 
TEMPLE (TVPM)",POND,KERALA,26,27,3.5,7.8,6.7,8,195,300,2.4,5.4,0.3,0.3,1800,3700,4600,8400,2022
5212,"POND NEAR HMT 
COLONY,NORTH",POND,KERALA,27,30,7.2,7.9,6.5,9.3,55,96,1,2.3,0.3,0.3,94,5400,490,6300,2022
,"KALAMASSERY PALAM, 
ERNAKULAM",,,,,,,,,,,,,,,,,,,2022
5164,"THEERTHAMKARA POND 
AT 
PADANNAKKAD,KANHAN
GAD MUNCIPALITY",POND,KERALA,27,29,5.3,8,6.9,7.9,83,238,1,2.8,0.3,0.37,4,170,81,680,2022
5166,"THRIKAIKUNNU 
CHIRA,KOOTHUPARAMB
A,KANNUR",POND,KERALA,27,34,6.2,8.7,5.5,8.1,82,185,1,4,0.3,0.3,40,400,100,700,2022
2132,"BILAWALI TALAB AT 
INDORE",LAKE,"MADHYA 
PRADESH",19,22,6.8,7.8,7.1,8.7,299,613,1,1.3,0.84,1.08,2,2,40,63,2022
4615,GANGA SAGAR JABALPUR,LAKE,"MADHYA 
PRADESH",18,25,5.4,7.8,7.2,8.6,324,642,1.6,4.2,0.21,2.6,2,12,84,920,2022
2135,GOVINDGARH LAKE,LAKE,"MADHYA 
PRADESH",20,32,6.7,7.8,7.1,7.6,216,298,1,1.4,0.45,0.89,2,2,41,48,2022
2141,"JANUNIA TALAB NEAR 
WATER SUPPLY INTAKE 
WELL SEHORE( M.P.)",LAKE,"MADHYA 
PRADESH",16,32,4.9,8,7,8.2,69,544,1,4.2,3.12,8.29,2,120,130,430,2022
4622,"KOPTAL LAKE AT WATER 
SUPPLY INTAKE POINT 
CHHATARPUR",LAKE,"MADHYA 
PRADESH",23,31,5.8,9.1,7.2,8.5,540,1165,1.7,6.8,0.41,3.53,2,4,31,120,2022
1374,"LOWER LAKE SPILL-
OUTLET NEAR KALIGHAT, 
BHOPAL (M.P.)",LAKE,"MADHYA 
PRADESH",16,31,3.2,9,6.9,8.4,297,419,1.8,7.4,4.08,8.71,8,350,920,1600,2022
2130,"MADHAV LAKE, SHIVPURI",LAKE,"MADHYA 
PRADESH",20,30,6.8,7.6,7.3,7.7,272,830,1.4,2.7,0.48,1.2,2,6,24,64,2022
2134,"NAGCHUN TALAB AT 
KHANDWA",LAKE,"MADHYA 
PRADESH",20,22,4.2,7.7,7.7,8.5,237,402,1,6,0.64,2.15,2,2,46,110,2022
2136,"SHAHPURA LAKE NEAR 
SPILL-OUTLET AT 
BHOPAL( M.P.)",LAKE,"MADHYA 
PRADESH",18,31,3.3,9.9,6.8,8.2,424,883,1.8,11.6,6.16,18.6,6,1600,1600,1600,2022
2133,SIRPUR TALAB AT INDORE,LAKE,"MADHYA 
PRADESH",20,22,6.5,7.8,7.1,8.3,318,640,1,1.9,0.9,1.26,2,2,41,70,2022
4614,SUPTAL JABALPUR,LAKE,"MADHYA 
PRADESH",18,25,5.5,7.6,7.6,8.3,319,598,2.3,3.9,0.27,2.4,2,21,79,1600,2022
1373,"UPPER LAKE AT WATER 
SUPPLY INTAKE WELL 
NEAR KAMLA PARK, 
BHOPAL (M.P.)",LAKE,"MADHYA 
PRADESH",15,32,4.7,7.6,7.1,8.1,161,387,1,2.8,2.06,5.17,4,27,110,430,2022
2139,"UPPER LAKE NEAR 
WATER SUPPLY INTAKE 
WELL BAIRAGARH , 
BHOPAL(M.P.)",LAKE,"MADHYA 
PRADESH",16,32,4.9,7.6,7,8.3,174,341,1,2.5,0.32,4.85,2,33,210,350,2022
2138,"UPPER LAKE NEAR 
WATER SUPPLY INTAKE 
WELL NEAR KARBALA 
,BHOPAL(M.P.)",LAKE,"MADHYA 
PRADESH",16,33,5,9.2,7.1,8.3,154,337,1,2.8,0.46,4.27,4,26,120,280,2022
2137,"UPPER LAKE NEAR 
WATER SUPPLY INTAKE 
WELL YATCH CLUB 
BHOPAL(M.P.)",LAKE,"MADHYA 
PRADESH",17,31,5,8.6,7.1,8.1,161,355,1,2.8,1.07,3.85,2,33,110,350,2022
2131,"YASHWANT SAGAR AT 
INDORE",LAKE,"MADHYA 
PRADESH",20,22,6.6,7.7,7.4,8.3,307,686,1,1.6,1.07,1.62,2,2,48,63,2022
3850,"BAGDOON TALAB 
PITHAMPUR SANJAY 
JALASHAY PITHAMPUR",POND,"MADHYA 
PRADESH",20,22,5,8.1,7.8,8.5,309,493,1,1.2,0.7,1.04,2,2,39,49,2022
3831,"DAL SAGAR TALAB, DIST 
SEONI",POND,"MADHYA 
PRADESH",18,27,5,7.8,7.3,8.3,239,608,1.8,4.8,0.02,2.6,2,79,17,1600,2022
3830,"GOKALPUR TALAB, DIST 
JABALPUR",POND,"MADHYA 
PRADESH",18,26,5.4,7.9,7,8.2,250,619,1.9,8,0.23,2.6,2,63,17,1600,2022
3299,HANUMANTAL JABALPUR,POND,"MADHYA 
PRADESH",18,26,5,7.9,7,8.1,290,935,2.4,4.4,0.15,2.7,2,120,17,1600,2022
3297,"MITHA TALAB, DEWAS",POND,"MADHYA 
PRADESH",22,31,6.9,7.8,7.2,8.4,310,520,1.8,2.2,0.77,1.14,2,6,48,49,2022
3301,"MOTI TALAB AT 
BALAGHAT",POND,"MADHYA 
PRADESH",17,27,6,7.9,7.2,8.6,226,469,1.9,6,0.28,2.3,2,39,17,540,2022
3302,"PIPLIYA PALA TALAB, 
INDORE",POND,"MADHYA 
PRADESH",19,22,5.8,8.5,7.5,8.4,316,669,1.1,2.2,0.88,2.03,2,2,63,140,2022
3298,POND WATER AT LAKODA,POND,"MADHYA 
PRADESH",25,29,7.1,7.7,7.6,8.5,267,368,1.8,2,0.77,0.93,2,2,47,49,2022
3303,"RANI TALAB, REWA",POND,"MADHYA 
PRADESH",20,32,6.7,7.2,7.4,8.2,335,408,1,2.2,0.55,0.82,2,4,39,58,2022
3300,"RANITAL TALAB, 
JABALPUR",POND,"MADHYA 
PRADESH",19,26,5.6,7.6,7.3,8.6,250,582,2.1,4,0.27,2.4,2,110,17,1600,2022
3849,SITAPAT TALAB DHAR,POND,"MADHYA 
PRADESH",20,22,6.4,7.6,8,8.5,346,481,1,1.3,0.7,1.1,2,2,38,48,2022
2129,"PARIYAT TANK NEAR WSS 
INTAKE POINT JABALPUR",TANK,"MADHYA 
PRADESH",18,24,6.8,7.9,7.1,8,240,376,1.2,2.6,0.3,2.1,2,4,31,49,2022
3349,"TASEK LAKE AT SONGSAK 
(NAPHAK),",LAKE,MEGHALAYA,19,22,6.7,7.3,6.7,7.1,59,73,1.2,2,0.42,0.51,33,210,460,630,2022
1459,"THADLASKEIN LAKE, 
JOWAI",LAKE,MEGHALAYA,11,22,6.7,7.9,6.8,7.2,38,48,1,1.8,0.38,0.52,4,23,120,240,2022
1347,"UMIAM LAKE AT 
BARAPANI",LAKE,MEGHALAYA,14,19,5.2,6.9,6.7,8.1,77,125,4.1,5.5,0.5,1.22,410,580,1700,2400,2022
3347,"UMIAM LAKE AT MIDDLE 
POINT",LAKE,MEGHALAYA,14,19,6.3,6.9,6.7,8.2,78,120,4,5.2,0.42,1.17,380,480,1300,2100,2022
3346,"UMIAM LAKE AT OUTFALL 
OF UMIAM INTO LAKE",LAKE,MEGHALAYA,14,20,4.9,6,6.7,8.1,89,155,5.8,6.9,0.32,1.72,460,840,2100,2700,2022
3348,"UMIAM LAKE NEAR 
UNION CHRISTIAN 
COLLEGE",LAKE,MEGHALAYA,15,20,6,6.8,6.8,8,71,135,4.1,5.5,0.5,1.35,310,490,1100,2100,2022
1348,"WARD'S LAKE AT 
SHILLONG",LAKE,MEGHALAYA,14,23,6.7,8.8,7,8.2,128,163,1.2,2.2,0.32,0.62,120,340,490,840,2022
3956,"ANSHUPA LAKE AT 
BISHNUPUR",LAKE,ODISHA,16,33,4,8,6.9,7.8,109,191,1.1,2,0.32,1.42,78,4900,490,7900,2022
2438,"ANSHUPA LAKE AT 
KADALIBARI",LAKE,ODISHA,20,33,4.6,8.3,6.8,8,119,234,1.1,2.8,0.32,0.72,45,7900,460,22000,2022
3957,"ANSHUPA LAKE AT 
SARANDAGARH",LAKE,ODISHA,20,34,5.2,8.4,6.9,8.4,115,180,1.1,2.2,0.32,3.33,45,11000,230,35000,2022
3955,"ANSHUPA LAKE AT 
SUBARANAPUR",LAKE,ODISHA,20,34,5.6,8.2,6.9,7.9,103,193,1.1,2.4,0.32,1.46,78,2200,330,4900,2022
3953,"CHILKA LAKE AT RAMBHA 
(RAMSAR SITE)",LAKE,ODISHA,16,32,6.1,9,7.4,8.5,328,30340,1.1,2.4,0.32,1.42,2,490,2,3500,2022
2437,"CHILKA LAKE AT 
SATAPADA (RAMSAR 
SITE)",LAKE,ODISHA,21,33,5.3,9,6.9,8.5,1435,41560,1.1,2.9,0.32,1.13,20,1300,49,2800,2022
3954,"TAMPADA LAKE AT 
CHHATRAPUR",LAKE,ODISHA,17,32,3.8,7.4,7.6,8.5,306,699,1.8,11,0.32,2.36,20,2200,130,4900,2022
2431,"BINDUSAGAR ( RELIGIOUS 
POND OF BHUBANESWAR 
CITY) (NORTH) (LINGRAJ 
TEMPLE)",POND,ODISHA,20,30,2.6,8.6,6.9,7.6,302,445,1.1,2,0.32,1.72,45,22000,330,54000,2022
2434,"INDRADYUMNA TANK ( 
RELIGIOUS POND OF PURI 
CITY)",POND,ODISHA,17,34,4.4,10.5,7.9,9.2,494,1221,3.7,6.7,0.51,1.62,20,17000,130,54000,2022
3962,"JAGANNATH SAGAR 
POND OF JEYPORE",POND,ODISHA,24,29,6.1,6.5,6.8,8.2,237,453,2,4.5,0.42,2.52,45,3300,230,24000,2022
2433,"MARKANDA POKHARI ( 
RELIGIOUS POND OF PURI 
CITY)",POND,ODISHA,21,35,2.4,12.6,7.6,9.4,514,970,4.4,9.5,0.63,9.45,20,2300,45,7900,2022
2432,"NARENDRA POKHARI ( 
RELIGIOUS POND OF PURI 
CITY)",POND,ODISHA,17,34,3.1,12,8.1,9.4,618,1231,4.7,8,0.67,1.96,78,13000,220,35000,2022
2436,"PARVATI SAGAR ( 
RELIGIOUS POND OF PURI 
CITY)",POND,ODISHA,23,34,1.9,10.9,7,9.1,310,854,5.6,12.5,0.32,2.38,110,4900,490,17000,2022
3963,RANIGUDA POND,POND,ODISHA,17,27,2.4,11.4,6.9,8.3,482,923,4,9.5,0.62,5.82,20,24000,170,35000,2022
2435,"SWETAGANGA ( 
RELIGIOUS POND OF PURI 
CITY)",POND,ODISHA,18,34,2.8,11.1,7.1,9,418,1387,4.3,9,0.32,2.52,45,35000,130,54000,2022
1686,"BAHOUR LAKE, LAKE 
ROAD, BAHOUR, 
PUDUCHERRY.",LAKE,"PUDUCHERR
Y",29,29,7,7,7.7,7.7,1219,1219,2.5,2.5,0.32,0.32,2,2,540,540,2022
4634,"KANAGAN LAKE, LAKE 
ROAD, KADHIRGAMAM, 
PUDUCHERRY.",LAKE,"PUDUCHERR
Y",28,32,6.3,11.2,7.8,9.2,961,1642,2.5,6.5,0.32,0.32,2,94,110,350,2022
1396,"OUSTERI LAKE, 
PATHUKANNU ROAD, 
OUSTERI, PUDUCHERRY.",LAKE,"PUDUCHERR
Y",28,32,6,8.8,8.5,8.9,310,451,1,2.8,0.32,0.32,2,70,84,350,2022
1297,"HARIKE LAKE AT HARIKE 
VILLAGE, PUNJAB",LAKE,PUNJAB,15,32,7.2,9,7.7,8.2,180,423,1,2.7,0.9,1.8,260,2000,700,3900,2022
1382,"HARIKE LAKE D/S FROM 
CANAL, PUNJAB",LAKE,PUNJAB,15,31,6.9,9.1,7.6,8.3,190,379,1,3.1,1.1,2.2,210,2100,630,4600,2022
2912,"RANJIT SAGAR 
RESERVOIR, PUNJAB",LAKE,PUNJAB,12,38,7.7,9.2,7.5,8.2,142,217,1,1.1,0.3,1,18,40,70,140,2022
1481,"FATEH SAGAR LAKE AT 
UDAIPUR INTAKE POINT 
OF PHED, RAJASTHAN",LAKE,RAJASTHAN,24,29,5.2,6.9,7.6,8.6,536,700,1.3,2.5,3.13,5.23,67,140,140,220,2022
2940,"GAPE- SAGAR LAKE, 
DUNGARPUR, 
RAJASTHAN",LAKE,RAJASTHAN,3,30,4.1,5.2,7.2,8.6,596,1210,2.9,3.8,1.62,7.18,220,280,350,500,2022
4178,"GOVERDHAN SAGAR, 
UDAIPUR",LAKE,RAJASTHAN,18,28,4,5.1,7.1,8,866,1159,2.3,4.6,2,3.48,150,240,300,530,2022
2936,"JAISAMAND LAKE, 
ALWAR, RAJASTHAN",LAKE,RAJASTHAN,24,26,4.9,6.7,7.3,7.5,144,312,1.7,4.4,1.12,1.71,40,110,90,220,2022
2941,"JAISAMAND LAKE, 
SALUMBER, UDAIPUR, 
POINT NO. 1, RAJASTHAN",LAKE,RAJASTHAN,23,27,5.9,7.9,7.4,8.5,586,652,1.3,2.8,1.42,3.12,60,115,140,190,2022
2942,"JAISAMAND LAKE, 
SALUMBER, UDAIPUR, 
POINT NO. 2, RAJASTHAN",LAKE,RAJASTHAN,24,28,5.8,7.3,7.3,8.5,588,668,1.7,2.8,2.02,3.42,60,90,130,180,2022
2944,"JALMAHAL, JAIPUR, 
RAJASTHAN",LAKE,RAJASTHAN,20,29,2.6,4.1,2,9.2,2430,3260,3.3,4.7,2.49,5.39,150,350,210,1600,2022
2935,"JET SAGAR LAKE, BUNDI, 
RAJASTHAN",LAKE,RAJASTHAN,19,33,3.7,4.6,7.8,8.5,312,508,1.2,2.6,0.88,3.09,110,280,210,1100,2022
1714,"KAYALANA JHEEL 
JODHPUR, RAJASTHAN",LAKE,RAJASTHAN,17,28,5.4,8.1,7.5,8.6,268,392,1,4,1.54,2.62,2,84,11,152,2022
2943,"LODHA TALAB, 
BANSWARA- 
DUNGARPUR ROAD, 
BANSWARA, RAJASTHAN",LAKE,RAJASTHAN,19,32,4.6,5.8,6.5,7.9,576,1143,1.7,3.1,2.12,4.92,60,150,130,460,2022
1716,"NAKKI LAKE, MT. ABU, 
RAJASTHAN",LAKE,RAJASTHAN,10,22,4.5,6.8,6.6,8.4,164,403,1.2,4,1.66,2.04,2,94,13,175,2022
4795,"NELA TALAB, SECTOR-14 
HIRAN MARG, UDAIPUR",LAKE,RAJASTHAN,18,29,3.5,4.2,7.3,7.9,820,1198,2.8,5.9,2.65,4.92,93,220,210,300,2022
1285,"PICHOLA LAKE AT 
UDAIPUR (WATER INTAKE 
POINT), RAJASTHAN",LAKE,RAJASTHAN,23,28,5.1,5.9,7.4,8.5,230,602,1.6,3.3,2.22,3.15,64,130,120,220,2022
1414,"PUSHKAR LAKE, 
RAJASTHAN",LAKE,RAJASTHAN,17,29,2.9,4.7,7.4,8,344,528,2.1,2.6,1.24,2.46,64,150,150,280,2022
2938,"RAJSAMAND LAKE , 
RAJSAMAND- POINT NO.",LAKE,RAJASTHAN,19,36,5.8,7.6,7.3,8.5,519,883,2.1,3.3,1.37,3.13,75,140,170,240,2022
,"1, RAJSAMAND, 
RAJASTHAN",,,,,,,,,,,,,,,,,,,2022
2939,"RAJSAMAND LAKE , 
RAJSAMAND- POINT NO. 
2, RAJSAMAND, 
RAJASTHAN",LAKE,RAJASTHAN,20,36,5.4,7.1,7.7,8.6,515,787,2.5,3.3,1.43,6.92,93,140,170,280,2022
2937,"SILISERH LAKE, ALWAR, 
RAJASTHAN",LAKE,RAJASTHAN,17,31,5.2,7.2,7.3,7.6,194,2359,1,2.6,0.93,1.84,14,80,26,140,2022
4177,SWAROOP SAGAR LAKE,LAKE,RAJASTHAN,18,28,3.9,5.2,6.9,8.4,478,719,1.7,3.2,1.42,3.46,39,130,120,220,2022
1286,"UDAISAGAR LAKE AT 
UDAIPUR (INTAKE PT.) 
RAJASTHAN",LAKE,RAJASTHAN,17,28,4.2,5.5,6.8,8.4,1130,2000,1.6,3.1,2.12,4.79,78,170,210,280,2022
4179,"BADI KA TALAB, UDAIPUR",POND,RAJASTHAN,23,28,6.1,7.8,7.1,8.1,379,882,1.3,2.9,1.22,4.94,50,140,120,240,2022
5291,CHANGU LAKE,LAKE,SIKKIM,2,9,8.4,10,7,7.3,88,130,1.8,2.5,1.8,4.7,21,58,59,113,2022
5290,MENMOITSO LAKE,LAKE,SIKKIM,1,8,7.7,9.6,6.6,7.5,93,132,1.9,2.4,1.8,4.9,30,77,53,170,2022
1420,"KODAI KANAL LAKE, 
TAMILNADU",LAKE,TAMIL NADU,18,29,5.2,6.8,6.4,7.6,87,311,1,2,0.32,2.58,17,33,38,70,2022
3008,"POONDI LAKE AT 
THIRUVALLUR, 
TAMILNADU",LAKE,TAMIL NADU,27,30,6.1,7.6,7.1,8.1,508,819,1,3,0.32,0.32,2,2,2,93,2022
3010,"PORUR LAKE AT 
THIRUVALLUR, 
TAMILNADU",LAKE,TAMIL NADU,26,30,6.1,7.3,7.1,8.5,882,1288,1,3,0.32,1.27,2,45,18,170,2022
3011,"PULICATE LAKE AT 
THIRUVALLUR, 
TAMILNADU",LAKE,TAMIL NADU,26,29,5.6,7.4,6.8,7.9,9470,53000,2,3,0.32,3.23,2,2,2,68,2022
3009,"REDD HILLS AT 
THIRUVALLUR, 
TAMILNADU",LAKE,TAMIL NADU,26,28,6.2,7.4,7,7.9,389,607,2,3,0.32,0.32,2,40,20,170,2022
1421,"UDHAGAMADALEM LAKE 
(OOTY), TAMILNADU",LAKE,TAMIL NADU,14,19,2.1,7.3,5.4,8.5,248,480,1,6.3,0.32,0.73,170,310,320,630,2022
3007,"VEERANAM LAKE AT 
CUDDALORE, 
TAMILNADU",LAKE,TAMIL NADU,21,34,6,6.8,6.1,8.6,351,809,1,2.6,0.32,0.6,9,26,24,49,2022
1452,"YERCAUD LAKE, SALEM, 
TAMILNADU",LAKE,TAMIL NADU,19,27,3.5,6.9,6.1,8.4,205,372,1,5.4,0.32,0.65,17,310,26,630,2022
4823,"OVER HEAD TANK AT 
TIRUR VILLAGE, 
TIRUVALLUR TALUK, 
TIRUVALLUR PANCHAYAT 
UN",TANK,TAMIL NADU,25,30,5.3,7.3,6.5,7.7,1040,1518,1,2,0.32,2.21,2,2,36,78,2022
4670,"BAIRAMALGUDA 
CHERUVU, 
SAROORNAGAR, 
RANGAREDDY DISTRICT",LAKE,TELANGANA,25,35,0.3,4.7,6.3,8.2,864,1535,2,16,2.8,6.6,6,34,280,540,2022
5052,"BAKSHI KUNTA, 
CHANDANAGAR(V), 
SHERILINGAMPALLY(M), 
RANGA REDDY(D)",LAKE,TELANGANA,20,28,0.3,5.2,6.9,8.1,596,1047,1.2,16,3.4,4.1,9,48,350,430,2022
4676,"BANDA CHERUVU, 
MALKAJIGIRI 
(V),MALKAJIGIRI (M), 
MEDCHAL- MALKAJGIRI 
(D)",LAKE,TELANGANA,25,29,0.3,3.7,7,8.1,792,1603,1.8,15,2.04,10.12,14,27,430,540,2022
4682,"BANDAM CHERUVU, 
NEAR NIT WARANGAL, 
HANAMKONDA",LAKE,TELANGANA,24,28,0.3,4.7,7.1,8.3,513,1602,1.8,12,0.62,8.02,2,33,110,540,2022
5048,"BANDAM KUNTA, 
GAJULARAMARAM (V), 
QUTHBULLAPUR (M), 
MEDCHAL MALKAJGIRI 
(D)",LAKE,TELANGANA,28,28,2.6,2.6,7.4,7.4,631,631,3.6,3.6,,,17,17,150,150,2022
5040,"BANDLAGUDA CHERUVU, 
NAGOLE (V), UPPAL (M), 
MEDCHAL (D)",LAKE,TELANGANA,25,32,0.3,1.2,6.9,7.9,895,1489,4,22,3,8.93,6,46,350,540,2022
4690,"BANJARA KUNTA 
(SINGADI KUNTA),",LAKE,TELANGANA,22,27,0.3,4.2,6.7,8,438,1117,2.2,42,0.98,17.02,6,34,350,540,2022
,"SHAIKPET (V&M), 
HYDERABAD (D)",,,,,,,,,,,,,,,,,,,2022
3074,"BANJARA LAKE 
(ANANTAGANI KUNTA), 
BANJARA HILLS, 
HYDERABAD",LAKE,TELANGANA,25,32,0.3,3.8,7.2,7.7,768,1260,6,18,2.8,13.95,11,41,350,540,2022
5126,"BATHULA KUNTA, 
ANMAGAL (V), 
HAYATHNAGAR (M), 
RANGAREDDY (D)",LAKE,TELANGANA,25,32,0.3,3.9,5.8,8.2,1199,1930,2,24,2.62,8.6,11,47,350,540,2022
5035,"BATHUR KUNTA, 
SHAIKPET(V&M), 
HYDERABAD (D)",LAKE,TELANGANA,22,28,0.3,3.9,7.4,8.3,932,1124,1.1,10,0.82,2.2,8,27,350,480,2022
4679,"BOMRUKUD-DOWLA 
LAKE(HUDA PARK LAKE ), 
BUMRUKNUDOWLA (V), 
RAJENDRANAGAR (M), 
RANGAREDDY (D)",LAKE,TELANGANA,25,33,0.3,3.5,6.8,8.4,1862,2347,4,17,3.8,10.02,14,47,350,920,2022
4684,"CAMPUS LAKE, ICRISAT, 
KACHIREDDI PALLY (V), 
RAMACHANDRAPURAM 
(M),SANGAREDDY 
DISTRICT",LAKE,TELANGANA,21,26,5.4,7.2,7.1,8.2,414,767,1.8,4,3.14,10.13,6,15,76,170,2022
5060,"CHAKALAVANI CHERUVU 
, LINGAMPALLY(V), 
SHERILINGAMPALLY(M), 
RANGA REDDY(D)",LAKE,TELANGANA,20,30,0.3,4.2,7,7.7,979,1524,2,21,3.2,22.9,9,27,430,540,2022
5133,"CHANDANA CHERUVU, 
JILLELAGUDA (V), 
RANGAREDDY (D)",LAKE,TELANGANA,25,32,0.3,2.9,7,8,1164,1622,3.2,19,3.62,8.22,11,47,430,540,2022
5051,"CHINNA BANDHAM, 
SURARAM(V), 
QUTHBULLAPUR(M), 
MEDCHAL MALKAJGIRI(D)",LAKE,TELANGANA,25,28,0.3,3.4,7.3,7.5,915,1109,1.2,6,3.3,4.8,17,33,430,430,2022
5113,"CHINNA CHERUVU, 
RAMANTHAPUR (V),",LAKE,TELANGANA,25,32,0.3,3.2,7,8,771,1331,2,14,2.2,6.4,11,43,250,540,2022
,"UPPAL (M),MEDCHAL- 
MALKAJGIRI (D)",,,,,,,,,,,,,,,,,,,2022
5055,"CHINNA PEDDA 
CHERUVU, 
GOPANPALLY(V), 
SHERILINGAMPALLY(M), 
RANGA REDDY(D)",LAKE,TELANGANA,20,30,1,5.8,6.9,8.4,488,1038,1.2,10,2.8,11.12,12,33,280,540,2022
4668,"CHINNARAYANA 
CHERUVU, ALWAL (V&M), 
MEDCHAL- MALKAJGIRI 
(D)",LAKE,TELANGANA,25,28,0.3,3,7,7.8,883,1746,2.2,22,3.7,12.02,4,43,14,540,2022
5046,"CHINTAL CHERUVU, 
GAJULARAMARAM(V), 
QUTHBULLAPUR(M), 
MEDCHAL MALKAJGIRI(D)",LAKE,TELANGANA,24,30,0.3,4.2,7.4,8.3,488,705,1,5,1.89,10.02,4,38,170,430,2022
5039,"DMRL LAKE, 
KANCHANBAGH, 
CHANDRAYANGUDA (M), 
HYDERABAD (D)",LAKE,TELANGANA,22,28,0.3,3,7.2,8,1192,1720,2.2,10,2.8,9.8,11,41,350,540,2022
3070,"FOX SAGAR, JEEDIMETLA 
(V), QUTUBULLAPUR (M), 
MEDCHAL MALKAJGIRI 
(D)",LAKE,TELANGANA,24,29,0.3,3.8,7.3,8.3,870,1793,2.2,15,3.01,12.22,8,47,350,540,2022
4669,"GANGARAM PEDDA 
CHERUVU, 
GANGARAM(V), 
SERLINGAMPALLY (M), 
RANGAREDDY DISTRICT",LAKE,TELANGANA,26,30,1,2.6,7,7.4,754,902,2,4,3.2,3.2,7,33,430,540,2022
5059,"GOPI CHERUVU, 
LINGAMPALLY(V), 
SHERILINGAMPALLY(M), 
RANGA REDDY(D)",LAKE,TELANGANA,20,30,0.3,4.6,7.1,8.3,933,1580,2.4,17,2.8,22.5,9,25,350,540,2022
5062,"GURUNATH CHERUVU, 
MIYAPUR (V), 
SHERILINGAMPALLY(M), 
RANGA REDDY (D)",LAKE,TELANGANA,20,29,0.3,3.9,6.9,8.4,727,1336,2,29,2.8,6.82,6,34,350,540,2022
3073,"HASMATHPET LAKE, 
HASMATHPET",LAKE,TELANGANA,25,31,0.3,3.9,7.2,7.9,721,1242,2.2,16,2.62,7.12,8,140,240,540,2022
1789,"HIMAYATHSAGAR LAKE, 
SHAMSHABAD (M), 
RANGA REDDY DIST.",LAKE,TELANGANA,24,30,5.1,6.4,7.5,8.5,441,568,1,6,0.3,8.02,2,2,12,70,2022
1391,"HUSSAIN SAGAR LAKE, 
DOMALGUDA (V), 
HYDERABAD",LAKE,TELANGANA,25,30,0.3,4.7,7.3,8,994,1566,3,20,3.8,20.8,32,430,350,1600,2022
4686,"ICRISAT LAKE,ICRISAT, 
MANMOLE (V), 
RAMACHANDRAPURAM 
(M), SANGAREDDY 
DISTRICT",LAKE,TELANGANA,22,26,5.7,6.9,6.9,8.2,692,1040,2.2,4.9,3.15,19.16,7,24,92,220,2022
4666,"ISMAILKHANPET TANK, 
ISMAILKHANPET (V), 
SANGAREDDY (M & 
DISTRICT)",LAKE,TELANGANA,23,25,6,6.9,7.2,7.9,553,1665,2,4.2,5.06,30.15,2,8,10,27,2022
5112,"KAMUNI CHERUVU, 
MOOSAPET (V), 
KUKATPALLY 
(M),MEDCHAL- 
MALKAJGIRI (D)",LAKE,TELANGANA,26,28,0.3,0.3,6.9,7.5,1389,1471,6,10,4.24,5.8,14,39,430,540,2022
4235,"KAMUNI CHERUVU, 
SHAMSHABAD (V&M), 
RANGAREDDY DISTRICT",LAKE,TELANGANA,25,30,0.9,4.6,7.2,8.4,869,1384,2.6,23,2.46,7.42,11,46,430,540,2022
4699,"KAPRAI CHERUVU, 
SAHEBNAGAR, 
HAYATHNAGAR,RANGAR
EDDY DISTRICT",LAKE,TELANGANA,25,35,2.5,5.6,7.1,8.4,480,681,1,8,1.22,5.6,2,58,220,430,2022
4232,"KOMATI CHERUVU, 
SIDDIPET TOWN, 
SIDDIPET DISTRICT.",LAKE,TELANGANA,18,36,5.3,6.6,7.3,8.1,575,894,2.5,4,4.08,11.12,2,9,42,79,2022
5054,"KOMATI KUNTA, 
GOPANPALLY (V), 
SHERILINGAMPALLY (M), 
RANGA REDDY (D)",LAKE,TELANGANA,20,30,0.3,5.5,6.9,8.3,400,1108,1.6,22,1.92,9.22,8,34,280,540,2022
5116,"KOTHA CHERUVU 
(NOVATEL LAKE), 
KHANAMET (V), 
SERILINGAMPALLY (M), 
RANGAREDDY(D)",LAKE,TELANGANA,24,30,0.3,2.8,7,7.9,723,1411,3,12,1.62,8.12,4,38,350,540,2022
5032,"KOTHA CHERUVU, 
SHAIKPET(V&M), 
HYDERABAD (D)",LAKE,TELANGANA,22,27,0.3,4.1,7.4,8.1,789,2075,1.5,14,1.2,7.44,11,33,430,920,2022
4248,"KOTI CHERUVU, MULUGU 
ROAD, WARANGAL, 
WARANGAL DISTRICT",LAKE,TELANGANA,25,28,0.3,3.8,7.2,8.5,874,1394,2,10,1,4.2,4,39,63,540,2022
4705,"KOTTA CHERUVU, ALWAL 
(V & M),MEDCHAL-
MALKAJGIRI (D)",LAKE,TELANGANA,25,28,0.3,3.2,7.2,7.9,998,1975,1,12,2.8,9.78,11,39,350,540,2022
5057,"KUDI KUNTA (GAUTHAMI 
LAKE), KONDAPUR(V), 
SHERILINGAMPALLY(M), 
RANGA REDDY(D)",LAKE,TELANGANA,20,30,0.3,3.1,7.1,7.9,714,1708,4,46,2.8,22.5,11,33,350,920,2022
4680,"LAKNAVARAM CHERUVU, 
LAKNAVARAM, (V), 
GOVINDARAO PETA (M), 
MULUGU DISTRICT.",LAKE,TELANGANA,23,29,5.3,6.5,7.7,8.5,117,1382,1,1.5,0.3,1.92,2,2,12,70,2022
2340,"LAKSHMINARAYANA 
CHERUVU AT EDULABAD, 
GHATKESAR, MEDCHAL 
DISTRICT",LAKE,TELANGANA,23,30,2.2,5,7.4,8.5,1173,1848,1.2,10,1,3.9,10,34,280,430,2022
4677,"LINGAM CHERUVU, 
SURARAM (V), 
QUTHUBULLAPUR(M), 
MEDCHAL-MALKAJGIRI 
DISTRICT",LAKE,TELANGANA,25,29,0.3,3.6,6.9,8.2,967,1953,1,52,3.86,16.02,11,34,430,540,2022
4701,"LINGAM KUNTA, 
CHANDANAGAR (V), 
SERLINGAMPALLY(M), 
RANGA REDDY (D).",LAKE,TELANGANA,20,30,0.3,3.9,7.2,8.1,920,1378,1.2,54,3.2,20.15,11,79,350,540,2022
5047,"MAHABOOB KUNTA , 
SURARAM(V), 
QUTHBULLAPUR(M), 
MEDCHAL MALKAJGIRI(D)",LAKE,TELANGANA,28,28,1,1,7.5,7.5,655,655,4,4,2.32,2.32,11,11,350,350,2022
5132,"MALKA CHERUVU, 
RAIDURG (V), 
SERLINGAMPALLY (M), 
RANGAREDDY (D)",LAKE,TELANGANA,28,32,4,7.2,7.2,8.4,1119,1758,10,42,0.02,19.02,2,350,23,1600,2022
4698,"MANNEVARI KUNTA, 
MACHABOLLARAM (V), 
ALWAL (M), MEDCHAL-
MALKAJGIRI (D)",LAKE,TELANGANA,25,28,0.3,0.3,7.3,7.6,1305,2185,12,16,3.2,3.2,11,39,430,540,2022
5134,"MANTHRALA CHERUVU, 
MEERPET (V), 
RANGAREDDY (D)",LAKE,TELANGANA,25,32,0.3,3.8,7.1,8,1023,1930,2,28,3.9,9.32,15,46,350,540,2022
5049,"MEDDELA KUNTA, 
GAJULARAMARAM(V), 
QUTHBULLAPUR(M), 
MEDCHAL MALKAJGIRI(D)",LAKE,TELANGANA,24,29,0.3,5,7.5,8.2,848,1552,2.3,11,3.56,11.02,9,26,210,540,2022
4671,"MEEDI KUNTA, GUTTALA 
BEGUMPET (V), 
SERLINGAMPALLY (M), 
RANGAREDDY DISTRICT",LAKE,TELANGANA,25,28,0.3,3.2,7,7.3,575,1202,2,10,3.2,5.4,10,33,350,430,2022
4672,"MEEDI KUNTA , 
NANAKRAMGUDA (V), 
SERILINGAMPALLY (M), 
RANGAREDDY DISTRICT",LAKE,TELANGANA,24,29,0.3,3.8,7.1,7.9,721,1067,2.2,29,3.2,8.12,9,70,430,540,2022
4673,"MEEDI KUNTA (BK 
ENCLAVE LAKE), 
MADEENAGUDA (V), 
SERLINGAMPALLY (M), 
RANGAREDDY DISTRICT",LAKE,TELANGANA,18,29,0.3,4,6.8,8.4,497,1376,1,16,2.6,6.32,4,34,26,540,2022
4674,"MEEDI KUNTA, 
HAFEEZPET (V), 
SERLINGAMPALLY (M), 
RANGAREDDY DISTRICT",LAKE,TELANGANA,24,29,0.3,5.4,7.1,8.2,501,1138,1.2,15,2.08,7.22,2,60,94,540,2022
2341,"MIRALAM TANK, 
BAHADURPURA (M), 
HYDERABAD",LAKE,TELANGANA,24,31,0.3,3.8,7.2,7.9,1142,1460,2,15,2.2,9.32,8,94,280,430,2022
5029,"MOHINI CHERUVU, 
RAMANTHAPUR (V), 
UPPAL(M), MEDCHAL-
MALKAJGIRI (D)",LAKE,TELANGANA,22,28,0.3,4.1,7.1,8.4,1124,2128,3.2,8,2.2,6.22,11,39,350,430,2022
5045,"MOTHKULA KUNTA, 
MACHABOLLARAM(V),AL
WAL (M), MEDCHAL 
MALKAJGIRI(D)",LAKE,TELANGANA,25,30,0.3,3.6,7.2,7.6,1037,1735,3,27,3.8,8.75,12,48,430,540,2022
5043,"MYSAMMA CHERUVU, 
KUKATPALLY(V&M), 
MEDCHAL MALKAJGIRI(D)",LAKE,TELANGANA,24,28,0.3,1.2,7.1,7.8,946,1496,3,17,2.6,12.02,12,40,430,540,2022
4691,"NAGOLE CHERUVU, 
UPPAL, MEDCHAL - 
MALKAJGIRI DISTRICT",LAKE,TELANGANA,25,32,0.3,3.3,6.9,7.7,808,1367,2,25,2.7,5.8,17,63,430,540,2022
5063,"NANAKRAM KUNTA, 
NANAKRAMGUDA(V), 
SHERILINGAMPALLY(M), 
RANGA REDDY (D)",LAKE,TELANGANA,25,28,2.2,4.4,6.8,7.7,456,967,2,4,2.6,4.3,2,31,350,430,2022
4688,"NARINJA LAKE, KOTHUR-
B (V), ZAHEERABAD (M), 
SANGAREDDY",LAKE,TELANGANA,25,26,5.6,6.8,7.1,7.9,450,919,2,3.6,4.09,18.1,2,10,20,48,2022
5030,"NAYA QILLA TALAB, 
GOLKONDA (V&M), 
HYDERABAD (D)",LAKE,TELANGANA,22,27,0.3,4.1,7.7,8.4,935,1347,1.2,20,1.1,7.04,8,38,350,540,2022
5056,"NAYANAMMA KUNTA 
(BASPALLI CHERUVU), 
HAFEEZPET (V), 
SHERILINGAMPALLY (M), 
RANGA REDDY (D)",LAKE,TELANGANA,20,28,0.6,4.8,7.2,8.5,544,1121,1,5.2,2.9,4.2,2,33,350,540,2022
4229,"NEKNAMPUR LAKE, 
NEKNAMPUR, 
IBRAHIMBAGH, 
RAJENDRANAGAR",LAKE,TELANGANA,25,32,0.3,4.1,6.9,7.8,1167,2144,3,18,2.6,13.4,10,39,350,540,2022
,"(M),RANGAREDDY 
DISTRICT",,,,,,,,,,,,,,,,,,,2022
2342,"NOOR MD. KUNTA, 
SHAMSHABAD",LAKE,TELANGANA,25,30,0.3,0.3,6.8,8.2,805,1556,6,16,4.4,11.64,10,58,350,1600,2022
5121,"PALLE CHERUVU, 
KATEDHAN (V), 
RAJENDRANAGAR (M), 
RANGAREDDY (D)",LAKE,TELANGANA,25,30,0.3,0.3,7.1,7.9,925,1804,6,20,3.2,7.8,21,41,430,540,2022
5128,"PALLE CHERUVU, 
MAILARDEV PALLY (V), 
RAJENDRANAGAR (M), 
RANGAREDDY (D)",LAKE,TELANGANA,25,32,0.3,3.4,6.9,7.6,1140,1956,1,20,3.62,21.02,12,70,350,920,2022
4696,"PARKI CHERUVU, 
KUKATPALLY (V&M), 
MEDCHAL-MALKAJGIRI 
(D)",LAKE,TELANGANA,25,29,0.3,2.6,7.1,7.7,919,1763,2.4,17,2,14.02,12,48,350,540,2022
4693,"PATEL CHERUVU, 
MADINAGUDA(V), 
SERLINGAMPALLY (M), 
RANGAREDDY (D)",LAKE,TELANGANA,25,29,0.3,3.4,7.1,7.7,762,1350,2,22,3.2,6.2,7,31,430,1600,2022
4678,"PATEL CHERUVU, 
NACHARAM (V), UPPAL 
(NEW MANDAL), 
MEDCHAL- MALKAJIGIRI",LAKE,TELANGANA,25,30,0.3,1.2,6.8,7.9,980,2233,3,28,2.86,11.16,6,41,430,540,2022
5041,"PATHULGUDA CHERUVU, 
PATHULGUDA (V), 
SAROORNAGAR (M), 
RANGAREDDY (D)",LAKE,TELANGANA,25,32,0.3,4.1,7.7,8.4,826,1447,2,18,2.9,6.9,17,46,430,540,2022
4702,"PEDDA CHERUVU, 
KHAJAGUDA (V), 
SERLINGAMPALLY(M), 
RANGA REDDY DISTRICT",LAKE,TELANGANA,27,30,2.5,5.7,7,8.9,868,1662,7,30,10.02,30,4,350,21,1600,2022
4683,"PEDDA CHERUVU, 
MADIKONDA (V), 
KHAZIPET (M),",LAKE,TELANGANA,24,28,0.3,5.8,7.6,8.4,348,951,1,6.1,1.1,12.22,2,21,47,430,2022
,"HANUMAKONDA, 
WARANGAL",,,,,,,,,,,,,,,,,,,2022
4661,"PEDDAKANJARLA TANK, 
PEDDAKANJARLA (V), 
PATANCHERU (M), 
SANGAREDDY DISTRICT.",LAKE,TELANGANA,24,26,6,6.9,6.6,8.5,275,528,1.3,3,2.13,8.12,2,5,12,22,2022
5061,"PEDDAKUDI CHERUVU, 
MAQTA 
MAHBOOBPET(V), 
SHERILINGAMPALLY(M), 
RANGA REDDY(D)",LAKE,TELANGANA,20,29,0.3,3.8,7,7.7,596,1606,1.2,19,2.6,8.62,7,39,350,540,2022
4681,"PHAKAL CHERUVU, 
NARSAMPET, WARANGAL 
DISTRICT",LAKE,TELANGANA,23,28,4.9,6.4,7.2,8.7,131,643,1,1.9,0.3,3.92,2,6,17,120,2022
5053,"RAMAMMA KUNTA , 
GACHIBOWLI (V), 
SHERILINGAMPALLY(M), 
RANGA REDDY (D)",LAKE,TELANGANA,25,34,0.3,5.2,7.1,8.3,495,1189,1,8,2.99,7.22,11,41,350,540,2022
5036,"RAMANNA CHERUVU, 
BOINPALLY(V), 
TIRUMALAGIRI(M), 
HYDERABAD (D)",LAKE,TELANGANA,25,27,0.3,5.3,7.2,8.3,537,1084,1.5,18,2.4,9.1,11,43,350,430,2022
4692,"RAMANTHAPUR PEDDA 
CHERUVU, 
RAMANTHAPUR, 
MEDCHAL - MALKAJGIRI 
DISTRICT",LAKE,TELANGANA,24,32,0.3,3.6,6.8,7.6,823,1729,1,19,2.62,5.8,7,39,350,540,2022
3068,"RAMAPPA LAKE, 
PALAMPET (V), 
VENKATAPURAM (M), 
MULUGU DISTRICT.",LAKE,TELANGANA,22,28,5.4,6.7,7.3,8.5,136,330,1,5,0.3,2.82,2,4,26,150,2022
4249,"RANGASAMUDRAM, 
URSU (V), KHILA 
WARANGAL (M), 
WARANGAL DISTRICT",LAKE,TELANGANA,24,29,0.3,6,7.3,8.6,105,1350,1,14,1,11.22,4,31,58,430,2022
4687,"RED LAKE, ICRISAT, 
RAMACHANDRAPURAM 
(M), SANGAREDDY 
DISTRICT",LAKE,TELANGANA,22,26,5.6,6.6,7,8.1,732,1085,2.5,5.6,3.16,31.12,8,31,126,350,2022
5058,"REGULA KUNTA, 
MIYAPUR (V), 
SHERILINGAMPALLY (M), 
RANGA REDDY (D)",LAKE,TELANGANA,20,30,0.3,4.8,6.9,8.3,671,964,2,14,2.3,8.02,9,34,350,540,2022
3072,"SAFILGUDA LAKE, 
MEDCHAL",LAKE,TELANGANA,24,29,0.3,1.2,6.9,7.9,782,1836,2,16,2.3,7.44,6,120,430,540,2022
5038,"SALKAM CHERUVU , 
BANDLAGUDA(KALSA) 
(V), BANDLAGUDA (M), 
HYDERABAD (D)",LAKE,TELANGANA,22,30,0.3,2.6,7,8,1343,2026,4,10,2.6,11.72,3,43,350,540,2022
5033,"SHAHATAM CHERUVU, 
SHAIKPET(V&M), 
HYDERABAD (D)",LAKE,TELANGANA,22,27,0.3,2.3,7.2,8.4,731,1514,1.8,20,0.98,12.2,10,34,350,430,2022
5034,"SHIKARI KUNTA, 
HAKEEMPET(V), 
SHAIKPET(M), 
HYDERABAD (D)",LAKE,TELANGANA,22,27,0.3,5.9,7.5,8.3,830,1068,1.8,12,0.68,9.02,12,79,350,480,2022
5044,"SUDALAVANI KUNTA 
(SUNNAM CHERUVU), 
ALLAHPUR(V), 
BORABANDA(M),MEDCH
AL MALKAJGIRI(D)",LAKE,TELANGANA,24,28,0.3,2.2,7.2,8.2,873,1873,2,39,3.6,21.19,5,94,350,540,2022
4685,"SURISIGAL LAKE, ICRISAT, 
RAMACHANDRAPURAM 
(V&M), SANGAREDDY 
DISTRICT",LAKE,TELANGANA,21,26,5.5,6.6,7.2,8.1,832,1138,2.2,3.2,3.12,15.14,6,15,100,210,2022
4667,"SURRAM CHERUVU 
(PALLE CHERUVU), 
BANDLAGUDA (V), 
BANDLAGUDA (NEW 
MANDAL)",LAKE,TELANGANA,22,30,0.3,1.2,7.1,8.2,1178,2330,1.8,12,3.2,17.22,13,49,430,540,2022
5124,"TCS ENERGY PARK 
LAKE,GACHIBOWLI(V), 
SERILINGAMPALLY (M), 
RANGAREDDY (D)",LAKE,TELANGANA,24,28,3.6,5.4,7.5,8.4,505,686,1.2,2.2,2.6,4.62,8,33,280,540,2022
1215,"THUMMALA CHERUVU, 
NASAMPET (V&M), 
WARANGAL",LAKE,TELANGANA,23,28,4.8,6.3,7.1,8.5,130,506,1,2.1,0.32,4.02,2,8,21,170,2022
5037,"TIRUMALAGIRI TANK, 
TIRUMALAGIRI(V & M), 
HYDERABAD (D)",LAKE,TELANGANA,26,26,0.3,0.3,7.4,7.4,1357,1357,12,12,3.87,3.87,13,13,430,430,2022
4234,"UMDA SAGAR 
LAKE,JALPALLY(V), 
SAROORNAGAR(M), 
SHAMSHABAD?",LAKE,TELANGANA,25,35,0.3,4.8,7,7.9,884,1218,1.6,8,3.08,8.22,11,43,350,540,2022
5050,"VENNA CHERUVU, 
JEEDIMETLA(V), 
QUTHBULLAPUR(M), 
MEDCHAL MALKAJGIRI(D)",LAKE,TELANGANA,25,30,0.3,3.7,7,7.7,977,1738,3.2,22,3,12.02,14,41,350,540,2022
5131,"YELLAMMA CHERUVU, 
MANIKONDA (V), 
RAJENDRA NAGAR (M), 
RANGAREDDY (D)",LAKE,TELANGANA,25,34,0.3,2.3,7.1,7.9,932,1622,1,10,2.8,10.15,12,41,430,540,2022
5042,"YELLAMMA 
CHERUVU,KUKATPALLY(V
&M), MEDCHAL 
MALKAJGIRI(D)",LAKE,TELANGANA,25,28,0.3,2,7,7.6,988,1609,4,18,3.2,15.07,17,43,350,540,2022
5031,"YERRA KUNTA, 
SHAIKPET(V&M), 
HYDERABAD (D)",LAKE,TELANGANA,22,24,0.3,2.1,7.6,8,550,625,3,18,0.86,2.02,12,14,280,350,2022
3076,"AMBER CHERUVU, 
KUKATPALLY (V & M), 
MEDCHAL- MALKAJIGIRI",POND,TELANGANA,25,30,0.3,3.2,7,7.9,708,1700,2.6,20,2.56,5.2,5,46,430,540,2022
2347,"ASANI 
KUNTA,BOLLARAM(V),JIN
NARAM(M), 
SANGAREDDY(D)",POND,TELANGANA,18,26,0.3,0.3,5.4,7.6,2406,8680,36,240,12.24,71.26,9,17,142,540,2022
4700,"BATHUKAMMA KUNTA, 
B.N. REDDY 
NAGAR,HAYATHNAGAR(
M), RANGAREDDY(D)",POND,TELANGANA,26,26,0.3,0.3,7.2,7.2,1396,1396,18,18,7.8,7.8,38,38,540,540,2022
2346,"BHADRAKALI CHERUVU, 
NEAR BHADRAKALI 
TEMPLE, 
HANUMAKONDA",POND,TELANGANA,25,28,4,6,7.7,8.7,478,1133,1.2,4.2,0.32,2.8,2,25,43,220,2022
4694,"CHILUKALA KUNTA, 
HCU,GACHIBOWLI(V), 
SERILINGAMPALLY(M), 
RANGAREDDY(D)",POND,TELANGANA,28,28,0.3,0.3,7.6,7.6,1024,1024,,,7.2,7.2,33,33,-,-,2022
2357,"DURGAM CHERUVU , 
RAIDURG (V), 
SERILINGAMPALLY (M), 
RANGAREDDY (D)",POND,TELANGANA,24,31,1.2,4.8,6.8,8.1,684,955,2,12,2,6.82,4,39,350,430,2022
5129,"ERRA KUNTA, 
LAXMIGUDA (V), 
RAJENDRANAGAR (M), 
RANGAREDDY (D)",POND,TELANGANA,24,35,0.3,3.2,7.2,8.2,1444,2169,8,21,4.08,14.15,15,49,430,920,2022
5119,"KAIDAMMA KUNTA, 
HAFEEZPET (V), 
SERILINGAMPALLY (M), 
RANGAREDDY (D)",POND,TELANGANA,20,30,0.3,1.5,6.7,8.1,982,1742,6,34,3.9,9.93,11,38,430,540,2022
3077,"KAPRA CHERUVU, KAPRA 
(V), KEESARA (M)",POND,TELANGANA,24,30,0.3,4.3,7.2,8,797,1484,1.6,20,1.82,4,6,40,350,540,2022
4222,"KONDAGATTU TEMPLE- 
KONERU, JAGITIYAL",POND,TELANGANA,25,25,2.6,2.6,8.3,8.3,460,460,2.3,2.3,1.06,1.06,2,2,39,39,2022
5118,"KOTHA KUNTA, 
HAFEEZPET (V), SHAIKPET 
(M), RANGAREDDY (D)",POND,TELANGANA,24,28,0.3,4.5,6.9,8.3,693,1875,1,12,3.2,23.04,11,33,430,540,2022
5127,"KUMMARI KUNTA, 
ANMAGAL (V), 
HAYATHNAGAR (M), 
RANGAREDDY (D)",POND,TELANGANA,25,32,0.3,3.5,6.8,8.1,437,2312,3,22,3.2,5.8,4,43,280,540,2022
4675,"LOTUS POND, HAKIMPET 
(V), SHAIK PET (M), 
HYDERABAD (D)",POND,TELANGANA,22,28,2.2,5.2,7.3,8.4,653,758,1.1,9,1.2,7.6,8,34,280,540,2022
5122,"MALLAI KUNTA , 
CHANDANAGAR , 
SERILINGAMPALLY , RR",POND,TELANGANA,24,35,0.3,0.3,7,7.4,2582,2803,8,10,8.9,10.4,21,33,540,540,2022
5125,"MONDIKUNTA, 
KHANAMET (V), 
SERILINGAMPALLY (M), 
RANGAREDDY (D)",POND,TELANGANA,24,32,0.3,3.2,6.7,7.9,1200,1501,2.8,24,2.6,6.8,14,40,430,540,2022
5111,"NAGIRADDY 
KUNTA(YAPRAL 
CHERUVU), ALWAL 
(V&M), MEDCHAL- 
MALKAJGIRI(D)",POND,TELANGANA,25,28,0.3,3.8,7.2,8.6,1277,2192,2.8,32,4.36,14.6,14,47,430,920,2022
2344,"NALLA CHERUVU, UPPAL 
(V & M), MEDCHAL 
DISTRICT",POND,TELANGANA,24,31,0.3,1.2,7.1,8,988,2252,4,28,3.2,8.8,10,70,350,540,2022
5130,"PATHI KUNTA, BUDVEL 
(V), RAJENDRANAGAR 
(M), RANGAREDDY (D)",POND,TELANGANA,24,35,0.3,4.2,6.5,8.3,419,3330,1.2,11,2.2,18.02,12,47,280,920,2022
2359,"PEDDA CHERUVU, 
NACHARAM (V), UPPAL 
(M), MEDCHAL DISTRICT",POND,TELANGANA,26,32,0.3,3.4,7.3,8.1,1063,1618,3,28,3.24,10.2,8,46,350,540,2022
3078,"PRAGATHINAGAR 
CHERUVU,PRAGATHINAG
AR(V), KUKATPALLY, 
MEDCHAL-
MALKAJIGIRI(D)",POND,TELANGANA,25,30,0.3,4.8,7.1,7.7,707,1784,3,37,1.2,4.8,12,48,350,540,2022
5115,"RAJMAHAMAD KUNTA-
MASKA KUNTA, 
IZZATHNAGAR (V), 
SERILINGAMPALLY (M), 
RANGAREDDY (D).",POND,TELANGANA,24,29,0.3,2.2,7,7.8,888,1731,4,24,3.2,8.98,14,47,430,540,2022
3075,"RANGADHAMINI KUNTA, 
KUKATPALLY(V&M),",POND,TELANGANA,25,29,0.3,2.6,7,8.3,591,1438,2,14,1.1,4.92,6,120,350,540,2022
,"MEDCHAL - MALKAJGIRI 
(D)",,,,,,,,,,,,,,,,,,,2022
4231,"RAYAM CHERUVU, 
BONTHAPALLY (V), 
GUMMADIDALA (M), 
SANGAREDDY DISTRICT",POND,TELANGANA,20,32,5,5.9,7,8.3,1175,1708,3.2,6,6.17,15.25,4,11,31,70,2022
2345,"SAI CHERUVU, 
DESHAIPET(V), 
WARANGAL (M&D)",POND,TELANGANA,25,29,0.3,4.2,7.5,8.3,1724,9780,2.2,45,2.8,8.6,2,14,94,430,2022
5114,"SHANTHISARAVOR POND, 
GACHIBOWLI (V), 
SERLINGAMPALLY (M), 
RANGAREDDY (D)",POND,TELANGANA,25,29,3.2,5.8,7.3,8.1,281,710,1,2,0.92,2.92,2,33,350,430,2022
4689,"SUNNAM KUNTA, JUBILLE 
HILLS, HYDERABAD",POND,TELANGANA,22,27,2,5.4,6.9,8.3,316,985,1.2,14,0.66,13.22,8,41,220,540,2022
5120,"THAMMIDI KUNTA, 
KHANAPET (V), 
SERLINGAMPALLY (M), 
RANGAREDDY (D)",POND,TELANGANA,24,30,0.3,2.2,6.7,8.1,928,1393,4,12,2.7,9.13,4,48,350,540,2022
4223,"VEMULAWADA TEMPLE - 
KONERU, VEMULAWADA 
(V & M) KARIMNAGAR",POND,TELANGANA,26,26,3.5,3.5,7.9,7.9,605,605,3,3,2.2,2.2,48,48,108,108,2022
4238,"AMEENPUR CHERUVU, 
AMEENPUR (V & M), 
SANGAREDDY DISTRICT",TANK,TELANGANA,23,25,5,5.8,7,8.5,1080,1634,3.5,7.6,8.16,30.2,5,15,56,84,2022
4703,"BULBUL KUNTA, 
LAXMIGUDA, 
RAJENDRANAGAR (M), 
RANGAREDDY DISTRICT",TANK,TELANGANA,25,33,0.3,1.1,7.1,8.3,1191,2164,5.6,16,3.1,8.6,17,48,350,920,2022
3085,"CHINNA WADEPALLI 
CHERUVU, 
ENUMAMULA(V), 
WARANGAL(M&D)",TANK,TELANGANA,25,29,0.3,3.6,7.1,8.3,867,1440,1.8,28,1.2,4.2,11,47,210,540,2022
4241,"CHITKUL TANK,CHITKUL 
(V), PATANCHERU (M), 
SANGAREDDY DISTRICT",TANK,TELANGANA,24,26,5.5,6.5,6.9,8.4,1395,2177,2.8,5,8.18,23.2,6,9,58,110,2022
1447,"DHARMASAGAR TANK, 
DHARMASAGAR(V&M), 
HANUMAKONDA 
DISTRICT",TANK,TELANGANA,24,29,5.4,6.5,7.6,8.6,294,528,1,1.8,0.46,2.2,2,6,31,120,2022
4244,"ERDHANOOR TANK, 
ERDHANOOR (V), 
PATANCHERU (M), 
SANGAREDDY DISTRICT",TANK,TELANGANA,24,25,5.3,6.5,6.9,8.5,587,2263,2.4,3.5,6.08,13.14,4,14,40,79,2022
4233,"GADDAPOTHARAM 
CHERUVU, 
GADDAPOTHARAM (V), 
JINNARAM (M), 
SANGAREDDY DISTRICT",TANK,TELANGANA,22,33,4.2,5.9,6.9,7.6,2396,5204,7.6,19,12.25,54.25,5,14,62,150,2022
1780,"GANDIGUDEM TANK, 
GANDIGUDEM(V),AMEEN
PUR(M), SANGAREDDY(D)",TANK,TELANGANA,18,26,5.2,6.3,6.7,7.6,1405,2280,3.4,9.5,8.2,28.21,5,8,80,130,2022
4243,"ISNAPUR 
TANK,PASHAMYLARAM(V
), PATANCHERU (M), 
SANGAREDDY DISTRICT",TANK,TELANGANA,23,25,4.2,6.1,6.4,7.9,1965,6260,6.6,12,10.21,62.22,8,17,79,150,2022
2348,"KHAZIPALLY 
TANK,KHAZIPALLY(V), 
JINNARAM(M), 
SANGAREDDY(D) 
SANGAREDDY",TANK,TELANGANA,19,25,5.2,5.6,7,7.5,1040,4960,2,10,0.5,46.1,2,7,10,84,2022
4230,"KISTAIPALLY CHERUVU, 
KISTAIPALLY (V), 
JINNARAM(M), 
SANGAREDDY DISTRICT",TANK,TELANGANA,20,33,4.2,6.3,7.1,7.8,2453,5700,4,11,7.2,32.24,5,8,70,120,2022
1783,"KISTAREDDYPET TANK, 
KISTAREDDYPET(V),AMEE
NPUR(M),SANGAREDDY(
D)",TANK,TELANGANA,18,26,4.8,6.3,6.7,7.5,1388,3230,3,7,8.14,32.18,6,12,30,58,2022
4242,"LAKADARAM CHERUVU, 
LAKDARAM (V), 
PATANCHERU",TANK,TELANGANA,24,26,5,6.9,7.3,8.4,1114,2199,3,6,6.27,20.24,8,12,32,94,2022
,"(M),SANGAREDDY 
DISTRICT.",,,,,,,,,,,,,,,,,,,2022
3071,"LANGARHOUSE TANK, 
GOLCONDA (V&M) 
,HYDERABAD (D)",TANK,TELANGANA,25,30,0.3,1,7.2,8,827,1526,5,15,2.4,13.9,11,120,350,540,2022
1788,"LARGE TANK, 
SAROORNAGAR (V & M), 
RANGAREDDY DISTRICT",TANK,TELANGANA,25,35,0.3,3.1,7,7.9,1089,1596,2.6,19,2.86,9.27,7,41,350,540,2022
4239,"MAHABOOBSAGAR TANK, 
SANGAREDDY(V&M), 
SANGAREDDY DISTRICT",TANK,TELANGANA,23,24,5.1,6.5,7.2,7.9,697,1391,2.4,4.5,5.14,29.16,4,10,70,140,2022
2358,"MALLAPUR TANK , 
MEDCHAL MALKAJGIRI",TANK,TELANGANA,25,28,0.3,0.3,7.1,8,2266,4500,6,14,5.2,16.6,14,110,540,920,2022
4245,"MALLEPALLY TANK, 
MALLEPALLY (V), 
KONDAPUR (M), 
SANGAREDDY DISTRICT",TANK,TELANGANA,24,24,5.6,6.8,7.3,8.5,1102,1555,2.1,5,4.03,12.2,2,13,20,58,2022
4247,"MUCHARLA NAGARAM 
CHERUVU, NAGARAM (V), 
HASANPARTHY (M), 
HANUMAKONDA , 
WARANGAL",TANK,TELANGANA,24,28,3.2,5.8,7.6,8.6,503,1651,1.2,5,1.2,9.72,4,39,63,540,2022
4237,"MUNDLA 
KATWA,MOOSAPET(V), 
KUKATPALLY 
(M),MEDCHAL - 
MALKAJGIRI (D)",TANK,TELANGANA,25,30,0.3,1.8,7.1,8.2,971,1618,2,12,1.8,8.47,14,58,350,540,2022
4240,"MUTHANGI TANK (V), 
PATANCHERU 
(M),SANGAREDDY 
DISTRICT",TANK,TELANGANA,24,26,5.5,6.3,7.1,8.4,823,2296,2.2,5,7.09,22.12,5,8,35,63,2022
1464,"PEDDA CHERUVU, 
BIBINAGAR 
(V&M),YADADRI 
BHUVANAGIRI (D)",TANK,TELANGANA,17,20,5,6.8,7.3,8.3,1016,1280,2.7,4.8,7.12,22.16,4,10,38,70,2022
4228,"PEDDA 
CHERUVU/IBRAHIM 
CHERUVU, 
IBRAHIMBAGH, 
RAJENDRANAGAR(M), 
RANGAREDDY DISTRICT",TANK,TELANGANA,25,34,0.3,5.2,7.1,8.5,899,2746,2.8,93,3.28,8.6,8,46,350,540,2022
4704,"PEDDACHERUVU, 
MANSOORABAD (V), 
SAROORNAGAR(M), 
RANGAREDDY (D)",TANK,TELANGANA,24,35,0.3,3.8,7,7.5,506,1110,1.6,24,1.8,6.59,11,43,220,540,2022
2343,"PREMAJIPET TANK , 
SHAMSHABAD",TANK,TELANGANA,25,30,0.3,3.8,7.2,8.5,378,2960,2.6,18,2.8,11.12,2,33,350,1600,2022
4302,"RUDRARAM TANK, 
RUDRARAM (V), 
PATANCHERU (M), 
SANGAREDDY DISTRICT",TANK,TELANGANA,23,26,4.9,6,7,8.4,1699,3460,5,8,10.17,20.15,7,9,42,70,2022
3086,"SAKI TANK, PATANCHERU 
(V & M), SANGAREDDY 
DISTRICT",TANK,TELANGANA,17,23,5.7,6.9,7.2,7.9,723,1256,2.7,4.4,4.08,11.1,6,17,38,58,2022
3069,"SHAMEERPET TANK, 
SHAMEERPET(V&M), 
MEDCHAL- 
MALKAJIGIRI(D)",TANK,TELANGANA,24,29,4.9,6.1,7.5,8.3,583,844,1.1,11,0.32,6.02,2,2,22,280,2022
3084,"WADEPALLI CHERUVU, 
WADEPALLY (V), 
HANAMKONDA (M&D)",TANK,TELANGANA,24,29,4,6.2,7.7,8.4,478,566,1,3,0.36,3.82,2,17,39,220,2022
3391,"DHAMBUR LAKE, DHALAI",LAKE,TRIPURA,19,31,5.5,6.8,7.2,7.9,131,184,1.1,1.8,0.7,1.6,27,58,110,210,2022
4193,"DIMASAGAR LAKE, 
NORTH GATE",LAKE,TRIPURA,19,31,5.2,6.2,6.9,7.3,139,190,1.2,1.8,0.9,12.7,38,63,130,240,2022
4192,MBB COLLEGE LAKE,LAKE,TRIPURA,19,32,5.3,6.4,7,7.6,133,188,1.1,1.8,0.7,1.9,27,58,120,240,2022
1727,"POND AT LAXMI 
NARAYAN BARI PALACE 
COMPOUND, TRIPURA",LAKE,TRIPURA,19,31,5.5,6.8,7.1,7.6,134,199,1.1,1.7,0.9,1.9,26,63,120,240,2022
4643,"RUDRASAGAR EAST LAKE 
TRIPURA",LAKE,TRIPURA,19,31,5.2,6.2,7,7.9,140,199,1.2,1.9,0.8,1.7,32,63,120,280,2022
1728,"RUDRASAGAR LAKE, 
SONUMURA, TRIPURA",LAKE,TRIPURA,19,31,5.4,6.4,7,7.4,147,192,1.1,1.9,1.1,1.7,31,63,130,240,2022
4642,"RUDRASAGAR NORTH 
LAKE,TRIPURA",LAKE,TRIPURA,19,31,5.3,6.6,7,7.8,141,191,1.2,2.2,1.2,2.4,41,84,150,350,2022
4644,"RUDRASAGAR WEST LAKE 
TRIPURA",LAKE,TRIPURA,19,31,5.6,6.4,7.2,7.9,128,189,1.2,2.1,1.1,2.3,41,70,130,280,2022
3393,"BRAMAKUNDA POND, 
WEST TRIPURA",POND,TRIPURA,19,32,5.1,6.5,7.2,7.9,140,184,1.2,2.1,0.8,2,26,47,110,210,2022
4197,"CHATURDASH DEBATA 
BARI POND",POND,TRIPURA,19,31,5.3,6.9,7.2,7.8,140,189,1.1,1.9,0.7,1.8,17,63,110,280,2022
4195,DURGABARI POND,POND,TRIPURA,19,31,5.5,6.7,7.1,7.8,138,189,1.2,1.9,0.9,2,26,63,120,240,2022
3396,"JAGANNATH DIGHI, 
GOMATI TRIPURA",POND,TRIPURA,19,30,5.3,6.4,7.1,7.7,141,223,1.2,2.1,0.9,2.3,26,48,110,220,2022
3394,"KALYANSAGAR AT 
MATARBARI, GOMATI 
TRIPURA",POND,TRIPURA,19,32,5.5,6.5,7.2,7.8,139,193,1.3,2.3,1,2.5,33,63,150,280,2022
4221,KATAL DIGHI POND,POND,TRIPURA,19,32,5.4,6.7,7.1,7.8,139,191,1.1,2.2,0.7,2.4,25,58,110,240,2022
4194,"LALBAHADUR DIGHI 
POND",POND,TRIPURA,19,32,5.1,6.2,7,7.8,132,189,1.1,1.8,0.8,2.1,26,63,120,240,2022
3395,"MAHADEB DIGHI, 
GOMATI TRIPURA",POND,TRIPURA,19,30,5.5,6.6,7.1,7.6,130,179,1.2,1.9,0.9,2,31,63,110,240,2022
4196,RADHANAGAR POND,POND,TRIPURA,20,32,3.1,5.2,6.5,8.9,158,212,3.1,5.6,1.8,3.5,48,84,220,350,2022
3392,"SHIPAHIJALA POND, 
WEST TRIPURA",POND,TRIPURA,19,31,5.2,6.4,7,7.6,127,233,1.1,2.2,0.7,2.3,21,58,94,240,2022
1364,"RAMGARH LAKE, 
GORAKHPUR U.P.",LAKE,"UTTAR 
PRADESH",16,26,7.6,8.3,7.7,8.3,292,4700,4.5,5.5,,,1800,44000,30000,66000,2022
2499,"SAMASPUR JHEEL, 
RAEBARELI",LAKE,"UTTAR 
PRADESH",22,27,5.6,7.5,8,8.1,311,511,4,5.2,0.84,0.92,3200,4300,5400,7900,2022
3437,"BHEEMTAL 
LAKE,DISTRICT-NAINITAL",LAKE,"UTTARAKHA
ND",9,20,8.4,9.6,7.3,8.1,170,240,1.2,1.8,0.32,0.4,63,120,110,220,2022
1362,"NAINI LAKE AT NAINITAL 
(WATER INTAKE POINT)",LAKE,"UTTARAKHA
ND",7,18,8.8,9.8,7.2,8.2,310,460,1,2.2,0.32,0.4,94,130,150,280,2022
2539,"BELBONI LAKE NEAR 
BARJORA, BANKURA",LAKE,"WEST 
BENGAL",18,33,7.7,8.6,7.1,7.8,136,185,1.2,1.7,0.3,0.63,1100,2600,1400,3300,2022
2505,"HANUMAN GHAT ON 
DUDHPUKUR AT 
TARAKESHWAR, 
HOOGHLY",LAKE,"WEST 
BENGAL",21,34,3,14,8,8.7,499,710,3,14.8,0.3,0.93,1300,28000,3300,92000,2022
2503,"HATISHALA GHAT ON 
DUDHPUKUR AT 
TARAKESHWAR, 
HOOGHLY",LAKE,"WEST 
BENGAL",21,33,3.3,15,7.8,8.9,492,734,2.6,44,0.3,1.5,1200,130000,3300,240000,2022
4729,"JOREPOKHARI LAKE AT 
SUKHIAPOKHARI",LAKE,"WEST 
BENGAL",4,18,6.6,8.8,6.8,7.9,24,91,1,1.8,0.3,0.3,2,1400,2,3300,2022
2519,"KOCHBIHAR LAKE (SAGAR 
DIGHI), COOCHBEHAR",LAKE,"WEST 
BENGAL",16,29,6.6,8.9,6.9,8.1,32,61,1.2,2.8,0.3,1.51,1400,13000,5000,30000,2022
4720,"LAKE RASIKBHEEL AT 
COOCHBEHAR",LAKE,"WEST 
BENGAL",18,32,5.8,8.2,6.7,7.4,36,140,1,2.8,0.3,4.52,800,7000,2600,50000,2022
2504,"MAINH GHAT ON 
DUDHPUKUR AT 
TARAKESHWAR, 
HOOGHLY",LAKE,"WEST 
BENGAL",21,33,3.7,14,7.4,8.9,503,734,3.4,15.3,0.3,0.6,1300,170000,2100,350000,2022
2520,"MIRIKH LAKE, 
DARJEELING",LAKE,"WEST 
BENGAL",7,23,6,7.5,6.5,7.9,64,160,1.8,4.7,0.3,5.56,1300,7000,1700,17000,2022
1765,"RABINDRASAROVAR 
NATIONAL LAKE, 
CALCUTTA, WEST BENGAL",LAKE,"WEST 
BENGAL",21,33,6.9,9,7.2,8.3,281,334,2.7,4.3,0.3,0.98,330,790,1100,2300,2022
2544,"SAHEBBANDH AT 
PURULIA",LAKE,"WEST 
BENGAL",20,36,9,10.2,7,7.8,240,326,2.8,4.3,0.3,1.06,1100,4700,2100,11000,2022
2522,"SINCHAL LAKE FOR 
DARJEELING",LAKE,"WEST 
BENGAL",2,18,7.2,8.8,6.9,7.9,13,50,1,1.8,0.3,1.13,2,230,40,1600,2022
5163,"SUBHAS SAROBAR, 
BELAGHATA, KOLKATA",LAKE,"WEST 
BENGAL",22,32,6.7,8,7.2,8.3,349,426,3,4.5,0.3,1.36,700,2300,1300,3500,2022
2521,"WATER RESERVIOR AT 
DELO LAKE, DARJELLING",LAKE,"WEST 
BENGAL",8,26,7,8.5,7,7.7,16,38,1,1.2,0.3,1.17,70,3300,140,11000,2022
4725,"WATER RESERVIOR ST. 
HELENS SCHOOL",LAKE,"WEST 
BENGAL",4,23,6.3,8.2,6.3,8.2,18,95,1,2.6,0.3,1.19,60,5000,110,11000,2022
