Water_Body_Type,State_Name,Year,Temperature,DO,pH,Conductivity,BOD,Nitrate_Nitrite,Fecal_Coliform,Total_Coliform,Conductivity_log,BOD_log,Nitrate_Nitrite_log,Total_Coliform_log,Fecal_Coliform_log,DO_sqrt
LAKE,"ANDHRA 
PRADESH",2017,26.0,6.35,7.65,815.5,1.7999999999999998,2.26,20.0,1375.0,6.70502691241052,1.0296194171811581,1.1817271953786161,7.226936018493289,3.044522437723423,2.5199206336708304
LAKE,ASSAM,2017,23.5,4.7,6.6,89.0,8.6,0.9,1150.0,3380.0,4.499809670330265,2.2617630984737906,0.6418538861723948,8.125926802707886,7.048386408721883,2.16794833886788
LAKE,ASSAM,2017,29.0,5.55,7.199999999999999,103.5,1.8499999999999999,0.75,750.0,2800.0,4.6491870714048655,1.047318994280559,0.5596157879354227,7.937731775260109,6.621405651764134,2.355843797877949
POND,ASSAM,2017,28.0,2.65,7.6,617.5,9.6,3.25,2300.0,10865.0,6.427297191832543,2.3608540011180215,1.4469189829363254,9.293393927111468,7.741099090035366,1.6278820596099706
POND,ASSAM,2017,27.5,5.15,6.699999999999999,130.5,10.15,1.2,1200.0,14680.0,4.879006851617819,2.411439497906128,0.7884573603642702,9.59430941973946,7.0909098220799835,2.2693611435820435
POND,ASSAM,2017,24.5,6.15,6.699999999999999,31.5,2.6,1.3,930.0,7650.0,3.481240089335692,1.2809338454620642,0.832909122935104,8.942591637231851,6.836259277277067,2.479919353527449
POND,ASSAM,2017,26.0,6.65,6.699999999999999,30.5,3.0,0.9,1580.0,10680.0,3.449987545831587,1.3862943611198906,0.6418538861723948,9.276221741089696,7.365812837209472,2.5787593916455256
POND,ASSAM,2017,26.5,5.8,7.050000000000001,63.0,2.95,1.0,900.0,2350.0,4.1588830833596715,1.3737155789130306,0.6931471805599453,7.762596048540069,6.803505257608338,2.4083189157584592
POND,ASSAM,2017,26.0,7.75,8.1,229.5,8.25,2.15,510.0,2350.0,5.440250862436703,2.224623551524334,1.1474024528375417,7.762596048540069,6.236369590203704,2.7838821814150108
POND,ASSAM,2017,25.0,8.3,7.3,78.0,4.5,0.7,1180.0,1980.0,4.3694478524670215,1.7047480922384253,0.5306282510621704,7.591357046698551,7.074116816197362,2.8809720581775866
POND,ASSAM,2017,25.5,7.65,8.0,136.0,11.65,1.4,605.0,930.0,4.919980925828125,2.5376572151735295,0.8754687373538999,6.836259277277067,6.406879986069314,2.7658633371878665
POND,ASSAM,2017,30.5,5.3,6.65,35.0,11.1,0.75,1150.0,2655.0,3.58351893845611,2.4932054526026954,0.5596157879354227,7.884576510596324,7.048386408721883,2.3021728866442674
POND,ASSAM,2017,28.5,3.5500000000000003,6.85,43.5,3.0,1.1,1200.0,14955.0,3.7954891891721947,1.3862943611198906,0.7419373447293773,9.612867836097005,7.0909098220799835,1.8841443681416772
POND,ASSAM,2017,27.5,8.45,8.45,186.5,9.25,1.85,900.0,2380.0,5.233778845410465,2.327277705584417,1.0473189942805592,7.7752758464868625,6.803505257608338,2.9068883707497264
POND,ASSAM,2017,25.0,6.800000000000001,7.300000000000001,349.5,4.5,2.3,10850.0,120180.0,5.859360706474645,1.7047480922384253,1.1939224684724346,11.696754218705356,9.292012520620208,2.6076809620810595
POND,ASSAM,2017,26.0,8.45,7.9,217.5,4.8,9.709999999999999,1150.0,2165.0,5.3867860145356445,1.7578579175523736,2.3711778844596574,7.680637427560936,7.048386408721883,2.9068883707497264
POND,ASSAM,2017,28.0,8.5,7.55,213.5,9.2,1.25,900.0,10955.0,5.368309738368072,2.322387720290225,0.8109302162163288,9.301642530382969,6.803505257608338,2.9154759474226504
POND,ASSAM,2017,28.0,6.85,6.6,37.0,2.25,2.6,515.0,1530.0,3.6375861597263857,1.1786549963416462,1.2809338454620642,7.333676395657684,6.246106765481563,2.6172504656604803
POND,ASSAM,2017,29.0,7.3500000000000005,7.25,113.0,3.5,0.85,1500.0,6150.0,4.736198448394496,1.5040773967762742,0.6151856390902334,8.724369949208368,7.313886831633462,2.711088342345192
POND,ASSAM,2017,29.5,5.1,7.0,28.5,4.3,0.75,515.0,1380.0,3.3843902633457743,1.667706820558076,0.5596157879354227,7.2305631534092925,6.246106765481563,2.258317958127243
POND,ASSAM,2017,28.5,5.300000000000001,7.0,42.5,3.75,2.55,1900.0,2380.0,3.7727609380946383,1.55814461804655,1.2669476034873244,7.7752758464868625,7.550135342488429,2.302172886644268
POND,ASSAM,2017,29.5,5.15,7.050000000000001,62.5,4.5,2.9499999999999997,1150.0,7680.0,4.151039905898646,1.7047480922384253,1.3737155789130304,8.946505025998682,7.048386408721883,2.2693611435820435
POND,ASSAM,2017,24.5,5.25,7.15,99.5,5.449999999999999,0.7999999999999999,900.0,55150.0,4.61015772749913,1.864080130807681,0.5877866649021191,10.917830156883532,6.803505257608338,2.29128784747792
POND,ASSAM,2017,24.5,6.0,7.1,33.0,2.95,0.6000000000000001,1150.0,12180.0,3.5263605246161616,1.3737155789130306,0.47000362924573563,9.407632639699958,7.048386408721883,2.449489742783178
POND,ASSAM,2017,24.5,6.0,7.1,111.5,3.15,1.2,730.0,3930.0,4.722953221644475,1.423108334242607,0.7884573603642702,8.27664912542186,6.594413459749778,2.449489742783178
POND,ASSAM,2017,24.5,7.15,6.75,213.5,2.3,1.2,730.0,10680.0,5.368309738368072,1.1939224684724346,0.7884573603642702,9.276221741089696,6.594413459749778,2.6739483914241875
POND,ASSAM,2017,26.0,5.75,6.95,51.5,2.6,1.4500000000000002,330.0,930.0,3.960813169597578,1.2809338454620642,0.8960880245566357,6.836259277277067,5.802118375377063,2.3979157616563596
POND,ASSAM,2017,27.75,5.65,7.199999999999999,300.5,5.0,1.9500000000000002,1950.0,14955.0,5.70877001616724,1.791759469228055,1.0818051703517284,9.612867836097005,7.576097340623111,2.3769728648009427
POND,ASSAM,2017,23.5,4.4,7.15,150.5,3.55,0.9500000000000001,880.0,1580.0,5.020585624949423,1.5151272329628591,0.6678293725756554,7.365812837209472,6.78105762593618,2.0976176963403033
TANK,ASSAM,2017,24.5,6.2,6.85,28.5,2.2,0.9500000000000001,460.0,1180.0,3.3843902633457743,1.1631508098056809,0.6678293725756554,7.074116816197362,6.133398042996649,2.4899799195977463
LAKE,BIHAR,2017,25.5,6.7,7.550000000000001,273.5,2.45,0.025,16500.0,26500.0,5.614951260949585,1.2383742310432684,0.0246926125903715,10.184937747111391,9.711176264112805,2.588435821108957
LAKE,BIHAR,2017,26.0,7.050000000000001,7.5,732.5,2.45,0.025,8050.0,13550.0,6.597827597583036,1.2383742310432684,0.0246926125903715,9.514215624322715,8.993551586299981,2.6551836094703507
POND,BIHAR,2017,26.0,7.85,7.6,544.0,2.9000000000000004,0.025,14350.0,21950.0,6.300785794663244,1.3609765531356008,0.0246926125903715,9.99656797555214,9.571574905170932,2.80178514522438
POND,BIHAR,2017,25.5,8.100000000000001,7.8,454.0,2.65,0.025,11350.0,17350.0,6.12029741895095,1.2947271675944,0.0246926125903715,9.761405420601672,9.337061124755339,2.8460498941515415
LAKE,CHANDIGARH,2017,23.0,7.3999999999999995,7.9,190.5,72.5,2.74,105001.0,270001.0,5.2548878086207,4.297285406218791,1.3190856114264407,12.506184645360484,11.561734676577304,2.7202941017470885
LAKE,CHHATTISGARH,2017,26.0,8.9,7.45,663.0,4.5,0.235,265.0,260.0,6.498282149476434,1.7047480922384253,0.2110709700799405,5.564520407322694,5.583496308781699,2.9832867780352594
POND,CHHATTISGARH,2017,26.0,6.800000000000001,7.5,663.0,4.5,0.185,265.0,460.0,6.498282149476434,1.7047480922384253,0.1697427745870945,6.133398042996649,5.583496308781699,2.6076809620810595
LAKE,GOA,2017,30.5,7.2,6.949999999999999,189.5,0.75,0.08,3954.0,6501.0,5.249652194566756,0.5596157879354227,0.07696104113612832,8.779865100863852,8.282735880201754,2.6832815729997477
LAKE,GOA,2017,29.75,6.6000000000000005,6.6,57.5,1.35,0.415,2560.0,4730.0,4.069026754237811,0.8544153281560676,0.3471295310952009,8.461891875631148,7.848153086199526,2.569046515733026
LAKE,GOA,2017,29.75,7.6,7.050000000000001,71.5,1.2,0.215,69.0,271.0,4.283586561860629,0.7884573603642702,0.1947440767925118,5.605802066295998,4.248495242049359,2.756809750418044
LAKE,GOA,2017,30.15,4.7,7.15,211.0,3.3,1.23,4340.0,6050.0,5.356586274672012,1.4586150226995167,0.8020015854720274,8.707978826622321,8.375860015299594,2.16794833886788
LAKE,GOA,2017,28.15,5.65,7.050000000000001,149.0,3.05,0.62,4005.0,11070.0,5.0106352940962555,1.3987168811184478,0.4824261492442927,9.312084355859467,8.295548516225763,2.3769728648009427
LAKE,GOA,2017,31.5,6.949999999999999,6.8,244.5,5.45,0.095,12100.0,17725.0,5.503296947234575,1.864080130807681,0.09075436326846414,9.782787767298343,9.401043372798053,2.6362852652928135
LAKE,GOA,2017,28.75,3.9,7.1,334.5,6.55,5.785,44500.0,73000.0,5.815621956411737,2.0215475632609334,1.9147142932868324,11.19822841866684,10.703266939811954,1.9748417658131499
LAKE,GOA,2017,31.5,6.25,6.6,336.0,5.65,0.74,4015.0,6615.0,5.820082930352362,1.8946168546677629,0.5538851132264376,8.797246236703527,8.298041661371565,2.5
LAKE,GUJARAT,2017,31.5,7.9,8.75,2893.5,58.5,0.3,28.5,294.0,7.970567663519059,4.085976312551584,0.262364264467491,5.68697535633982,3.3843902633457743,2.8106938645110393
LAKE,GUJARAT,2017,27.5,5.35,8.15,446.0,18.0,0.3,49.5,299.0,6.102558594613569,2.9444389791664403,0.262364264467491,5.703782474656201,3.9219733362813143,2.3130067012440754
LAKE,GUJARAT,2017,26.0,8.25,7.85,286.5,0.6000000000000001,0.47000000000000003,3.0,12.5,5.661222860237405,0.47000362924573563,0.38526240079064494,2.6026896854443837,1.3862943611198906,2.8722813232690143
LAKE,GUJARAT,2017,28.5,3.55,7.35,3175.0,1.65,0.5900000000000001,15.0,37.0,8.063377822367027,0.9745596399981308,0.4637340162321402,3.6375861597263857,2.772588722239781,1.8841443681416772
LAKE,GUJARAT,2017,29.5,6.2,7.800000000000001,1568.5,72.5,3.2550000000000003,26.5,46.5,7.358512376282008,4.297285406218791,1.4480947620253377,3.8607297110405954,3.3141860046725258,2.4899799195977463
LAKE,GUJARAT,2017,25.5,5.65,7.7,640.0,7.45,0.195,5.5,13.0,6.46302945692067,2.134166441369082,0.178146185383474,2.6390573296152584,1.8718021769015913,2.3769728648009427
LAKE,GUJARAT,2017,24.0,10.35,7.35,1170.0,55.55,0.18,7.5,18.0,7.065613363597717,4.03512520256213,0.16551443847757338,2.9444389791664403,2.1400661634962708,3.2171415884290826
LAKE,GUJARAT,2017,29.5,5.65,8.1,123.0,0.75,0.28,4.0,16.0,4.820281565605037,0.5596157879354227,0.2468600779315258,2.833213344056216,1.6094379124341003,2.3769728648009427
LAKE,GUJARAT,2017,28.5,7.199999999999999,7.9,338.0,2.1,0.06,4.5,17.5,5.82600010738045,1.1314021114911006,0.05826890812397577,2.917770732084279,1.7047480922384253,2.6832815729997477
LAKE,GUJARAT,2017,28.5,7.45,8.3,999.5,1.1,0.165,15.5,37.5,6.908255154023788,0.7419373447293773,0.1527210870176639,3.6506582412937387,2.803360380906535,2.7294688127912363
LAKE,GUJARAT,2017,30.0,6.75,7.75,388.0,1.45,0.46,45.5,79.0,5.963579343618446,0.8960880245566356,0.3784364357202451,4.382026634673881,3.8394523125933104,2.598076211353316
LAKE,GUJARAT,2017,26.0,6.7,7.5,699.5,2.95,0.085,7.0,14.0,6.551794365777062,1.3737155789130306,0.08157998699242289,2.70805020110221,2.0794415416798357,2.588435821108957
LAKE,GUJARAT,2017,30.0,6.55,7.8,1357.0,2.2,0.345,2.0,2.0,7.213768308118642,1.1631508098056809,0.2963940130538024,1.0986122886681098,1.0986122886681098,2.5592967784139455
LAKE,GUJARAT,2017,30.5,10.35,7.75,473.0,1.7000000000000002,0.45,15.0,40.5,6.161207321695077,0.9932517730102834,0.37156355643248307,3.7256934272366524,2.772588722239781,3.2171415884290826
LAKE,GUJARAT,2017,28.5,3.8000000000000003,7.6,1828.5,5.85,6.255000000000001,6.5,15.5,7.511797984459261,1.9242486522741338,1.9816908863361513,2.803360380906535,2.0149030205422647,1.949358868961793
LAKE,GUJARAT,2017,28.0,5.55,8.75,2728.0,37.0,0.265,16.0,98.0,7.911690520708339,3.6375861597263857,0.23507212217948356,4.59511985013459,2.833213344056216,2.355843797877949
LAKE,GUJARAT,2017,28.0,3.6500000000000004,8.05,729.0,4.6,0.29,9.5,30.5,6.593044534142437,1.7227665977411035,0.2546422183735807,3.449987545831587,2.3513752571634776,1.91049731745428
POND,GUJARAT,2017,29.5,6.05,7.6,716.5,1.55,0.06,37.0,135.5,6.5757729476337765,0.9360933591703349,0.05826890812397577,4.916324614625014,3.6375861597263857,2.4596747752497685
POND,GUJARAT,2017,28.0,6.7,6.6,439.0,1.5999999999999999,0.06,279.5,291.5,6.0867747269123065,0.9555114450274363,0.05826890812397577,5.678464666671911,5.636573724962751,2.588435821108957
TANK,GUJARAT,2017,28.0,7.1,7.8500000000000005,321.5,17.5,28.25,36.0,90.5,5.776103136235827,2.917770732084279,3.3758795736778655,4.516338972281476,3.6109179126442243,2.6645825188948455
LAKE,HARYANA,2017,26.0,7.25,7.8500000000000005,361.0,1.7999999999999998,0.025,960.0,4620.0,5.8916442118257715,1.0296194171811581,0.0246926125903715,8.438366410870266,6.8679744089702925,2.692582403567252
LAKE,HARYANA,2017,26.0,7.300000000000001,7.6499999999999995,423.5,3.7,0.025,700.0,3640.0,6.050912005751402,1.547562508716013,0.0246926125903715,8.200013648175434,6.55250788703459,2.701851217221259
LAKE,"HIMACHAL 
PRADESH",2017,17.0,8.8,8.0,374.0,0.6000000000000001,0.53,73.5,570.0,5.926926025970411,0.47000362924573563,0.4252677354043441,6.3473892096560105,4.310799125385514,2.9664793948382653
LAKE,"HIMACHAL 
PRADESH",2017,16.75,7.4,7.9,262.0,0.6000000000000001,0.745,9.0,225.0,5.572154032177765,0.47000362924573563,0.5567545556543905,5.420534999272286,2.302585092994046,2.7202941017470885
LAKE,"HIMACHAL 
PRADESH",2017,18.5,6.5,7.2,802.5,1.9,0.495,56.0,48.0,6.688977185177567,1.0647107369924282,0.40212620684264977,3.8918202981106265,4.04305126783455,2.5495097567963922
LAKE,"HIMACHAL 
PRADESH",2017,21.0,7.15,7.699999999999999,239.0,12.0,0.895,152.0,1070.0,5.480638923341991,2.5649493574615367,0.6392188385343897,6.976348070447749,5.030437921392435,2.6739483914241875
LAKE,"HIMACHAL 
PRADESH",2017,14.0,6.1,7.25,101.0,5.4,0.765,27.5,745.0,4.624972813284271,1.8562979903656263,0.56815069038526,6.61472560020376,3.349904087274605,2.4698178070456938
LAKE,KARNATAKA,2017,31.5,7.0,8.350000000000001,538.0,5.5,1.275,39665.0,271545.0,6.289715570908998,1.8718021769015913,0.8219800524029137,12.511886833102244,10.588249676561633,2.6457513110645907
LAKE,KARNATAKA,2017,25.0,5.2,8.0,1046.0,3.85,3.02,1015.0,4200.0,6.953684210870537,1.5789787049493917,1.3912819026309295,8.343077871169383,6.923628628138427,2.280350850198276
LAKE,KARNATAKA,2017,26.5,3.9,7.8,1871.5,15.65,0.74,1850.0,5850.0,7.535029715391374,2.8124102164264526,0.5538851132264376,8.674367865788236,7.523481312573497,1.9748417658131499
LAKE,KARNATAKA,2017,28.0,6.35,8.45,738.0,6.5,0.44000000000000006,1310.0,5450.0,6.6052979209482015,2.0149030205422647,0.3646431135879093,8.603554357064281,7.1785454837637,2.5199206336708304
LAKE,KARNATAKA,2017,27.0,2.1500000000000004,7.8,964.0,17.2,2.165,3000.0,7350.0,6.872128101338986,2.9014215940827497,1.1521530555961395,8.902591637374087,8.006700845440367,1.466287829861518
LAKE,KARNATAKA,2017,29.5,2.3,7.9,987.0,17.6,1.92,2200.0,7350.0,6.895682697747868,2.9231615807191558,1.0715836162801904,8.902591637374087,7.696667081526462,1.51657508881031
LAKE,KARNATAKA,2017,28.0,4.55,8.5,822.0,9.9,0.39,1615.0,5500.0,6.71295620067707,2.388762789235098,0.3293037471426004,8.612685172875459,7.38770923908104,2.1330729007701543
LAKE,KARNATAKA,2017,28.0,5.1,8.55,789.0,7.4,0.42,1510.0,5450.0,6.672032945461067,2.128231705849268,0.3506568716131694,8.603554357064281,7.32052696227274,2.258317958127243
LAKE,KARNATAKA,2017,23.5,5.95,7.05,441.0,4.5,4.095,2555.0,11910.0,6.091309882077698,1.7047480922384253,1.628259666674688,9.385217621880901,7.846198815497425,2.4392621835300936
LAKE,KARNATAKA,2017,28.0,4.35,7.25,457.0,13.5,2.44,245395.0,546740.0,6.126869184114185,2.6741486494265287,1.235471471385307,13.211730477498183,12.410628511207603,2.085665361461421
LAKE,KARNATAKA,2017,31.5,7.0,8.100000000000001,498.0,5.5,1.205,39635.0,271545.0,6.212606095751519,1.8718021769015913,0.7907275088988094,12.511886833102244,10.58749307517879,2.6457513110645907
LAKE,KARNATAKA,2017,29.5,4.0,7.05,3188.5,34.3,6.85,170500.0,1794500.0,8.06761944368201,3.563882963939251,2.060513531794317,14.400237546827933,12.046496440791149,2.0
LAKE,KARNATAKA,2017,30.5,3.35,8.75,1269.0,24.5,5.55,1779500.0,8774000.0,7.146772179452637,3.2386784521643803,1.8794650496471605,15.987303474681392,14.391843545887832,1.8303005217723127
LAKE,KARNATAKA,2017,29.0,4.0,7.6,1549.5,25.0,2.625,651100.0,1747050.0,7.346332738540504,3.258096538021482,1.2878542883066382,14.373439781592207,13.38642005508616,2.0
LAKE,KARNATAKA,2017,28.0,5.449999999999999,8.1,803.5,7.0,1.48,245165.0,706740.0,6.690220966432438,2.0794415416798357,0.9082585601768908,13.468419541127389,12.40969081111321,2.33452350598575
LAKE,KARNATAKA,2017,28.0,5.75,8.0,1052.0,6.5,1.5,105245.0,876740.0,6.959398512133975,2.0149030205422647,0.9162907318741551,13.68396690276582,11.564055746071835,2.3979157616563596
LAKE,KARNATAKA,2017,29.0,5.75,7.1,1081.0,45.0,2.0,2700.0,14100.0,6.9865664594064265,3.828641396489095,1.0986122886681098,9.55400099583723,7.901377353792616,2.3979157616563596
LAKE,KARNATAKA,2017,28.5,3.95,7.4,1158.5,8.25,8.0,396350.0,2727400.0,7.055744156695586,2.224623551524334,2.1972245773362196,14.81885969905536,12.8900554612847,1.9874606914351791
LAKE,KARNATAKA,2017,28.0,4.0,7.7,1185.0,8.3,1.65,860700.0,2718600.0,7.078341579557671,2.2300144001592104,0.9745596399981308,14.815627967719603,13.6655024524819,2.0
LAKE,KARNATAKA,2017,29.0,4.6,7.6,782.0,12.45,5.37,166650.0,550450.0,6.663132695990803,2.598979106047848,1.851599469584072,13.21849322119233,12.023657084317943,2.1447610589527217
LAKE,KARNATAKA,2017,27.15,3.85,7.75,875.0,10.5,1.85,60700.0,862710.0,6.775366090936392,2.4423470353692043,1.0473189942805592,13.667835035649894,11.013715451376466,1.9621416870348585
LAKE,KARNATAKA,2017,27.05,5.1,7.4,802.0,7.5,2.15,395350.0,861105.0,6.688354713946762,2.1400661634962708,1.1474024528375417,13.665972888491824,12.8875292569002,2.258317958127243
LAKE,KARNATAKA,2017,27.0,5.95,7.55,1064.0,6.25,7.65,245135.0,861105.0,6.970730078143525,1.9810014688665833,2.157559320943788,13.665972888491824,12.409568437555535,2.4392621835300936
LAKE,KARNATAKA,2017,27.1,4.55,7.6,927.0,72.5,4.5,396650.0,2715450.0,6.833031732786201,4.297285406218791,1.7047480922384253,14.814468611735219,12.890812079841304,2.1330729007701543
LAKE,KARNATAKA,2017,28.5,3.1,6.9,1414.0,72.5,6.04,1660500.0,4010000.0,7.254884810077338,4.297285406218791,1.951608170169951,15.20430204865928,14.322629922027001,1.760681686165901
LAKE,KARNATAKA,2017,28.5,6.85,7.3,976.0,7.0,4.83,350850.0,710450.0,6.884486652042782,2.0794415416798357,1.763017000362401,13.47365525862382,12.768116910897264,2.6172504656604803
LAKE,KARNATAKA,2017,30.0,6.75,8.2,1185.5,14.0,5.96,245850.0,2713950.0,7.078763075875818,2.70805020110221,1.9401794743463283,14.81391606468191,12.412480940352658,2.598076211353316
LAKE,KARNATAKA,2017,29.0,4.45,7.95,1622.0,20.25,3.59,39555.0,65600.0,7.392031567514591,3.056356895370426,1.5238800240724537,11.091346218718432,10.585472668389881,2.1095023109728985
LAKE,KARNATAKA,2017,29.0,3.7,8.0,1008.5,14.0,2.675,7110.0,272740.0,6.9172104377528925,2.70805020110221,1.3015531326648,12.516277905900667,8.869398159883518,1.9235384061671346
LAKE,KARNATAKA,2017,24.5,6.75,7.35,564.0,3.5,0.975,2045.0,10340.0,6.336825731146441,1.5040773967762742,0.6805683983530851,9.243871855184976,7.6236419465115715,2.598076211353316
LAKE,KARNATAKA,2017,24.5,6.5,6.9,155.0,3.0,3.05,2695.0,28840.0,5.049856007249537,1.3862943611198906,1.3987168811184478,10.269553264861555,7.899524472032198,2.5495097567963922
LAKE,KARNATAKA,2017,27.5,6.550000000000001,7.4,198.5,3.0,1.085,4035.0,17945.0,5.295814236329918,1.3862943611198906,0.7347688552507647,9.795122527858004,8.3030093814735,2.5592967784139455
TANK,KARNATAKA,2017,27.0,7.2,7.6,507.5,4.5,0.095,1020.0,2050.0,6.2314652154886145,1.7047480922384253,0.09075436326846414,7.62608275807238,6.928537818164665,2.6832815729997477
TANK,KARNATAKA,2017,29.0,7.199999999999999,8.75,2138.5,4.5,0.195,5000.0,9600.0,7.668327435856871,1.7047480922384253,0.178146185383474,9.169622538697624,8.517393171418904,2.6832815729997477
TANK,KARNATAKA,2017,27.0,7.1,7.75,594.5,4.5,0.095,1120.0,3650.0,6.3894013887953545,1.7047480922384253,0.09075436326846414,8.202756381655638,7.02197642307216,2.6645825188948455
TANK,KARNATAKA,2017,30.0,6.5,7.15,211.5,2.0,1.24,176.0,802.5,5.358941988364472,1.0986122886681098,0.8064758658669484,6.688977185177567,5.176149732573829,2.5495097567963922
TANK,KARNATAKA,2017,26.5,6.1,7.85,688.0,6.0,1.94,1200.0,5150.0,6.535241271013659,1.9459101490553132,1.0784095813505903,8.546946149565585,7.0909098220799835,2.4698178070456938
TANK,KARNATAKA,2017,28.5,5.35,7.7,841.0,8.75,5.5,245700.0,656500.0,6.7357800142423265,2.277267285009756,1.8718021769015913,13.394679495953074,12.411870628505058,2.3130067012440754
TANK,KARNATAKA,2017,27.5,8.75,7.35,540.5,6.5,2.62,470245.0,1106200.0,6.294343066441045,2.0149030205422647,1.2864740258376797,13.916442180537967,13.06101124101333,2.958039891549808
TANK,KARNATAKA,2017,26.5,6.25,7.3999999999999995,547.5,6.5,1.75,9800.0,276450.0,6.307187279715285,2.0149030205422647,1.0116009116784799,12.529788869050186,9.19023970026918,2.5
TANK,KARNATAKA,2017,31.5,6.95,7.1,558.5,9.0,8.4,24665.0,174350.0,6.32704352775198,2.302585092994046,2.2407096892759584,12.06882578767668,10.113181056125933,2.6362852652928135
TANK,KARNATAKA,2017,26.0,5.8,7.45,950.0,4.5,2.17,15150.0,99900.0,6.85751406254539,1.7047480922384253,1.1537315878891892,11.511934974596555,9.625821815359835,2.4083189157584592
TANK,KARNATAKA,2017,26.5,4.75,7.35,828.5,3.5,2.495,24100.0,276450.0,6.7208231096305,1.5040773967762742,1.2513333756857736,12.529788869050186,10.090008612393838,2.179449471770337
TANK,KARNATAKA,2017,27.0,6.6,7.75,1029.0,72.5,5.0,110115.0,862710.0,6.937314081223682,4.297285406218791,1.791759469228055,13.667835035649894,11.60928963458664,2.569046515733026
TANK,KARNATAKA,2017,29.5,3.7,7.2,3196.0,65.0,7.51,245165.0,1105705.0,8.069968149059841,4.189654742026425,2.1412419425852827,13.915994602942469,12.40969081111321,1.9235384061671346
TANK,KARNATAKA,2017,27.0,4.65,7.35,1994.0,16.0,2.5250000000000004,200500.0,2749500.0,7.598399329323964,2.833213344056216,1.2598804362642322,14.826929998632432,12.208574513247495,2.1563858652847827
TANK,KARNATAKA,2017,27.0,9.05,7.85,865.5,10.5,1.065,85165.0,545395.0,6.7644621091556605,2.4423470353692043,0.7251302264129961,13.20926741529999,11.3523575721385,3.0083217912982647
TANK,KARNATAKA,2017,27.1,6.75,7.25,1062.5,23.5,1.59,651050.0,1744700.0,6.969320634640292,3.1986731175506815,0.9516578757114464,14.372093752232269,13.386343259136034,2.598076211353316
TANK,KARNATAKA,2017,31.5,7.05,7.15,1013.5,5.5,4.244999999999999,24895.0,72240.0,6.922151159265869,1.8718021769015913,1.6572752418482604,11.187763030741458,10.122462426978117,2.6551836094703507
TANK,KARNATAKA,2017,25.0,6.800000000000001,7.45,1047.5,16.5,5.76,245130.0,1751000.0,6.955115850341975,2.8622008809294686,1.9110228900548727,14.375698182370053,12.409548040506579,2.6076809620810595
TANK,KARNATAKA,2017,30.0,6.1000000000000005,7.8,1011.5,13.5,3.88,86245.0,271395.0,6.920177798980694,2.6741486494265287,1.5851452198650557,12.51133428788078,11.364958957006575,2.4698178070456938
TANK,KARNATAKA,2017,25.0,6.5,7.3,1167.0,7.0,1.005,110850.0,548950.0,7.0630481633881725,2.0794415416798357,0.6956440607585325,13.21576446332075,11.615942236203587,2.5495097567963922
TANK,KARNATAKA,2017,30.0,6.6,7.3,558.5,41.5,2.85,165085.0,397710.0,6.32704352775198,3.7495040759303713,1.3480731482996928,12.893480889852755,12.014221829220071,2.569046515733026
TANK,KARNATAKA,2017,27.4,3.95,7.5,1154.5,11.8,9.7,858500.0,4004500.0,7.0522884297144355,2.5494451709255714,2.3702437414678603,15.202929536464909,13.662943124141353,1.9874606914351791
TANK,KARNATAKA,2017,24.5,6.1499999999999995,7.35,284.5,3.5,1.085,178000.0,631000.0,5.654242029096065,1.5040773967762742,0.7347688552507647,13.355062726308148,12.08954444723597,2.479919353527449
TANK,KARNATAKA,2017,31.5,0.6,6.8,3030.0,72.5,6.0,40000.0,278000.0,8.016647877057803,4.297285406218791,1.9459101490553132,12.535379989788607,10.596659732783579,0.7745966692414834
TANK,KARNATAKA,2017,29.25,5.8999999999999995,7.65,802.0,70.5,3.15,470110.0,1725650.0,6.688354713946762,4.269697449699962,1.423108334242607,14.361114928557758,13.060724116015212,2.4289915602982237
TANK,KARNATAKA,2017,29.55,7.4,7.9,673.5,29.0,3.675,165070.0,350545.0,6.51397167564781,3.4011973816621555,1.5422291627406504,12.76724721792959,12.014130963359221,2.7202941017470885
TANK,KARNATAKA,2017,27.0,6.199999999999999,7.65,389.5,4.0,2.39,7135.0,20110.0,5.967427969279741,1.6094379124341003,1.220829921392359,9.909022208034603,8.872907674259846,2.4899799195977463
TANK,KARNATAKA,2017,27.5,3.6,7.6,1592.0,28.5,9.965,55050.0,274950.0,7.373374309910049,3.3843902633457743,2.3947083818698514,12.524348178954261,10.916015307290108,1.8973665961010275
TANK,KARNATAKA,2017,27.5,3.6999999999999997,7.25,1509.0,48.0,10.940000000000001,165700.0,355450.0,7.31986492980897,3.8918202981106265,2.4798941079644563,12.78114268468888,12.017940238399461,1.9235384061671343
TANK,KARNATAKA,2017,28.5,6.1,7.15,442.5,4.0,2.0,5695.0,17795.0,6.094697801749634,1.6094379124341003,1.0986122886681098,9.786728991925932,8.647519453091812,2.4698178070456938
TANK,KARNATAKA,2017,29.0,4.75,7.15,2937.5,30.5,4.135,39605.0,272200.0,7.985654526052705,3.449987545831587,1.6360798433805215,12.514296042962041,10.586735900916826,2.179449471770337
TANK,KARNATAKA,2017,27.0,8.45,8.55,655.0,4.5,0.4,3695.0,13050.0,6.486160788944089,1.7047480922384253,0.33647223662121295,9.476620038167528,8.215006432761575,2.9068883707497264
TANK,KARNATAKA,2017,27.5,7.85,8.5,625.0,5.1,0.34500000000000003,5970.0,18900.0,6.439350371100098,1.8082887711792655,0.2963940130538025,9.846970109700957,8.694669696546992,2.80178514522438
TANK,KARNATAKA,2017,26.5,7.300000000000001,8.25,1025.0,4.0,0.25,685.0,4100.0,6.933423025730715,1.6094379124341003,0.22314355131420976,8.31898612539206,6.530877627725885,2.701851217221259
TANK,KARNATAKA,2017,25.0,5.3,7.8,465.0,3.0,0.15000000000000002,330.0,2500.0,6.144185634125646,1.3862943611198906,0.1397619423751587,7.824445930877619,5.802118375377063,2.3021728866442674
TANK,KARNATAKA,2017,28.0,6.6,8.0,1501.0,17.0,0.025,620.0,2050.0,7.31455283232408,2.8903717578961645,0.0246926125903715,7.62608275807238,6.431331081933479,2.569046515733026
TANK,KARNATAKA,2017,29.5,8.2,7.9,920.0,19.75,1.71,955.0,1685.0,6.825460036255307,3.0325462466767075,0.9969486348916096,7.430114138561801,6.862757913051401,2.8635642126552705
TANK,KARNATAKA,2017,30.0,7.050000000000001,7.75,460.0,2.2,0.885,2950.0,5300.0,6.133398042996649,1.1631508098056809,0.6339278208999741,8.575650760987806,7.989899374942939,2.6551836094703507
TANK,KARNATAKA,2017,28.0,4.9,7.8,3090.0,28.9,1.44,5400.0,9600.0,8.036249942132116,3.3978584803966405,0.8919980393051105,9.169622538697624,8.594339400592892,2.2135943621178655
TANK,KARNATAKA,2017,28.5,8.1,8.6,3100.0,9.2,3.09,2780.0,5300.0,8.03947991910045,2.322387720290225,1.4085449700547104,8.575650760987806,7.930565854233965,2.8460498941515415
TANK,KARNATAKA,2017,26.0,3.6500000000000004,7.55,1370.0,72.5,3.26,587.5,1800.0,7.223295679562314,4.297285406218791,1.449269160281279,7.496097345175956,6.377576926700331,1.91049731745428
TANK,KARNATAKA,2017,27.0,7.25,8.65,1212.5,4.85,2.005,310.0,987.5,7.101264025166656,1.766441661243765,1.1002775679871708,6.896188642610672,5.739792912179234,2.692582403567252
TANK,KARNATAKA,2017,27.0,6.35,8.1,1645.0,9.25,1.72,285.0,955.0,7.406103381237015,2.327277705584417,1.000631880307906,6.862757913051401,5.655991810819852,2.5199206336708304
TANK,KARNATAKA,2017,27.5,7.3,7.85,675.0,4.9,1.09,73.5,215.0,6.516193076042964,1.7749523509116738,0.7371640659767197,5.375278407684165,4.310799125385514,2.701851217221259
TANK,KARNATAKA,2017,26.5,6.5,8.3,1115.0,6.0,1.37,200.0,970.0,7.017506142941256,1.9459101490553132,0.8628899551470398,6.878326468291325,5.303304908059076,2.5495097567963922
TANK,KARNATAKA,2017,27.5,6.949999999999999,8.35,962.0,6.25,1.425,287.5,970.0,6.870053411798126,1.9810014688665833,0.8858315243894466,6.878326468291325,5.664695085948154,2.6362852652928135
TANK,KARNATAKA,2017,26.5,6.2,7.949999999999999,1004.0,9.2,1.875,515.0,1175.0,6.912742820493176,2.322387720290225,1.0560526742493137,7.069874128458572,6.246106765481563,2.4899799195977463
TANK,KARNATAKA,2017,27.5,6.949999999999999,8.05,1631.5,5.8,2.5549999999999997,855.0,1075.0,7.397867861150586,1.916922612182061,1.268355063255204,6.98100574072173,6.752270376141742,2.6362852652928135
TANK,KARNATAKA,2017,27.5,6.7,7.75,125.0,2.5,0.6,675.0,1570.0,4.836281906951478,1.252762968495368,0.4700036292457356,7.359467638255621,6.516193076042964,2.588435821108957
TANK,KARNATAKA,2017,27.5,6.5,7.75,205.0,2.65,0.7,280.0,885.0,5.327876168789581,1.2947271675944,0.5306282510621704,6.786716950605081,5.638354669333745,2.5495097567963922
TANK,KARNATAKA,2017,27.5,5.75,7.9,900.0,58.5,3.15,50600.0,91700.0,6.803505257608338,4.085976312551584,1.423108334242607,11.426288563310505,10.831726617926124,2.3979157616563596
TANK,KARNATAKA,2017,30.0,6.55,7.95,167.0,3.25,0.175,1330.0,3200.0,5.123963979403259,1.4469189829363254,0.16126814759612226,8.071218539969863,7.193685818395112,2.5592967784139455
TANK,KARNATAKA,2017,26.0,6.199999999999999,7.4,215.0,4.15,0.095,4900.0,9200.0,5.375278407684165,1.6389967146756448,0.09075436326846414,9.127067452782361,8.497194544909547,2.4899799195977463
TANK,KARNATAKA,2017,27.5,5.5,8.15,1230.0,72.5,2.4,472000.0,845000.0,7.115582126184454,4.297285406218791,1.2237754316221157,13.647093089770562,13.064736383209516,2.345207879911715
TANK,KARNATAKA,2017,25.75,3.7,8.0,420.0,7.0,0.965,3050.0,6000.0,6.042632833682381,2.0794415416798357,0.6754922453212246,8.699681400989514,8.02322468471667,1.9235384061671346
LAKE,KERALA,2017,31.5,5.3,6.75,560.0,8.5,0.6,925.0,2370.0,6.329720905522696,2.2512917986064953,0.4700036292457356,7.771067086065406,6.8308742346461795,2.3021728866442674
LAKE,KERALA,2017,26.0,5.699999999999999,6.7,137.0,1.8,0.74,120.0,300.0,4.927253685157205,1.0296194171811581,0.5538851132264376,5.707110264748875,4.795790545596741,2.3874672772626644
LAKE,KERALA,2017,27.0,4.45,7.1,57.5,0.6000000000000001,1.175,401.0,1401.0,4.069026754237811,0.47000362924573563,0.7770286645406475,7.2456550675945355,5.996452088619021,2.1095023109728985
LAKE,KERALA,2017,27.75,6.0,7.15,29.0,1.3,0.11499999999999999,18.0,58.0,3.4011973816621555,0.832909122935104,0.10885440491208208,4.07753744390572,2.9444389791664403,2.449489742783178
LAKE,KERALA,2017,28.0,7.1,7.05,3043.5,1.4500000000000002,0.31499999999999995,282.0,690.0,8.02109196304863,0.8960880245566357,0.27383666562972786,6.53813982376767,5.645446897643238,2.6645825188948455
LAKE,KERALA,2017,28.5,5.6499999999999995,7.55,137.5,4.45,0.495,148.0,181.0,4.930870325627393,1.6956156086751528,0.40212620684264977,5.204006687076795,5.003946305945459,2.3769728648009423
LAKE,KERALA,2017,28.4,7.35,6.95,28.5,1.15,0.13,24501.0,39508.5,3.3843902633457743,0.7654678421395714,0.12221763272424921,10.584296428301316,10.106510025854115,2.711088342345192
LAKE,KERALA,2017,31.5,6.5,6.6,157.5,1.35,0.025,340.0,780.0,5.065754593317335,0.8544153281560676,0.0246926125903715,6.660575149839686,5.831882477283517,2.5495097567963922
POND,KERALA,2017,31.5,6.35,7.45,144.5,1.65,0.25,190.0,415.0,4.980176086611547,0.9745596399981308,0.22314355131420976,6.030685260261263,5.25227342804663,2.5199206336708304
POND,KERALA,2017,26.5,6.85,7.6,93.5,0.9,0.155,251.0,451.0,4.548599834499697,0.6418538861723948,0.14410034397375684,6.113682179832232,5.529429087511423,2.6172504656604803
POND,LAKSHADWEEP,2017,26.0,5.75,7.55,663.0,4.5,1.745,265.0,1060.0,6.498282149476434,1.7047480922384253,1.009781074961494,6.966967138613983,5.583496308781699,2.3979157616563596
LAKE,MADHYA PRADESH,2017,23.5,7.9,8.0,257.5,10.7,1.91,2.0,845.0,5.554895693948484,2.4595888418037104,1.0681530811834012,6.740519359606223,1.0986122886681098,2.8106938645110393
LAKE,MADHYA PRADESH,2017,23.5,7.449999999999999,7.8500000000000005,414.0,3.4000000000000004,5.8,130.0,895.0,6.028278520230698,1.4816045409242156,1.916922612182061,6.79794041297493,4.875197323201151,2.729468812791236
LAKE,MADHYA PRADESH,2017,15.95,7.65,7.75,304.0,2.0,1.36,2.0,500.0,5.720311776607412,1.0986122886681098,0.8586616190375187,6.2166061010848646,1.0986122886681098,2.7658633371878665
LAKE,MADHYA PRADESH,2017,20.15,7.5,7.75,278.0,1.9,0.61,8.5,31.5,5.631211781821365,1.0647107369924282,0.4762341789963716,3.481240089335692,2.2512917986064953,2.7386127875258306
LAKE,MADHYA PRADESH,2017,19.5,7.05,7.800000000000001,319.5,1.4,0.635,6.0,34.5,5.7698822763607245,0.8754687373538999,0.4916428043492167,3.56953269648137,1.9459101490553132,2.6551836094703507
LAKE,MADHYA PRADESH,2017,27.0,6.699999999999999,7.75,575.0,2.35,0.025,265.0,1060.0,6.3561076606958915,1.208960345836975,0.0246926125903715,6.966967138613983,5.583496308781699,2.588435821108957
LAKE,MADHYA PRADESH,2017,25.5,6.35,8.1,755.5,1.75,1.615,2.0,71.5,6.62870253322841,1.0116009116784799,0.9612640975168862,4.283586561860629,1.0986122886681098,2.5199206336708304
LAKE,MADHYA PRADESH,2017,25.5,5.9,7.85,605.5,2.0,2.835,21.0,90.0,6.407704728384105,1.0986122886681098,1.3441694348192195,4.51085950651685,3.091042453358316,2.4289915602982237
LAKE,MADHYA PRADESH,2017,25.5,5.85,8.3,487.0,2.8000000000000003,1.395,2.0,56.5,6.1903154058531475,1.3350010667323402,0.8733832308628786,4.051784947803305,1.0986122886681098,2.4186773244895647
LAKE,MADHYA PRADESH,2017,26.5,7.050000000000001,8.0,425.5,1.7,1.195,2.0,65.0,6.055612366931734,0.9932517730102833,0.7861820465271346,4.189654742026425,1.0986122886681098,2.6551836094703507
LAKE,MADHYA PRADESH,2017,28.0,6.95,7.45,261.0,1.5,3.705,9.5,45.5,5.568344503761097,0.9162907318741551,1.548625773037343,3.8394523125933104,2.3513752571634776,2.6362852652928135
LAKE,MADHYA PRADESH,2017,26.5,6.55,8.05,601.5,3.45,7.925,121.0,1260.0,6.40108766536481,1.4929040961781488,2.188856327665703,7.13966033596492,4.804021044733257,2.5592967784139455
LAKE,MADHYA PRADESH,2017,24.0,7.95,8.05,270.0,1.85,1.105,2.0,847.0,5.602118820879701,1.0473189942805592,0.7443154671343447,6.742880635791903,1.0986122886681098,2.819574435974337
LAKE,MADHYA PRADESH,2017,25.0,7.85,8.0,253.5,2.15,0.955,2.0,160.0,5.539300835990577,1.1474024528375417,0.670390193437329,5.081404364984463,1.0986122886681098,2.80178514522438
LAKE,MADHYA PRADESH,2017,23.0,8.05,8.2,260.5,2.1,1.03,2.0,845.0,5.566434283504978,1.1314021114911006,0.708035793053696,6.740519359606223,1.0986122886681098,2.8372521918222215
LAKE,MADHYA PRADESH,2017,18.0,7.5,8.05,235.5,1.85,0.2,2.0,122.0,5.465948207931988,1.0473189942805592,0.18232155679395465,4.812184355372417,1.0986122886681098,2.7386127875258306
LAKE,MADHYA PRADESH,2017,23.5,7.449999999999999,7.9,278.0,2.3,1.015,5.0,220.0,5.631211781821365,1.1939224684724346,0.7006191953986463,5.3981627015177525,1.791759469228055,2.729468812791236
LAKE,MADHYA PRADESH,2017,25.1,6.449999999999999,6.699999999999999,631.0,2.45,0.025,265.0,1060.0,6.448889394146858,1.2383742310432684,0.0246926125903715,6.966967138613983,5.583496308781699,2.539685019840059
LAKE,MADHYA PRADESH,2017,25.0,7.1,8.2,458.5,1.45,0.935,2.0,50.0,6.1301389417957415,0.8960880245566356,0.6601073264817452,3.9318256327243257,1.0986122886681098,2.6645825188948455
POND,MADHYA PRADESH,2017,24.0,5.8,7.55,683.0,3.5999999999999996,1.4349999999999998,254.5,803.5,6.52795791762255,1.5260563034950492,0.889946756534553,6.690220966432438,5.543222409643759,2.4083189157584592
POND,MADHYA PRADESH,2017,24.0,7.6,7.7,401.0,2.5,1.17,8.0,57.0,5.996452088619021,1.252762968495368,0.7747271675523681,4.060443010546419,2.1972245773362196,2.756809750418044
POND,MADHYA PRADESH,2017,20.5,7.4,7.8999999999999995,497.0,4.25,1.05,56.0,483.0,6.210600077024653,1.6582280766035324,0.7178397931503169,6.182084906716632,4.04305126783455,2.7202941017470885
POND,MADHYA PRADESH,2017,21.5,5.75,7.35,542.5,4.1,5.65,115.0,831.5,6.298029706561264,1.62924053973028,1.8946168546677629,6.724433221854599,4.7535901911063645,2.3979157616563596
POND,MADHYA PRADESH,2017,20.0,5.9,8.15,867.0,3.8499999999999996,1.8499999999999999,76.0,823.0,6.7661917146603505,1.5789787049493917,1.047318994280559,6.714170529909472,4.343805421853684,2.4289915602982237
POND,MADHYA PRADESH,2017,25.25,5.15,8.05,558.0,4.7,3.66,2.0,275.0,6.326149473155099,1.7404661748405046,1.5390154481375546,5.62040086571715,1.0986122886681098,2.2693611435820435
POND,MADHYA PRADESH,2017,27.8,6.699999999999999,7.45,259.0,1.75,3.81,6.5,35.5,5.560681631015528,1.0116009116784799,1.57069708411767,3.597312260588446,2.0149030205422647,2.588435821108957
POND,MADHYA PRADESH,2017,23.5,7.3500000000000005,7.550000000000001,393.0,1.4,1.05,2.0,17.0,5.976350909297934,0.8754687373538999,0.7178397931503169,2.8903717578961645,1.0986122886681098,2.711088342345192
POND,MADHYA PRADESH,2017,20.05,6.9,7.449999999999999,861.0,6.4,2.57,76.0,375.5,6.759255270663693,2.0014800002101243,1.2725655957915476,5.930918047239948,4.343805421853684,2.6267851073127395
POND,MADHYA PRADESH,2017,20.8,6.9,7.699999999999999,552.0,2.95,1.07,61.0,235.0,6.315358001522335,1.3737155789130306,0.7275486072772778,5.4638318050256105,4.127134385045092,2.6267851073127395
POND,MADHYA PRADESH,2017,25.5,6.949999999999999,8.2,425.0,72.5,0.835,2.0,71.5,6.054439346269371,4.297285406218791,0.6070444815065336,4.283586561860629,1.0986122886681098,2.6362852652928135
POND,MADHYA PRADESH,2017,26.75,6.1,8.1,516.5,2.0,1.145,2.0,70.0,6.249009525139524,1.0986122886681098,0.7631395523799803,4.2626798770413155,1.0986122886681098,2.4698178070456938
LAKE,MEGHALAYA,2017,20.5,5.9,7.300000000000001,92.5,5.15,0.8300000000000001,2200.0,3800.0,4.537961436294641,1.8164520818184267,0.6043159668533296,8.24301946898925,7.696667081526462,2.4289915602982237
LAKE,MEGHALAYA,2017,20.0,7.3,7.25,165.0,5.25,0.65,1405.0,2850.0,5.111987788356544,1.8325814637483102,0.5007752879124893,7.955425088912672,7.2485040723706105,2.701851217221259
LAKE,MEGHALAYA,2017,19.0,6.85,7.2,48.5,2.0,0.23,19.5,47.0,3.901972669574645,1.0986122886681098,0.20701416938432615,3.871201010907891,3.0204248861443626,2.6172504656604803
LAKE,MEGHALAYA,2017,20.0,5.05,7.6,165.0,7.6,1.875,2500.0,4550.0,5.111987788356544,2.151762203259462,1.0560526742493137,8.423102268016642,7.824445930877619,2.247220505424423
LAKE,MEGHALAYA,2017,18.5,5.6,7.7,124.5,4.85,0.885,2050.0,3600.0,4.832305758571839,1.766441661243765,0.6339278208999741,8.188966863648876,7.62608275807238,2.3664319132398464
LAKE,MEGHALAYA,2017,20.5,6.199999999999999,7.45,127.0,4.9,0.79,2000.0,3600.0,4.852030263919617,1.7749523509116738,0.5822156198526637,8.188966863648876,7.601402334583733,2.4899799195977463
LAKE,MEGHALAYA,2017,21.5,3.9499999999999997,7.1,71.0,1.95,0.35,22.0,46.5,4.276666119016055,1.0818051703517284,0.3001045924503381,3.8607297110405954,3.1354942159291497,1.987460691435179
LAKE,ODISHA,2017,27.5,9.35,7.85,238.0,2.25,2.12,12245.0,18050.0,5.476463551931511,1.1786549963416462,1.1378330018213911,9.800956363888462,9.4129546320379,3.057776970284131
LAKE,ODISHA,2017,23.0,6.0,8.0,604.5,7.25,2.3049999999999997,4601.0,8039.0,6.406054562993147,2.1102132003465894,1.1954364733036495,8.992184362173012,8.434246270595311,2.449489742783178
LAKE,ODISHA,2017,28.0,6.949999999999999,7.85,208.5,2.35,2.23,5539.0,9050.0,5.344723739362192,1.208960345836975,1.172482137234565,9.11063052782717,8.61974977974133,2.6362852652928135
LAKE,ODISHA,2017,28.0,6.95,7.800000000000001,159.5,2.15,1.52,2895.0,7150.0,5.07829394257007,1.1474024528375417,0.9242589015233319,8.875007486048396,7.971085753505607,2.6362852652928135
LAKE,ODISHA,2017,27.5,6.75,7.85,187.5,2.1500000000000004,1.3250000000000002,7245.0,12200.0,5.2390980068880655,1.1474024528375417,0.8437200390393197,9.409273194575334,8.888204871455022,2.598076211353316
POND,ODISHA,2017,30.0,5.8999999999999995,8.05,447.5,3.9,3.33,80850.0,81400.0,6.105908681498851,1.589235205116581,1.4655675420143985,11.307142836927456,11.30036323351256,2.4289915602982237
POND,ODISHA,2017,27.0,10.35,8.1,632.5,8.4,3.0700000000000003,12010.0,27055.0,6.451259999761194,2.2407096892759584,1.4036429994545037,10.205664071138361,9.39357817555449,3.2171415884290826
POND,ODISHA,2017,25.5,9.799999999999999,7.9,856.5,6.85,4.125,5504.0,17511.5,6.754021179040095,2.060513531794317,1.634130525024472,9.770670190645262,8.61341204915678,3.1304951684997055
POND,ODISHA,2017,27.0,10.35,7.85,504.5,8.3,2.4450000000000003,4722.5,8565.0,6.225548038460526,2.2300144001592104,1.236923904465622,9.055556158175316,8.46030532920919,3.2171415884290826
POND,ODISHA,2017,27.0,6.5,7.6,325.5,4.05,3.39,6501.0,17615.0,5.788429948716486,1.6193882432872684,1.4793292270870801,9.77656285896246,8.779865100863852,2.5495097567963922
POND,ODISHA,2017,25.0,10.35,7.9,767.5,19.349999999999998,3.2950000000000004,8001.0,8010.0,6.644440562978651,3.0130809118886037,1.4574515554362186,8.988570876215118,8.98744678941718,3.2171415884290826
LAKE,PUDUCHERRY,2017,31.5,7.25,8.25,457.5,11.5,0.055,2.0,21.0,6.127960291696519,2.5257286443082556,0.05354076692802982,3.091042453358316,1.0986122886681098,2.692582403567252
LAKE,PUDUCHERRY,2017,31.5,7.1,8.45,790.0,0.9,0.49,56.0,83.0,6.673297967767654,0.6418538861723948,0.3987761199573678,4.430816798843313,4.04305126783455,2.6645825188948455
LAKE,PUNJAB,2017,22.5,6.7,7.4,309.0,1.7999999999999998,0.665,1135.0,395.0,5.736572297479192,1.0296194171811581,0.5098251234324072,5.981414211254481,7.035268599281097,2.588435821108957
LAKE,PUNJAB,2017,20.0,6.65,7.2,301.0,1.85,1.1800000000000002,370.0,505.0,5.71042701737487,1.0473189942805592,0.7793248768009977,6.226536669287466,5.916202062607435,2.5787593916455256
LAKE,PUNJAB,2017,19.5,6.800000000000001,7.25,317.0,1.3,1.05,186.5,430.0,5.762051382780177,0.832909122935104,0.7178397931503169,6.066108090103747,5.233778845410465,2.6076809620810595
LAKE,RAJASTHAN,2017,19.0,6.75,8.1,770.0,1.3,2.3,9.0,85.0,6.647688373563329,0.832909122935104,1.1939224684724346,4.454347296253507,2.302585092994046,2.598076211353316
LAKE,RAJASTHAN,2017,20.5,6.05,8.15,890.0,2.0,1.81,42.0,85.0,6.792344427470809,1.0986122886681098,1.0331844833456545,4.454347296253507,3.7612001156935624,2.4596747752497685
LAKE,RAJASTHAN,2017,27.0,4.9,7.800000000000001,380.0,1.75,1.43,9.0,65.5,5.942799375126701,1.0116009116784799,0.8878912573524571,4.197201947661808,2.302585092994046,2.2135943621178655
LAKE,RAJASTHAN,2017,19.0,7.2,8.2,565.0,1.5,2.09,14.0,80.5,6.338594078203183,0.9162907318741551,1.128171090909654,4.400603020246817,2.70805020110221,2.6832815729997477
LAKE,RAJASTHAN,2017,24.8,5.6,8.05,315.0,1.25,1.5599999999999998,6.5,15.0,5.755742213586912,0.8109302162163288,0.940007258491471,2.772588722239781,2.0149030205422647,2.3664319132398464
LAKE,RAJASTHAN,2017,18.0,5.25,7.55,285.0,1.4,3.82,8.5,13.5,5.655991810819852,0.8754687373538999,1.572773928062509,2.6741486494265287,2.2512917986064953,2.29128784747792
LAKE,RAJASTHAN,2017,24.5,5.35,7.65,375.0,1.45,1.4,9.0,19.5,5.929589143389895,0.8960880245566356,0.8754687373538999,3.0204248861443626,2.302585092994046,2.3130067012440754
LAKE,RAJASTHAN,2017,18.0,6.9,8.5,320.0,1.0,1.84,4.0,20.0,5.771441123130016,0.6931471805599453,1.0438040521731147,3.044522437723423,1.6094379124341003,2.6267851073127395
LAKE,RAJASTHAN,2017,24.5,6.699999999999999,7.85,240.0,1.25,0.85,8.5,16.0,5.484796933490655,0.8109302162163288,0.6151856390902334,2.833213344056216,2.2512917986064953,2.588435821108957
LAKE,RAJASTHAN,2017,27.950000000000003,5.35,8.1,535.0,1.55,1.32,9.0,43.0,6.284134161070802,0.9360933591703349,0.8415671856782186,3.784189633918261,2.302585092994046,2.3130067012440754
LAKE,RAJASTHAN,2017,27.9,5.35,8.15,545.0,1.4,1.44,13.5,80.5,6.302618975744905,0.8754687373538999,0.8919980393051105,4.400603020246817,2.6741486494265287,2.3130067012440754
LAKE,RAJASTHAN,2017,17.5,5.9,7.95,700.0,2.05,1.67,21.5,86.5,6.55250788703459,1.1151415906193203,0.9820784724121582,4.471638793363569,3.1135153092103742,2.4289915602982237
LAKE,RAJASTHAN,2017,17.5,7.85,8.0,505.0,1.7000000000000002,1.69,13.5,85.0,6.226536669287466,0.9932517730102834,0.9895411936137477,4.454347296253507,2.6741486494265287,2.80178514522438
LAKE,RAJASTHAN,2017,17.5,7.55,8.2,495.0,2.05,1.94,23.0,80.5,6.206575926724928,1.1151415906193203,1.0784095813505903,4.400603020246817,3.1780538303479458,2.7477263328068173
LAKE,RAJASTHAN,2017,26.5,4.65,7.550000000000001,835.0,1.65,2.135,21.5,50.0,6.728628613084702,0.9745596399981308,1.142629174084884,3.9318256327243257,3.1135153092103742,2.1563858652847827
LAKE,RAJASTHAN,2017,23.0,3.3,8.75,3840.0,8.75,2.58,80.5,305.0,8.253488028345904,2.277267285009756,1.275362800412609,5.723585101952381,4.400603020246817,1.816590212458495
LAKE,TAMIL NADU,2017,21.0,5.8,7.15,114.0,4.2,0.77,42.0,55.0,4.74493212836325,1.6486586255873816,0.5709795465857378,4.02535169073515,3.7612001156935624,2.4083189157584592
LAKE,TAMIL NADU,2017,16.0,5.199999999999999,7.4,523.0,13.8,1.0,780.0,1750.0,6.261491684321042,2.6946271807700692,0.6931471805599453,7.467942332285852,6.660575149839686,2.2803508501982757
LAKE,TAMIL NADU,2017,22.0,6.7,7.550000000000001,367.5,4.8,1.0,734.0,1595.0,5.909440711629391,1.7578579175523736,0.6931471805599453,7.3752557780097545,6.5998704992128365,2.588435821108957
LAKE,TAMIL NADU,2017,29.5,6.8,8.3,848.0,3.3,1.0,605.0,1065.0,6.744059186311348,1.4586150226995167,0.6931471805599453,6.97166860472579,6.406879986069314,2.6076809620810595
LAKE,TAMIL NADU,2017,30.0,5.1,7.55,1035.5,23.5,0.6900000000000001,231.0,1080.0,6.943604931875834,3.1986731175506815,0.5247285289349822,6.985641817639208,5.44673737166631,2.258317958127243
LAKE,TAMIL NADU,2017,29.0,5.6,7.3999999999999995,546.0,24.0,0.505,166.0,585.0,6.304448802421981,3.2188758248682006,0.408792898200839,6.373319789577012,5.117993812416755,2.3664319132398464
LAKE,TAMIL NADU,2017,31.0,6.6,7.95,584.0,7.5,0.515,204.0,1015.0,6.371611847231857,2.1400661634962708,0.4154154389613325,6.923628628138427,5.3230099791384085,2.569046515733026
LAKE,TELANGANA,2017,26.5,1.3,7.7,1183.5,17.5,4.95,104.0,410.0,7.07707602359884,2.917770732084279,1.7833912195575383,6.018593214496234,4.653960350157523,1.140175425099138
LAKE,TELANGANA,2017,27.5,0.65,7.75,1314.0,29.0,4.65,75.0,550.0,7.181591944611865,3.4011973816621555,1.7316555451583497,6.311734809152915,4.330733340286331,0.806225774829855
LAKE,TELANGANA,2017,25.0,5.0,8.25,360.5,2.0,0.95,22.5,283.0,5.890262041598819,1.0986122886681098,0.6678293725756554,5.648974238161206,3.1570004211501135,2.23606797749979
LAKE,TELANGANA,2017,24.5,3.95,8.05,1161.0,14.0,2.85,77.0,350.0,7.057897937411856,2.70805020110221,1.3480731482996928,5.860786223465865,4.356708826689592,1.9874606914351791
LAKE,TELANGANA,2017,27.5,1.25,7.95,1503.0,18.5,5.45,37.5,563.0,7.315883504509785,2.970414465569701,1.864080130807681,6.335054251498059,3.6506582412937387,1.118033988749895
LAKE,TELANGANA,2017,27.5,0.3,7.6,1885.0,37.5,3.43,42.5,590.0,7.542213463193403,3.6506582412937387,1.4883995840570443,6.3818160174060985,3.7727609380946383,0.5477225575051661
LAKE,TELANGANA,2017,26.0,4.05,8.05,380.5,3.5,3.05,30.0,406.0,5.9441108507245115,1.5040773967762742,1.3987168811184478,6.008813185442595,3.4339872044851463,2.0124611797498106
LAKE,TELANGANA,2017,27.0,2.65,7.8999999999999995,820.0,8.0,3.8,57.5,505.0,6.710523109452428,2.1972245773362196,1.5686159179138452,6.226536669287466,4.069026754237811,1.6278820596099706
LAKE,TELANGANA,2017,29.0,1.1500000000000001,7.5,1168.5,19.0,2.4,64.0,420.5,7.064331586024234,2.995732273553991,1.2237754316221157,6.04381977744191,4.174387269895637,1.0723805294763609
LAKE,TELANGANA,2017,27.0,0.9500000000000001,7.699999999999999,1390.0,14.0,3.2,60.0,250.0,7.237778191923443,2.70805020110221,1.4350845252893227,5.5254529391317835,4.110873864173311,0.9746794344808964
LAKE,TELANGANA,2017,26.0,1.05,7.95,1301.5,21.0,2.71,35.0,560.0,7.172040773627522,3.091042453358316,1.3110318766193438,6.329720905522696,3.58351893845611,1.02469507659596
LAKE,TELANGANA,2017,28.0,0.55,7.7,1084.5,20.0,2.3,59.0,565.0,6.989795989318346,3.044522437723423,1.1939224684724346,6.338594078203183,4.0943445622221,0.7416198487095663
POND,TELANGANA,2017,24.5,0.5,7.800000000000001,1453.0,19.5,5.15,96.0,350.0,7.282073658093465,3.0204248861443626,1.8164520818184267,5.860786223465865,4.574710978503383,0.7071067811865476
POND,TELANGANA,2017,27.5,5.5,8.3,419.0,3.5,2.3,91.0,676.0,6.040254711277414,1.5040773967762742,1.1939224684724346,6.517671272912275,4.5217885770490405,2.345207879911715
POND,TELANGANA,2017,23.5,1.5,7.85,1147.5,8.5,5.15,48.5,385.0,7.046212022129153,2.2512917986064953,1.8164520818184267,5.955837369464831,3.901972669574645,1.224744871391589
POND,TELANGANA,2017,25.0,2.05,7.8500000000000005,1751.5,21.5,1.65,75.0,345.0,7.468798618908745,3.1135153092103742,0.9745596399981308,5.846438775057725,4.330733340286331,1.4317821063276353
POND,TELANGANA,2017,26.5,1.6,7.75,1072.0,17.0,4.3,48.0,341.0,6.9782137426306985,2.8903717578961645,1.667706820558076,5.834810737062605,3.8918202981106265,1.2649110640673518
POND,TELANGANA,2017,27.5,1.35,8.0,1283.0,14.5,10.05,85.0,1078.0,7.157735484249907,2.740840023925201,2.402430427963762,6.983789965258135,4.454347296253507,1.161895003862225
POND,TELANGANA,2017,27.5,1.55,7.6000000000000005,1081.0,12.5,1.5,115.0,750.0,6.9865664594064265,2.6026896854443837,0.9162907318741551,6.621405651764134,4.7535901911063645,1.2449899597988732
POND,TELANGANA,2017,29.0,1.95,7.6,1240.0,14.0,3.7,119.0,305.0,7.123672785204607,2.70805020110221,1.547562508716013,5.723585101952381,4.787491742782046,1.396424004376894
TANK,TELANGANA,2017,28.0,5.85,8.1,344.5,3.0,1.05,108.0,713.0,5.844992643207725,1.3862943611198906,0.7178397931503169,6.570882962339584,4.6913478822291435,2.4186773244895647
TANK,TELANGANA,2018,24.5,7.1499999999999995,7.95,496.5,4.5,9.8,12.0,107.5,6.209595556598647,1.7047480922384253,2.379546134130174,4.686750172980514,2.5649493574615367,2.6739483914241875
TANK,TELANGANA,2018,29.5,6.45,7.75,1494.0,11.5,26.25,17.0,87.0,7.3098814858247865,2.5257286443082556,3.305053521109253,4.477336814478207,2.8903717578961645,2.539685019840059
TANK,TELANGANA,2018,28.0,6.699999999999999,7.300000000000001,3840.0,8.0,21.0,19.0,205.5,8.253488028345904,2.1972245773362196,3.091042453358316,5.330300412401088,2.995732273553991,2.588435821108957
TANK,TELANGANA,2018,25.0,0.55,6.800000000000001,3840.0,26.0,2.6,60.5,181.0,8.253488028345904,3.295836866004329,1.2809338454620642,5.204006687076795,4.119037174812473,0.7416198487095663
TANK,TELANGANA,2018,24.5,6.65,7.449999999999999,3840.0,9.0,15.0,5.0,127.5,8.253488028345904,2.302585092994046,2.772588722239781,4.855928904335275,1.791759469228055,2.5787593916455256
TANK,TELANGANA,2018,26.0,0.45,7.800000000000001,1617.0,29.0,9.05,76.0,550.0,7.388946097618437,3.4011973816621555,2.307572634505085,6.311734809152915,4.343805421853684,0.6708203932499369
TANK,TELANGANA,2018,26.0,4.95,8.2,389.0,4.0,2.25,95.0,257.5,5.966146739123692,1.6094379124341003,1.1786549963416462,5.554895693948484,4.564348191467836,2.224859546128699
TANK,TELANGANA,2018,27.5,4.25,8.1,1019.5,20.0,7.8,49.5,580.0,6.9280479822498995,3.044522437723423,2.174751721484161,6.364750756851911,3.9219733362813143,2.0615528128088303
TANK,TELANGANA,2018,27.5,3.9499999999999997,7.75,1109.5,8.0,24.0,17.5,153.0,7.012565643334482,2.1972245773362196,3.2188758248682006,5.0369526024136295,2.917770732084279,1.987460691435179
LAKE,TRIPURA,2018,26.0,7.9,7.95,149.0,1.75,0.88,195.0,315.0,5.0106352940962555,1.0116009116784799,0.6312717768418579,5.755742213586912,5.278114659230517,2.8106938645110393
LAKE,TRIPURA,2018,26.0,7.4,7.4,179.0,1.85,0.57,195.0,315.0,5.19295685089021,1.0473189942805592,0.4510756193602166,5.755742213586912,5.278114659230517,2.7202941017470885
LAKE,TRIPURA,2018,26.0,7.449999999999999,7.449999999999999,100.0,1.25,1.11,170.0,280.0,4.61512051684126,0.8109302162163288,0.7466879474879752,5.638354669333745,5.14166355650266,2.729468812791236
POND,TRIPURA,2018,25.5,4.9,8.55,115.0,0.6000000000000001,0.43000000000000005,195.0,340.0,4.7535901911063645,0.47000362924573563,0.357674444271816,5.831882477283517,5.278114659230517,2.2135943621178655
POND,TRIPURA,2018,26.0,5.949999999999999,8.1,136.5,0.95,0.715,190.0,315.0,4.923623917106626,0.6678293725756554,0.5394130806179033,5.755742213586912,5.25227342804663,2.4392621835300936
POND,TRIPURA,2018,25.75,8.35,8.75,133.5,1.8,0.7150000000000001,195.0,315.0,4.901564199041894,1.0296194171811581,0.5394130806179033,5.755742213586912,5.278114659230517,2.8896366553599777
POND,TRIPURA,2018,25.75,7.6499999999999995,8.55,130.5,1.3,0.24,195.0,350.0,4.879006851617819,0.832909122935104,0.2151113796169455,5.860786223465865,5.278114659230517,2.765863337187866
POND,TRIPURA,2018,25.75,8.15,7.75,132.0,1.2,0.21500000000000002,195.0,315.0,4.890349128221754,0.7884573603642702,0.1947440767925118,5.755742213586912,5.278114659230517,2.8548204847240397
LAKE,UTTAR PRADESH,2018,22.5,7.85,7.9,471.5,4.5,0.83,12050.0,19950.0,6.158037746933798,1.7047480922384253,0.6043159668533294,9.901034546375062,9.396902923027392,2.80178514522438
LAKE,UTTAR PRADESH,2018,26.0,5.65,8.149999999999999,485.0,4.7,0.6050000000000001,5750.0,8450.0,6.186208623900494,1.7404661748405046,0.47312375658197925,9.042040056544483,8.657129031713755,2.3769728648009427
POND,UTTAR PRADESH,2018,26.15,1.45,8.75,1831.5,72.5,0.025,7150.0,33500.0,7.513436433760806,4.297285406218791,0.0246926125903715,10.419330568113901,8.875007486048396,1.2041594578792296
POND,UTTAR PRADESH,2018,25.0,1.05,7.55,1296.0,72.5,0.025,5300.0,41000.0,7.167809184316444,4.297285406218791,0.0246926125903715,10.62135173563291,8.575650760987806,1.02469507659596
LAKE,WEST BENGAL,2018,28.5,9.85,7.550000000000001,409.0,7.8,0.5599999999999999,6700.0,8900.0,6.016157159698354,2.174751721484161,0.4446858212614457,9.093918908958932,8.81001204797317,3.138470965295043
LAKE,WEST BENGAL,2018,28.0,10.35,8.399999999999999,691.0,13.75,1.155,185000.0,295000.0,6.539585955617669,2.691243082785829,0.7677907235557111,12.59473402514672,12.128116509451258,3.2171415884290826
LAKE,WEST BENGAL,2018,28.0,10.35,8.2,711.5,11.0,1.375,160000.0,205000.0,6.568779912142806,2.4849066497880004,0.8649974374866045,12.230770136157428,11.982935344196433,3.2171415884290826
LAKE,WEST BENGAL,2018,28.0,10.35,8.4,691.5,12.6,1.24,180000.0,230000.0,6.540308238061494,2.6100697927420065,0.8064758658669484,12.345838935721968,12.100717685412471,3.2171415884290826
LAKE,WEST BENGAL,2018,15.0,6.85,7.15,101.5,2.95,0.46499999999999997,5350.0,39500.0,4.629862798578463,1.3737155789130306,0.3818552424690306,10.584081267024454,8.585038738311304,2.6172504656604803
LAKE,WEST BENGAL,2018,17.0,7.85,7.5,29.5,1.65,0.45499999999999996,170.0,900.0,3.417726683613366,0.9745596399981308,0.37500590062345585,6.803505257608338,5.14166355650266,2.80178514522438
LAKE,WEST BENGAL,2018,14.0,8.2,6.949999999999999,28.5,1.45,0.45,115.0,785.0,3.3843902633457743,0.8960880245566356,0.37156355643248307,6.666956792429207,4.7535901911063645,2.8635642126552705
LAKE,WEST BENGAL,2018,27.0,8.100000000000001,7.75,230.0,3.25,0.28,1650.0,2400.0,5.442417710521793,1.4469189829363254,0.2468600779315258,7.783640596221253,7.409136443920128,2.8460498941515415
LAKE,WEST BENGAL,2018,25.0,5.25,7.7,469.0,3.0,0.35,9350.0,15650.0,6.152732694704104,1.3862943611198906,0.3001045924503381,9.658290091690503,9.143238568435446,2.29128784747792
LAKE,"ANDHRA 
PRADESH",2018,28.0,6.25,7.7,962.5,1.35,2.0,27.0,1375.0,6.870572487854421,0.8544153281560676,1.0986122886681098,7.226936018493289,3.332204510175204,2.5
LAKE,ASSAM,2018,19.5,4.7,6.6,73.0,32.6,4.1,1351.0,10501.0,4.30406509320417,3.5145260669691587,1.62924053973028,9.259320994197804,7.20934025660291,2.16794833886788
LAKE,ASSAM,2018,28.0,6.5,8.15,124.5,1.4500000000000002,0.6000000000000001,181.0,456.0,4.832305758571839,0.8960880245566357,0.47000362924573563,6.124683390894205,5.204006687076795,2.5495097567963922
POND,ASSAM,2018,28.0,3.8,7.25,709.5,10.9,1.5,1550.0,55180.0,6.565968947537155,2.4765384001174837,0.9162907318741551,10.918373970115221,7.346655163176539,1.9493588689617927
POND,ASSAM,2018,20.0,5.2,6.6,158.5,6.05,1.1,1751.0,12180.0,5.072043922224899,1.9530276168241774,0.7419373447293773,9.407632639699958,7.468513271496337,2.280350850198276
POND,ASSAM,2018,25.0,5.75,7.35,29.0,2.2,1.55,181.0,515.0,3.4011973816621555,1.1631508098056809,0.9360933591703349,6.246106765481563,5.204006687076795,2.3979157616563596
POND,ASSAM,2018,27.0,6.5,7.1,31.0,2.25,0.6000000000000001,366.0,900.0,3.4657359027997265,1.1786549963416462,0.47000362924573563,6.803505257608338,5.905361848054571,2.5495097567963922
POND,ASSAM,2018,26.0,6.55,7.05,70.0,3.6500000000000004,0.9500000000000001,456.0,1580.0,4.2626798770413155,1.536867219599265,0.6678293725756554,7.365812837209472,6.124683390894205,2.5592967784139455
POND,ASSAM,2018,26.5,7.6,8.0,248.5,10.45,0.9,456.0,456.0,5.519458915191573,2.4379897300002487,0.6418538861723948,6.124683390894205,6.124683390894205,2.756809750418044
POND,ASSAM,2018,26.0,8.0,7.75,73.5,7.7,1.6,1401.0,10501.0,4.310799125385514,2.163323025660538,0.9555114450274363,9.259320994197804,7.2456550675945355,2.8284271247461903
POND,ASSAM,2018,26.0,7.55,7.6,130.5,5.6,0.8,366.0,701.0,4.879006851617819,1.8870696490323797,0.5877866649021191,6.553933404025811,5.905361848054571,2.7477263328068173
POND,ASSAM,2018,28.0,6.4,7.1,85.0,6.8,1.0,456.0,701.0,4.454347296253507,2.0541237336955462,0.6931471805599453,6.553933404025811,6.124683390894205,2.5298221281347035
POND,ASSAM,2018,29.0,5.9,6.7,69.5,3.9,0.7,1001.0,6001.0,4.255612709818223,1.589235205116581,0.5306282510621704,8.699848026000312,6.90975328164481,2.4289915602982237
POND,ASSAM,2018,26.5,9.55,8.5,165.0,15.7,1.0999999999999999,1751.0,120001.0,5.111987788356544,2.8154087194227095,0.7419373447293772,11.695263688291963,7.468513271496337,3.0903074280724887
POND,ASSAM,2018,26.0,7.75,7.199999999999999,361.5,9.4,1.3,10501.0,10501.0,5.893024474294729,2.341805806147327,0.832909122935104,9.259320994197804,9.259320994197804,2.7838821814150108
POND,ASSAM,2018,28.5,8.45,7.8999999999999995,225.0,8.700000000000001,0.9,456.0,2101.0,5.420534999272286,2.2721258855093374,0.6418538861723948,7.650644551436897,6.124683390894205,2.9068883707497264
POND,ASSAM,2018,27.0,7.85,7.75,210.0,8.95,1.1,751.0,2151.0,5.351858133476067,2.2975725511705014,0.7419373447293773,7.674152921281675,6.62273632394984,2.80178514522438
POND,ASSAM,2018,28.0,7.6,6.699999999999999,30.0,2.95,0.7999999999999999,456.0,1151.0,3.4339872044851463,1.3737155789130306,0.5877866649021191,7.049254841255837,6.124683390894205,2.756809750418044
POND,ASSAM,2018,29.0,5.0,7.6000000000000005,54.0,4.25,0.75,751.0,3900.0,4.007333185232471,1.6582280766035324,0.5596157879354227,8.268988209506656,6.62273632394984,2.23606797749979
POND,ASSAM,2018,30.0,5.199999999999999,7.2,61.0,1.95,0.6000000000000001,1051.0,1951.0,4.127134385045092,1.0818051703517284,0.47000362924573563,7.5766097669730375,6.9584483932976555,2.2803508501982757
POND,ASSAM,2018,29.0,4.1,7.199999999999999,47.0,1.85,0.6000000000000001,751.0,14865.0,3.871201010907891,1.0473189942805592,0.47000362924573563,9.60683200528524,6.62273632394984,2.0248456731316584
POND,ASSAM,2018,29.0,5.9,7.25,64.5,2.6,0.65,751.0,2130.0,4.182050142641207,1.2809338454620642,0.5007752879124893,7.664346632098617,6.62273632394984,2.4289915602982237
POND,ASSAM,2018,22.5,4.35,7.0,115.0,3.65,2.35,366.0,1001.0,4.7535901911063645,1.536867219599265,1.208960345836975,6.90975328164481,5.905361848054571,2.085665361461421
POND,ASSAM,2018,25.5,5.9,7.050000000000001,28.5,2.7,0.6000000000000001,181.0,730.0,3.3843902633457743,1.308332819650179,0.47000362924573563,6.594413459749778,5.204006687076795,2.4289915602982237
POND,ASSAM,2018,27.0,6.8,7.15,28.5,2.6,1.0999999999999999,456.0,880.0,3.3843902633457743,1.2809338454620642,0.7419373447293772,6.78105762593618,6.124683390894205,2.6076809620810595
POND,ASSAM,2018,26.0,7.5,6.85,33.0,1.8,0.75,1001.0,10501.0,3.5263605246161616,1.0296194171811581,0.5596157879354227,9.259320994197804,6.90975328164481,2.7386127875258306
POND,ASSAM,2018,26.0,6.7,6.9,72.5,2.8,1.1,361.0,930.0,4.297285406218791,1.33500106673234,0.7419373447293773,6.836259277277067,5.8916442118257715,2.588435821108957
POND,ASSAM,2018,23.0,4.1,7.0,135.0,3.3499999999999996,1.0,751.0,1001.0,4.912654885736052,1.4701758451005926,0.6931471805599453,6.90975328164481,6.62273632394984,2.0248456731316584
POND,ASSAM,2018,27.5,5.800000000000001,7.85,333.0,13.15,2.0,120180.0,120365.0,5.811140992976701,2.649714624089247,1.0986122886681098,11.698292379950143,11.696754218705356,2.4083189157584592
POND,ASSAM,2018,26.0,4.5,7.050000000000001,34.5,2.05,0.7000000000000001,755.0,1505.0,3.56953269648137,1.1151415906193203,0.5306282510621704,7.317212408359839,6.628041376179533,2.1213203435596424
TANK,ASSAM,2018,26.5,6.65,6.9,28.5,2.0500000000000003,0.8500000000000001,366.0,700.0,3.3843902633457743,1.1151415906193203,0.6151856390902335,6.55250788703459,5.905361848054571,2.5787593916455256
LAKE,BIHAR,2018,25.0,10.35,7.85,307.0,2.5999999999999996,17.5,7500.0,16500.0,5.730099782973574,1.2809338454620642,2.917770732084279,9.711176264112805,8.922791623969637,3.2171415884290826
LAKE,BIHAR,2018,23.0,10.3,8.15,554.5,2.5,1.9,5950.0,13000.0,6.319868609079685,1.252762968495368,1.0647107369924282,9.472781556562168,8.691314551644853,3.2093613071762426
LAKE,BIHAR,2018,29.0,8.1,7.35,783.5,2.3,0.5,5500.0,10500.0,6.665046572173087,1.1939224684724346,0.4054651081081644,9.259225769705994,8.612685172875459,2.8460498941515415
POND,BIHAR,2018,28.0,8.0,7.800000000000001,779.0,2.7,1.2,11550.0,16800.0,6.659293919683638,1.308332819650179,0.7884573603642702,9.729193687429403,9.35452729228868,2.8284271247461903
POND,BIHAR,2018,27.5,8.3,7.6,666.5,2.55,1.1,6350.0,12650.0,6.503539390274405,1.2669476034873244,0.7419373447293773,9.44549154241467,8.756367559802975,2.8809720581775866
LAKE,CHANDIGARH,2018,23.25,7.35,7.75,242.5,2.5,2.45,9001.0,15001.0,5.495116942522644,1.252762968495368,1.2383742310432684,9.615938804529582,9.105202053852878,2.711088342345192
LAKE,DELHI,2018,31.0,10.35,8.7,1162.0,17.0,0.025,170.0,280.0,7.0587581525186645,2.8903717578961645,0.0246926125903715,5.638354669333745,5.14166355650266,3.2171415884290826
LAKE,DELHI,2018,26.0,3.9,7.55,417.0,4.5,1.4,2400.0,3500.0,6.035481432524756,1.7047480922384253,0.8754687373538999,8.160803920954665,7.783640596221253,1.9748417658131499
LAKE,DELHI,2018,26.0,10.35,7.7,812.5,11.0,20.95,2650.0,46550.0,6.7013459266590925,2.4849066497880004,3.08876713952118,10.748303764751594,7.8826922062890254,3.2171415884290826
LAKE,GOA,2018,29.0,7.3,7.3,48.0,1.45,1.745,12.5,1060.0,3.8918202981106265,0.8960880245566356,1.009781074961494,6.966967138613983,2.6026896854443837,2.701851217221259
LAKE,GOA,2018,29.5,7.75,7.1499999999999995,145.5,2.4,1.745,8725.0,14390.0,4.987025428457122,1.2237754316221157,1.009781074961494,9.574358290170174,9.074062353683555,2.7838821814150108
LAKE,GOA,2018,28.5,6.55,7.55,116.5,1.0,0.05,273.5,466.5,4.7664383335842135,0.6931471805599453,0.048790164169432,6.147399348728742,5.614951260949585,2.5592967784139455
LAKE,GOA,2018,28.3,6.2,7.55,207.5,5.0,1.745,6600.0,12225.0,5.339939041238856,1.791759469228055,1.009781074961494,9.41132011058867,8.79497643168877,2.4899799195977463
LAKE,GOA,2018,30.0,5.25,7.6,253.0,1.95,0.55,1250.0,2650.0,5.537334267018537,1.0818051703517284,0.4382549309311553,7.8826922062890254,7.1316985104669115,2.29128784747792
LAKE,GOA,2018,29.4,8.0,7.35,144.5,2.8,0.7,4050.0,8725.0,4.980176086611547,1.33500106673234,0.5306282510621704,9.074062353683555,8.30671904320269,2.8284271247461903
LAKE,GOA,2018,29.2,4.45,7.15,531.0,3.55,3.2,39000.0,73000.0,6.2766434893416445,1.5151272329628591,1.4350845252893227,11.19822841866684,10.571342565808699,2.1095023109728985
LAKE,GOA,2018,29.2,5.4,6.8,149.0,2.85,6.0,4175.0,8890.0,5.0106352940962555,1.3480731482996928,1.9459101490553132,9.09279480812114,8.337109129562474,2.32379000772445
LAKE,GUJARAT,2018,27.0,6.65,8.75,1755.0,28.0,0.30000000000000004,33.0,320.0,7.470793774195062,3.367295829986474,0.26236426446749106,5.771441123130016,3.5263605246161616,2.5787593916455256
LAKE,GUJARAT,2018,24.0,6.199999999999999,8.55,888.5,23.5,0.15,44.5,320.0,6.7906595071058895,3.1986731175506815,0.1397619423751587,5.771441123130016,3.817712325956905,2.4899799195977463
LAKE,GUJARAT,2018,28.0,8.05,7.95,323.5,0.6000000000000001,0.65,6.5,18.5,5.782285536144145,0.47000362924573563,0.5007752879124893,2.970414465569701,2.0149030205422647,2.8372521918222215
LAKE,GUJARAT,2018,29.5,4.25,7.85,2840.5,5.699999999999999,0.8,276.0,483.5,7.952087360737176,1.9021075263969203,0.5877866649021191,6.183117431330821,5.6240175061873385,2.0615528128088303
LAKE,GUJARAT,2018,25.5,6.25,7.800000000000001,2486.0,10.55,0.39999999999999997,10.5,51.5,7.818832443803404,2.446685436967803,0.33647223662121295,3.960813169597578,2.4423470353692043,2.5
LAKE,GUJARAT,2018,25.5,5.6,7.75,480.0,7.75,0.30000000000000004,6.0,14.5,6.175867270105761,2.169053700369523,0.26236426446749106,2.740840023925201,1.9459101490553132,2.3664319132398464
LAKE,GUJARAT,2018,24.0,6.8,7.5,791.5,44.599999999999994,0.25,3.0,1060.0,6.675192505751435,3.81990771652034,0.22314355131420976,6.966967138613983,1.3862943611198906,2.6076809620810595
LAKE,GUJARAT,2018,27.5,6.9,7.9,403.0,1.55,0.05,2.0,18.5,6.0014148779611505,0.9360933591703349,0.048790164169432,2.970414465569701,1.0986122886681098,2.6267851073127395
LAKE,GUJARAT,2018,29.5,6.85,8.45,401.0,0.8,0.35,16.5,63.5,5.996452088619021,0.5877866649021191,0.3001045924503381,4.1666652238017265,2.8622008809294686,2.6172504656604803
LAKE,GUJARAT,2018,29.5,7.15,7.65,267.0,0.8,0.05,15.0,96.0,5.5909869805108565,0.5877866649021191,0.048790164169432,4.574710978503383,2.772588722239781,2.6739483914241875
LAKE,GUJARAT,2018,26.5,5.85,7.65,2385.0,17.25,0.15,8.0,11.0,7.777373602657861,2.9041650800285006,0.1397619423751587,2.4849066497880004,2.1972245773362196,2.4186773244895647
LAKE,GUJARAT,2018,31.5,5.05,7.8,1574.0,30.15,0.1,2.0,8.0,7.362010551259734,3.4388142452334622,0.09531017980432487,2.1972245773362196,1.0986122886681098,2.247220505424423
LAKE,GUJARAT,2018,25.5,4.45,7.75,540.0,2.1999999999999997,0.65,25.0,70.5,6.293419278846481,1.1631508098056809,0.5007752879124893,4.269697449699962,3.258096538021482,2.1095023109728985
LAKE,GUJARAT,2018,28.5,3.6500000000000004,7.7,1186.0,5.05,4.3,7.5,20.0,7.079184394609668,1.80005827204275,1.667706820558076,3.044522437723423,2.1400661634962708,1.91049731745428
LAKE,GUJARAT,2018,29.5,5.75,8.75,3840.0,50.0,0.30000000000000004,38.0,244.0,8.253488028345904,3.9318256327243257,0.26236426446749106,5.501258210544727,3.6635616461296463,2.3979157616563596
LAKE,GUJARAT,2018,29.5,5.3,8.1,791.5,3.8000000000000003,0.3,29.0,129.5,6.675192505751435,1.5686159179138455,0.262364264467491,4.871373226762748,3.4011973816621555,2.3021728866442674
POND,GUJARAT,2018,30.5,6.55,7.75,1466.5,1.7,0.15000000000000002,46.5,152.5,7.291315551702252,0.9932517730102833,0.1397619423751587,5.033700567027251,3.8607297110405954,2.5592967784139455
POND,GUJARAT,2018,27.0,6.75,7.800000000000001,460.0,1.6,0.1,25.0,185.5,6.133398042996649,0.9555114450274363,0.09531017980432487,5.2284312390838705,3.258096538021482,2.598076211353316
TANK,GUJARAT,2018,28.5,6.1000000000000005,7.55,1247.5,72.5,0.3,24.5,183.5,7.129698109719828,4.297285406218791,0.262364264467491,5.217649463480582,3.2386784521643803,2.4698178070456938
LAKE,HARYANA,2018,20.0,7.9,8.0,347.0,3.15,1.745,1500.0,3800.0,5.8522024797744745,1.423108334242607,1.009781074961494,8.24301946898925,7.313886831633462,2.8106938645110393
LAKE,HARYANA,2018,26.0,4.8,8.05,490.5,2.9,1.745,850.0,2300.0,6.197461939587221,1.3609765531356006,1.009781074961494,7.741099090035366,6.7464121285733745,2.1908902300206643
LAKE,HARYANA,2018,26.0,6.3,7.25,251.5,6.0,1.745,265.0,1060.0,5.531411248715415,1.9459101490553132,1.009781074961494,6.966967138613983,5.583496308781699,2.5099800796022267
LAKE,"HIMACHAL 
PRADESH",2018,16.0,9.8,8.05,270.5,0.6000000000000001,0.6000000000000001,73.0,600.0,5.60396213937399,0.47000362924573563,0.47000362924573563,6.398594934535208,4.30406509320417,3.1304951684997055
LAKE,"HIMACHAL 
PRADESH",2018,14.0,7.9,7.55,345.0,0.6000000000000001,1.5,4.0,121.5,5.846438775057725,0.47000362924573563,0.9162907318741551,4.808111029984782,1.6094379124341003,2.8106938645110393
LAKE,"HIMACHAL 
PRADESH",2018,18.0,6.85,8.0,614.0,1.4000000000000001,0.25,27.5,62.0,6.421622267806518,0.8754687373539,0.22314355131420976,4.143134726391533,3.349904087274605,2.6172504656604803
LAKE,"HIMACHAL 
PRADESH",2018,21.5,8.45,8.15,277.5,3.35,1.0,139.0,1260.0,5.629418059367339,1.4701758451005926,0.6931471805599453,7.13966033596492,4.941642422609304,2.9068883707497264
LAKE,"HIMACHAL 
PRADESH",2018,14.0,6.0,7.25,76.0,3.9,1.45,13.0,325.0,4.343805421853684,1.589235205116581,0.8960880245566356,5.786897381366708,2.6390573296152584,2.449489742783178
LAKE,KARNATAKA,2018,28.8,6.45,7.699999999999999,423.5,4.5,1.8,110055.0,860460.0,6.050912005751402,1.7047480922384253,1.0296194171811581,13.66522357111971,11.608744606140831,2.539685019840059
LAKE,KARNATAKA,2018,25.0,3.6,7.4,501.0,4.55,1.2,790.0,3200.0,6.218600119691729,1.713797927758343,0.7884573603642702,8.071218539969863,6.673297967767654,1.8973665961010275
LAKE,KARNATAKA,2018,23.0,3.0,6.800000000000001,1451.5,14.8,2.3000000000000003,1900.0,6850.0,7.281041488726066,2.760009940032921,1.1939224684724346,8.832149906002899,7.550135342488429,1.7320508075688772
LAKE,KARNATAKA,2018,24.5,7.1,8.75,579.5,4.0,1.35,1305.0,4800.0,6.3638898011379466,1.6094379124341003,0.8544153281560676,8.476579508530941,7.174724309836376,2.6645825188948455
LAKE,KARNATAKA,2018,26.0,2.0,7.15,1038.0,16.65,2.25,2250.0,7350.0,6.946013991099227,2.8707357833793057,1.1786549963416462,8.902591637374087,7.719129840906732,1.4142135623730951
LAKE,KARNATAKA,2018,24.0,1.8,7.699999999999999,1027.5,17.3,2.9,2200.0,7100.0,6.935856709093012,2.9069010598473755,1.3609765531356006,8.867990898182093,7.696667081526462,1.3416407864998738
LAKE,KARNATAKA,2018,26.5,5.55,8.7,702.5,6.65,1.25,1160.0,4900.0,6.556067876554444,2.0347056478384444,0.8109302162163288,8.497194544909547,7.057036981697891,2.355843797877949
LAKE,KARNATAKA,2018,25.5,6.0,8.399999999999999,821.5,4.7,2.8499999999999996,1310.0,4850.0,6.712348482639527,1.7404661748405046,1.3480731482996928,8.486940148245216,7.1785454837637,2.449489742783178
LAKE,KARNATAKA,2018,27.0,6.9,7.65,508.5,6.0,3.75,42016.5,460065.0,6.23342985266278,1.9459101490553132,1.55814461804655,13.039125236434126,10.645841477150721,2.6267851073127395
LAKE,KARNATAKA,2018,27.0,6.4,7.35,696.5,4.0,2.45,6245.0,47750.0,6.5475025136955205,1.6094379124341003,1.2383742310432684,10.773755288097965,8.739696537843024,2.5298221281347035
LAKE,KARNATAKA,2018,30.0,6.85,7.9,1547.5,6.5,1.45,135055.0,1740460.0,7.345041999413257,2.0149030205422647,0.8960880245566356,14.369660578628373,11.813444786223501,2.6172504656604803
LAKE,KARNATAKA,2018,27.0,2.4,7.5,2625.0,28.0,13.7,573500.0,8270000.0,7.873217054862741,3.367295829986474,2.6878474937846906,15.928145187918851,13.259514959229206,1.5491933384829668
LAKE,KARNATAKA,2018,27.0,4.6,6.85,1132.0,25.5,7.7,258500.0,2830000.0,7.0326242610280065,3.2771447329921766,2.163323025660538,14.855787622976248,12.462654841395091,2.1447610589527217
LAKE,KARNATAKA,2018,28.0,4.65,7.05,951.5,8.5,7.3,8665.0,48700.0,6.859090107000856,2.2512917986064953,2.1162555148025524,10.793454842740767,9.067162602299854,2.1563858652847827
LAKE,KARNATAKA,2018,28.0,4.15,7.05,885.5,7.5,4.5,23165.0,176750.0,6.787281125514262,2.1400661634962708,1.7047480922384253,12.082497241451442,10.05044096549229,2.0371548787463363
LAKE,KARNATAKA,2018,28.5,3.9499999999999997,6.6,779.0,7.0,4.35,14420.0,88500.0,6.659293919683638,2.0794415416798357,1.6770965609079151,11.390769130367211,9.57644075656207,1.987460691435179
LAKE,KARNATAKA,2018,27.6,4.9,7.15,884.5,6.5,4.0,850215.0,5452700.0,6.786152457222888,2.0149030205422647,1.6094379124341003,15.511621640202401,13.653245713831138,2.2135943621178655
LAKE,KARNATAKA,2018,27.7,4.1,7.25,959.5,16.0,6.85,233150.0,867500.0,6.867453982208612,2.833213344056216,2.060513531794317,13.67337194354024,12.35944159131155,2.0248456731316584
LAKE,KARNATAKA,2018,26.6,6.25,7.3,838.5,7.5,2.5,126500.0,925000.0,6.732806476517595,2.1400661634962708,1.252762968495368,13.73755009757506,11.748005492256807,2.5
LAKE,KARNATAKA,2018,27.15,4.949999999999999,7.3,886.0,12.0,3.5500000000000003,246100.0,1747000.0,6.787844982309579,2.5649493574615367,1.5151272329628591,14.373411161525874,12.413497299759758,2.2248595461286986
LAKE,KARNATAKA,2018,28.0,5.85,7.05,653.0,41.3,14.65,6230.0,47600.0,6.483107351457199,3.744787086052232,2.750470916986162,10.7706090484022,8.737292112544221,2.4186773244895647
LAKE,KARNATAKA,2018,27.5,3.9000000000000004,7.45,1223.0,12.5,5.2,553950.0,4614000.0,7.1098794630722715,2.6026896854443837,1.824549292051046,15.344605934447499,13.224831514164267,1.97484176581315
LAKE,KARNATAKA,2018,27.0,3.35,6.9,1004.5,31.0,2.6,41950.0,287500.0,6.913240209212707,3.4657359027997265,1.2809338454620642,12.568981617474362,10.6442575495135,1.8303005217723127
LAKE,KARNATAKA,2018,27.0,6.300000000000001,6.65,571.0,4.0,2.1,17200.0,177500.0,6.349138991379798,1.6094379124341003,1.1314021114911006,12.086731521684555,9.75272280064639,2.5099800796022267
LAKE,KARNATAKA,2018,29.5,6.35,7.95,867.5,9.5,5.6000000000000005,4900.0,19240.0,6.766767585681159,2.3513752571634776,1.88706964903238,9.864798697921016,8.497194544909547,2.5199206336708304
LAKE,KARNATAKA,2018,29.0,2.4,6.949999999999999,1061.5,41.0,1.3,5895.0,48700.0,6.968379900798572,3.7376696182833684,0.832909122935104,10.793454842740767,8.682029433869172,1.5491933384829668
LAKE,KARNATAKA,2018,25.5,5.05,8.1,1885.0,18.0,25.5,16665.0,87750.0,7.542213463193403,2.9444389791664403,3.2771447329921766,11.382258537274573,9.721125994942152,2.247220505424423
LAKE,KARNATAKA,2018,25.5,4.9,7.5,369.0,29.5,1.3,1385.0,14445.0,5.91350300563827,3.417726683613366,0.832909122935104,9.578172838610792,7.234177179749849,2.2135943621178655
LAKE,KARNATAKA,2018,25.0,5.05,7.550000000000001,502.0,21.0,3.7,5504.0,48700.0,6.220590170099739,3.091042453358316,1.547562508716013,10.793454842740767,8.61341204915678,2.247220505424423
LAKE,KARNATAKA,2018,24.5,4.05,7.35,275.0,4.5,0.8,1645.0,9740.0,5.62040086571715,1.7047480922384253,0.5877866649021191,9.184099060770956,7.406103381237015,2.0124611797498106
LAKE,KARNATAKA,2018,23.5,6.75,7.0,196.5,3.5,0.9,8665.0,81750.0,5.285738584341177,1.5040773967762742,0.6418538861723948,11.311433321100587,9.067162602299854,2.598076211353316
LAKE,KARNATAKA,2018,24.0,3.5,7.2,2009.5,10.5,8.6,5665.0,47750.0,7.606138726337329,2.4423470353692043,2.2617630984737906,10.773755288097965,8.642238680390461,1.8708286933869707
LAKE,KARNATAKA,2018,24.0,3.3,7.25,820.5,7.0,4.2,8515.5,46270.0,6.711131937477322,2.0794415416798357,1.6486586255873816,10.742270693943276,9.049760737300632,1.816590212458495
LAKE,KARNATAKA,2018,24.0,4.15,7.45,1047.5,13.5,3.25,85170.0,462700.0,6.955115850341975,2.6741486494265287,1.4469189829363254,13.044836336120333,11.352416279289635,2.0371548787463363
TANK,KARNATAKA,2018,24.0,7.1,7.800000000000001,582.0,4.0,1.8,1815.0,3261.0,6.368187186350492,1.6094379124341003,1.0296194171811581,8.09009578318096,7.504391559161238,2.6645825188948455
TANK,KARNATAKA,2018,28.5,7.3,8.75,2179.0,27.0,0.1,10250.0,20000.0,7.687080155783135,3.332204510175204,0.09531017980432487,9.90353755128617,9.235130540783402,2.701851217221259
TANK,KARNATAKA,2018,23.0,7.15,7.65,439.0,5.5,0.05,613.0,1856.0,6.0867747269123065,1.8718021769015913,0.048790164169432,7.526717561352706,6.419994928147142,2.6739483914241875
TANK,KARNATAKA,2018,29.5,6.95,7.050000000000001,200.0,2.5,0.8500000000000001,9.5,18.0,5.303304908059076,1.252762968495368,0.6151856390902335,2.9444389791664403,2.3513752571634776,2.6362852652928135
TANK,KARNATAKA,2018,25.5,5.949999999999999,7.65,733.0,4.6,0.8,1240.0,5050.0,6.598509028614515,1.7227665977411035,0.5877866649021191,8.527341522468053,7.123672785204607,2.4392621835300936
TANK,KARNATAKA,2018,27.65,4.25,7.5,870.0,9.5,4.6000000000000005,4900.0,28850.0,6.769641976852503,2.3513752571634776,1.7227665977411037,10.269899933380591,8.497194544909547,2.0615528128088303
TANK,KARNATAKA,2018,27.3,7.25,7.55,481.5,4.5,3.4,8555.0,46545.0,6.178980920779041,1.7047480922384253,1.4816045409242156,10.74819634990461,9.054388070202297,2.692582403567252
TANK,KARNATAKA,2018,27.0,6.25,7.5,556.0,6.0,1.25,2565.0,18300.0,6.322565239927284,1.9459101490553132,0.8109302162163288,9.814710982145282,7.850103545175582,2.5
TANK,KARNATAKA,2018,28.8,5.4,7.65,859.5,11.0,2.05,26800.0,191500.0,6.757513615651594,2.4849066497880004,1.1151415906193203,12.162648309521318,10.196194479235656,2.32379000772445
TANK,KARNATAKA,2018,25.0,6.55,7.45,894.0,5.5,2.25,55240.0,176750.0,6.796823718274855,1.8718021769015913,1.1786549963416462,12.082497241451442,10.919460710183415,2.5592967784139455
TANK,KARNATAKA,2018,26.0,4.5,7.4,1318.0,9.5,7.55,23165.0,273700.0,7.1846291527173145,2.3513752571634776,2.145931282948669,12.519791548657462,10.05044096549229,2.1213203435596424
TANK,KARNATAKA,2018,26.0,4.5,7.85,983.0,27.5,4.4,290105.0,4600175.0,6.891625897052253,3.349904087274605,1.6863989535702288,15.34160512159696,12.578001652418882,2.1213203435596424
TANK,KARNATAKA,2018,27.0,1.55,7.550000000000001,3525.0,36.0,9.3,470155.0,4601750.0,8.167919362957816,3.6109179126442243,2.33214389523559,15.341947441203578,13.060819833508296,1.2449899597988732
TANK,KARNATAKA,2018,23.5,4.4,7.1,1258.0,20.95,2.55,351650.0,1407500.0,7.138073034044347,3.08876713952118,1.2669476034873244,14.157326349475303,12.77039448546879,2.0976176963403033
TANK,KARNATAKA,2018,26.5,5.300000000000001,7.35,1055.5,21.0,2.3,395240.0,2711750.0,6.962716837056111,3.091042453358316,1.1939224684724346,14.813105109667953,12.887250984413987,2.302172886644268
TANK,KARNATAKA,2018,25.5,4.6,8.55,1360.0,14.5,4.75,230700.0,1132000.0,7.215975002651466,2.740840023925201,1.749199854809259,13.939497421137101,12.348877778786173,2.1447610589527217
TANK,KARNATAKA,2018,26.0,3.85,7.8,879.0,31.5,3.85,4310.0,46600.0,6.779921907472252,3.481240089335692,1.5789787049493917,10.74937727911096,8.368925174747135,1.9621416870348585
TANK,KARNATAKA,2018,27.0,5.1,7.3,919.5,7.0,2.5,15100.0,88900.0,6.824917000673133,2.0794415416798357,1.252762968495368,11.395278670032656,9.62251624577579,2.258317958127243
TANK,KARNATAKA,2018,29.5,5.7,7.6,764.5,5.0,2.15,8665.0,81105.0,6.640529215097739,1.791759469228055,1.1474024528375417,11.303512220104277,9.067162602299854,2.3874672772626644
TANK,KARNATAKA,2018,28.0,6.2,7.9,860.5,24.5,3.15,25550.0,113950.0,6.758675055967984,3.2386784521643803,1.423108334242607,11.643523810414173,10.14843173380919,2.4899799195977463
TANK,KARNATAKA,2018,29.0,5.7,7.95,839.0,8.0,1.9,39635.0,461200.0,6.733401891837359,2.1972245773362196,1.0647107369924282,13.041589235631411,10.58749307517879,2.3874672772626644
TANK,KARNATAKA,2018,25.0,5.6,7.05,569.0,6.0,3.4,15730.0,272700.0,6.345636360828596,1.9459101490553132,1.4816045409242156,12.516131235860326,9.663388566822505,2.3664319132398464
TANK,KARNATAKA,2018,26.85,6.25,6.85,273.5,4.5,3.2,14165.0,81105.0,5.614951260949585,1.7047480922384253,1.4350845252893227,11.303512220104277,9.558600006313569,2.5
TANK,KARNATAKA,2018,27.5,5.1499999999999995,7.2,1525.0,22.5,8.35,176550.0,817500.0,7.330405211844402,3.1570004211501135,2.2353763433005955,13.614007404994387,12.081365065458305,2.269361143582043
TANK,KARNATAKA,2018,28.0,3.55,7.25,1281.0,15.0,12.5,245395.0,1742700.0,7.156176637480615,2.772588722239781,2.6026896854443837,14.370946766470798,12.410628511207603,1.8841443681416772
TANK,KARNATAKA,2018,25.0,7.1,7.5,485.0,4.5,2.75,14850.0,82700.0,6.186208623900494,1.7047480922384253,1.3217558399823195,11.322986972837104,9.605822482030945,2.6645825188948455
TANK,KARNATAKA,2018,25.5,3.25,7.6,435.0,50.0,1.25,35105.0,175550.0,6.077642243349034,3.9318256327243257,0.8109302162163288,12.07568487796315,10.46612733501629,1.8027756377319946
TANK,KARNATAKA,2018,26.4,6.45,7.1499999999999995,582.0,6.0,12.15,24085.0,176200.0,6.368187186350492,1.9459101490553132,2.5764217586237734,12.079380667837011,10.089386037820425,2.539685019840059
TANK,KARNATAKA,2018,26.5,3.4000000000000004,7.2,1248.0,20.65,4.1,153000.0,1050000.0,7.130098510125578,3.075005454448499,1.62924053973028,13.864301674514206,11.938199736300925,1.8439088914585775
TANK,KARNATAKA,2018,25.5,4.55,7.05,562.5,3.5,1.05,4865.0,27860.0,6.334167333479831,1.5040773967762742,0.7178397931503169,10.234983140444118,8.490027523343468,2.1330729007701543
TANK,KARNATAKA,2018,24.5,4.8999999999999995,7.55,1115.0,32.5,2.8,14470.0,84600.0,7.017506142941256,3.5115454388310208,1.33500106673234,11.345701365855424,9.579901925737992,2.2135943621178655
TANK,KARNATAKA,2018,23.5,3.35,7.4,1163.0,34.5,4.1000000000000005,14155.0,84600.0,7.059617628291383,3.56953269648137,1.6292405397302803,11.345701365855424,9.557893841465354,1.8303005217723127
TANK,KARNATAKA,2018,24.5,6.15,7.0,327.5,4.0,0.39999999999999997,2465.0,28740.0,5.794536837924666,1.6094379124341003,0.33647223662121295,10.266079953738897,7.81035268372429,2.479919353527449
TANK,KARNATAKA,2018,27.0,5.8,7.1,1333.0,8.25,1.25,8730.0,48710.0,7.195937226475569,2.224623551524334,0.8109302162163288,10.793660156255225,9.074635189810808,2.4083189157584592
TANK,KARNATAKA,2018,26.0,3.65,7.6,835.0,3.5,0.30000000000000004,320.0,3900.0,6.728628613084702,1.5040773967762742,0.26236426446749106,8.268988209506656,5.771441123130016,1.91049731745428
TANK,KARNATAKA,2018,26.0,4.9,7.75,870.0,4.5,0.25,2110.0,15700.0,6.769641976852503,1.7047480922384253,0.22314355131420976,9.661479683575521,7.65491704784832,2.2135943621178655
TANK,KARNATAKA,2018,26.5,5.55,7.6,820.0,4.0,0.25,1440.0,10500.0,6.710523109452428,1.6094379124341003,0.22314355131420976,9.259225769705994,7.273092595999522,2.355843797877949
TANK,KARNATAKA,2018,26.5,5.65,8.3,1145.0,3.5,0.25,245.0,2600.0,7.044032897274685,1.5040773967762742,0.22314355131420976,7.8636512654486515,5.5053315359323625,2.3769728648009427
TANK,KARNATAKA,2018,26.5,4.949999999999999,7.9,560.0,2.5,0.2,139.0,1200.0,6.329720905522696,1.252762968495368,0.18232155679395465,7.0909098220799835,4.941642422609304,2.2248595461286986
TANK,KARNATAKA,2018,26.5,4.9,7.4,395.0,2.0,0.15000000000000002,124.0,1570.0,5.981414211254481,1.0986122886681098,0.1397619423751587,7.359467638255621,4.8283137373023015,2.2135943621178655
TANK,KARNATAKA,2018,26.5,4.8,7.9,550.0,2.5,0.15000000000000002,106.5,1170.0,6.311734809152915,1.252762968495368,0.1397619423751587,7.065613363597717,4.677490847567717,2.1908902300206643
TANK,KARNATAKA,2018,26.0,5.199999999999999,7.7,495.0,2.5,0.15000000000000002,190.0,2450.0,6.206575926724928,1.252762968495368,0.1397619423751587,7.804251383528112,5.25227342804663,2.2803508501982757
TANK,KARNATAKA,2018,26.0,4.7,7.65,615.0,2.0,0.15000000000000002,215.0,2000.0,6.423246963533519,1.0986122886681098,0.1397619423751587,7.601402334583733,5.375278407684165,2.16794833886788
TANK,KARNATAKA,2018,25.5,6.0,7.6,425.0,2.5,0.15000000000000002,144.0,1650.0,6.054439346269371,1.252762968495368,0.1397619423751587,7.409136443920128,4.976733742420574,2.449489742783178
TANK,KARNATAKA,2018,26.0,5.4,7.75,420.0,2.5,0.15000000000000002,166.5,1750.0,6.042632833682381,1.252762968495368,0.1397619423751587,7.467942332285852,5.120983351265121,2.32379000772445
TANK,KARNATAKA,2018,26.0,4.75,7.55,510.0,2.5,0.2,177.0,2550.0,6.236369590203704,1.252762968495368,0.18232155679395465,7.844240718141811,5.181783550292085,2.179449471770337
TANK,KARNATAKA,2018,26.5,5.8,7.7,315.0,2.0,0.15000000000000002,175.0,1700.0,5.755742213586912,1.0986122886681098,0.1397619423751587,7.438971592395862,5.170483995038151,2.4083189157584592
TANK,KARNATAKA,2018,26.0,5.550000000000001,7.25,300.0,2.0,0.15000000000000002,131.0,1570.0,5.707110264748875,1.0986122886681098,0.1397619423751587,7.359467638255621,4.882801922586371,2.3558437978779496
TANK,KARNATAKA,2018,26.0,4.8,7.4,410.0,2.5,0.15000000000000002,160.5,1670.0,6.018593214496234,1.252762968495368,0.1397619423751587,7.421177528595393,5.084505142662711,2.1908902300206643
TANK,KARNATAKA,2018,26.5,6.2,7.65,510.0,2.0,0.15000000000000002,181.5,2400.0,6.236369590203704,1.0986122886681098,0.1397619423751587,7.783640596221253,5.206750173022546,2.4899799195977463
TANK,KARNATAKA,2018,27.5,6.3500000000000005,8.649999999999999,1286.0,11.9,0.05,1850.0,6250.0,7.160069207596127,2.5572273113676265,0.048790164169432,8.740496729931813,7.523481312573497,2.5199206336708304
TANK,KARNATAKA,2018,30.5,7.8,8.05,808.0,13.25,4.3,910.0,2400.0,6.695798917058491,2.6567569067146595,1.667706820558076,7.783640596221253,6.814542897259958,2.792848008753788
TANK,KARNATAKA,2018,26.0,7.3,7.8,585.0,2.1,5.85,1800.0,3200.0,6.373319789577012,1.1314021114911006,1.9242486522741338,8.071218539969863,7.496097345175956,2.701851217221259
TANK,KARNATAKA,2018,25.0,5.1,7.300000000000001,563.0,9.55,7.5,1800.0,3200.0,6.335054251498059,2.3561258599220753,2.1400661634962708,8.071218539969863,7.496097345175956,2.258317958127243
TANK,KARNATAKA,2018,26.0,4.550000000000001,7.4,1096.0,26.65,1.5,975.0,1350.0,7.00033446027523,3.3196257279683437,0.9162907318741551,7.208600337960199,6.883462586413092,2.1330729007701543
TANK,KARNATAKA,2018,25.5,7.1,7.95,1137.5,3.5999999999999996,0.7,490.0,1175.0,7.037466885503794,1.5260563034950492,0.5306282510621704,7.069874128458572,6.19644412779452,2.6645825188948455
TANK,KARNATAKA,2018,25.0,7.1,8.15,1298.0,9.25,1.3,515.0,1175.0,7.1693500166706,2.327277705584417,0.832909122935104,7.069874128458572,6.246106765481563,2.6645825188948455
TANK,KARNATAKA,2018,25.0,7.35,8.05,643.0,2.8,0.5,95.0,505.0,6.467698726104354,1.33500106673234,0.4054651081081644,6.226536669287466,4.564348191467836,2.711088342345192
TANK,KARNATAKA,2018,25.0,6.75,7.95,827.0,4.4,0.8,210.0,1037.5,6.71901315438526,1.6863989535702288,0.5877866649021191,6.945532643316167,5.351858133476067,2.598076211353316
TANK,KARNATAKA,2018,25.0,7.199999999999999,8.05,792.5,4.1,0.8,340.0,1350.0,6.676453539966464,1.62924053973028,0.5877866649021191,7.208600337960199,5.831882477283517,2.6832815729997477
TANK,KARNATAKA,2018,25.0,6.45,7.95,844.5,9.25,1.5499999999999998,562.5,1700.0,6.739928168338635,2.327277705584417,0.9360933591703348,7.438971592395862,6.334167333479831,2.539685019840059
TANK,KARNATAKA,2018,25.0,6.8,8.05,1422.0,4.9,1.15,885.0,1350.0,7.260522598089852,1.7749523509116738,0.7654678421395714,7.208600337960199,6.786716950605081,2.6076809620810595
TANK,KARNATAKA,2018,28.0,6.9,7.65,170.0,2.5,0.1,485.0,950.0,5.14166355650266,1.252762968495368,0.09531017980432487,6.85751406254539,6.186208623900494,2.6267851073127395
TANK,KARNATAKA,2018,29.5,7.05,7.6499999999999995,201.0,2.7,0.25,455.0,1050.0,5.308267697401205,1.308332819650179,0.22314355131420976,6.957497370876951,6.1224928095143865,2.6551836094703507
TANK,KARNATAKA,2018,29.0,5.2,7.4,550.0,9.0,1.45,35850.0,56750.0,6.311734809152915,2.302585092994046,0.8960880245566356,10.946428556333773,10.487126739641525,2.280350850198276
TANK,KARNATAKA,2018,27.0,7.15,7.55,205.0,2.7,0.2,820.0,1850.0,5.327876168789581,1.308332819650179,0.18232155679395465,7.523481312573497,6.710523109452428,2.6739483914241875
TANK,KARNATAKA,2018,28.0,6.5,7.75,220.0,4.75,0.3,875.0,2000.0,5.3981627015177525,1.749199854809259,0.262364264467491,7.601402334583733,6.775366090936392,2.5495097567963922
TANK,KARNATAKA,2018,28.5,4.9,8.45,1400.0,72.5,2.7,96000.0,175000.0,7.244941546337007,4.297285406218791,1.308332819650179,12.07254696717504,11.472113887062386,2.2135943621178655
TANK,KARNATAKA,2018,26.5,3.7,8.3,745.0,35.25,1.55,30400.0,45850.0,6.61472560020376,3.590439381300684,0.9360933591703349,10.733152287697589,10.322230781590136,1.9235384061671346
LAKE,KERALA,2018,31.5,5.1,6.65,590.0,8.0,0.25,2200.0,7000.0,6.3818160174060985,2.1972245773362196,0.22314355131420976,8.853808274977197,7.696667081526462,2.258317958127243
LAKE,KERALA,2018,24.5,6.4,7.1,114.0,1.55,0.6000000000000001,105.0,305.0,4.74493212836325,0.9360933591703349,0.47000362924573563,5.723585101952381,4.663439094112067,2.5298221281347035
LAKE,KERALA,2018,26.5,7.1,7.5,44.5,0.6000000000000001,0.05,245.0,500.0,3.817712325956905,0.47000362924573563,0.048790164169432,6.2166061010848646,5.5053315359323625,2.6645825188948455
LAKE,KERALA,2018,28.5,6.2,7.45,3840.0,2.35,0.15,4010.0,6050.0,8.253488028345904,1.208960345836975,0.1397619423751587,8.707978826622321,8.296795865770052,2.4899799195977463
LAKE,KERALA,2018,27.7,6.9,6.65,31.5,0.75,0.05,10.0,90.0,3.481240089335692,0.5596157879354227,0.048790164169432,4.51085950651685,2.3978952727983707,2.6267851073127395
LAKE,KERALA,2018,29.0,6.9,7.4,3840.0,2.0,0.1,300.0,470.0,8.253488028345904,1.0986122886681098,0.09531017980432487,6.154858094016418,5.707110264748875,2.6267851073127395
LAKE,KERALA,2018,29.0,7.6,7.15,87.0,0.7000000000000001,0.1,370.0,720.0,4.477336814478207,0.5306282510621704,0.09531017980432487,6.580639137284949,5.916202062607435,2.756809750418044
LAKE,KERALA,2018,27.0,8.4,7.5,133.0,1.7,1.05,190.0,365.0,4.897839799950911,0.9932517730102833,0.7178397931503169,5.902633333401366,5.25227342804663,2.898275349237888
LAKE,KERALA,2018,27.5,6.75,6.75,44.5,1.25,0.55,2039.5,4050.0,3.817712325956905,0.8109302162163288,0.4382549309311553,8.30671904320269,7.62095015484586,2.598076211353316
LAKE,KERALA,2018,28.5,7.0,6.85,28.5,1.15,0.15,860.0,3174.5,3.3843902633457743,0.7654678421395714,0.1397619423751587,8.06322037924303,6.7580945044277305,2.6457513110645907
POND,KERALA,2018,29.5,6.5,7.4,96.5,1.15,0.5,551.0,1401.0,4.579852378003801,0.7654678421395714,0.4054651081081644,7.2456550675945355,6.313548046277095,2.5495097567963922
LAKE,MADHYA PRADESH,2018,25.0,7.95,7.95,169.0,3.1500000000000004,3.0,86.0,855.0,5.135798437050262,1.423108334242607,1.3862943611198906,6.752270376141742,4.465908118654584,2.819574435974337
LAKE,MADHYA PRADESH,2018,23.5,7.35,7.45,422.0,4.9,10.45,515.0,2000.0,6.0473721790462776,1.7749523509116738,2.4379897300002487,7.601402334583733,6.246106765481563,2.711088342345192
LAKE,MADHYA PRADESH,2018,21.5,8.1,8.0,369.5,2.8499999999999996,3.65,2.0,860.0,5.914853444736141,1.3480731482996928,1.536867219599265,6.7580945044277305,1.0986122886681098,2.8460498941515415
LAKE,MADHYA PRADESH,2018,26.25,7.6,7.8500000000000005,280.5,1.25,2.5,6.0,1060.0,5.640132447579745,0.8109302162163288,1.252762968495368,6.966967138613983,1.9459101490553132,2.756809750418044
LAKE,MADHYA PRADESH,2018,24.0,7.25,7.800000000000001,329.5,1.5499999999999998,2.1,8.5,1060.0,5.800606659291741,0.9360933591703348,1.1314021114911006,6.966967138613983,2.2512917986064953,2.692582403567252
LAKE,MADHYA PRADESH,2018,27.0,6.55,8.0,611.0,2.15,2.5,6.0,81.5,6.416732282512326,1.1474024528375417,1.252762968495368,4.412798293340635,1.9459101490553132,2.5592967784139455
LAKE,MADHYA PRADESH,2018,25.0,6.6,7.949999999999999,654.5,1.5,1.9,2.0,67.0,6.4853983032037545,0.9162907318741551,1.0647107369924282,4.219507705176107,1.0986122886681098,2.569046515733026
LAKE,MADHYA PRADESH,2018,25.0,6.55,8.05,589.0,1.9,4.0,2.0,67.5,6.380122536899765,1.0647107369924282,1.6094379124341003,4.22683374526818,1.0986122886681098,2.5592967784139455
LAKE,MADHYA PRADESH,2018,25.0,6.55,8.3,627.0,2.0,1.6500000000000001,2.0,67.0,6.4425401664681985,1.0986122886681098,0.9745596399981309,4.219507705176107,1.0986122886681098,2.5592967784139455
LAKE,MADHYA PRADESH,2018,26.0,6.199999999999999,8.3,482.0,1.7000000000000002,1.8,2.0,50.0,6.180016653652572,0.9932517730102834,1.0296194171811581,3.9318256327243257,1.0986122886681098,2.4899799195977463
LAKE,MADHYA PRADESH,2018,23.5,6.0,8.100000000000001,416.0,8.25,8.299999999999999,216.0,1265.0,6.0330862217988015,2.224623551524334,2.23001440015921,7.143617602704121,5.37989735354046,2.449489742783178
LAKE,MADHYA PRADESH,2018,24.5,7.25,7.5,332.0,2.1,3.45,141.0,814.0,5.808142489980444,1.1314021114911006,1.4929040961781488,6.703188113240863,4.955827057601261,2.692582403567252
LAKE,MADHYA PRADESH,2018,23.5,7.65,7.75,241.0,10.7,4.75,176.0,855.0,5.488937726156687,2.4595888418037104,1.749199854809259,6.752270376141742,5.176149732573829,2.7658633371878665
LAKE,MADHYA PRADESH,2018,23.5,7.85,7.9,349.0,1.95,3.45,461.0,855.0,5.857933154483459,1.0818051703517284,1.4929040961781488,6.752270376141742,6.135564891081739,2.80178514522438
LAKE,MADHYA PRADESH,2018,25.5,7.800000000000001,7.9,189.5,5.35,5.0,2.0,87.0,5.249652194566756,1.8484548129046001,1.791759469228055,4.477336814478207,1.0986122886681098,2.7928480087537886
LAKE,MADHYA PRADESH,2018,22.5,5.300000000000001,8.0,372.5,2.45,4.6,176.0,855.0,5.922918004572872,1.2383742310432684,1.7227665977411035,6.752270376141742,5.176149732573829,2.302172886644268
LAKE,MADHYA PRADESH,2018,21.5,7.45,8.05,615.0,1.65,1.5,2.0,33.0,6.423246963533519,0.9745596399981308,0.9162907318741551,3.5263605246161616,1.0986122886681098,2.7294688127912363
LAKE,MADHYA PRADESH,2018,26.0,7.05,8.25,535.5,1.5,0.85,2.0,55.0,6.285066562070753,0.9162907318741551,0.6151856390902334,4.02535169073515,1.0986122886681098,2.6551836094703507
POND,MADHYA PRADESH,2018,22.0,6.550000000000001,7.95,630.0,4.2,1.9,1703.0,17535.0,6.447305862541213,1.6486586255873816,1.0647107369924282,9.772011189747742,7.440733707389261,2.5592967784139455
POND,MADHYA PRADESH,2018,24.5,7.0,7.65,244.0,2.2,0.5,12.5,58.0,5.501258210544727,1.1631508098056809,0.4054651081081644,4.07753744390572,2.6026896854443837,2.6457513110645907
POND,MADHYA PRADESH,2018,20.35,6.9,7.85,596.0,4.2,4.75,216.0,820.5,6.391917113392602,1.6486586255873816,1.749199854809259,6.711131937477322,5.37989735354046,2.6267851073127395
POND,MADHYA PRADESH,2018,20.0,5.2,7.95,914.0,10.9,3.1999999999999997,801.0,1060.0,6.818924065275521,2.4765384001174837,1.4350845252893225,6.966967138613983,6.687108607866515,2.280350850198276
POND,MADHYA PRADESH,2018,26.0,6.45,7.7,591.5,2.8,2.3,66.0,1060.0,6.384350873009287,1.33500106673234,1.1939224684724346,6.966967138613983,4.204692619390966,2.539685019840059
POND,MADHYA PRADESH,2018,24.5,6.0,7.9,851.5,2.15,11.05,2.0,120.0,6.748173209157672,1.1474024528375417,2.489064659936664,4.795790545596741,1.0986122886681098,2.449489742783178
POND,MADHYA PRADESH,2018,23.0,7.55,7.35,347.5,1.5499999999999998,0.45,2.0,12.5,5.853638230200579,0.9360933591703348,0.37156355643248307,2.6026896854443837,1.0986122886681098,2.7477263328068173
POND,MADHYA PRADESH,2018,25.75,6.449999999999999,7.8500000000000005,540.5,4.2,6.7,801.0,823.5,6.294343066441045,1.6486586255873816,2.0412203288596382,6.714777141999654,6.687108607866515,2.539685019840059
POND,MADHYA PRADESH,2018,26.5,7.85,7.75,481.0,3.3,4.25,36.0,1060.0,6.1779441140506,1.4586150226995167,1.6582280766035324,6.966967138613983,3.6109179126442243,2.80178514522438
POND,MADHYA PRADESH,2018,25.5,7.35,8.35,591.0,1.3,0.5,2.0,50.0,6.3835066348840055,0.832909122935104,0.4054651081081644,3.9318256327243257,1.0986122886681098,2.711088342345192
POND,MADHYA PRADESH,2018,23.0,6.6,8.1,611.0,1.75,0.9,2.0,109.0,6.416732282512326,1.0116009116784799,0.6418538861723948,4.700480365792417,1.0986122886681098,2.569046515733026
LAKE,MEGHALAYA,2018,20.0,7.15,8.4,110.0,5.3,1.1,1850.0,4000.0,4.709530201312334,1.840549633397487,0.7419373447293773,8.294299608857235,7.523481312573497,2.6739483914241875
LAKE,MEGHALAYA,2018,15.5,7.6,7.55,157.5,5.0,0.35,1245.0,3300.0,5.065754593317335,1.791759469228055,0.3001045924503381,8.101980731853192,7.1276936993473985,2.756809750418044
LAKE,MEGHALAYA,2018,16.5,7.199999999999999,7.0,49.5,1.8,0.55,19.0,100.0,3.9219733362813143,1.0296194171811581,0.4382549309311553,4.61512051684126,2.995732273553991,2.6832815729997477
LAKE,MEGHALAYA,2018,19.5,5.35,7.550000000000001,120.0,7.3,1.3,2350.0,4700.0,4.795790545596741,2.1162555148025524,0.832909122935104,8.45553053102413,7.762596048540069,2.3130067012440754
LAKE,MEGHALAYA,2018,19.0,8.05,8.5,103.0,6.3,1.0,1700.0,3500.0,4.6443908991413725,1.9878743481543455,0.6931471805599453,8.160803920954665,7.438971592395862,2.8372521918222215
LAKE,MEGHALAYA,2018,20.5,4.6,8.350000000000001,111.5,6.0,0.65,1750.0,3400.0,4.722953221644475,1.9459101490553132,0.5007752879124893,8.131824785007195,7.467942332285852,2.1447610589527217
LAKE,MEGHALAYA,2018,22.5,6.9,7.1,71.5,1.7,0.35,30.0,147.0,4.283586561860629,0.9932517730102833,0.3001045924503381,4.997212273764115,3.4339872044851463,2.6267851073127395
LAKE,ODISHA,2018,27.5,7.7,7.550000000000001,176.5,2.45,0.75,1760.0,4715.0,5.178970608915471,1.2383742310432684,0.5596157879354227,8.458716261657262,7.473637108496206,2.7748873851023217
LAKE,ODISHA,2018,18.5,8.5,7.9,628.5,10.649999999999999,2.55,1660.0,5520.0,6.444925853484402,2.4553061800117093,1.2669476034873244,8.616314282284044,7.415175109613295,2.9154759474226504
LAKE,ODISHA,2018,27.5,7.85,7.35,172.0,2.4499999999999997,2.15,1210.0,1439.0,5.153291594497779,1.2383742310432684,1.1474024528375417,7.272398392570047,7.099201743553092,2.80178514522438
LAKE,ODISHA,2018,27.0,6.4,7.5,152.5,2.45,0.8500000000000001,1210.0,2739.0,5.033700567027251,1.2383742310432684,0.6151856390902335,7.9157131993821155,7.099201743553092,2.5298221281347035
LAKE,ODISHA,2018,27.5,7.9,7.55,155.5,2.8,1.25,1760.0,4646.5,5.0530560099802075,1.33500106673234,0.8109302162163288,8.4440847195956,7.473637108496206,2.8106938645110393
POND,ODISHA,2018,25.0,5.6,7.75,432.0,2.95,2.05,80065.0,80130.0,6.07073772800249,1.3737155789130306,1.1151415906193203,11.291418074414699,11.290606573530575,2.3664319132398464
POND,ODISHA,2018,26.0,9.2,8.55,824.5,6.65,1.95,8001.0,8001.0,6.715989263360183,2.0347056478384444,1.0818051703517284,8.98744678941718,8.98744678941718,3.03315017762062
POND,ODISHA,2018,26.0,10.35,8.15,1062.5,5.85,9.4,8001.0,8001.0,6.969320634640292,1.9242486522741338,2.341805806147327,8.98744678941718,8.98744678941718,3.2171415884290826
POND,ODISHA,2018,25.5,6.550000000000001,8.2,516.5,5.1,1.2,8039.0,27135.0,6.249009525139524,1.8082887711792655,0.7884573603642702,10.20861653859163,8.992184362173012,2.5592967784139455
POND,ODISHA,2018,25.0,7.25,7.8,897.0,10.25,4.2,8165.0,8395.0,6.8001700683022,2.4203681286504293,1.6486586255873816,9.035510680940524,9.007734471879521,2.692582403567252
POND,ODISHA,2018,28.0,9.8,7.75,466.0,10.450000000000001,1.0,8010.0,8065.0,6.1463292576688975,2.4379897300002487,0.6931471805599453,8.995412975433313,8.988570876215118,3.1304951684997055
POND,ODISHA,2018,24.0,7.05,7.65,366.0,1.75,1.3,1260.0,2172.5,5.905361848054571,1.0116009116784799,0.832909122935104,7.684094050428847,7.13966033596492,2.6551836094703507
POND,ODISHA,2018,27.5,9.25,8.100000000000001,807.5,10.3,3.5,8010.0,8085.0,6.695180679017161,2.424802725718295,1.5040773967762742,8.997889450200717,8.988570876215118,3.0413812651491097
LAKE,PUDUCHERRY,2018,31.5,7.2,7.55,541.5,1.5,0.85,53.5,175.0,6.296188085414615,0.9162907318741551,0.6151856390902334,5.170483995038151,3.9982007016691985,2.6832815729997477
LAKE,PUNJAB,2018,22.0,6.949999999999999,7.4,275.5,2.3,1.15,1215.0,2595.0,5.6222108209623896,1.1939224684724346,0.7654678421395714,7.86172707782398,7.103322062526113,2.6362852652928135
LAKE,PUNJAB,2018,23.0,7.05,7.45,284.0,2.3,1.0499999999999998,1165.0,2395.0,5.652489180268651,1.1939224684724346,0.7178397931503168,7.78155595923534,7.061334366910438,2.6551836094703507
LAKE,PUNJAB,2018,20.0,8.05,7.550000000000001,185.0,4.5,1.745,56.0,105.0,5.225746673713202,1.7047480922384253,1.009781074961494,4.663439094112067,4.04305126783455,2.8372521918222215
LAKE,RAJASTHAN,2018,24.0,6.6,8.4,615.0,1.45,2.4,190.5,89.0,6.423246963533519,0.8960880245566356,1.2237754316221157,4.499809670330265,5.2548878086207,2.569046515733026
LAKE,RAJASTHAN,2018,23.0,5.75,8.350000000000001,1270.0,2.85,1.35,21.0,89.0,7.147559271189454,1.3480731482996928,0.8544153281560676,4.499809670330265,3.091042453358316,2.3979157616563596
LAKE,RAJASTHAN,2018,23.5,4.0,7.300000000000001,540.0,5.55,2.1,13.5,67.0,6.293419278846481,1.8794650496471605,1.1314021114911006,4.219507705176107,2.6741486494265287,2.0
LAKE,RAJASTHAN,2018,23.5,6.7,8.3,695.0,2.1,2.4,15.5,112.5,6.54534966033442,1.1314021114911006,1.2237754316221157,4.7318028369214575,2.803360380906535,2.588435821108957
LAKE,RAJASTHAN,2018,27.6,7.25,8.2,305.0,1.6500000000000001,2.9,7.5,17.5,5.723585101952381,0.9745596399981309,1.3609765531356006,2.917770732084279,2.1400661634962708,2.692582403567252
LAKE,RAJASTHAN,2018,18.75,5.55,7.699999999999999,270.0,1.5,2.45,9.0,17.5,5.602118820879701,0.9162907318741551,1.2383742310432684,2.917770732084279,2.302585092994046,2.355843797877949
LAKE,RAJASTHAN,2018,24.5,4.050000000000001,7.8500000000000005,600.0,2.3000000000000003,2.25,35.5,85.0,6.398594934535208,1.1939224684724346,1.1786549963416462,4.454347296253507,3.597312260588446,2.012461179749811
LAKE,RAJASTHAN,2018,25.0,6.35,7.800000000000001,270.0,2.1,2.45,9.0,17.5,5.602118820879701,1.1314021114911006,1.2383742310432684,2.917770732084279,2.302585092994046,2.5199206336708304
LAKE,RAJASTHAN,2018,23.5,4.45,8.15,610.0,1.95,2.6,13.5,60.5,6.415096959171596,1.0818051703517284,1.2809338454620642,4.119037174812473,2.6741486494265287,2.1095023109728985
LAKE,RAJASTHAN,2018,23.0,4.5,8.15,600.0,1.9500000000000002,2.45,10.5,51.5,6.398594934535208,1.0818051703517284,1.2383742310432684,3.960813169597578,2.4423470353692043,2.1213203435596424
LAKE,RAJASTHAN,2018,20.0,4.800000000000001,7.75,740.0,2.6500000000000004,2.25,14.0,60.5,6.608000625296087,1.2947271675944003,1.1786549963416462,4.119037174812473,2.70805020110221,2.1908902300206647
LAKE,RAJASTHAN,2018,23.5,4.45,7.550000000000001,870.0,2.4000000000000004,2.7,21.0,112.5,6.769641976852503,1.2237754316221159,1.308332819650179,4.7318028369214575,3.091042453358316,2.1095023109728985
LAKE,RAJASTHAN,2018,25.0,4.5,8.1,2870.0,15.6,1.55,48.0,180.0,7.962415680121064,2.8094026953624978,0.9360933591703349,5.198497031265826,3.8918202981106265,2.1213203435596424
POND,RAJASTHAN,2018,23.0,6.7,8.0,420.0,1.4500000000000002,2.8,9.0,19.5,6.042632833682381,0.8960880245566357,1.33500106673234,3.0204248861443626,2.302585092994046,2.588435821108957
LAKE,TAMIL NADU,2018,21.0,6.95,6.85,132.5,4.1,1.3499999999999999,56.0,66.0,4.894101477840304,1.62924053973028,0.8544153281560676,4.204692619390966,4.04305126783455,2.6362852652928135
LAKE,TAMIL NADU,2018,17.0,4.3,6.95,318.0,7.3999999999999995,1.95,1155.0,2545.0,5.765191102784844,2.128231705849268,1.0818051703517284,7.842278779117352,7.052721049232323,2.073644135332772
LAKE,TAMIL NADU,2018,26.5,7.4,7.050000000000001,356.0,4.45,1.0,354.0,890.0,5.877735781779639,1.6956156086751528,0.6931471805599453,6.792344427470809,5.872117789475416,2.7202941017470885
LAKE,TAMIL NADU,2018,31.5,5.9,7.9,392.5,3.9000000000000004,0.65,567.0,1465.0,5.975081067857458,1.589235205116581,0.5007752879124893,7.290292882446597,6.342121418721152,2.4289915602982237
LAKE,TAMIL NADU,2018,20.05,5.25,8.0,1487.0,19.0,0.65,231.0,1355.0,7.305188215393037,2.995732273553991,0.5007752879124893,7.212294468500341,5.44673737166631,2.29128784747792
LAKE,TAMIL NADU,2018,31.0,5.9,8.35,485.5,6.0,0.7000000000000001,106.0,1240.0,6.1872369016260595,1.9459101490553132,0.5306282510621704,7.123672785204607,4.672828834461906,2.4289915602982237
LAKE,TAMIL NADU,2018,31.0,6.05,7.699999999999999,866.5,9.5,0.65,171.0,1560.0,6.765615511821014,2.3513752571634776,0.5007752879124893,7.353081920515432,5.147494476813453,2.4596747752497685
LAKE,TELANGANA,2018,24.5,1.1500000000000001,7.55,1396.0,16.0,13.799999999999999,250.0,7630.0,7.242082359256962,2.833213344056216,2.6946271807700692,8.939974177289633,5.5254529391317835,1.0723805294763609
LAKE,TELANGANA,2018,30.0,0.3,7.4,1399.5,21.0,12.350000000000001,230.0,7510.0,7.2445845947001635,3.091042453358316,2.591516384846259,8.924123891686012,5.442417710521793,0.5477225575051661
LAKE,TELANGANA,2018,28.5,5.8,8.35,340.0,2.0,1.3,16.0,105.0,5.831882477283517,1.0986122886681098,0.832909122935104,4.663439094112067,2.833213344056216,2.4083189157584592
LAKE,TELANGANA,2018,26.5,3.85,7.75,1333.0,12.0,3.35,91.0,4070.0,7.195937226475569,2.5649493574615367,1.4701758451005926,8.31164394850298,4.5217885770490405,1.9621416870348585
LAKE,TELANGANA,2018,30.0,1.95,7.6,1516.5,13.0,6.85,111.0,6040.0,7.3248195229336535,2.6390573296152584,2.060513531794317,8.706324840138741,4.718498871295094,1.396424004376894
LAKE,TELANGANA,2018,28.0,0.3,7.7,2429.0,34.5,12.600000000000001,410.0,5685.0,7.795646536334594,3.56953269648137,2.6100697927420065,8.645762292210945,6.018593214496234,0.5477225575051661
LAKE,TELANGANA,2018,29.0,5.949999999999999,7.699999999999999,302.5,2.5,0.8,13.5,155.0,5.715381610499553,1.252762968495368,0.5877866649021191,5.049856007249537,2.6741486494265287,2.4392621835300936
LAKE,TELANGANA,2018,26.5,4.95,7.6,603.0,5.0,1.45,61.0,255.0,6.403574197934815,1.791759469228055,0.8960880245566356,5.545177444479562,4.127134385045092,2.224859546128699
LAKE,TELANGANA,2018,27.5,2.5,7.5,1230.0,11.0,7.05,161.0,4060.0,7.115582126184454,2.4849066497880004,2.0856720914304723,8.309184527686298,5.087596335232384,1.5811388300841898
LAKE,TELANGANA,2018,27.5,0.6000000000000001,7.35,1309.5,24.5,9.05,401.0,8310.0,7.178164022763461,3.2386784521643803,2.307572634505085,9.025335217553026,5.996452088619021,0.7745966692414834
LAKE,TELANGANA,2018,24.5,1.15,7.6,1500.0,15.0,11.5,401.0,7088.0,7.313886831633462,2.772588722239781,2.5257286443082556,8.866299565855018,5.996452088619021,1.0723805294763609
LAKE,TELANGANA,2018,26.5,0.5,7.7,1398.5,17.0,9.7,401.0,5305.0,7.2438703089555085,2.8903717578961645,2.3702437414678603,8.576593534697684,5.996452088619021,0.7071067811865476
LAKE,TELANGANA,2018,23.5,0.5,7.4,1088.0,36.0,9.15,401.0,6610.0,6.9930151229329605,3.6109179126442243,2.3174737054877963,8.796490207333578,5.996452088619021,0.7071067811865476
LAKE,TELANGANA,2018,27.0,0.3,7.199999999999999,1489.0,27.5,24.25,211.0,410.5,7.306531398939505,3.349904087274605,3.228826155721369,6.019809020117124,5.356586274672012,0.5477225575051661
LAKE,TELANGANA,2018,30.0,2.75,7.800000000000001,1646.0,16.0,12.6,111.0,297.0,7.4067107301776405,2.833213344056216,2.6100697927420065,5.697093486505405,4.718498871295094,1.6583123951777
POND,TELANGANA,2018,28.5,0.3,7.75,1566.0,21.0,14.2,45.0,5450.0,7.356918242356021,3.091042453358316,2.7212954278522306,8.603554357064281,3.828641396489095,0.5477225575051661
POND,TELANGANA,2018,28.0,4.8,7.75,592.0,2.5,1.9000000000000001,12.5,408.5,6.385194398997726,1.252762968495368,1.0647107369924285,6.014936903293124,2.6026896854443837,2.1908902300206643
POND,TELANGANA,2018,31.0,2.45,7.65,1193.5,11.0,13.25,111.0,4935.0,7.0854829667658645,2.4849066497880004,2.6567569067146595,8.504310565585223,4.718498871295094,1.5652475842498528
POND,TELANGANA,2018,30.0,0.5,7.5,1649.0,20.0,25.55,261.0,6118.0,7.408530566894626,3.044522437723423,3.279029747687948,8.71915396346254,5.568344503761097,0.7071067811865476
POND,TELANGANA,2018,29.0,1.3,7.550000000000001,1265.5,14.0,11.0,245.0,6090.0,7.14401246944173,2.70805020110221,2.4849066497880004,8.714567550836485,5.5053315359323625,1.140175425099138
POND,TELANGANA,2018,28.0,1.0,7.65,1474.0,22.0,12.5,401.0,5331.0,7.29641326877392,3.1354942159291497,2.6026896854443837,8.5814816812986,5.996452088619021,1.0
POND,TELANGANA,2018,28.0,2.95,7.699999999999999,1401.5,9.0,5.5,211.0,2828.0,7.246011637396851,2.302585092994046,1.8718021769015913,7.947678571301568,5.356586274672012,1.7175564037317668
POND,TELANGANA,2018,26.5,0.95,7.6,1500.5,26.0,5.2,241.0,860.0,7.314219887423385,3.295836866004329,1.824549292051046,6.7580945044277305,5.488937726156687,0.9746794344808963
TANK,TELANGANA,2018,27.0,5.6,7.95,333.5,2.5,0.5,13.0,104.0,5.8126368795682835,1.252762968495368,0.4054651081081644,4.653960350157523,2.6390573296152584,2.3664319132398464
TANK,TELANGANA,2018,24.5,5.85,8.0,705.0,31.5,12.65,65.0,753.5,6.559615237493242,3.481240089335692,2.613739521630969,6.626055278207904,4.189654742026425,2.4186773244895647
TANK,TELANGANA,2018,29.0,6.35,7.55,2098.0,20.0,26.349999999999998,128.0,2062.0,7.649216319820633,3.044522437723423,3.3087165288679903,7.631916513071252,4.859812404361672,2.5199206336708304
TANK,TELANGANA,2018,26.5,4.800000000000001,7.0,3840.0,20.0,28.25,51.0,852.0,8.253488028345904,3.044522437723423,3.3758795736778655,6.748759547491679,3.9512437185814275,2.1908902300206647
TANK,TELANGANA,2018,30.0,0.85,7.4,3840.0,28.0,5.95,271.0,860.0,8.253488028345904,3.367295829986474,1.9387416595767009,6.7580945044277305,5.605802066295998,0.9219544457292888
TANK,TELANGANA,2018,28.0,0.3,7.65,1727.5,31.5,6.65,427.5,9160.0,7.455009259361679,3.481240089335692,2.0347056478384444,9.122710622015209,6.060290738037835,0.5477225575051661
TANK,TELANGANA,2018,27.0,5.35,7.9,371.0,41.5,2.55,13.5,152.0,5.918893854273146,3.7495040759303713,1.2669476034873244,5.030437921392435,2.6741486494265287,2.3130067012440754
TANK,TELANGANA,2018,28.0,3.5,8.05,1462.0,15.0,6.7,51.0,8457.5,7.288244401020124,2.772588722239781,2.0412203288596382,9.042927131915347,3.9512437185814275,1.8708286933869707
TANK,TELANGANA,2018,26.5,5.65,7.1,1093.0,5.5,22.5,51.0,686.0,6.9975959829819265,1.8718021769015913,3.1570004211501135,6.532334292222349,3.9512437185814275,2.3769728648009427
TANK,TELANGANA,2018,27.0,2.3499999999999996,7.449999999999999,1607.0,71.5,10.1,111.0,812.0,7.382746449738912,4.283586561860629,2.4069451083182885,6.70073110954781,4.718498871295094,1.532970971675589
TANK,TELANGANA,2018,27.0,0.9500000000000001,7.2,1300.0,72.5,17.8,14.5,288.0,7.170888478512505,4.297285406218791,2.9338568698359038,5.666426688112432,2.740840023925201,0.9746794344808964
TANK,TELANGANA,2018,28.0,4.2,7.1,773.0,4.0,2.55,7.0,38.0,6.651571873589727,1.6094379124341003,1.2669476034873244,3.6635616461296463,2.0794415416798357,2.04939015319192
TANK,TELANGANA,2018,28.5,4.7,7.9,722.0,13.0,5.6,44.5,127.5,6.583409222158765,2.6390573296152584,1.8870696490323797,4.855928904335275,3.817712325956905,2.16794833886788
TANK,TELANGANA,2018,28.0,0.3,7.199999999999999,1596.5,25.5,20.7,125.5,293.0,7.37619518625169,3.2771447329921766,3.077312260546414,5.683579767338681,4.840242308167575,0.5477225575051661
TANK,TELANGANA,2018,26.5,7.1,7.25,3840.0,12.5,17.45,3.5,30.5,8.253488028345904,2.6026896854443837,2.915064370486536,3.449987545831587,1.5040773967762742,2.6645825188948455
TANK,TELANGANA,2018,26.0,5.7,6.6,860.5,46.5,28.25,17.0,49.0,6.758675055967984,3.8607297110405954,3.3758795736778655,3.912023005428146,2.8903717578961645,2.3874672772626644
TANK,TELANGANA,2018,25.5,7.55,7.65,703.5,6.5,8.45,32.0,51.0,6.557488331338735,2.0149030205422647,2.2460147415056513,3.9512437185814275,3.4965075614664802,2.7477263328068173
TANK,TELANGANA,2018,27.5,0.5,7.25,848.0,25.0,28.25,401.0,811.5,6.744059186311348,3.258096538021482,3.3758795736778655,6.700115914203892,5.996452088619021,0.7071067811865476
TANK,TELANGANA,2018,27.5,2.15,7.9,1523.5,35.5,28.15,211.0,809.5,7.329421766428309,3.597312260588446,3.3724549127965013,6.697651341175731,5.356586274672012,1.466287829861518
TANK,TELANGANA,2018,27.0,6.800000000000001,7.45,1172.5,9.5,24.4,8.0,129.5,7.067746015291078,2.3513752571634776,3.2347491740244907,4.871373226762748,2.1972245773362196,2.6076809620810595
TANK,TELANGANA,2018,26.0,6.7,7.75,1156.0,8.5,14.8,7.0,94.5,7.053585727193677,2.2512917986064953,2.760009940032921,4.5591262474866845,2.0794415416798357,2.588435821108957
TANK,TELANGANA,2018,25.5,6.15,6.9,1209.0,7.0,13.25,31.0,36.5,7.098375638590786,2.0794415416798357,2.6567569067146595,3.624340932976365,3.4657359027997265,2.479919353527449
TANK,TELANGANA,2018,26.5,6.199999999999999,7.2,1818.0,8.5,26.55,4.5,69.0,7.506042178518122,2.2512917986064953,3.3160025355989236,4.248495242049359,1.7047480922384253,2.4899799195977463
TANK,TELANGANA,2018,25.5,5.2,7.65,1654.0,4.1,25.0,2.5,48.0,7.411556287811163,1.62924053973028,3.258096538021482,3.8918202981106265,1.252762968495368,2.280350850198276
TANK,TELANGANA,2018,26.5,7.25,7.45,1968.0,7.9,28.25,3.0,59.5,7.585281078639126,2.186051276738094,3.3758795736778655,4.102643365036796,1.3862943611198906,2.692582403567252
TANK,TELANGANA,2018,26.5,6.85,7.949999999999999,2980.0,9.4,28.25,4.0,73.0,8.000014093678072,2.341805806147327,3.3758795736778655,4.30406509320417,1.6094379124341003,2.6172504656604803
TANK,TELANGANA,2018,26.5,3.6500000000000004,7.95,1114.5,14.0,8.75,48.0,274.5,7.017058013872587,2.70805020110221,2.277267285009756,5.6185876285929695,3.8918202981106265,1.91049731745428
TANK,TELANGANA,2018,27.5,3.5,7.35,1126.0,16.0,6.45,22.5,281.0,7.027314514039777,2.833213344056216,2.0082140323914683,5.641907070938114,3.1570004211501135,1.8708286933869707
TANK,TELANGANA,2018,27.25,3.3499999999999996,7.65,1417.5,12.0,1.5,27.0,256.5,7.257355254248906,2.5649493574615367,0.9162907318741551,5.551019720103791,3.332204510175204,1.8303005217723125
TANK,TELANGANA,2018,24.5,5.300000000000001,6.9,2442.5,10.5,28.25,33.5,66.0,7.80118671671021,2.4423470353692043,3.3758795736778655,4.204692619390966,3.5409593240373143,2.302172886644268
LAKE,TRIPURA,2018,25.25,7.4,7.95,115.0,0.6000000000000001,0.44999999999999996,130.0,250.0,4.7535901911063645,0.47000362924573563,0.371563556432483,5.5254529391317835,4.875197323201151,2.7202941017470885
LAKE,TRIPURA,2018,25.0,7.1000000000000005,7.25,147.0,1.75,0.55,140.0,280.0,4.997212273764115,1.0116009116784799,0.4382549309311553,5.638354669333745,4.948759890378168,2.6645825188948455
LAKE,TRIPURA,2018,24.75,7.0,7.15,100.0,0.6000000000000001,0.35,132.0,245.0,4.61512051684126,0.47000362924573563,0.3001045924503381,5.5053315359323625,4.890349128221754,2.6457513110645907
LAKE,TRIPURA,2018,26.25,7.449999999999999,7.550000000000001,167.0,1.4,0.5,130.0,250.0,5.123963979403259,0.8754687373538999,0.4054651081081644,5.5254529391317835,4.875197323201151,2.729468812791236
LAKE,TRIPURA,2018,26.25,7.85,7.5,148.5,1.5499999999999998,0.5,205.0,360.0,5.0072963928307415,0.9360933591703348,0.4054651081081644,5.8888779583328805,5.327876168789581,2.80178514522438
POND,TRIPURA,2018,24.5,6.0,7.75,105.5,0.6000000000000001,0.35,140.0,280.0,4.66814498514948,0.47000362924573563,0.3001045924503381,5.638354669333745,4.948759890378168,2.449489742783178
POND,TRIPURA,2018,25.25,6.300000000000001,7.75,114.5,0.6000000000000001,0.44999999999999996,140.0,250.0,4.749270529961848,0.47000362924573563,0.371563556432483,5.5254529391317835,4.948759890378168,2.5099800796022267
POND,TRIPURA,2018,25.0,7.7,8.0,125.0,0.8,0.5,190.0,325.0,4.836281906951478,0.5877866649021191,0.4054651081081644,5.786897381366708,5.25227342804663,2.7748873851023217
POND,TRIPURA,2018,25.0,7.75,7.9,111.0,0.65,0.45,140.0,285.0,4.718498871295094,0.5007752879124893,0.37156355643248307,5.655991810819852,4.948759890378168,2.7838821814150108
POND,TRIPURA,2018,25.0,7.800000000000001,7.85,124.5,0.7,0.30000000000000004,140.0,285.0,4.832305758571839,0.5306282510621704,0.26236426446749106,5.655991810819852,4.948759890378168,2.7928480087537886
POND,TRIPURA,2018,26.25,6.4,6.699999999999999,163.0,1.6500000000000001,0.4,145.0,285.0,5.099866427824199,0.9745596399981309,0.33647223662121295,5.655991810819852,4.983606621708336,2.5298221281347035
POND,TRIPURA,2018,26.75,6.6,7.800000000000001,167.5,1.55,0.4,180.0,285.0,5.126935749792416,0.9360933591703349,0.33647223662121295,5.655991810819852,5.198497031265826,2.569046515733026
POND,TRIPURA,2018,26.75,8.2,7.1,173.5,2.3,0.6000000000000001,205.0,335.0,5.161924741642482,1.1939224684724346,0.47000362924573563,5.817111159963204,5.327876168789581,2.8635642126552705
POND,TRIPURA,2018,26.0,7.5,7.45,142.0,1.25,0.4,140.0,250.0,4.962844630259907,0.8109302162163288,0.33647223662121295,5.5254529391317835,4.948759890378168,2.7386127875258306
POND,TRIPURA,2018,26.25,6.949999999999999,7.050000000000001,133.0,1.2,0.6000000000000001,185.0,285.0,4.897839799950911,0.7884573603642702,0.47000362924573563,5.655991810819852,5.225746673713202,2.6362852652928135
LAKE,"UTTAR 
PRADESH",2018,24.0,6.5,7.949999999999999,364.0,4.5,0.95,6000.0,8200.0,5.8998973535824915,1.7047480922384253,0.6678293725756554,9.012011377036412,8.699681400989514,2.5495097567963922
LAKE,WEST BENGAL,2018,26.5,10.35,8.149999999999999,333.0,3.9,0.44999999999999996,65350.0,115650.0,5.811140992976701,1.589235205116581,0.371563556432483,11.658332314401276,11.087528021154112,3.2171415884290826
LAKE,WEST BENGAL,2018,28.0,10.35,8.100000000000001,674.0,12.350000000000001,1.75,81500.0,100000.0,6.51471269087253,2.591516384846259,1.0116009116784799,11.51293546492023,11.308370569092329,3.2171415884290826
LAKE,WEST BENGAL,2018,28.0,10.35,8.25,669.5,21.6,1.745,125000.0,165000.0,6.508023702721733,3.1179499062782403,1.009781074961494,12.013706813470414,11.736077016252437,3.2171415884290826
LAKE,WEST BENGAL,2018,28.0,10.35,8.3,679.5,22.85,1.35,71500.0,96500.0,6.522827822091521,3.1717842173343502,0.8544153281560676,11.477308649967686,11.177466714598282,3.2171415884290826
LAKE,WEST BENGAL,2018,19.5,7.4,7.449999999999999,101.0,2.5,0.25,5800.0,18500.0,4.624972813284271,1.252762968495368,0.22314355131420976,9.825580063659602,8.665785595466064,2.7202941017470885
LAKE,WEST BENGAL,2018,14.0,6.7,7.5,142.5,3.0,0.44999999999999996,5100.0,15500.0,4.966335035199676,1.3862943611198906,0.371563556432483,9.648659816955295,8.537191877922927,2.588435821108957
LAKE,WEST BENGAL,2018,16.5,7.85,7.5,38.0,1.7,0.3,225.0,830.0,3.6635616461296463,0.9932517730102833,0.262364264467491,6.7226297948554485,5.420534999272286,2.80178514522438
LAKE,WEST BENGAL,2018,14.0,8.0,7.65,28.5,1.35,0.25,215.0,770.0,3.3843902633457743,0.8544153281560676,0.22314355131420976,6.647688373563329,5.375278407684165,2.8284271247461903
LAKE,WEST BENGAL,2018,26.0,6.9,7.5,211.0,2.15,1.745,5050.0,7700.0,5.356586274672012,1.1474024528375417,1.009781074961494,8.94910546953925,8.527341522468053,2.6267851073127395
LAKE,WEST BENGAL,2018,24.75,6.8999999999999995,7.55,494.0,3.15,1.745,7000.0,11000.0,6.20455776256869,1.423108334242607,1.009781074961494,9.305741456739435,8.853808274977197,2.6267851073127395
LAKE,"ANDHRA 
PRADESH",2019,27.0,5.9,7.75,1332.0,2.9000000000000004,2.91,17.0,625.0,7.195187320178709,1.3609765531356008,1.3635373739972745,6.439350371100098,2.8903717578961645,2.4289915602982237
TANK,"ANDHRA 
PRADESH",2019,30.5,4.65,7.35,663.0,12.0,2.2,150.0,900.0,6.498282149476434,2.5649493574615367,1.1631508098056809,6.803505257608338,5.017279836814924,2.1563858652847827
LAKE,ASSAM,2019,28.0,7.8,7.55,208.5,3.75,1.55,181.0,930.0,5.344723739362192,1.55814461804655,0.9360933591703349,6.836259277277067,5.204006687076795,2.792848008753788
LAKE,ASSAM,2019,22.5,4.3,7.0,128.5,9.65,1.6,515.0,1360.0,4.863680881139593,2.365559892155434,0.9555114450274363,7.215975002651466,6.246106765481563,2.073644135332772
LAKE,ASSAM,2019,29.0,5.2,7.65,132.0,2.2,1.4500000000000002,181.0,1300.0,4.890349128221754,1.1631508098056809,0.8960880245566357,7.170888478512505,5.204006687076795,2.280350850198276
LAKE,ASSAM,2019,28.0,6.85,7.5,210.5,3.5999999999999996,1.6,366.0,1110.0,5.354224998486333,1.5260563034950492,0.9555114450274363,7.01301578963963,5.905361848054571,2.6172504656604803
LAKE,ASSAM,2019,23.0,4.75,6.9,107.0,2.6,1.0,515.0,1360.0,4.68213122712422,1.2809338454620642,0.6931471805599453,7.215975002651466,6.246106765481563,2.179449471770337
LAKE,ASSAM,2019,24.5,5.9,7.25,39.0,1.7999999999999998,0.9,151.0,361.0,3.6888794541139363,1.0296194171811581,0.6418538861723948,5.8916442118257715,5.0238805208462765,2.4289915602982237
POND,ASSAM,2019,27.0,3.65,7.55,674.5,10.1,2.05,366.0,1580.0,6.515453157400254,2.4069451083182885,1.1151415906193203,7.365812837209472,5.905361848054571,1.91049731745428
POND,ASSAM,2019,20.5,4.25,7.0,143.0,2.9,1.4,700.0,1900.0,4.969813299576001,1.3609765531356006,0.8754687373538999,7.550135342488429,6.55250788703459,2.0615528128088303
POND,ASSAM,2019,26.5,6.9,7.4,33.0,2.0,1.0,181.0,366.0,3.5263605246161616,1.0986122886681098,0.6931471805599453,5.905361848054571,5.204006687076795,2.6267851073127395
POND,ASSAM,2019,24.5,6.25,6.9,130.0,2.4000000000000004,0.75,366.0,751.0,4.875197323201151,1.2237754316221159,0.5596157879354227,6.62273632394984,5.905361848054571,2.5
POND,ASSAM,2019,25.0,6.5,7.300000000000001,66.0,2.55,1.1,366.0,751.0,4.204692619390966,1.2669476034873244,0.7419373447293773,6.62273632394984,5.905361848054571,2.5495097567963922
POND,ASSAM,2019,26.5,7.4,8.15,169.0,4.0,1.7,605.0,1360.0,5.135798437050262,1.6094379124341003,0.9932517730102833,7.215975002651466,6.406879986069314,2.7202941017470885
POND,ASSAM,2019,26.0,7.4,8.2,80.0,3.65,1.65,900.0,1760.0,4.394449154672439,1.536867219599265,0.9745596399981308,7.473637108496206,6.803505257608338,2.7202941017470885
POND,ASSAM,2019,26.0,7.4,8.0,128.5,4.9,1.35,551.0,1530.0,4.863680881139593,1.7749523509116738,0.8544153281560676,7.333676395657684,6.313548046277095,2.7202941017470885
POND,ASSAM,2019,28.5,5.75,6.9,71.0,5.2,1.5,366.0,1530.0,4.276666119016055,1.824549292051046,0.9162907318741551,7.333676395657684,5.905361848054571,2.3979157616563596
POND,ASSAM,2019,28.0,7.0,7.699999999999999,67.0,3.2,1.05,515.0,1330.0,4.219507705176107,1.4350845252893227,0.7178397931503169,7.193685818395112,6.246106765481563,2.6457513110645907
POND,ASSAM,2019,27.5,9.1,7.8999999999999995,257.0,4.05,1.8,700.0,1765.0,5.552959584921617,1.6193882432872684,1.0296194171811581,7.476472381163905,6.55250788703459,3.0166206257996713
POND,ASSAM,2019,26.0,7.5,7.699999999999999,444.0,4.55,1.75,1750.0,6700.0,6.09807428216624,1.713797927758343,1.0116009116784799,8.81001204797317,7.467942332285852,2.7386127875258306
POND,ASSAM,2019,27.0,8.600000000000001,8.3,159.0,7.8,2.0,1150.0,1855.0,5.075173815233827,2.174751721484161,1.0986122886681098,7.526178913346146,7.048386408721883,2.932575659723036
POND,ASSAM,2019,25.5,8.15,7.05,107.0,1.8,1.75,510.0,1330.0,4.68213122712422,1.0296194171811581,1.0116009116784799,7.193685818395112,6.236369590203704,2.8548204847240397
POND,ASSAM,2019,28.5,8.0,8.0,53.5,3.0,1.2000000000000002,751.0,2510.0,3.9982007016691985,1.3862943611198906,0.7884573603642703,7.828436359157585,6.62273632394984,2.8284271247461903
POND,ASSAM,2019,30.5,5.15,7.65,63.0,2.7,1.4,351.0,930.0,4.1588830833596715,1.308332819650179,0.8754687373538999,6.836259277277067,5.863631175598097,2.2693611435820435
POND,ASSAM,2019,29.5,4.3,7.6,53.5,1.85,1.5499999999999998,900.0,1765.0,3.9982007016691985,1.0473189942805592,0.9360933591703348,7.476472381163905,6.803505257608338,2.073644135332772
POND,ASSAM,2019,29.0,4.45,8.0,86.0,1.7999999999999998,1.35,366.0,1230.0,4.465908118654584,1.0296194171811581,0.8544153281560676,7.115582126184454,5.905361848054571,2.1095023109728985
POND,ASSAM,2019,24.5,5.25,7.0,106.0,2.7,2.25,181.0,1550.0,4.672828834461906,1.308332819650179,1.1786549963416462,7.346655163176539,5.204006687076795,2.29128784747792
POND,ASSAM,2019,25.0,7.25,6.8,31.0,2.0,0.95,366.0,456.0,3.4657359027997265,1.0986122886681098,0.6678293725756554,6.124683390894205,5.905361848054571,2.692582403567252
POND,ASSAM,2019,25.5,6.35,6.9,29.0,2.45,0.95,456.0,1401.0,3.4011973816621555,1.2383742310432684,0.6678293725756554,7.2456550675945355,6.124683390894205,2.5199206336708304
POND,ASSAM,2019,25.0,7.2,7.35,38.5,1.9,1.1,751.0,2130.0,3.676300671907076,1.0647107369924282,0.7419373447293773,7.664346632098617,6.62273632394984,2.6832815729997477
POND,ASSAM,2019,25.5,6.0,7.1,70.0,2.2,1.3,351.0,751.0,4.2626798770413155,1.1631508098056809,0.832909122935104,6.62273632394984,5.863631175598097,2.449489742783178
POND,ASSAM,2019,23.5,4.699999999999999,6.95,135.5,2.6,1.15,2.0,366.0,4.916324614625014,1.2809338454620642,0.7654678421395714,5.905361848054571,1.0986122886681098,2.16794833886788
POND,ASSAM,2019,28.5,7.6499999999999995,7.8,346.0,3.3499999999999996,1.8,1710.0,6700.0,5.849324779946859,1.4701758451005926,1.0296194171811581,8.81001204797317,7.444833273892193,2.765863337187866
POND,ASSAM,2019,26.0,6.85,7.3,37.0,2.6,1.1,751.0,2151.0,3.6375861597263857,1.2809338454620642,0.7419373447293773,7.674152921281675,6.62273632394984,2.6172504656604803
POND,ASSAM,2019,29.0,6.9,7.5,51.0,2.15,0.95,151.0,351.0,3.9512437185814275,1.1474024528375417,0.6678293725756554,5.863631175598097,5.0238805208462765,2.6267851073127395
TANK,ASSAM,2019,24.5,6.5,7.25,28.5,1.85,1.0,181.0,301.0,3.3843902633457743,1.0473189942805592,0.6931471805599453,5.71042701737487,5.204006687076795,2.5495097567963922
LAKE,BIHAR,2019,24.0,9.55,7.949999999999999,302.5,2.8,0.09,5500.0,11000.0,5.715381610499553,1.33500106673234,0.08617769624105233,9.305741456739435,8.612685172875459,3.0903074280724887
LAKE,BIHAR,2019,25.5,10.35,8.75,629.0,5.7,0.845,11090.0,27600.0,6.4457198193855785,1.9021075263969205,0.6124792774924905,10.225607282932941,9.313889247604742,3.2171415884290826
LAKE,BIHAR,2019,24.5,8.75,8.75,1029.0,9.2,1.075,18200.0,81650.0,6.937314081223682,2.322387720290225,0.7299611536826616,11.31020934572104,9.809231816610408,2.958039891549808
POND,BIHAR,2019,27.0,8.65,7.4,839.0,3.2,1.375,12050.0,18050.0,6.733401891837359,1.4350845252893227,0.8649974374866045,9.800956363888462,9.396902923027392,2.9410882339705484
POND,BIHAR,2019,26.5,8.8,8.2,619.5,3.3,1.015,8965.0,19150.0,6.430525604644662,1.4586150226995167,0.7006191953986463,9.860110212566559,9.101194924715385,2.9664793948382653
LAKE,CHHATTISGARH,2019,31.0,6.35,7.35,663.0,6.65,0.025,91.0,801.0,6.498282149476434,2.0347056478384444,0.0246926125903715,6.687108607866515,4.5217885770490405,2.5199206336708304
POND,CHHATTISGARH,2019,27.0,6.5,7.4,663.0,5.4,0.025,141.0,801.0,6.498282149476434,1.8562979903656263,0.0246926125903715,6.687108607866515,4.955827057601261,2.5495097567963922
LAKE,DELHI,2019,14.0,6.8,7.4,1014.5,16.0,2.86,11000.0,17000.0,6.92313638102044,2.833213344056216,1.3506671834767394,9.741027444837728,9.305741456739435,2.6076809620810595
LAKE,DELHI,2019,26.0,5.75,7.15,269.0,4.3999999999999995,1.745,1210.0,8700.0,5.598421958998375,1.6863989535702286,1.009781074961494,9.071193240566025,7.099201743553092,2.3979157616563596
LAKE,DELHI,2019,14.0,10.35,8.75,808.0,30.0,1.02,49000.0,130000.0,6.695798917058491,3.4339872044851463,0.7030975114131134,11.775297421715827,10.799595985047786,3.2171415884290826
LAKE,GOA,2019,29.0,7.65,7.1,106.5,4.5,0.245,56.0,1060.0,4.677490847567717,1.7047480922384253,0.21913552991667093,6.966967138613983,4.04305126783455,2.7658633371878665
LAKE,GOA,2019,28.0,4.15,7.050000000000001,1219.0,4.5,1.745,2695.0,4345.0,7.106606137727303,1.7047480922384253,1.009781074961494,8.377011160816375,7.899524472032198,2.0371548787463363
LAKE,GOA,2019,28.5,7.05,7.05,194.5,4.5,3.9,2460.0,3970.0,5.27556037942542,1.7047480922384253,1.589235205116581,8.286773231131251,7.8083230503910555,2.6551836094703507
LAKE,GOA,2019,29.0,3.45,7.05,327.0,4.5,1.27,15950.0,53000.0,5.793013608384144,1.7047480922384253,0.8197798314933114,10.87806606028079,9.677276802172448,1.857417562100671
LAKE,GOA,2019,31.5,7.35,6.8,253.5,4.5,1.745,2550.0,6725.0,5.539300835990577,1.7047480922384253,1.009781074961494,8.813735892300215,7.844240718141811,2.711088342345192
LAKE,GOA,2019,28.0,7.9,6.65,97.5,4.5,1.745,3600.0,8150.0,4.590056548178043,1.7047480922384253,1.009781074961494,9.005895898094458,8.188966863648876,2.8106938645110393
LAKE,GUJARAT,2019,27.5,7.4,8.6,2905.0,17.5,0.175,29.0,330.0,7.974532844130228,2.917770732084279,0.16126814759612226,5.802118375377063,3.4011973816621555,2.7202941017470885
LAKE,GUJARAT,2019,28.5,7.1499999999999995,7.8500000000000005,471.0,8.5,0.14,35.0,246.0,6.156978985585555,2.2512917986064953,0.13102826240640408,5.5093883366279774,3.58351893845611,2.6739483914241875
LAKE,GUJARAT,2019,14.5,7.15,7.95,257.0,0.6000000000000001,0.5549999999999999,3.0,25.5,5.552959584921617,0.47000362924573563,0.4414755456311974,3.2771447329921766,1.3862943611198906,2.6739483914241875
LAKE,GUJARAT,2019,15.15,3.75,7.85,2222.5,5.95,0.5800000000000001,118.0,351.5,7.706837809950751,1.9387416595767009,0.4574248470388755,5.8650506222523235,4.77912349311153,1.9364916731037085
LAKE,GUJARAT,2019,27.0,7.25,8.35,1383.5,2.85,0.15,68.5,140.0,7.233094342611016,1.3480731482996928,0.1397619423751587,4.948759890378168,4.241326752570746,2.692582403567252
LAKE,GUJARAT,2019,26.5,5.300000000000001,7.8999999999999995,1690.0,3.35,3.06,62.0,188.0,7.43307534889858,1.4701758451005926,1.4011829736136414,5.241747015059643,4.143134726391533,2.302172886644268
LAKE,GUJARAT,2019,25.5,6.0,7.6499999999999995,486.0,5.199999999999999,0.29000000000000004,7.0,21.0,6.18826412308259,1.8245492920510458,0.25464221837358075,3.091042453358316,2.0794415416798357,2.449489742783178
LAKE,GUJARAT,2019,23.0,9.3,7.9,1068.5,72.5,0.04,6.5,29.5,6.9749465285224606,4.297285406218791,0.039220713153281295,3.417726683613366,2.0149030205422647,3.0495901363953815
LAKE,GUJARAT,2019,27.0,5.35,8.3,1364.0,2.0500000000000003,0.56,61.0,280.5,7.21890970761906,1.1151415906193203,0.44468582126144574,5.640132447579745,4.127134385045092,2.3130067012440754
LAKE,GUJARAT,2019,29.5,7.1,8.0,949.5,0.65,0.295,21.5,71.5,6.856988161928484,0.5007752879124893,0.25851069515150105,4.283586561860629,3.1135153092103742,2.6645825188948455
LAKE,GUJARAT,2019,27.5,6.65,7.699999999999999,561.5,1.1,0.09000000000000001,8.5,59.5,6.332391134078575,0.7419373447293773,0.08617769624105234,4.102643365036796,2.2512917986064953,2.5787593916455256
LAKE,GUJARAT,2019,28.5,6.35,7.95,1568.0,1.3,0.165,265.0,1060.0,7.358193752733032,0.832909122935104,0.1527210870176639,6.966967138613983,5.583496308781699,2.5199206336708304
LAKE,GUJARAT,2019,27.0,4.95,7.85,475.5,0.65,0.56,26.5,136.5,6.166467723094256,0.5007752879124893,0.44468582126144574,4.923623917106626,3.3141860046725258,2.224859546128699
LAKE,GUJARAT,2019,14.5,3.45,6.6,255.0,0.6000000000000001,0.345,4.0,11.5,5.545177444479562,0.47000362924573563,0.2963940130538024,2.5257286443082556,1.6094379124341003,1.857417562100671
LAKE,GUJARAT,2019,27.5,6.050000000000001,8.75,3840.0,19.5,0.155,48.0,271.0,8.253488028345904,3.0204248861443626,0.14410034397375684,5.605802066295998,3.8918202981106265,2.459674775249769
LAKE,GUJARAT,2019,27.0,3.55,7.35,392.5,6.2,0.29,177.0,483.5,5.975081067857458,1.9740810260220096,0.2546422183735807,6.183117431330821,5.181783550292085,1.8841443681416772
POND,GUJARAT,2019,28.0,6.85,7.7,823.5,1.25,0.24,11.5,61.0,6.714777141999654,0.8109302162163288,0.2151113796169455,4.127134385045092,2.5257286443082556,2.6172504656604803
POND,GUJARAT,2019,29.5,6.75,7.65,1241.0,1.0,0.155,13.5,87.5,7.124478262493424,0.6931471805599453,0.14410034397375684,4.483002552013883,2.6741486494265287,2.598076211353316
TANK,GUJARAT,2019,27.0,5.75,7.949999999999999,1179.5,41.6,0.065,44.0,78.0,7.073693356525568,3.751854253275325,0.06297479916138844,4.3694478524670215,3.8066624897703196,2.3979157616563596
LAKE,HARYANA,2019,24.0,6.3500000000000005,8.25,456.5,5.4,0.105,6750.0,81050.0,6.125776884715576,1.8562979903656263,0.09984533496971613,11.302833865150633,8.81744592104187,2.5199206336708304
LAKE,HARYANA,2019,23.5,5.1,7.7,459.5,3.15,1.055,78500.0,175210.0,6.132312855695361,1.423108334242607,0.7202758479481979,12.073746240901636,11.270866642542865,2.258317958127243
LAKE,HIMACHAL PRADESH,2019,19.5,9.7,8.1,205.0,0.6000000000000001,0.195,68.5,635.0,5.327876168789581,0.47000362924573563,0.178146185383474,6.455198563340122,4.241326752570746,3.1144823004794873
LAKE,HIMACHAL PRADESH,2019,14.15,8.75,7.5,947.5,0.6000000000000001,0.645,3.0,76.5,6.854881789375069,0.47000362924573563,0.49774038421733524,4.350277936359301,1.3862943611198906,2.958039891549808
LAKE,HIMACHAL PRADESH,2019,20.5,6.4,7.75,3387.0,1.65,0.34,22.5,58.5,8.127995055771946,0.9745596399981308,0.29266961396282,4.085976312551584,3.1570004211501135,2.5298221281347035
LAKE,HIMACHAL PRADESH,2019,19.5,8.9,7.55,232.5,10.0,0.265,147.0,1260.0,5.453182077108952,2.3978952727983707,0.23507212217948356,7.13966033596492,4.997212273764115,2.9832867780352594
LAKE,HIMACHAL PRADESH,2019,14.0,5.7,7.4,152.5,3.7,1.135,7.5,141.0,5.033700567027251,1.547562508716013,0.7584666466805879,4.955827057601261,2.1400661634962708,2.3874672772626644
LAKE,KARNATAKA,2019,26.0,5.4,7.800000000000001,635.5,39.0,9.315,39815.0,272700.0,6.4559844179974615,3.6888794541139363,2.3335991465232153,12.516131235860326,10.59202412053839,2.32379000772445
LAKE,KARNATAKA,2019,26.5,3.55,7.85,628.0,6.5,6.22,675.0,3750.0,6.444131256700441,2.0149030205422647,1.9768549529047348,8.229777750081887,6.516193076042964,1.8841443681416772
LAKE,KARNATAKA,2019,26.5,3.5,8.15,1780.0,14.0,7.5,2850.0,7850.0,7.484930283289661,2.70805020110221,2.1400661634962708,8.968396191198256,7.955425088912672,1.8708286933869707
LAKE,KARNATAKA,2019,25.0,5.05,8.35,1611.0,6.7,1.8699999999999999,1470.0,5300.0,7.385230923066573,2.0412203288596382,1.0543120297715298,8.575650760987806,7.293697720601438,2.247220505424423
LAKE,KARNATAKA,2019,25.0,5.75,8.2,955.0,17.1,5.550000000000001,4650.0,14000.0,6.862757913051401,2.89591193827178,1.8794650496471608,9.546884034617925,8.444837529224097,2.3979157616563596
LAKE,KARNATAKA,2019,25.5,1.6,7.699999999999999,1074.5,20.0,5.6,4250.0,10650.0,6.980540948707785,3.044522437723423,1.8870696490323797,9.273409063443166,8.35490952835879,1.2649110640673518
LAKE,KARNATAKA,2019,25.5,5.75,7.65,1065.5,27.9,5.55,5200.0,26400.0,6.972137537911405,3.3638415951183864,1.8794650496471605,10.181157167204903,8.556606193773073,2.3979157616563596
LAKE,KARNATAKA,2019,18.1,5.4,8.35,820.0,6.0,4.989999999999999,1510.0,5200.0,6.710523109452428,1.9459101490553132,1.790091412127358,8.556606193773073,7.32052696227274,2.32379000772445
LAKE,KARNATAKA,2019,27.0,4.85,7.85,536.5,7.0,28.225,121050.0,808000.0,6.2869287600018176,2.0794415416798357,3.375024507358132,13.60231857512623,11.703967223381236,2.202271554554524
LAKE,KARNATAKA,2019,27.0,5.95,7.8500000000000005,382.0,10.5,8.735,110350.0,802700.0,5.948034989180646,2.4423470353692043,2.2757276388241627,13.595737569914332,11.611421473719037,2.4392621835300936
LAKE,KARNATAKA,2019,26.5,5.75,7.5,748.5,17.5,10.3,55240.0,460800.0,6.619406317542652,2.917770732084279,2.424802725718295,13.040721558500353,10.919460710183415,2.3979157616563596
LAKE,KARNATAKA,2019,28.5,3.05,7.2,1150.5,20.5,16.85,200350.0,8002700.0,7.04882071926074,3.068052935133617,2.8820035082256483,15.895289667661615,12.20782610731712,1.746424919657298
LAKE,KARNATAKA,2019,27.5,4.8,7.35,978.5,18.0,14.35,850230.0,8001750.0,6.887042237384596,2.9444389791664403,2.731115474033206,15.895170950694471,13.653263356251044,2.1908902300206643
LAKE,KARNATAKA,2019,27.5,3.5,7.15,1262.5,20.5,16.95,55235.0,461750.0,7.141640926828249,3.068052935133617,2.8875901149342877,13.042781063733207,10.919370193605241,1.8708286933869707
LAKE,KARNATAKA,2019,27.5,3.3,8.05,1499.5,72.5,3.68,107400.0,817500.0,7.313553664880422,4.297285406218791,1.5432981099295553,13.614007404994387,11.58432477200052,1.816590212458495
LAKE,KARNATAKA,2019,27.5,3.65,7.55,1348.0,17.0,6.69,35420.0,274600.0,7.207118856207756,2.8903717578961645,2.0399207835175526,12.523074413969974,10.47506014357522,1.91049731745428
LAKE,KARNATAKA,2019,27.5,5.1,7.15,1022.0,8.0,3.0599999999999996,11350.0,802700.0,6.930494765951626,2.1972245773362196,1.4011829736136412,13.595737569914332,9.337061124755339,2.258317958127243
LAKE,KARNATAKA,2019,29.0,4.15,7.300000000000001,1153.5,15.0,7.220000000000001,70315.0,462700.0,7.05142262879455,2.772588722239781,2.1065702090680887,13.044836336120333,11.16075464791978,2.0371548787463363
LAKE,KARNATAKA,2019,28.0,6.2,7.7,436.0,3.0,2.74,8400.0,92000.0,6.07993319509559,1.3862943611198906,1.3190856114264407,11.429554725537322,9.036106025364846,2.4899799195977463
LAKE,KARNATAKA,2019,27.5,3.6,7.35,1148.0,15.5,3.06,47230.0,271750.0,7.046647277848756,2.803360380906535,1.4011829736136414,12.51264148482949,10.762805735649291,1.8973665961010275
LAKE,KARNATAKA,2019,27.5,8.9,7.3,1158.0,19.0,3.3,10740.0,802700.0,7.055312843339752,2.995732273553991,1.4586150226995167,13.595737569914332,9.281823473598047,2.9832867780352594
LAKE,KARNATAKA,2019,28.0,3.1,7.85,1293.5,18.0,5.835,55470.0,462700.0,7.165879799191592,2.9444389791664403,1.9220564701759129,13.044836336120333,10.923615640649537,1.760681686165901
LAKE,KARNATAKA,2019,28.5,3.1999999999999997,7.35,1096.5,19.4,7.1,11230.0,81750.0,7.000790144949327,3.0155349008501706,2.0918640616783932,11.311433321100587,9.326433090963036,1.7888543819998317
LAKE,KARNATAKA,2019,27.0,5.1,6.9,1035.5,9.0,3.09,24550.0,192500.0,6.943604931875834,2.302585092994046,1.4085449700547104,12.167856627501678,10.10850786559065,2.258317958127243
LAKE,KARNATAKA,2019,27.0,5.6,6.95,645.5,9.5,2.655,8815.0,50600.0,6.471573198211912,2.3513752571634776,1.2960960932017418,10.831726617926124,9.084323531392696,2.3664319132398464
LAKE,KARNATAKA,2019,31.5,3.05,7.65,1034.5,19.5,3.505,48400.0,278000.0,6.942639680835639,3.0204248861443626,1.5051878910603012,12.535379989788607,10.78727575364831,1.746424919657298
LAKE,KARNATAKA,2019,29.5,3.85,7.05,1011.0,28.0,2.72,35230.0,177700.0,6.919683849847411,3.367295829986474,1.3137236682850553,12.087857641588924,10.469681655831673,1.9621416870348585
LAKE,KARNATAKA,2019,28.0,5.75,8.2,3565.0,33.5,8.55,17970.0,82700.0,8.179199798423086,3.5409593240373143,2.256541154492639,11.322986972837104,9.796514626532023,2.3979157616563596
LAKE,KARNATAKA,2019,28.5,5.75,8.45,824.0,72.5,1.745,200230.0,1752700.0,6.715383386334681,4.297285406218791,1.009781074961494,14.376668584609401,12.207226979030828,2.3979157616563596
LAKE,KARNATAKA,2019,29.0,4.85,8.7,782.5,11.5,1.745,350235.0,2701750.0,6.6637710617960755,2.5257286443082556,1.009781074961494,14.809410639295814,12.766362491951408,2.202271554554524
LAKE,KARNATAKA,2019,25.0,6.2,7.0,557.5,4.5,2.96,60470.0,464600.0,6.3252546185092555,1.7047480922384253,1.3762440252663892,13.048934251705282,11.009919190256369,2.4899799195977463
LAKE,KARNATAKA,2019,27.0,3.7,7.25,1331.5,16.0,3.085,7730.0,82700.0,7.194812156039999,2.833213344056216,1.4073217283119661,11.322986972837104,8.952993499320474,1.9235384061671346
LAKE,KARNATAKA,2019,28.0,4.8500000000000005,8.55,964.0,12.100000000000001,21.0,1010.0,2050.0,6.872128101338986,2.572612230207106,3.091042453358316,7.62608275807238,6.918695219020472,2.202271554554524
LAKE,KARNATAKA,2019,28.0,7.55,8.05,454.0,1.8,17.75,1040.0,2400.0,6.12029741895095,1.0296194171811581,2.9311937524164198,7.783640596221253,6.947937068614969,2.7477263328068173
LAKE,KARNATAKA,2019,24.5,7.199999999999999,7.6000000000000005,984.5,4.45,0.96,485.0,1175.0,6.893149126592775,1.6956156086751528,0.6729444732424258,7.069874128458572,6.186208623900494,2.6832815729997477
LAKE,KARNATAKA,2019,27.5,3.4,7.35,1980.0,35.5,21.68,77400.0,477500.0,7.591357046698551,3.597312260588446,3.121483478859551,13.076321533141567,11.256754979390998,1.8439088914585775
LAKE,KARNATAKA,2019,27.0,5.3,7.3,1023.0,16.5,2.19,470130.0,4602700.0,6.931471805599453,2.8622008809294686,1.1600209167967532,15.342153863053216,13.060766658254344,2.3021728866442674
LAKE,KARNATAKA,2019,27.5,3.55,6.6,1483.5,72.5,28.25,29350.0,462700.0,7.302833294203815,4.297285406218791,3.3758795736778655,13.044836336120333,10.287081896226075,1.8841443681416772
LAKE,KARNATAKA,2019,26.0,6.85,6.6,539.5,4.5,7.495,14035.0,2700270.0,6.292494637079263,1.7047480922384253,2.1394777551238953,14.808862696308159,9.549380736703105,2.6172504656604803
LAKE,KARNATAKA,2019,26.5,4.25,7.1,906.0,22.0,3.7699999999999996,7315.0,82700.0,6.810142450115136,3.1354942159291497,1.5623463049002497,11.322986972837104,8.897819009510757,2.0615528128088303
LAKE,KARNATAKA,2019,30.0,5.55,7.0,620.5,7.5,5.6,10705.0,81750.0,6.432135910950766,2.1400661634962708,1.8870696490323797,11.311433321100587,9.278559610953327,2.355843797877949
LAKE,KARNATAKA,2019,28.0,3.4,7.1,1300.0,17.0,8.0,850350.0,8002700.0,7.170888478512505,2.8903717578961645,2.1972245773362196,15.895289667661615,13.653404484406227,1.8439088914585775
LAKE,KARNATAKA,2019,28.25,6.4,7.6499999999999995,1024.0,5.5,7.36,35230.0,462700.0,6.932447891572509,1.8718021769015913,2.1234584270966104,13.044836336120333,10.469681655831673,2.5298221281347035
LAKE,KARNATAKA,2019,27.5,6.45,7.949999999999999,731.0,3.5,6.4,42230.0,462700.0,6.595780513961311,1.5040773967762742,2.0014800002101243,13.044836336120333,10.650909827496076,2.539685019840059
LAKE,KARNATAKA,2019,27.35,3.9,7.300000000000001,1263.5,15.0,7.5,420315.0,4602700.0,7.14243206611002,2.772588722239781,2.1400661634962708,15.342153863053216,12.948762088315272,1.9748417658131499
LAKE,KARNATAKA,2019,28.950000000000003,3.85,6.95,892.5,18.5,5.25,232300.0,1777000.0,6.795146334599483,2.970414465569701,1.8325814637483102,14.390437669882832,12.35578922352754,1.9621416870348585
LAKE,KARNATAKA,2019,28.4,5.550000000000001,7.4,537.0,22.0,2.7600000000000002,42420.0,464600.0,6.2878585601617845,3.1354942159291497,1.3244189574018033,13.048934251705282,10.655398801626767,2.3558437978779496
LAKE,KARNATAKA,2019,27.0,2.2,6.8,2012.5,40.0,11.75,7230.0,82700.0,7.607629780291509,3.713572066704308,2.545531271604435,11.322986972837104,8.886132618174951,1.4832396974191326
LAKE,KARNATAKA,2019,26.5,3.05,6.8,1492.0,38.5,5.9,850230.0,8001750.0,7.30854279753919,3.676300671907076,1.9315214116032138,15.895170950694471,13.653263356251044,1.746424919657298
LAKE,KARNATAKA,2019,28.0,5.7,7.8,484.0,3.0,2.88,1400.0,9200.0,6.184148890937483,1.3862943611198906,1.355835153635182,9.127067452782361,7.244941546337007,2.3874672772626644
LAKE,KARNATAKA,2019,28.0,2.8,7.8,805.0,8.4,1.31,8400.0,92000.0,6.692083742506628,2.2407096892759584,0.8372475245337022,11.429554725537322,9.036106025364846,1.6733200530681511
LAKE,KARNATAKA,2019,28.0,4.5,7.5,985.0,7.3,1.4,4600.0,35000.0,6.893656354602635,2.1162555148025524,0.8754687373538999,10.463131911491967,8.434028950155469,2.1213203435596424
LAKE,KARNATAKA,2019,28.0,4.0,7.7,399.0,18.0,2.0,7000.0,54000.0,5.991464547107982,2.9444389791664403,1.0986122886681098,10.896757843893464,8.853808274977197,2.0
TANK,KARNATAKA,2019,27.0,7.0,8.25,374.0,4.05,0.565,288.0,924.0,5.926926025970411,1.6193882432872684,0.4478858239921165,6.829793737512425,5.666426688112432,2.6457513110645907
TANK,KARNATAKA,2019,28.5,7.800000000000001,8.75,2902.0,53.0,0.23,17500.0,44500.0,7.97349996402463,3.9889840465642745,0.20701416938432615,10.703266939811954,9.770013301136158,2.7928480087537886
TANK,KARNATAKA,2019,27.0,6.5,7.65,484.0,5.15,7.5,4223.0,27069.0,6.184148890937483,1.8164520818184267,2.1400661634962708,10.206181382608348,8.348537825386098,2.5495097567963922
TANK,KARNATAKA,2019,29.0,6.45,7.4,164.0,3.0,0.7100000000000001,16.5,27.0,5.10594547390058,1.3862943611198906,0.5364933705145686,3.332204510175204,2.8622008809294686,2.539685019840059
TANK,KARNATAKA,2019,24.5,5.5,8.100000000000001,606.0,5.8,1.475,1095.0,5500.0,6.408528791059498,1.916922612182061,0.9062403960206536,8.612685172875459,6.999422467507961,2.345207879911715
TANK,KARNATAKA,2019,28.0,6.0,7.65,523.0,5.0,8.36,35315.0,272700.0,6.261491684321042,1.791759469228055,2.2364452904895007,12.516131235860326,10.472091398021472,2.449489742783178
TANK,KARNATAKA,2019,27.5,4.85,7.85,488.5,10.0,22.0,70315.0,462700.0,6.193384461970565,2.3978952727983707,3.1354942159291497,13.044836336120333,11.16075464791978,2.202271554554524
TANK,KARNATAKA,2019,26.0,3.7,7.25,934.0,18.0,16.15,89700.0,846000.0,6.840546529288687,2.9444389791664403,2.8419981736119486,13.648275820620759,11.404237196256764,1.9235384061671346
TANK,KARNATAKA,2019,27.0,6.25,6.9,370.0,8.0,1.065,48650.0,477500.0,5.916202062607435,2.1972245773362196,0.7251302264129961,13.076321533141567,10.792427642387484,2.5
TANK,KARNATAKA,2019,27.0,3.85,7.6,655.5,30.3,8.15,47470.0,272700.0,6.486922693742851,3.4436180975461075,2.21375387928743,12.516131235860326,10.76787427725986,1.9621416870348585
TANK,KARNATAKA,2019,27.0,3.15,7.9,984.5,72.5,10.120000000000001,62350.0,477500.0,6.893149126592775,4.297285406218791,2.4087452888224363,13.076321533141567,11.040534989471949,1.7748239349298849
TANK,KARNATAKA,2019,26.0,3.25,7.15,2638.0,36.5,16.5,245315.0,2704600.0,7.878155336503324,3.624340932976365,2.8622008809294686,14.81046495476177,12.410302454373008,1.8027756377319946
TANK,KARNATAKA,2019,25.0,4.05,7.1,1124.5,25.5,28.25,85600.0,464600.0,7.025982660346787,3.2771447329921766,3.3758795736778655,13.048934251705282,11.357452244304588,2.0124611797498106
TANK,KARNATAKA,2019,28.0,3.95,7.55,1637.0,11.5,3.5,70240.0,461750.0,7.401231264413015,2.5257286443082556,1.5040773967762742,13.042781063733207,11.159687465109705,1.9874606914351791
TANK,KARNATAKA,2019,27.0,5.55,6.95,1238.0,9.5,28.25,55230.0,462700.0,7.122059881629142,2.3513752571634776,3.3758795736778655,13.044836336120333,10.919279668833076,2.355843797877949
TANK,KARNATAKA,2019,27.0,3.6,7.5,842.5,20.0,9.15,47190.0,271750.0,6.737559901986023,3.044522437723423,2.3174737054877963,12.51264148482949,10.76195847542619,1.8973665961010275
TANK,KARNATAKA,2019,27.0,3.65,7.449999999999999,1277.5,9.9,5.3,56400.0,468000.0,7.153442794731241,2.388762789235098,1.840549633397487,13.056225711649638,10.94024216782542,1.91049731745428
TANK,KARNATAKA,2019,24.5,5.9,6.95,1231.5,5.0,2.27,1050.0,7300.0,7.116799905916845,1.791759469228055,1.184789984909162,8.895766604056085,6.957497370876951,2.4289915602982237
TANK,KARNATAKA,2019,30.0,5.15,6.95,667.0,10.0,5.24,42315.0,461750.0,6.504288173536645,2.3978952727983707,1.8309801823813363,13.042781063733207,10.652920544106665,2.2693611435820435
TANK,KARNATAKA,2019,30.0,3.6999999999999997,7.65,974.0,19.5,2.7800000000000002,750290.0,804600.0,6.882437470997847,3.0204248861443626,1.3297240096314964,13.598101781350644,13.528216410259958,1.9235384061671343
TANK,KARNATAKA,2019,30.0,3.25,7.3,937.0,20.5,2.0,110470.0,802700.0,6.843749949006225,3.068052935133617,1.0986122886681098,13.595737569914332,11.612508322056724,1.8027756377319946
TANK,KARNATAKA,2019,26.0,4.3,6.800000000000001,727.0,21.0,3.52,35350.0,272700.0,6.590301048196686,3.091042453358316,1.5085119938441398,12.516131235860326,10.473081959467745,2.073644135332772
TANK,KARNATAKA,2019,29.15,5.2,6.85,526.0,6.5,2.3299999999999996,110470.0,804600.0,6.267200548541362,2.0149030205422647,1.2029723039923523,13.598101781350644,11.612508322056724,2.280350850198276
TANK,KARNATAKA,2019,26.5,3.4000000000000004,7.2,1158.0,12.0,3.35,47700.0,2704600.0,7.055312843339752,2.5649493574615367,1.4701758451005926,14.81046495476177,10.77270764101727,1.8439088914585775
TANK,KARNATAKA,2019,27.0,6.0,7.75,906.0,9.0,9.86,14550.0,464600.0,6.810142450115136,2.302585092994046,2.3850863145057892,13.048934251705282,9.585414998760278,2.449489742783178
TANK,KARNATAKA,2019,28.049999999999997,4.65,7.199999999999999,787.0,21.0,6.95,232350.0,1767500.0,6.669498089857879,3.091042453358316,2.0731719286662407,14.385077242523568,12.35600443835581,2.1563858652847827
TANK,KARNATAKA,2019,28.4,5.35,7.3999999999999995,524.0,15.0,4.7,85315.0,462700.0,6.263398262591624,2.772588722239781,1.7404661748405046,13.044836336120333,11.354117289160913,2.3130067012440754
TANK,KARNATAKA,2019,25.5,5.4,7.0,858.5,5.0,2.1,23850.0,278000.0,6.756350824822904,1.791759469228055,1.1314021114911006,12.535379989788607,10.079581424158677,2.32379000772445
TANK,KARNATAKA,2019,26.5,4.15,7.05,1056.5,8.0,6.45,53000.0,316000.0,6.963662910920433,2.1972245773362196,2.0082140323914683,12.663500657121004,10.87806606028079,2.0371548787463363
TANK,KARNATAKA,2019,25.5,6.4,7.05,357.0,8.5,2.09,85315.0,802700.0,5.8805329864007,2.2512917986064953,1.128171090909654,13.595737569914332,11.354117289160913,2.5298221281347035
TANK,KARNATAKA,2019,26.5,4.4,6.949999999999999,1034.0,9.5,15.305,86300.0,817500.0,6.942156705699469,2.3513752571634776,2.7914718092412825,13.614007404994387,11.3655964644899,2.0976176963403033
TANK,KARNATAKA,2019,26.0,3.7,6.9,1222.5,9.48,17.425,110470.0,802700.0,7.109470882882726,2.349468678892896,2.9137084380754,13.595737569914332,11.612508322056724,1.9235384061671346
TANK,KARNATAKA,2019,27.0,6.1,7.2,385.0,6.0,2.29,31705.0,271750.0,5.955837369464831,1.9459101490553132,1.1908875647772805,12.51264148482949,10.364261216403174,2.4698178070456938
TANK,KARNATAKA,2019,27.0,5.3,7.3,405.0,2.5,0.15000000000000002,390.0,3400.0,6.0063531596017325,1.252762968495368,0.1397619423751587,8.131824785007195,5.968707559985366,2.3021728866442674
TANK,KARNATAKA,2019,26.0,3.1500000000000004,8.350000000000001,3840.0,19.0,0.75,470.0,4800.0,8.253488028345904,2.995732273553991,0.5596157879354227,8.476579508530941,6.154858094016418,1.7748239349298849
TANK,KARNATAKA,2019,25.0,5.0,8.1,440.0,3.0,0.2,465.0,3400.0,6.089044875446846,1.3862943611198906,0.18232155679395465,8.131824785007195,6.144185634125646,2.23606797749979
TANK,KARNATAKA,2019,26.0,2.7,7.45,960.0,5.5,0.5,2110.0,22100.0,6.8679744089702925,1.8718021769015913,0.4054651081081644,10.003378135350923,7.65491704784832,1.6431676725154984
TANK,KARNATAKA,2019,26.5,5.6,7.6,620.0,2.5,0.2,895.0,7250.0,6.431331081933479,1.252762968495368,0.18232155679395465,8.888894669371593,6.79794041297493,2.3664319132398464
TANK,KARNATAKA,2019,26.5,6.65,8.75,1130.0,6.0,0.35,425.0,3800.0,7.030857476116121,1.9459101490553132,0.3001045924503381,8.24301946898925,6.054439346269371,2.5787593916455256
TANK,KARNATAKA,2019,24.0,5.1,7.9,340.0,2.5,0.15000000000000002,216.5,1650.0,5.831882477283517,1.252762968495368,0.1397619423751587,7.409136443920128,5.382198850528739,2.258317958127243
TANK,KARNATAKA,2019,25.0,5.199999999999999,7.949999999999999,545.0,2.5,0.15000000000000002,280.0,2400.0,6.302618975744905,1.252762968495368,0.1397619423751587,7.783640596221253,5.638354669333745,2.2803508501982757
TANK,KARNATAKA,2019,24.5,4.35,7.9,460.0,2.5,0.15000000000000002,460.0,3100.0,6.133398042996649,1.252762968495368,0.1397619423751587,8.03947991910045,6.133398042996649,2.085665361461421
TANK,KARNATAKA,2019,25.0,5.1,8.0,585.0,2.5,0.25,295.0,3200.0,6.373319789577012,1.252762968495368,0.22314355131420976,8.071218539969863,5.69035945432406,2.258317958127243
TANK,KARNATAKA,2019,26.0,4.85,8.0,360.0,2.5,0.1,215.0,2200.0,5.8888779583328805,1.252762968495368,0.09531017980432487,7.696667081526462,5.375278407684165,2.202271554554524
TANK,KARNATAKA,2019,25.5,5.65,8.15,590.0,2.5,0.2,295.0,2600.0,6.3818160174060985,1.252762968495368,0.18232155679395465,7.8636512654486515,5.69035945432406,2.3769728648009427
TANK,KARNATAKA,2019,26.0,6.25,8.0,405.0,2.5,0.25,315.0,3200.0,6.0063531596017325,1.252762968495368,0.22314355131420976,8.071218539969863,5.755742213586912,2.5
TANK,KARNATAKA,2019,26.5,5.8,7.8,465.0,2.5,0.2,220.0,2900.0,6.144185634125646,1.252762968495368,0.18232155679395465,7.972810784121404,5.3981627015177525,2.4083189157584592
TANK,KARNATAKA,2019,26.5,4.6,7.75,260.0,2.1,0.1,225.0,1310.0,5.564520407322694,1.1314021114911006,0.09531017980432487,7.1785454837637,5.420534999272286,2.1447610589527217
TANK,KARNATAKA,2019,26.5,5.95,7.85,405.0,2.5,0.15000000000000002,195.0,2250.0,6.0063531596017325,1.252762968495368,0.1397619423751587,7.719129840906732,5.278114659230517,2.4392621835300936
TANK,KARNATAKA,2019,26.0,5.25,7.699999999999999,310.0,2.5,0.15000000000000002,145.0,1310.0,5.739792912179234,1.252762968495368,0.1397619423751587,7.1785454837637,4.983606621708336,2.29128784747792
TANK,KARNATAKA,2019,25.5,4.45,7.8999999999999995,875.0,3.0,0.45,475.0,3750.0,6.775366090936392,1.3862943611198906,0.37156355643248307,8.229777750081887,6.16541785423142,2.1095023109728985
TANK,KARNATAKA,2019,25.5,5.15,7.65,250.0,2.5,0.15000000000000002,152.0,1310.0,5.5254529391317835,1.252762968495368,0.1397619423751587,7.1785454837637,5.030437921392435,2.2693611435820435
TANK,KARNATAKA,2019,25.5,4.8,7.199999999999999,230.0,2.0,0.15000000000000002,241.0,1570.0,5.442417710521793,1.0986122886681098,0.1397619423751587,7.359467638255621,5.488937726156687,2.1908902300206643
TANK,KARNATAKA,2019,25.5,5.65,7.5,235.0,2.0,0.15000000000000002,265.0,1750.0,5.4638318050256105,1.0986122886681098,0.1397619423751587,7.467942332285852,5.583496308781699,2.3769728648009427
TANK,KARNATAKA,2019,28.5,3.9,8.600000000000001,1776.5,11.5,0.07,1245.0,3900.0,7.482963161677396,2.5257286443082556,0.06765864847381481,8.268988209506656,7.1276936993473985,1.9748417658131499
TANK,KARNATAKA,2019,27.5,5.55,7.699999999999999,576.5,9.25,19.3,1350.0,2400.0,6.358708442395948,2.327277705584417,3.0106208860477417,7.783640596221253,7.208600337960199,2.355843797877949
TANK,KARNATAKA,2019,25.5,7.0,8.75,3840.0,11.65,28.25,1040.0,2400.0,8.253488028345904,2.5376572151735295,3.3758795736778655,7.783640596221253,6.947937068614969,2.6457513110645907
TANK,KARNATAKA,2019,24.5,5.050000000000001,7.75,1300.0,17.6,1.665,515.0,1324.5,7.170888478512505,2.9231615807191558,0.9802040576178078,7.18954502572908,6.246106765481563,2.247220505424423
TANK,KARNATAKA,2019,24.5,7.199999999999999,7.85,870.0,3.5,0.655,475.0,1037.5,6.769641976852503,1.5040773967762742,0.5038010088290262,6.945532643316167,6.16541785423142,2.6832815729997477
TANK,KARNATAKA,2019,24.5,7.4,7.800000000000001,417.0,2.65,0.3,119.0,822.5,6.035481432524756,1.2947271675944,0.262364264467491,6.713563549617695,4.787491742782046,2.7202941017470885
TANK,KARNATAKA,2019,24.0,6.75,7.699999999999999,702.5,3.5999999999999996,0.6950000000000001,130.0,360.0,6.556067876554444,1.5260563034950492,0.5276827408324136,5.8888779583328805,4.875197323201151,2.598076211353316
TANK,KARNATAKA,2019,24.0,6.800000000000001,7.9,895.0,2.3,0.69,462.5,970.0,6.79794041297493,1.1939224684724346,0.5247285289349821,6.878326468291325,6.13880638500591,2.6076809620810595
TANK,KARNATAKA,2019,24.0,6.449999999999999,7.550000000000001,928.5,4.6,1.06,467.5,998.5,6.834646807161499,1.7227665977411035,0.7227059828014898,6.907255153940455,6.149536101678477,2.539685019840059
TANK,KARNATAKA,2019,24.5,6.9,7.7,1015.0,4.05,0.79,467.5,1602.5,6.923628628138427,1.6193882432872684,0.5822156198526637,7.37994401913321,6.149536101678477,2.6267851073127395
TANK,KARNATAKA,2019,28.5,6.9,7.35,119.0,2.8,1.745,335.0,700.0,4.787491742782046,1.33500106673234,1.009781074961494,6.55250788703459,5.817111159963204,2.6267851073127395
TANK,KARNATAKA,2019,28.5,6.35,7.75,260.0,2.95,0.15,560.0,1350.0,5.564520407322694,1.3737155789130306,0.1397619423751587,7.208600337960199,6.329720905522696,2.5199206336708304
TANK,KARNATAKA,2019,28.5,6.0,7.449999999999999,558.5,13.7,1.745,27500.0,38500.0,6.32704352775198,2.6878474937846906,1.009781074961494,10.55843949396453,10.221977646629885,2.449489742783178
TANK,KARNATAKA,2019,28.0,6.9,7.65,405.5,2.8,0.21,950.0,1850.0,6.007583928987866,1.33500106673234,0.19062035960864973,7.523481312573497,6.85751406254539,2.6267851073127395
TANK,KARNATAKA,2019,27.0,6.4,7.35,222.0,4.7,0.36,1100.0,9100.0,5.407171771460119,1.7404661748405046,0.3074846997479606,9.116139576577355,7.00397413672268,2.5298221281347035
TANK,KARNATAKA,2019,28.5,5.3,7.550000000000001,1195.0,56.0,3.3249999999999997,96000.0,177500.0,7.086737934510577,4.04305126783455,1.4644121403838424,12.086731521684555,11.472113887062386,2.3021728866442674
TANK,KARNATAKA,2019,28.5,4.95,7.75,578.0,5.0,1.5,2850.0,4750.0,6.361302477572996,1.791759469228055,0.9162907318741551,8.46611040118692,7.955425088912672,2.224859546128699
TANK,KARNATAKA,2019,25.5,7.35,7.1,352.5,2.45,0.36000000000000004,183.5,420.0,5.867883485336628,1.2383742310432684,0.30748469974796067,6.042632833682381,5.217649463480582,2.711088342345192
TANK,KARNATAKA,2019,26.0,5.5,7.6,1128.5,7.0,2.9,4865.0,47750.0,7.029530335908058,2.0794415416798357,1.3609765531356006,10.773755288097965,8.490027523343468,2.345207879911715
TANK,KARNATAKA,2019,26.0,5.65,7.6000000000000005,1005.5,8.5,3.0500000000000003,60170.0,461750.0,6.914234245079846,2.2512917986064953,1.398716881118448,13.042781063733207,11.004945787654156,2.3769728648009427
TANK,KARNATAKA,2019,27.0,4.6000000000000005,7.1,301.0,4.5,2.87,47042.0,460460.0,5.71042701737487,1.7047480922384253,1.3532545070416904,13.039983440537306,10.758817356049141,2.1447610589527217
TANK,KARNATAKA,2019,27.0,1.75,6.95,1158.5,62.0,7.7,753500.0,8027000.0,7.055744156695586,4.143134726391533,2.163323025660538,15.89832154169325,13.532485624187819,1.3228756555322954
TANK,KARNATAKA,2019,26.0,5.25,7.55,1330.0,20.5,5.234999999999999,35850.0,278000.0,7.193685818395112,3.068052935133617,1.8301785791319998,12.535379989788607,10.487126739641525,2.29128784747792
TANK,KARNATAKA,2019,23.0,2.65,7.1,1941.0,40.0,21.915,140230.0,801750.0,7.571473648851271,3.713572066704308,3.1317917179610872,13.594553364826217,11.851046341836966,1.6278820596099706
TANK,KARNATAKA,2019,22.5,3.5999999999999996,7.05,1416.5,10.5,8.45,35000.0,202000.0,7.256650035601907,2.4423470353692043,2.2460147415056513,12.216027926866138,10.463131911491967,1.8973665961010275
TANK,KARNATAKA,2019,22.5,3.55,7.1,1757.0,11.0,11.5,39850.0,462700.0,7.471932078245122,2.4849066497880004,2.5257286443082556,13.044836336120333,10.592902778006396,1.8841443681416772
LAKE,KERALA,2019,31.5,3.65,7.15,458.5,4.4,0.05,840.0,1465.0,6.1301389417957415,1.6863989535702288,0.048790164169432,7.290292882446597,6.734591659972948,1.91049731745428
LAKE,KERALA,2019,20.0,6.800000000000001,6.6,123.0,1.6,0.57,120.0,300.0,4.820281565605037,0.9555114450274363,0.4510756193602166,5.707110264748875,4.795790545596741,2.6076809620810595
LAKE,KERALA,2019,27.0,7.050000000000001,7.35,50.5,0.6000000000000001,0.045000000000000005,396.0,551.0,3.9415818076696905,0.47000362924573563,0.044016885416774336,6.313548046277095,5.983936280687191,2.6551836094703507
LAKE,KERALA,2019,29.0,5.3,7.199999999999999,2877.0,3.0,0.495,301.0,555.0,7.964850887447313,1.3862943611198906,0.40212620684264977,6.320768294250582,5.71042701737487,2.3021728866442674
LAKE,KERALA,2019,29.0,7.05,7.300000000000001,31.0,1.45,0.115,21.0,60.0,3.4657359027997265,0.8960880245566356,0.10885440491208209,4.110873864173311,3.091042453358316,2.6551836094703507
LAKE,KERALA,2019,28.5,7.0,7.15,3840.0,2.4,0.115,91.0,160.0,8.253488028345904,1.2237754316221157,0.10885440491208209,5.081404364984463,4.5217885770490405,2.6457513110645907
LAKE,KERALA,2019,27.5,7.199999999999999,7.35,64.0,0.65,0.07,82.5,270.0,4.174387269895637,0.5007752879124893,0.06765864847381481,5.602118820879701,4.42484663185681,2.6832815729997477
LAKE,KERALA,2019,28.0,7.0,7.199999999999999,106.0,1.7,1.0,246.0,351.0,4.672828834461906,0.9932517730102833,0.6931471805599453,5.863631175598097,5.5093883366279774,2.6457513110645907
LAKE,KERALA,2019,27.0,7.95,7.15,34.0,1.4500000000000002,0.66,1279.0,2355.0,3.5553480614894135,0.8960880245566357,0.5068176023684519,7.764720544771477,7.154615356913663,2.819574435974337
LAKE,KERALA,2019,27.5,7.8,7.4,28.5,1.6,0.105,127.0,165.0,3.3843902633457743,0.9555114450274363,0.09984533496971613,5.111987788356544,4.852030263919617,2.792848008753788
LAKE,KERALA,2019,31.5,3.15,6.65,172.5,3.4000000000000004,0.05,520.0,1200.0,5.156177599386914,1.4816045409242156,0.048790164169432,7.0909098220799835,6.255750041753367,1.7748239349298849
POND,KERALA,2019,31.5,3.3499999999999996,7.1499999999999995,282.5,38.2,0.1,400.0,1400.0,5.647212123167807,3.6686767467964168,0.09531017980432487,7.244941546337007,5.993961427306569,1.8303005217723125
POND,KERALA,2019,30.0,8.2,7.55,75.0,0.6000000000000001,0.255,305.0,374.5,4.330733340286331,0.47000362924573563,0.2271355725837472,5.928258471204189,5.723585101952381,2.8635642126552705
LAKE,MADHYA PRADESH,2019,24.5,7.8,7.95,295.5,1.9500000000000002,4.295,2.0,175.0,5.69204721843778,1.0818051703517284,1.6667629790533698,5.170483995038151,1.0986122886681098,2.792848008753788
LAKE,MADHYA PRADESH,2019,24.0,7.15,8.0,368.0,6.6,10.989999999999998,155.0,1260.0,5.910796644040527,2.028148247292285,2.4840729690394228,7.13966033596492,5.049856007249537,2.6739483914241875
LAKE,MADHYA PRADESH,2019,27.0,8.25,7.75,316.0,1.35,1.145,2.0,875.0,5.75890177387728,0.8544153281560676,0.7631395523799803,6.775366090936392,1.0986122886681098,2.8722813232690143
LAKE,MADHYA PRADESH,2019,23.55,7.8500000000000005,7.7,326.0,1.4500000000000002,0.77,7.0,1060.0,5.7899601708972535,0.8960880245566357,0.5709795465857378,6.966967138613983,2.0794415416798357,2.8017851452243803
LAKE,MADHYA PRADESH,2019,24.0,6.4,7.8999999999999995,737.5,2.35,0.9099999999999999,4.0,79.0,6.604621101971435,1.208960345836975,0.6471032420585384,4.382026634673881,1.6094379124341003,2.5298221281347035
LAKE,MADHYA PRADESH,2019,22.5,6.95,8.0,871.0,1.55,1.285,2.0,69.5,6.77078942390898,0.9360933591703349,0.826366024346168,4.255612709818223,1.0986122886681098,2.6362852652928135
LAKE,MADHYA PRADESH,2019,22.5,7.15,8.3,409.0,1.85,2.195,2.0,114.0,6.016157159698354,1.0473189942805592,1.161587087829498,4.74493212836325,1.0986122886681098,2.6739483914241875
LAKE,MADHYA PRADESH,2019,22.5,6.7,8.1,612.5,1.85,1.08,2.0,79.5,6.419180264150966,1.0473189942805592,0.7323678937132266,4.388257184424518,1.0986122886681098,2.588435821108957
LAKE,MADHYA PRADESH,2019,23.0,7.0,7.95,335.0,1.2,0.585,2.0,38.5,5.817111159963204,0.7884573603642702,0.46058440732924394,3.676300671907076,1.0986122886681098,2.6457513110645907
LAKE,MADHYA PRADESH,2019,26.25,6.800000000000001,7.449999999999999,334.5,1.2,0.265,2.0,1060.0,5.815621956411737,0.7884573603642702,0.23507212217948356,6.966967138613983,1.0986122886681098,2.6076809620810595
LAKE,MADHYA PRADESH,2019,23.0,7.25,8.1,413.0,7.85,18.765,121.0,1335.0,6.025865973825314,2.180417459019838,2.9839126967486487,7.197435354096591,4.804021044733257,2.692582403567252
LAKE,MADHYA PRADESH,2019,25.0,7.75,8.15,279.0,2.5,5.105,2.0,175.0,5.634789603169249,1.252762968495368,1.809108107562668,5.170483995038151,1.0986122886681098,2.7838821814150108
LAKE,MADHYA PRADESH,2019,25.0,7.9,8.05,280.5,2.35,4.08,2.0,170.0,5.640132447579745,1.208960345836975,1.6253112615903906,5.14166355650266,1.0986122886681098,2.8106938645110393
LAKE,MADHYA PRADESH,2019,25.5,7.8999999999999995,8.05,271.0,2.1,5.675,2.0,190.0,5.605802066295998,1.1314021114911006,1.8983692042863132,5.25227342804663,1.0986122886681098,2.8106938645110393
LAKE,MADHYA PRADESH,2019,23.0,7.65,7.9,266.5,2.3,2.125,2.0,58.0,5.589119566336061,1.1939224684724346,1.1394342831883648,4.07753744390572,1.0986122886681098,2.7658633371878665
LAKE,MADHYA PRADESH,2019,23.5,8.25,7.9,1253.0,2.05,1.86,2.0,140.0,7.134093721192866,1.1151415906193203,1.0508216248317612,4.948759890378168,1.0986122886681098,2.8722813232690143
LAKE,MADHYA PRADESH,2019,20.0,6.25,8.45,407.5,1.75,0.43,2.0,1060.0,6.012491914300058,1.0116009116784799,0.35767444427181594,6.966967138613983,1.0986122886681098,2.5
LAKE,MADHYA PRADESH,2019,23.0,7.5,8.0,480.5,1.4,1.85,2.0,51.0,6.17690623123818,0.8754687373538999,1.0473189942805592,3.9512437185814275,1.0986122886681098,2.7386127875258306
LAKE,MADHYA PRADESH,2019,26.0,5.9,7.6,735.0,2.3,2.5,3.0,19.5,6.601230118728877,1.1939224684724346,1.252762968495368,3.0204248861443626,1.3862943611198906,2.4289915602982237
LAKE,MADHYA PRADESH,2019,23.5,7.1,7.6499999999999995,457.5,3.2,1.0150000000000001,20.5,1060.0,6.127960291696519,1.4350845252893227,0.7006191953986464,6.966967138613983,3.068052935133617,2.6645825188948455
LAKE,MADHYA PRADESH,2019,25.05,6.95,7.800000000000001,496.0,3.6,1.45,25.0,1060.0,6.208590026096629,1.5260563034950492,0.8960880245566356,6.966967138613983,3.258096538021482,2.6362852652928135
LAKE,MADHYA PRADESH,2019,25.0,7.0,7.85,293.0,1.05,0.23,2.0,13.0,5.683579767338681,0.7178397931503169,0.20701416938432615,2.6390573296152584,1.0986122886681098,2.6457513110645907
POND,MADHYA PRADESH,2019,24.0,6.949999999999999,7.8,532.0,1.1,0.58,19.0,58.0,6.278521424165844,0.7419373447293773,0.4574248470388754,4.07753744390572,2.995732273553991,2.6362852652928135
POND,MADHYA PRADESH,2019,22.0,7.25,7.550000000000001,253.0,2.0,0.385,4.0,44.0,5.537334267018537,1.0986122886681098,0.32570013963930183,3.8066624897703196,1.6094379124341003,2.692582403567252
POND,MADHYA PRADESH,2019,23.55,6.75,7.75,596.5,4.300000000000001,1.1,121.0,1060.0,6.392754283805666,1.6677068205580763,0.7419373447293773,6.966967138613983,4.804021044733257,2.598076211353316
POND,MADHYA PRADESH,2019,25.25,6.35,7.699999999999999,2486.0,7.55,1.96,176.0,1060.0,7.818832443803404,2.145931282948669,1.085189268335969,6.966967138613983,5.176149732573829,2.5199206336708304
POND,MADHYA PRADESH,2019,24.9,7.05,7.55,2595.0,3.1,1.125,61.0,1060.0,7.86172707782398,1.410986973710262,0.7537718023763802,6.966967138613983,4.127134385045092,2.6551836094703507
POND,MADHYA PRADESH,2019,22.5,6.45,7.75,626.0,2.5999999999999996,2.145,2.0,127.0,6.440946540632921,1.2809338454620642,1.1458138901524038,4.852030263919617,1.0986122886681098,2.539685019840059
POND,MADHYA PRADESH,2019,28.0,6.6,7.75,315.5,1.25,0.35,3.0,29.5,5.757323241584231,0.8109302162163288,0.3001045924503381,3.417726683613366,1.3862943611198906,2.569046515733026
POND,MADHYA PRADESH,2019,30.0,6.9,7.4,355.0,1.8,0.4,2.0,16.0,5.87493073085203,1.0296194171811581,0.33647223662121295,2.833213344056216,1.0986122886681098,2.6267851073127395
POND,MADHYA PRADESH,2019,21.85,7.199999999999999,7.800000000000001,517.5,4.7,1.0,71.0,1060.0,6.250940027669582,1.7404661748405046,0.6931471805599453,6.966967138613983,4.276666119016055,2.6832815729997477
POND,MADHYA PRADESH,2019,24.9,6.95,7.699999999999999,401.0,3.5,0.9700000000000001,43.0,1060.0,5.996452088619021,1.5040773967762742,0.6780335427498971,6.966967138613983,3.784189633918261,2.6362852652928135
POND,MADHYA PRADESH,2019,23.5,6.05,7.8999999999999995,415.0,1.3,0.58,2.0,46.0,6.030685260261263,0.832909122935104,0.4574248470388754,3.8501476017100584,1.0986122886681098,2.4596747752497685
POND,MADHYA PRADESH,2019,23.0,7.25,8.2,457.0,1.45,1.5,2.0,51.5,6.126869184114185,0.8960880245566356,0.9162907318741551,3.960813169597578,1.0986122886681098,2.692582403567252
TANK,MADHYA PRADESH,2019,23.0,7.65,7.75,1801.5,1.65,0.9700000000000001,6.0,1060.0,7.496929869159104,0.9745596399981308,0.6780335427498971,6.966967138613983,1.9459101490553132,2.7658633371878665
LAKE,MANIPUR,2019,22.0,7.2,7.15,192.0,3.4,0.025,3.5,112.5,5.262690188904886,1.4816045409242156,0.0246926125903715,4.7318028369214575,1.5040773967762742,2.6832815729997477
LAKE,MANIPUR,2019,22.0,7.6499999999999995,7.35,1286.0,3.35,0.03,28.5,55.0,7.160069207596127,1.4701758451005926,0.0295588022415444,4.02535169073515,3.3843902633457743,2.765863337187866
LAKE,MANIPUR,2019,22.0,6.65,7.2,233.5,3.05,0.025,6.0,67.5,5.457455587886334,1.3987168811184478,0.0246926125903715,4.22683374526818,1.9459101490553132,2.5787593916455256
LAKE,MANIPUR,2019,22.0,6.75,7.35,280.5,3.0,0.025,2.0,55.0,5.640132447579745,1.3862943611198906,0.0246926125903715,4.02535169073515,1.0986122886681098,2.598076211353316
LAKE,MANIPUR,2019,22.1,6.3,7.25,1755.0,3.4000000000000004,0.025,8.5,150.0,7.470793774195062,1.4816045409242156,0.0246926125903715,5.017279836814924,2.2512917986064953,2.5099800796022267
POND,MANIPUR,2019,22.0,7.25,7.1,256.0,3.3499999999999996,0.03,23.5,81.0,5.54907608489522,1.4701758451005926,0.0295588022415444,4.406719247264253,3.1986731175506815,2.692582403567252
POND,MANIPUR,2019,22.5,7.0,7.35,232.0,14.25,0.025,8.5,112.5,5.4510384535657,2.7245795030534206,0.0246926125903715,4.7318028369214575,2.2512917986064953,2.6457513110645907
POND,MANIPUR,2019,22.5,6.6,7.1,240.5,3.25,0.025,13.5,87.5,5.486869473092628,1.4469189829363254,0.0246926125903715,4.483002552013883,2.6741486494265287,2.569046515733026
POND,MANIPUR,2019,22.4,7.449999999999999,6.9,277.0,3.25,0.025,11.0,75.0,5.627621113690637,1.4469189829363254,0.0246926125903715,4.330733340286331,2.4849066497880004,2.729468812791236
POND,MANIPUR,2019,23.5,5.9,7.3,330.5,2.45,0.03,8.5,50.0,5.803627809625917,1.2383742310432684,0.0295588022415444,3.9318256327243257,2.2512917986064953,2.4289915602982237
POND,MANIPUR,2019,24.0,7.3,7.35,1728.5,3.25,0.025,6.0,95.0,7.4555876283772236,1.4469189829363254,0.0246926125903715,4.564348191467836,1.9459101490553132,2.701851217221259
POND,MANIPUR,2019,25.0,7.5,7.35,201.0,3.25,0.025,11.0,97.5,5.308267697401205,1.4469189829363254,0.0246926125903715,4.590056548178043,2.4849066497880004,2.7386127875258306
POND,MANIPUR,2019,24.5,7.5,7.35,1313.5,3.25,0.025,11.0,45.0,7.181211644169936,1.4469189829363254,0.0246926125903715,3.828641396489095,2.4849066497880004,2.7386127875258306
POND,MANIPUR,2019,23.5,7.3,7.15,263.5,2.9,0.025,13.5,47.5,5.577841251298354,1.3609765531356006,0.0246926125903715,3.8815637979434374,2.6741486494265287,2.701851217221259
POND,MANIPUR,2019,24.5,6.1,7.5,396.0,2.75,0.03,13.5,100.0,5.983936280687191,1.3217558399823195,0.0295588022415444,4.61512051684126,2.6741486494265287,2.4698178070456938
POND,MANIPUR,2019,23.5,6.300000000000001,7.45,356.0,2.6500000000000004,0.025,3.5,147.5,5.877735781779639,1.2947271675944003,0.0246926125903715,5.000584958242754,1.5040773967762742,2.5099800796022267
POND,MANIPUR,2019,25.0,6.5,7.199999999999999,258.5,3.2,0.025,28.5,272.5,5.558756702605943,1.4350845252893227,0.0246926125903715,5.611301621862036,3.3843902633457743,2.5495097567963922
POND,MANIPUR,2019,24.5,5.7,7.800000000000001,472.5,2.9000000000000004,0.03,26.0,295.0,6.160151912626133,1.3609765531356008,0.0295588022415444,5.69035945432406,3.295836866004329,2.3874672772626644
LAKE,MEGHALAYA,2019,20.0,6.1,7.25,107.0,6.800000000000001,0.925,1620.0,3150.0,4.68213122712422,2.0541237336955462,0.6549259677397475,8.055475141757274,7.390798521735676,2.4698178070456938
LAKE,MEGHALAYA,2019,15.0,6.800000000000001,7.25,147.5,4.3,0.54,1220.0,2715.0,5.000584958242754,1.667706820558076,0.43178241642553783,7.906915488678587,7.107425474110705,2.6076809620810595
LAKE,MEGHALAYA,2019,17.5,7.05,7.0,48.5,1.7,0.485,22.5,162.0,3.901972669574645,0.9932517730102833,0.3954147722546629,5.093750200806762,3.1570004211501135,2.6551836094703507
LAKE,MEGHALAYA,2019,19.5,5.050000000000001,7.2,137.5,7.75,1.045,1745.0,3650.0,4.930870325627393,2.169053700369523,0.7153977894947651,8.202756381655638,7.465082736399547,2.247220505424423
LAKE,MEGHALAYA,2019,20.0,6.25,7.6,110.0,6.55,0.9850000000000001,1555.0,2900.0,4.709530201312334,2.0215475632609334,0.6856189141391538,7.972810784121404,7.349873704738337,2.5
LAKE,MEGHALAYA,2019,20.0,6.1,7.6,115.0,7.0,0.755,1490.0,3750.0,4.7535901911063645,2.0794415416798357,0.5624688569178292,8.229777750081887,7.307202314764738,2.4698178070456938
LAKE,MEGHALAYA,2019,24.0,7.1,7.199999999999999,72.5,1.9,0.355,34.0,195.0,4.297285406218791,1.0647107369924282,0.3038014543316642,5.278114659230517,3.5553480614894135,2.6645825188948455
LAKE,ODISHA,2019,26.5,6.5,7.5,157.0,1.4500000000000002,0.545,1760.0,2785.0,5.062595033026967,0.8960880245566357,0.4350239103497088,7.932362154339751,7.473637108496206,2.5495097567963922
LAKE,ODISHA,2019,21.0,6.75,7.550000000000001,874.5,4.2,0.7150000000000001,265.0,1060.0,6.774795151725907,1.6486586255873816,0.5394130806179033,6.966967138613983,5.583496308781699,2.598076211353316
LAKE,ODISHA,2019,27.5,6.75,7.3,158.5,1.2999999999999998,0.6399999999999999,710.0,2395.0,5.072043922224899,0.8329091229351039,0.494696241836107,7.78155595923534,6.566672429803241,2.598076211353316
LAKE,ODISHA,2019,27.5,6.9,7.15,155.5,1.5499999999999998,0.8,2320.0,3605.0,5.0530560099802075,0.9360933591703348,0.5877866649021191,8.190354403763262,7.749753406274437,2.6267851073127395
LAKE,ODISHA,2019,27.0,7.3999999999999995,7.199999999999999,158.5,1.25,1.635,1660.0,2365.0,5.072043922224899,0.8109302162163288,0.9688831819933257,7.768956044538332,7.415175109613295,2.7202941017470885
POND,ODISHA,2019,24.0,7.9,7.5,447.0,1.95,4.9399999999999995,27022.5,46085.0,6.104793232414985,1.0818051703517284,1.7817091333745534,10.738264495226737,10.204462136804183,2.8106938645110393
POND,ODISHA,2019,24.5,7.1000000000000005,8.0,1012.0,5.1499999999999995,1.8299999999999998,8001.0,1060.0,6.920671504248683,1.8164520818184264,1.0402767116551463,6.966967138613983,8.98744678941718,2.6645825188948455
POND,ODISHA,2019,25.0,10.35,8.1,700.0,6.1,5.51,265.0,1060.0,6.55250788703459,1.9600947840472698,1.873339456220478,6.966967138613983,5.583496308781699,3.2171415884290826
POND,ODISHA,2019,25.0,6.4,7.85,465.5,4.35,1.3,8010.0,8539.0,6.1452580202873985,1.6770965609079151,0.832909122935104,9.052516286782616,8.988570876215118,2.5298221281347035
POND,ODISHA,2019,25.0,9.55,8.05,807.0,11.8,4.569999999999999,1210.0,8022.5,6.694562058521095,2.5494451709255714,1.7173950539391925,8.990130014639414,7.099201743553092,3.0903074280724887
POND,ODISHA,2019,26.0,8.799999999999999,7.75,418.0,16.3,1.015,8065.0,11110.0,6.037870919922137,2.8507065015037334,0.7006191953986463,9.315690887584008,8.995412975433313,2.966479394838265
POND,ODISHA,2019,25.0,6.8,7.800000000000001,300.0,1.9,1.25,860.0,2484.0,5.707110264748875,1.0647107369924282,0.8109302162163288,7.818027938530729,6.7580945044277305,2.6076809620810595
POND,ODISHA,2019,25.5,7.0,7.85,769.0,5.550000000000001,2.445,8010.0,8039.0,6.646390514847729,1.8794650496471608,1.236923904465622,8.992184362173012,8.988570876215118,2.6457513110645907
LAKE,PUDUCHERRY,2019,25.0,6.25,7.699999999999999,383.5,2.95,0.065,260.0,500.0,5.951943788945699,1.3737155789130306,0.06297479916138844,6.2166061010848646,5.564520407322694,2.5
LAKE,PUDUCHERRY,2019,29.0,4.3,7.55,461.0,4.5,0.045,325.0,420.0,6.135564891081739,1.7047480922384253,0.04401688541677433,6.042632833682381,5.786897381366708,2.073644135332772
LAKE,PUDUCHERRY,2019,29.5,7.55,7.85,234.5,2.0,0.11,4340.0,21000.0,5.461710913456472,1.0986122886681098,0.10436001532424277,9.952325334619427,8.375860015299594,2.7477263328068173
LAKE,PUNJAB,2019,22.5,7.75,7.6,304.5,1.55,0.75,1500.0,3800.0,5.72194977861165,0.9360933591703349,0.5596157879354227,8.24301946898925,7.313886831633462,2.7838821814150108
LAKE,PUNJAB,2019,22.5,7.300000000000001,7.699999999999999,302.0,2.45,0.8999999999999999,1230.0,2800.0,5.713732805509369,1.2383742310432684,0.6418538861723947,7.937731775260109,7.115582126184454,2.701851217221259
LAKE,PUNJAB,2019,19.0,8.05,7.550000000000001,189.0,4.5,0.1,34.5,73.5,5.247024072160486,1.7047480922384253,0.09531017980432487,4.310799125385514,3.56953269648137,2.8372521918222215
LAKE,RAJASTHAN,2019,21.0,6.4,6.6,625.0,1.87,2.5549999999999997,37.5,92.0,6.439350371100098,1.0543120297715298,1.268355063255204,4.532599493153256,3.6506582412937387,2.5298221281347035
LAKE,RAJASTHAN,2019,22.0,6.4,8.2,1360.0,4.9,2.4699999999999998,79.5,244.0,7.215975002651466,1.7749523509116738,1.2441545939587677,5.501258210544727,4.388257184424518,2.5298221281347035
LAKE,RAJASTHAN,2019,23.5,2.9000000000000004,7.85,380.0,12.1,2.85,47.5,124.5,5.942799375126701,2.5726122302071057,1.3480731482996928,4.832305758571839,3.8815637979434374,1.7029386365926402
LAKE,RAJASTHAN,2019,20.0,6.55,8.4,680.0,1.8,2.0149999999999997,25.0,112.5,6.523562306149512,1.0296194171811581,1.1035998301791488,4.7318028369214575,3.258096538021482,2.5592967784139455
LAKE,RAJASTHAN,2019,26.0,7.25,7.800000000000001,325.0,1.15,2.29,15.0,33.5,5.786897381366708,0.7654678421395714,1.1908875647772805,3.5409593240373143,2.772588722239781,2.692582403567252
LAKE,RAJASTHAN,2019,20.25,5.449999999999999,7.800000000000001,300.0,2.2,2.45,51.0,89.0,5.707110264748875,1.1631508098056809,1.2383742310432684,4.499809670330265,3.9512437185814275,2.33452350598575
LAKE,RAJASTHAN,2019,25.0,5.1,7.75,435.0,2.4,2.255,47.5,112.5,6.077642243349034,1.2237754316221157,1.1801922756605325,4.7318028369214575,3.8815637979434374,2.258317958127243
LAKE,RAJASTHAN,2019,25.5,5.75,7.1,220.0,1.17,1.44,15.0,39.0,5.3981627015177525,0.7747271675523681,0.8919980393051105,3.6888794541139363,2.772588722239781,2.3979157616563596
LAKE,RAJASTHAN,2019,24.5,6.85,7.75,230.0,2.35,1.9000000000000001,24.0,47.5,5.442417710521793,1.208960345836975,1.0647107369924285,3.8815637979434374,3.2188758248682006,2.6172504656604803
LAKE,RAJASTHAN,2019,19.0,4.1,8.1,565.0,1.98,2.035,52.0,134.0,6.338594078203183,1.091923300517313,1.1102114245114616,4.90527477843843,3.970291913552122,2.0248456731316584
LAKE,RAJASTHAN,2019,19.25,4.4,8.1,550.0,1.62,2.095,52.0,134.0,6.311734809152915,0.9631743177730056,1.1297879061365594,4.90527477843843,3.970291913552122,2.0976176963403033
LAKE,RAJASTHAN,2019,18.0,6.0,8.0,790.0,2.56,2.05,52.0,142.5,6.673297967767654,1.269760544863939,1.1151415906193203,4.966335035199676,3.970291913552122,2.449489742783178
LAKE,RAJASTHAN,2019,19.0,7.25,8.1,585.0,1.5,1.9000000000000001,25.0,88.0,6.373319789577012,0.9162907318741551,1.0647107369924285,4.48863636973214,3.258096538021482,2.692582403567252
LAKE,RAJASTHAN,2019,19.0,7.4,8.15,570.0,1.25,1.8900000000000001,36.5,74.0,6.3473892096560105,0.8109302162163288,1.0612565021243408,4.31748811353631,3.624340932976365,2.7202941017470885
LAKE,RAJASTHAN,2019,21.5,4.3,7.9,980.0,3.5,2.3049999999999997,86.5,180.0,6.8885724595653635,1.5040773967762742,1.1954364733036495,5.198497031265826,4.471638793363569,2.073644135332772
LAKE,RAJASTHAN,2019,21.0,2.9,8.45,3750.0,16.6,2.665,139.5,290.0,8.229777750081887,2.8678989020441064,1.2988283353386147,5.673323267171493,4.945207488773801,1.70293863659264
LAKE,RAJASTHAN,2019,22.0,4.45,8.45,1320.0,5.25,1.71,130.0,267.5,7.186144304522325,1.8325814637483102,0.9969486348916096,5.5928509139489195,4.875197323201151,2.1095023109728985
POND,RAJASTHAN,2019,21.0,5.9,8.05,750.0,2.3,2.11,36.5,119.0,6.621405651764134,1.1939224684724346,1.1346227261911428,4.787491742782046,3.624340932976365,2.4289915602982237
LAKE,TAMIL NADU,2019,21.0,6.75,7.1,118.5,3.9499999999999997,1.775,54.5,73.5,4.783316371371566,1.5993875765805987,1.0206507471983979,4.310799125385514,4.0163830207523885,2.598076211353316
LAKE,TAMIL NADU,2019,19.5,5.9,7.199999999999999,317.0,4.5,10.049999999999999,435.0,1295.0,5.762051382780177,1.7047480922384253,2.4024304279637616,7.16703787691222,6.077642243349034,2.4289915602982237
LAKE,TAMIL NADU,2019,23.5,5.9,7.300000000000001,449.5,3.05,1.95,379.5,970.0,6.110358077048392,1.3987168811184478,1.0818051703517284,6.878326468291325,5.941486177301741,2.4289915602982237
LAKE,TAMIL NADU,2019,29.0,5.550000000000001,8.0,485.5,6.45,2.23,121.0,305.0,6.1872369016260595,2.0082140323914683,1.172482137234565,5.723585101952381,4.804021044733257,2.3558437978779496
LAKE,TAMIL NADU,2019,15.5,5.7,7.65,736.0,7.0,1.525,265.0,1060.0,6.602587892189336,2.0794415416798357,0.9262410627273231,6.966967138613983,5.583496308781699,2.3874672772626644
LAKE,TAMIL NADU,2019,30.1,5.4,7.6,1390.0,7.0,1.025,126.0,1060.0,7.237778191923443,2.0794415416798357,0.7055697005585024,6.966967138613983,4.844187086458591,2.32379000772445
LAKE,TAMIL NADU,2019,30.5,5.5,8.25,1350.5,9.0,1.4,265.0,1060.0,7.208970365716502,2.302585092994046,0.8754687373538999,6.966967138613983,5.583496308781699,2.345207879911715
TANK,TAMIL NADU,2019,26.0,4.85,7.25,999.0,3.5,0.41500000000000004,265.0,1060.0,6.907755278982137,1.5040773967762742,0.34712953109520095,6.966967138613983,5.583496308781699,2.202271554554524
LAKE,TELANGANA,2019,25.0,2.5999999999999996,7.45,1433.0,21.0,10.5,470.0,920.0,7.2682230211595655,3.091042453358316,2.4423470353692043,6.825460036255307,6.154858094016418,1.6124515496597098
LAKE,TELANGANA,2019,27.0,0.3,7.4,1485.0,33.5,9.35,36.0,1060.0,7.303843225277705,3.5409593240373143,2.336986519711378,6.966967138613983,3.6109179126442243,0.5477225575051661
LAKE,TELANGANA,2019,27.5,5.2,7.75,412.0,3.0,4.5,5.0,1060.0,6.023447592961033,1.3862943611198906,1.7047480922384253,6.966967138613983,1.791759469228055,2.280350850198276
LAKE,TELANGANA,2019,27.0,1.4,7.5,1567.5,19.0,4.6,24.0,375.0,7.357875027630733,2.995732273553991,1.7227665977411035,5.929589143389895,3.2188758248682006,1.1832159566199232
LAKE,TELANGANA,2019,27.5,5.75,7.25,1631.0,18.0,7.01,29.0,375.0,7.397561535524052,2.9444389791664403,2.080690761080268,5.929589143389895,3.4011973816621555,2.3979157616563596
LAKE,TELANGANA,2019,28.0,0.3,7.45,2556.0,45.0,11.79,57.0,445.0,7.846589975291186,3.828641396489095,2.548663615590751,6.100318952020064,4.060443010546419,0.5477225575051661
LAKE,TELANGANA,2019,27.5,5.85,7.699999999999999,291.0,2.5,1.0,2.0,1060.0,5.676753802268282,1.252762968495368,0.6931471805599453,6.966967138613983,1.0986122886681098,2.4186773244895647
LAKE,TELANGANA,2019,26.5,4.5,7.45,699.0,3.5,1.2799999999999998,2.0,1060.0,6.551080335043404,1.5040773967762742,0.8241754429663494,6.966967138613983,1.0986122886681098,2.1213203435596424
LAKE,TELANGANA,2019,28.0,0.8,7.5,1651.5,17.0,3.7,25.5,435.0,7.410044571725841,2.8903717578961645,1.547562508716013,6.077642243349034,3.2771447329921766,0.8944271909999159
LAKE,TELANGANA,2019,28.5,0.3,7.449999999999999,1271.5,20.0,5.64,35.0,470.0,7.148738748424678,3.044522437723423,1.8931119634883424,6.154858094016418,3.58351893845611,0.5477225575051661
LAKE,TELANGANA,2019,26.5,0.3,7.35,1515.5,22.0,10.6,23.0,450.0,7.324160327128636,3.1354942159291497,2.451005098112319,6.111467339502679,3.1780538303479458,0.5477225575051661
LAKE,TELANGANA,2019,26.0,0.5,7.35,1416.5,27.0,17.0,24.0,455.0,7.256650035601907,3.332204510175204,2.8903717578961645,6.1224928095143865,3.2188758248682006,0.7071067811865476
LAKE,TELANGANA,2019,28.5,0.9,7.5,1138.0,18.0,2.8,22.0,410.0,7.037905963447182,2.9444389791664403,1.33500106673234,6.018593214496234,3.1354942159291497,0.9486832980505138
LAKE,TELANGANA,2019,27.5,0.5,7.449999999999999,1764.5,27.0,10.1,53.5,380.0,7.476189215368441,3.332204510175204,2.4069451083182885,5.942799375126701,3.9982007016691985,0.7071067811865476
LAKE,TELANGANA,2019,28.5,2.85,7.949999999999999,1361.5,18.0,7.0,70.0,430.0,7.217076526537399,2.9444389791664403,2.0794415416798357,6.066108090103747,4.2626798770413155,1.6881943016134133
LAKE,TELANGANA,2019,29.0,3.4,7.6499999999999995,1684.5,20.6,9.055,91.0,1060.0,7.4298175346741155,3.0726933146901194,2.3080700232246154,6.966967138613983,4.5217885770490405,1.8439088914585775
LAKE,TELANGANA,2019,26.5,0.3,7.25,2343.5,47.0,17.12,34.5,625.0,7.759827438529641,3.871201010907891,2.8970163006148333,6.439350371100098,3.56953269648137,0.5477225575051661
LAKE,TELANGANA,2019,27.5,1.4,7.75,1498.0,45.0,28.25,31.5,325.0,7.312553498102598,3.828641396489095,3.3758795736778655,5.786897381366708,3.481240089335692,1.1832159566199232
LAKE,TELANGANA,2019,28.0,1.05,7.5,1849.5,26.0,15.0,14.0,1060.0,7.523211151826211,3.295836866004329,2.772588722239781,6.966967138613983,2.70805020110221,1.02469507659596
LAKE,TELANGANA,2019,26.5,1.85,7.300000000000001,1439.0,22.0,16.23,12.0,1060.0,7.272398392570047,3.1354942159291497,2.8466520505398383,6.966967138613983,2.5649493574615367,1.3601470508735443
LAKE,TELANGANA,2019,27.5,1.4,7.3,1088.0,12.0,7.7,24.0,325.0,6.9930151229329605,2.5649493574615367,2.163323025660538,5.786897381366708,3.2188758248682006,1.1832159566199232
LAKE,TELANGANA,2019,28.5,0.3,7.5,1230.0,18.0,4.85,21.0,285.0,7.115582126184454,2.9444389791664403,1.766441661243765,5.655991810819852,3.091042453358316,0.5477225575051661
LAKE,TELANGANA,2019,28.0,2.75,7.4,1505.0,36.0,28.25,265.0,1060.0,7.317212408359839,3.6109179126442243,3.3758795736778655,6.966967138613983,5.583496308781699,1.6583123951777
LAKE,TELANGANA,2019,27.5,6.3,7.55,245.5,2.5,1.05,2.0,1060.0,5.5073619934827445,1.252762968495368,0.7178397931503169,6.966967138613983,1.0986122886681098,2.5099800796022267
LAKE,TELANGANA,2019,28.0,1.1,7.65,1508.5,18.0,15.5,116.0,380.0,7.319533749146894,2.9444389791664403,2.803360380906535,5.942799375126701,4.762173934797756,1.0488088481701516
LAKE,TELANGANA,2019,16.3,4.3999999999999995,7.3,602.0,3.5,1.45,18.5,1060.0,6.401917196727186,1.5040773967762742,0.8960880245566356,6.966967138613983,2.970414465569701,2.097617696340303
LAKE,TELANGANA,2019,25.5,4.5,7.05,484.0,3.2,5.815,21.0,470.0,6.184148890937483,1.4350845252893227,1.919126065148496,6.154858094016418,3.091042453358316,2.1213203435596424
LAKE,TELANGANA,2019,24.0,6.35,7.050000000000001,1521.0,7.5,12.879999999999999,4.0,340.0,7.3277805384216315,2.1400661634962708,2.6304489550786583,5.831882477283517,1.6094379124341003,2.5199206336708304
LAKE,TELANGANA,2019,24.0,5.6,7.1,982.0,7.8,10.415,4.5,1060.0,6.890609120147166,2.174751721484161,2.434928279981759,6.966967138613983,1.7047480922384253,2.3664319132398464
LAKE,TELANGANA,2019,24.5,6.050000000000001,7.050000000000001,910.5,12.0,12.495000000000001,31.0,6140.0,6.815091594118718,2.5649493574615367,2.602319246469968,8.722742874329398,3.4657359027997265,2.459674775249769
LAKE,TELANGANA,2019,24.0,6.35,7.25,542.0,2.35,9.34,2.0,1060.0,6.297109319933935,1.208960345836975,2.336019869080283,6.966967138613983,1.0986122886681098,2.5199206336708304
LAKE,TELANGANA,2019,27.0,2.85,7.25,750.0,10.0,15.735,10.0,242.0,6.621405651764134,2.3978952727983707,2.8175023346632897,5.493061443340548,2.3978952727983707,1.6881943016134133
LAKE,TELANGANA,2019,27.5,1.05,7.35,1212.0,11.0,13.0,30.0,390.0,7.10085190894405,2.4849066497880004,2.6390573296152584,5.968707559985366,3.4339872044851463,1.02469507659596
LAKE,TELANGANA,2019,27.5,1.6,7.3,968.5,11.0,13.5,19.0,340.0,6.876780474682707,2.4849066497880004,2.6741486494265287,5.831882477283517,2.995732273553991,1.2649110640673518
LAKE,TELANGANA,2019,27.0,0.9500000000000001,7.35,986.0,15.0,3.2,19.5,334.0,6.894670039433482,2.772588722239781,1.4350845252893227,5.814130531825066,3.0204248861443626,0.9746794344808964
LAKE,TELANGANA,2019,27.5,1.6500000000000001,7.4,1497.5,30.0,15.225,17.0,763.0,7.312219886756718,3.4339872044851463,2.7865532625901537,6.638567789166521,2.8903717578961645,1.284523257866513
LAKE,TELANGANA,2019,28.0,1.05,7.4,1470.5,61.5,28.25,28.0,975.0,7.294037567673527,4.135166556742356,3.3758795736778655,6.883462586413092,3.367295829986474,1.02469507659596
LAKE,TELANGANA,2019,27.5,1.35,7.5,1633.0,29.0,28.25,36.0,1060.0,7.3987862754199485,3.4011973816621555,3.3758795736778655,6.966967138613983,3.6109179126442243,1.161895003862225
LAKE,TELANGANA,2019,27.5,0.3,8.15,1240.0,26.5,28.25,2.0,20.5,7.123672785204607,3.3141860046725258,3.3758795736778655,3.068052935133617,1.0986122886681098,0.5477225575051661
LAKE,TELANGANA,2019,28.5,1.35,7.05,2208.0,51.5,28.25,17.0,325.0,7.700295203420117,3.960813169597578,3.3758795736778655,5.786897381366708,2.8903717578961645,1.161895003862225
LAKE,TELANGANA,2019,27.0,2.9,7.25,350.0,3.0,2.5,2.0,1060.0,5.860786223465865,1.3862943611198906,1.252762968495368,6.966967138613983,1.0986122886681098,1.70293863659264
LAKE,TELANGANA,2019,28.5,0.5,7.25,1495.0,23.0,14.5,25.5,345.0,7.310550158534422,3.1780538303479458,2.740840023925201,5.846438775057725,3.2771447329921766,0.7071067811865476
LAKE,TELANGANA,2019,30.5,1.85,7.5,1520.5,24.0,16.14,133.0,785.0,7.327451969337026,3.2188758248682006,2.8414149131696336,6.666956792429207,4.897839799950911,1.3601470508735443
LAKE,TELANGANA,2019,28.0,1.95,7.6499999999999995,1747.5,44.0,28.25,25.5,355.0,7.466513556503431,3.8066624897703196,3.3758795736778655,5.87493073085203,3.2771447329921766,1.396424004376894
LAKE,TELANGANA,2019,28.0,1.6500000000000001,7.35,1853.5,37.0,28.25,15.0,1060.0,7.525370396929645,3.6375861597263857,3.3758795736778655,6.966967138613983,2.772588722239781,1.284523257866513
LAKE,TELANGANA,2019,28.0,0.55,7.35,1506.5,42.0,19.0,25.0,445.0,7.318207928601341,3.7612001156935624,2.995732273553991,6.100318952020064,3.258096538021482,0.7416198487095663
LAKE,TELANGANA,2019,31.0,0.5,7.4,1831.0,32.0,2.79,40.0,390.0,7.513163545234075,3.4965075614664802,1.332366019094335,5.968707559985366,3.713572066704308,0.7071067811865476
LAKE,TELANGANA,2019,28.0,6.199999999999999,8.15,229.0,2.5,1.3,2.0,1060.0,5.438079308923196,1.252762968495368,0.832909122935104,6.966967138613983,1.0986122886681098,2.4899799195977463
POND,TELANGANA,2019,26.0,0.3,7.2,1507.0,38.0,6.0,14.0,350.0,7.318539548567902,3.6635616461296463,1.9459101490553132,5.860786223465865,2.70805020110221,0.5477225575051661
POND,TELANGANA,2019,28.0,5.75,7.8,469.0,2.5,1.4,2.0,1060.0,6.152732694704104,1.252762968495368,0.8754687373538999,6.966967138613983,1.0986122886681098,2.3979157616563596
POND,TELANGANA,2019,27.5,1.55,6.6,1160.0,14.0,4.3149999999999995,23.0,380.0,7.057036981697891,2.70805020110221,1.6705330117939112,5.942799375126701,3.1780538303479458,1.2449899597988732
POND,TELANGANA,2019,27.5,5.75,7.75,1024.0,29.0,10.95,50.0,430.0,6.932447891572509,3.4011973816621555,2.4807312783775197,6.066108090103747,3.9318256327243257,2.3979157616563596
POND,TELANGANA,2019,27.5,0.5,7.5,1385.0,17.0,2.7,39.0,291.0,7.234177179749849,2.8903717578961645,1.308332819650179,5.676753802268282,3.6888794541139363,0.7071067811865476
POND,TELANGANA,2019,28.0,0.3,7.4,1641.5,46.0,16.36,25.5,370.0,7.403974750358765,3.8501476017100584,2.854168709232204,5.916202062607435,3.2771447329921766,0.5477225575051661
POND,TELANGANA,2019,26.0,5.75,7.4,1606.5,19.0,7.8,116.5,410.0,7.382435456111774,2.995732273553991,2.174751721484161,6.018593214496234,4.7664383335842135,2.3979157616563596
POND,TELANGANA,2019,28.0,2.05,7.25,1138.0,21.5,10.2,21.0,1060.0,7.037905963447182,3.1135153092103742,2.4159137783010487,6.966967138613983,3.091042453358316,1.4317821063276353
POND,TELANGANA,2019,28.5,4.85,7.8500000000000005,808.5,3.5,0.71,2.0,1060.0,6.69641677311769,1.5040773967762742,0.5364933705145685,6.966967138613983,1.0986122886681098,2.202271554554524
POND,TELANGANA,2019,26.0,3.15,7.55,853.0,13.0,17.84,26.5,251.5,6.74993119378857,2.6390573296152584,2.935982269148217,5.531411248715415,3.3141860046725258,1.7748239349298849
TANK,TELANGANA,2019,31.5,5.550000000000001,7.800000000000001,343.5,3.0,0.45,2.0,1060.0,5.842094090453713,1.3862943611198906,0.37156355643248307,6.966967138613983,1.0986122886681098,2.3558437978779496
TANK,TELANGANA,2019,20.5,6.35,7.0,1286.0,3.9,11.345,5.0,1060.0,7.160069207596127,1.589235205116581,2.513251122797143,6.966967138613983,1.791759469228055,2.5199206336708304
TANK,TELANGANA,2019,24.0,4.25,7.25,2970.0,9.0,20.335,2.0,1060.0,7.9966538754626075,2.302585092994046,3.0603489166399633,6.966967138613983,1.0986122886681098,2.0615528128088303
TANK,TELANGANA,2019,23.5,6.2,7.0,3840.0,8.7,23.915,4.0,1060.0,8.253488028345904,2.272125885509337,3.2154700317333678,6.966967138613983,1.6094379124341003,2.4899799195977463
TANK,TELANGANA,2019,26.5,0.3,7.45,3840.0,39.0,14.0,72.0,455.0,8.253488028345904,3.6888794541139363,2.70805020110221,6.1224928095143865,4.290459441148391,0.5477225575051661
TANK,TELANGANA,2019,22.0,5.949999999999999,7.050000000000001,2595.5,2.7,19.295,2.0,1060.0,7.8619196632843735,1.308332819650179,3.010374550290861,6.966967138613983,1.0986122886681098,2.4392621835300936
TANK,TELANGANA,2019,28.5,0.45,7.55,1810.5,36.0,8.3,57.0,605.0,7.501910510335132,3.6109179126442243,2.2300144001592104,6.406879986069314,4.060443010546419,0.6708203932499369
TANK,TELANGANA,2019,31.5,5.25,7.55,664.5,4.5,0.615,2.0,1060.0,6.500538637835167,1.7047480922384253,0.47933495667461984,6.966967138613983,1.0986122886681098,2.29128784747792
TANK,TELANGANA,2019,27.5,1.9,7.55,1635.0,22.0,2.64,46.0,391.0,7.400009517162692,3.1354942159291497,1.2919836816486494,5.971261839790462,3.8501476017100584,1.378404875209022
TANK,TELANGANA,2019,23.5,6.75,7.15,1205.5,2.5,14.370000000000001,2.0,1060.0,7.095478885065086,1.252762968495368,2.7324175575505047,6.966967138613983,1.0986122886681098,2.598076211353316
TANK,TELANGANA,2019,26.5,2.4,7.6,966.0,9.0,2.95,17.0,285.0,6.874198495453294,2.302585092994046,1.3737155789130306,5.655991810819852,2.8903717578961645,1.5491933384829668
TANK,TELANGANA,2019,27.0,2.0,7.4,1135.5,12.0,2.7,22.0,325.0,7.0357086432925975,2.5649493574615367,1.308332819650179,5.786897381366708,3.1354942159291497,1.4142135623730951
TANK,TELANGANA,2019,26.0,5.25,7.949999999999999,666.5,2.55,4.66,2.0,1060.0,6.503539390274405,1.2669476034873244,1.7334238922150915,6.966967138613983,1.0986122886681098,2.29128784747792
TANK,TELANGANA,2019,28.0,5.75,7.4,1763.5,31.0,16.15,63.0,370.0,7.475622643115325,3.4657359027997265,2.8419981736119486,5.916202062607435,4.1588830833596715,2.3979157616563596
TANK,TELANGANA,2019,23.5,6.45,7.050000000000001,1329.0,2.5,8.705,2.0,1060.0,7.1929342212158,1.252762968495368,2.2726412166209737,6.966967138613983,1.0986122886681098,2.539685019840059
TANK,TELANGANA,2019,24.0,6.15,7.050000000000001,2543.0,3.1,12.79,2.0,1060.0,7.841492924460013,1.410986973710262,2.6239436918052106,6.966967138613983,1.0986122886681098,2.479919353527449
TANK,TELANGANA,2019,24.5,6.65,7.25,857.5,3.6,13.395,5.0,1060.0,6.7551866803375304,1.5260563034950492,2.6668809240641393,6.966967138613983,1.791759469228055,2.5787593916455256
TANK,TELANGANA,2019,26.0,0.5,7.6499999999999995,1655.5,28.0,17.5,53.0,445.0,7.4124622217399505,3.367295829986474,2.917770732084279,6.100318952020064,3.9889840465642745,0.7071067811865476
TANK,TELANGANA,2019,25.5,5.8,7.2,1553.0,7.6,14.43,10.0,1060.0,7.348587530927593,2.151762203259462,2.7363136663750693,6.966967138613983,2.3978952727983707,2.4083189157584592
TANK,TELANGANA,2019,23.0,6.1,7.35,1432.0,5.1,13.844999999999999,3.0,1060.0,7.267525427828172,1.8082887711792655,2.697663108215723,6.966967138613983,1.3862943611198906,2.4698178070456938
TANK,TELANGANA,2019,24.5,5.550000000000001,7.1,2830.0,6.4,17.845,2.0,1060.0,7.9483852851118995,2.0014800002101243,2.9362476267190987,6.966967138613983,1.0986122886681098,2.3558437978779496
TANK,TELANGANA,2019,24.0,5.1,7.1,1211.5,3.7,8.899999999999999,2.0,1060.0,7.100439622811638,1.547562508716013,2.292534757140544,6.966967138613983,1.0986122886681098,2.258317958127243
TANK,TELANGANA,2019,23.0,6.5,7.199999999999999,1895.0,19.0,23.895000000000003,2.0,1060.0,7.547501682814967,2.995732273553991,3.214666980094146,6.966967138613983,1.0986122886681098,2.5495097567963922
TANK,TELANGANA,2019,24.0,5.7,7.6,2374.0,5.7,24.334999999999997,2.0,1060.0,7.772752716468742,1.9021075263969205,3.232186838927873,6.966967138613983,1.0986122886681098,2.3874672772626644
TANK,TELANGANA,2019,28.0,1.6500000000000001,7.449999999999999,1218.5,16.0,7.185,35.5,325.0,7.106196217655975,2.833213344056216,2.102303210823098,5.786897381366708,3.597312260588446,1.284523257866513
TANK,TELANGANA,2019,28.0,2.8499999999999996,7.35,1201.0,11.0,11.25,21.0,315.0,7.091742115095153,2.4849066497880004,2.505525936990736,5.755742213586912,3.091042453358316,1.688194301613413
TANK,TELANGANA,2019,28.0,5.75,7.5,1454.0,20.0,4.0,185.0,385.0,7.282761179605593,3.044522437723423,1.6094379124341003,5.955837369464831,5.225746673713202,2.3979157616563596
TANK,TELANGANA,2019,23.5,6.25,6.75,2322.5,7.1,24.3,2.0,1060.0,7.750829948525033,2.0918640616783932,3.2308043957334744,6.966967138613983,1.0986122886681098,2.5
TANK,TELANGANA,2019,27.5,1.65,7.25,1027.0,34.5,20.28,26.0,352.0,6.93537044601511,3.56953269648137,3.0577676644734435,5.8664680569332965,3.295836866004329,1.284523257866513
TANK,TELANGANA,2019,28.5,0.5,7.35,1535.5,26.0,9.5,14.0,1060.0,7.33726238157054,3.295836866004329,2.3513752571634776,6.966967138613983,2.70805020110221,0.7071067811865476
TANK,TELANGANA,2019,28.5,0.6,7.5,1713.0,18.0,11.9,40.0,390.0,7.446585099157725,2.9444389791664403,2.5572273113676265,5.968707559985366,3.713572066704308,0.7745966692414834
TANK,TELANGANA,2019,28.5,0.5,7.5,1581.0,27.0,13.3,39.0,227.5,7.366445148327599,3.332204510175204,2.6602595372658615,5.43153621033426,3.6888794541139363,0.7071067811865476
LAKE,TRIPURA,2019,24.5,6.550000000000001,7.35,151.0,1.55,0.255,122.0,185.0,5.0238805208462765,0.9360933591703349,0.2271355725837472,5.225746673713202,4.812184355372417,2.5592967784139455
LAKE,TRIPURA,2019,23.75,6.95,7.0,150.0,2.05,0.305,100.0,205.0,5.017279836814924,1.1151415906193203,0.26620304077465673,5.327876168789581,4.61512051684126,2.6362852652928135
LAKE,TRIPURA,2019,24.25,6.949999999999999,7.300000000000001,176.5,1.73,1.615,102.0,185.0,5.178970608915471,1.0043016091968684,0.9612640975168862,5.225746673713202,4.634728988229636,2.6362852652928135
LAKE,TRIPURA,2019,24.75,7.25,7.199999999999999,138.5,1.6400000000000001,1.05,96.5,180.0,4.93806460126142,0.9707789171582248,0.7178397931503169,5.198497031265826,4.579852378003801,2.692582403567252
LAKE,TRIPURA,2019,25.0,7.2,7.35,141.5,1.7,1.34,94.0,175.0,4.959341999708705,0.9932517730102833,0.8501509293696101,5.170483995038151,4.553876891600541,2.6832815729997477
POND,TRIPURA,2019,24.25,6.8,7.1,136.5,2.02,1.52,94.0,180.0,4.923623917106626,1.1052568313867783,0.9242589015233319,5.198497031265826,4.553876891600541,2.6076809620810595
POND,TRIPURA,2019,24.75,7.05,7.2,144.0,1.85,1.325,81.5,170.0,4.976733742420574,1.0473189942805592,0.8437200390393196,5.14166355650266,4.412798293340635,2.6551836094703507
POND,TRIPURA,2019,24.5,7.0,6.949999999999999,146.5,2.33,1.35,99.5,185.0,4.993828175779875,1.2029723039923526,0.8544153281560676,5.225746673713202,4.61015772749913,2.6457513110645907
POND,TRIPURA,2019,24.5,7.2,7.1,147.5,1.62,1.25,95.0,170.0,5.000584958242754,0.9631743177730056,0.8109302162163288,5.14166355650266,4.564348191467836,2.6832815729997477
POND,TRIPURA,2019,24.5,7.25,7.25,135.5,1.92,1.36,83.0,170.0,4.916324614625014,1.0715836162801904,0.8586616190375187,5.14166355650266,4.430816798843313,2.692582403567252
POND,TRIPURA,2019,25.0,6.9,7.2,139.0,1.55,0.785,98.5,175.0,4.941642422609304,0.9360933591703349,0.5794184152316023,5.170483995038151,4.600157644164547,2.6267851073127395
POND,TRIPURA,2019,24.25,7.0,7.300000000000001,137.0,1.59,0.6649999999999999,81.5,175.0,4.927253685157205,0.9516578757114464,0.509825123432407,5.170483995038151,4.412798293340635,2.6457513110645907
POND,TRIPURA,2019,25.0,7.35,7.3,141.0,1.9000000000000001,0.9,117.0,205.0,4.955827057601261,1.0647107369924285,0.6418538861723948,5.327876168789581,4.770684624465665,2.711088342345192
POND,TRIPURA,2019,24.0,7.5,7.35,141.5,1.6,1.1199999999999999,82.0,175.0,4.959341999708705,0.9555114450274363,0.7514160886839211,5.170483995038151,4.418840607796598,2.7386127875258306
POND,TRIPURA,2019,24.0,7.05,7.45,139.0,1.34,0.715,86.5,165.0,4.941642422609304,0.8501509293696101,0.5394130806179033,5.111987788356544,4.471638793363569,2.6551836094703507
LAKE,UTTAR PRADESH,2019,22.5,9.2,7.85,458.0,4.7,0.025,9600.0,18700.0,6.129050210060545,1.7404661748405046,0.0246926125903715,9.83633227734872,9.169622538697624,3.03315017762062
LAKE,UTTAR PRADESH,2019,25.0,7.15,8.3,405.0,4.5,0.48,4600.0,6350.0,6.0063531596017325,1.7047480922384253,0.3920420877760237,8.756367559802975,8.434028950155469,2.6739483914241875
POND,UTTAR PRADESH,2019,24.3,1.3,8.1,1276.0,40.0,0.025,1750.0,30000.0,7.152268856032539,3.713572066704308,0.0246926125903715,10.308985993422082,7.467942332285852,1.140175425099138
POND,UTTAR PRADESH,2019,27.65,4.0,7.8999999999999995,1320.0,47.0,0.025,2650.0,63500.0,7.186144304522325,3.871201010907891,0.0246926125903715,11.05881093278828,7.8826922062890254,2.0
LAKE,WEST BENGAL,2019,25.5,8.2,8.05,404.5,3.0,0.935,3600.0,8850.0,6.005120873555468,1.3862943611198906,0.6601073264817452,9.088285725968877,8.188966863648876,2.8635642126552705
LAKE,WEST BENGAL,2019,27.5,9.450000000000001,8.35,732.5,9.23,0.745,114000.0,258500.0,6.597827597583036,2.325324579963535,0.5567545556543905,12.462654841395091,11.643962499267984,3.0740852297878796
LAKE,WEST BENGAL,2019,27.5,6.6,8.1,773.0,25.325000000000003,0.635,254000.0,458500.0,6.651571873589727,3.270519058020039,0.4916428043492167,13.03571775170136,12.445093483000798,2.569046515733026
LAKE,WEST BENGAL,2019,27.5,9.75,8.3,752.0,10.4,0.76,465000.0,840000.0,6.6240652277998935,2.4336133554004498,0.5653138090500605,13.641158361294979,13.049794835104816,3.122498999199199
LAKE,WEST BENGAL,2019,24.0,7.75,7.65,59.5,2.0,0.63,3350.0,16500.0,4.102643365036796,1.0986122886681098,0.48858001481867097,9.711176264112805,8.11701408773731,2.7838821814150108
LAKE,WEST BENGAL,2019,14.5,4.5,7.15,123.0,16.4,1.42,5800.0,16500.0,4.820281565605037,2.856470206220483,0.883767540168595,9.711176264112805,8.665785595466064,2.1213203435596424
LAKE,WEST BENGAL,2019,14.5,7.55,6.949999999999999,56.0,1.3,0.47,150.0,310.0,4.04305126783455,0.832909122935104,0.3852624007906449,5.739792912179234,5.017279836814924,2.7477263328068173
LAKE,WEST BENGAL,2019,14.0,7.699999999999999,7.45,28.5,1.4,1.125,120.0,305.0,3.3843902633457743,0.8754687373538999,0.7537718023763802,5.723585101952381,4.795790545596741,2.7748873851023212
LAKE,WEST BENGAL,2019,26.0,8.0,7.8,214.5,2.625,0.43000000000000005,1250.0,2355.0,5.372960909543803,1.2878542883066382,0.357674444271816,7.764720544771477,7.1316985104669115,2.8284271247461903
LAKE,WEST BENGAL,2019,27.5,8.8,8.05,477.5,4.075,0.45999999999999996,9500.0,15250.0,6.170656210893009,1.6243265249278511,0.37843643572024505,9.632400353656184,9.15915233520675,2.9664793948382653
LAKE,WEST BENGAL,2019,25.0,7.199999999999999,7.6,91.5,2.05,0.72,355.0,1950.0,4.52720864451838,1.1151415906193203,0.5423242908253617,7.576097340623111,5.87493073085203,2.6832815729997477
LAKE,WEST BENGAL,2019,14.0,7.5,7.199999999999999,28.5,1.35,0.505,120.0,305.0,3.3843902633457743,0.8544153281560676,0.408792898200839,5.723585101952381,4.795790545596741,2.7386127875258306
LAKE,WEST BENGAL,2019,14.0,6.7,7.1,35.5,1.7000000000000002,0.425,90.0,185.0,3.597312260588446,0.9932517730102834,0.35417181372061385,5.225746673713202,4.51085950651685,2.588435821108957
LAKE,"ANDHRA 
PRADESH",2020,26.5,5.2,7.7,735.0,3.5999999999999996,2.775,19.0,305.0,6.601230118728877,1.5260563034950492,1.328400382700988,5.723585101952381,2.995732273553991,2.280350850198276
TANK,"ANDHRA 
PRADESH",2020,28.0,6.0,7.0,438.0,1.65,1.7049999999999998,123.5,405.0,6.0844994130751715,0.9745596399981308,0.9951019122984448,6.0063531596017325,4.824305715904762,2.449489742783178
LAKE,ASSAM,2020,26.5,8.7,7.65,214.0,2.95,1.4,605.0,1110.0,5.3706380281276624,1.3737155789130306,0.8754687373538999,7.01301578963963,6.406879986069314,2.949576240750525
LAKE,ASSAM,2020,24.0,5.5,7.199999999999999,82.5,1.75,0.8,330.0,1060.0,4.42484663185681,1.0116009116784799,0.5877866649021191,6.966967138613983,5.802118375377063,2.345207879911715
LAKE,ASSAM,2020,28.0,4.75,7.55,55.0,1.75,0.75,181.0,605.0,4.02535169073515,1.0116009116784799,0.5596157879354227,6.406879986069314,5.204006687076795,2.179449471770337
LAKE,ASSAM,2020,25.0,7.85,7.55,216.5,3.3499999999999996,1.6,515.0,930.0,5.382198850528739,1.4701758451005926,0.9555114450274363,6.836259277277067,6.246106765481563,2.80178514522438
LAKE,ASSAM,2020,24.5,0.3,7.35,225.0,1.7,0.7,2.0,2.0,5.420534999272286,0.9932517730102833,0.5306282510621704,1.0986122886681098,1.0986122886681098,0.5477225575051661
LAKE,ASSAM,2020,23.5,7.0,7.449999999999999,81.0,2.1,0.7,515.0,1350.0,4.406719247264253,1.1314021114911006,0.5306282510621704,7.208600337960199,6.246106765481563,2.6457513110645907
LAKE,ASSAM,2020,22.5,6.3,7.5,203.5,1.9500000000000002,1.0499999999999998,515.0,1350.0,5.320567975482857,1.0818051703517284,0.7178397931503168,7.208600337960199,6.246106765481563,2.5099800796022267
LAKE,ASSAM,2020,26.0,4.949999999999999,7.3,102.5,2.05,0.95,515.0,930.0,4.639571612705423,1.1151415906193203,0.6678293725756554,6.836259277277067,6.246106765481563,2.2248595461286986
LAKE,ASSAM,2020,22.5,4.25,6.800000000000001,139.0,2.35,0.9,330.0,930.0,4.941642422609304,1.208960345836975,0.6418538861723948,6.836259277277067,5.802118375377063,2.0615528128088303
LAKE,ASSAM,2020,23.0,4.949999999999999,7.05,128.0,1.7999999999999998,0.95,510.0,1360.0,4.859812404361672,1.0296194171811581,0.6678293725756554,7.215975002651466,6.236369590203704,2.2248595461286986
LAKE,ASSAM,2020,28.5,6.25,7.050000000000001,122.0,2.1500000000000004,1.35,605.0,1410.0,4.812184355372417,1.1474024528375417,0.8544153281560676,7.252053951852814,6.406879986069314,2.5
LAKE,ASSAM,2020,26.5,3.5,7.35,1153.5,25.85,3.0999999999999996,730.0,2450.0,7.05142262879455,3.2902658209548736,1.410986973710262,7.804251383528112,6.594413459749778,1.8708286933869707
LAKE,ASSAM,2020,27.0,1.3499999999999999,7.35,505.0,14.65,1.6500000000000001,2000.0,3550.0,6.226536669287466,2.750470916986162,0.9745596399981309,8.174984532943087,7.601402334583733,1.161895003862225
LAKE,ASSAM,2020,26.5,1.2999999999999998,7.15,498.5,26.75,4.0,2650.0,7950.0,6.2136075980886085,3.3232358401924436,1.6094379124341003,8.981052985901483,7.8826922062890254,1.1401754250991378
LAKE,ASSAM,2020,27.0,1.25,7.15,482.5,30.15,2.65,3150.0,8900.0,6.181051314893349,3.4388142452334622,1.2947271675944,9.093918908958932,8.055475141757274,1.118033988749895
LAKE,ASSAM,2020,27.5,4.6,7.3,54.0,1.7999999999999998,0.8,515.0,880.0,4.007333185232471,1.0296194171811581,0.5877866649021191,6.78105762593618,6.246106765481563,2.1447610589527217
LAKE,ASSAM,2020,24.5,6.05,7.15,45.0,1.9500000000000002,0.65,2.0,466.0,3.828641396489095,1.0818051703517284,0.5007752879124893,6.1463292576688975,1.0986122886681098,2.4596747752497685
POND,ASSAM,2020,26.0,3.8,7.4,925.5,2.5999999999999996,1.5,700.0,1760.0,6.831414045725414,1.2809338454620642,0.9162907318741551,7.473637108496206,6.55250788703459,1.9493588689617927
POND,ASSAM,2020,23.0,5.95,7.15,178.0,1.9,0.8500000000000001,605.0,1410.0,5.187385805840755,1.0647107369924282,0.6151856390902335,7.252053951852814,6.406879986069314,2.4392621835300936
POND,ASSAM,2020,25.0,6.300000000000001,7.449999999999999,45.0,1.9,0.8500000000000001,181.0,456.0,3.828641396489095,1.0647107369924282,0.6151856390902335,6.124683390894205,5.204006687076795,2.5099800796022267
POND,ASSAM,2020,25.5,6.75,7.4,28.5,1.7,0.5,181.0,515.0,3.3843902633457743,0.9932517730102833,0.4054651081081644,6.246106765481563,5.204006687076795,2.598076211353316
POND,ASSAM,2020,26.0,7.1,7.449999999999999,86.5,2.0999999999999996,1.0,456.0,900.0,4.471638793363569,1.1314021114911004,0.6931471805599453,6.803505257608338,6.124683390894205,2.6645825188948455
POND,ASSAM,2020,26.5,7.4,7.6,293.0,1.9,0.95,605.0,1360.0,5.683579767338681,1.0647107369924282,0.6678293725756554,7.215975002651466,6.406879986069314,2.7202941017470885
POND,ASSAM,2020,26.5,7.3,7.4,92.0,2.2,0.9500000000000001,366.0,1115.0,4.532599493153256,1.1631508098056809,0.6678293725756554,7.017506142941256,5.905361848054571,2.701851217221259
POND,ASSAM,2020,26.5,7.65,7.699999999999999,179.0,1.85,0.75,700.0,1710.0,5.19295685089021,1.0473189942805592,0.5596157879354227,7.444833273892193,6.55250788703459,2.7658633371878665
POND,ASSAM,2020,27.0,5.9,7.35,50.5,2.1,1.15,515.0,1360.0,3.9415818076696905,1.1314021114911006,0.7654678421395714,7.215975002651466,6.246106765481563,2.4289915602982237
POND,ASSAM,2020,27.0,7.15,7.35,70.5,2.0,1.35,366.0,1150.0,4.269697449699962,1.0986122886681098,0.8544153281560676,7.048386408721883,5.905361848054571,2.6739483914241875
POND,ASSAM,2020,27.0,7.8,7.6,201.5,2.5,1.15,605.0,1365.0,5.310739886546594,1.252762968495368,0.7654678421395714,7.2196420401307355,6.406879986069314,2.792848008753788
POND,ASSAM,2020,25.0,7.9,7.3,312.0,2.4000000000000004,1.55,1115.0,2450.0,5.746203190540153,1.2237754316221159,0.9360933591703349,7.804251383528112,7.017506142941256,2.8106938645110393
POND,ASSAM,2020,27.5,7.65,7.4,233.0,3.1,1.4,515.0,1410.0,5.455321115357702,1.410986973710262,0.8754687373538999,7.252053951852814,6.246106765481563,2.7658633371878665
POND,ASSAM,2020,27.0,8.45,7.25,61.0,1.9,0.8,456.0,1580.0,4.127134385045092,1.0647107369924282,0.5877866649021191,7.365812837209472,6.124683390894205,2.9068883707497264
POND,ASSAM,2020,27.5,8.75,7.699999999999999,55.5,2.0,1.1,605.0,1600.0,4.034240638152395,1.0986122886681098,0.7419373447293773,7.3783837129967145,6.406879986069314,2.958039891549808
POND,ASSAM,2020,29.0,4.45,7.75,46.0,1.85,0.8500000000000001,510.0,1110.0,3.8501476017100584,1.0473189942805592,0.6151856390902335,7.01301578963963,6.236369590203704,2.1095023109728985
POND,ASSAM,2020,28.5,4.449999999999999,7.45,59.5,2.0,0.75,456.0,1530.0,4.102643365036796,1.0986122886681098,0.5596157879354227,7.333676395657684,6.124683390894205,2.1095023109728985
POND,ASSAM,2020,28.5,4.9,7.45,84.5,2.0,0.8500000000000001,456.0,1415.0,4.448516375942715,1.0986122886681098,0.6151856390902335,7.255591274253665,6.124683390894205,2.2135943621178655
POND,ASSAM,2020,22.0,4.65,7.4,113.5,2.35,1.0,515.0,1150.0,4.740574822994295,1.208960345836975,0.6931471805599453,7.048386408721883,6.246106765481563,2.1563858652847827
POND,ASSAM,2020,26.0,6.6,7.25,28.5,1.95,0.5,151.0,515.0,3.3843902633457743,1.0818051703517284,0.4054651081081644,6.246106765481563,5.0238805208462765,2.569046515733026
POND,ASSAM,2020,25.5,6.0,7.25,39.5,2.15,0.75,2.0,366.0,3.7013019741124933,1.1474024528375417,0.5596157879354227,5.905361848054571,1.0986122886681098,2.449489742783178
POND,ASSAM,2020,25.0,8.1,7.35,50.5,1.7999999999999998,0.75,605.0,1180.0,3.9415818076696905,1.0296194171811581,0.5596157879354227,7.074116816197362,6.406879986069314,2.8460498941515415
POND,ASSAM,2020,25.0,6.6,7.300000000000001,79.0,2.0,1.15,181.0,701.0,4.382026634673881,1.0986122886681098,0.7654678421395714,6.553933404025811,5.204006687076795,2.569046515733026
POND,ASSAM,2020,24.0,4.6,6.85,164.0,2.15,0.95,605.0,1200.0,5.10594547390058,1.1474024528375417,0.6678293725756554,7.0909098220799835,6.406879986069314,2.1447610589527217
POND,ASSAM,2020,27.5,7.25,7.35,404.0,2.45,1.3,730.0,2205.0,6.003887067106539,1.2383742310432684,0.832909122935104,7.698936199813447,6.594413459749778,2.692582403567252
POND,ASSAM,2020,25.5,6.8,7.35,28.5,2.2,0.85,151.0,515.0,3.3843902633457743,1.1631508098056809,0.6151856390902334,6.246106765481563,5.0238805208462765,2.6076809620810595
POND,ASSAM,2020,26.0,6.0,7.5,60.0,1.9,1.0,181.0,605.0,4.110873864173311,1.0647107369924282,0.6931471805599453,6.406879986069314,5.204006687076795,2.449489742783178
TANK,ASSAM,2020,25.0,6.949999999999999,7.15,28.5,1.7999999999999998,0.9,2.0,450.0,3.3843902633457743,1.0296194171811581,0.6418538861723948,6.111467339502679,1.0986122886681098,2.6362852652928135
LAKE,BIHAR,2020,26.0,9.75,8.15,234.0,3.75,0.155,80390.0,81350.0,5.459585514144159,1.55814461804655,0.14410034397375684,11.30652840513463,11.294657508602768,3.122498999199199
LAKE,BIHAR,2020,23.5,10.35,8.5,838.5,13.9,0.52,14550.0,81650.0,6.732806476517595,2.7013612129514133,0.41871033485818504,11.31020934572104,9.585414998760278,3.2171415884290826
LAKE,BIHAR,2020,25.5,10.35,8.35,694.0,10.149999999999999,0.395,28050.0,48300.0,6.543911845564792,2.4114394979061275,0.33289441527332897,10.785207543360087,10.24177956093926,3.2171415884290826
POND,BIHAR,2020,22.0,7.95,8.05,719.0,3.1,3.085,88500.0,91000.0,6.579251212010101,1.410986973710262,1.4073217283119661,11.418625774449598,11.390769130367211,2.819574435974337
POND,BIHAR,2020,22.5,10.0,8.05,462.5,5.5,0.53,80180.0,81650.0,6.13880638500591,1.8718021769015913,0.4252677354043441,11.31020934572104,11.292041858056864,3.1622776601683795
LAKE,CHANDIGARH,2020,23.0,8.45,7.95,251.5,2.15,2.26,2728.5,40004.5,5.531411248715415,1.1474024528375417,1.1817271953786161,10.596772223643814,7.911873721221812,2.9068883707497264
LAKE,CHHATTISGARH,2020,29.5,6.6,7.4,308.0,11.5,0.44,180.5,803.0,5.733341276897746,2.5257286443082556,0.3646431135879093,6.6895992691789665,5.201255653704905,2.569046515733026
POND,CHHATTISGARH,2020,28.5,6.95,7.35,322.0,44.0,0.36,152.5,800.5,5.777652323222656,3.8066624897703196,0.3074846997479606,6.686484972049608,5.033700567027251,2.6362852652928135
LAKE,GOA,2020,29.0,7.3500000000000005,7.05,52.0,1.1,0.215,87.5,181.5,3.970291913552122,0.7419373447293773,0.1947440767925118,5.206750173022546,4.483002552013883,2.711088342345192
LAKE,GOA,2020,29.5,6.75,6.6,57.0,0.6000000000000001,0.215,1700.0,3550.0,4.060443010546419,0.47000362924573563,0.1947440767925118,8.174984532943087,7.438971592395862,2.598076211353316
LAKE,GOA,2020,28.5,5.8,6.6,59.5,1.05,0.215,274.0,466.5,4.102643365036796,0.7178397931503169,0.1947440767925118,6.147399348728742,5.616771097666572,2.4083189157584592
LAKE,GOA,2020,28.5,6.4,7.199999999999999,214.5,1.85,0.31,1395.0,2845.0,5.372960909543803,1.0473189942805592,0.27002713721306015,7.953669778649798,7.241366283322318,2.5298221281347035
LAKE,GOA,2020,28.0,6.2,7.3999999999999995,147.5,1.9000000000000001,2.4450000000000003,3100.0,5100.0,5.000584958242754,1.0647107369924285,1.236923904465622,8.537191877922927,8.03947991910045,2.4899799195977463
LAKE,GOA,2020,29.0,4.949999999999999,7.15,267.0,2.55,1.6099999999999999,5150.0,7950.0,5.5909869805108565,1.2669476034873244,0.959350221334602,8.981052985901483,8.546946149565585,2.2248595461286986
LAKE,GOA,2020,28.0,5.1499999999999995,6.75,866.5,3.15,1.035,4050.0,5850.0,6.765615511821014,1.423108334242607,0.7104958188945583,8.674367865788236,8.30671904320269,2.269361143582043
LAKE,GOA,2020,29.0,7.65,6.75,104.0,1.2,0.28,3300.0,5250.0,4.653960350157523,0.7884573603642702,0.2468600779315258,8.566173813637858,8.101980731853192,2.7658633371878665
LAKE,GUJARAT,2020,27.5,6.949999999999999,8.4,3071.5,11.4,0.24,44.0,262.0,8.03024684144019,2.517696472610991,0.2151113796169455,5.572154032177765,3.8066624897703196,2.6362852652928135
LAKE,GUJARAT,2020,27.5,6.949999999999999,7.800000000000001,318.5,4.35,0.18,53.5,290.0,5.766757273817589,1.6770965609079151,0.16551443847757338,5.673323267171493,3.9982007016691985,2.6362852652928135
LAKE,GUJARAT,2020,27.0,6.15,8.15,214.0,0.6000000000000001,0.37,11.0,68.5,5.3706380281276624,0.47000362924573563,0.31481073984003355,4.241326752570746,2.4849066497880004,2.479919353527449
LAKE,GUJARAT,2020,27.0,4.449999999999999,7.85,1034.5,2.5999999999999996,0.45999999999999996,280.5,520.0,6.942639680835639,1.2809338454620642,0.37843643572024505,6.255750041753367,5.640132447579745,2.1095023109728985
LAKE,GUJARAT,2020,27.0,6.85,7.699999999999999,2097.5,3.45,3.475,19.0,105.0,7.648978082773645,1.4929040961781488,1.4985063517268187,4.663439094112067,2.995732273553991,2.6172504656604803
LAKE,GUJARAT,2020,25.0,4.45,7.75,905.0,1.7,0.30000000000000004,6.5,22.0,6.80903930604298,0.9932517730102833,0.26236426446749106,3.1354942159291497,2.0149030205422647,2.1095023109728985
LAKE,GUJARAT,2020,25.0,5.75,7.85,798.0,14.25,1.145,9.5,56.0,6.683360945766275,2.7245795030534206,0.7631395523799803,4.04305126783455,2.3513752571634776,2.3979157616563596
LAKE,GUJARAT,2020,27.0,5.05,8.05,1214.0,3.1999999999999997,0.53,66.0,325.0,7.102499355774649,1.4350845252893225,0.4252677354043441,5.786897381366708,4.204692619390966,2.247220505424423
LAKE,GUJARAT,2020,30.0,6.949999999999999,7.85,459.5,0.6000000000000001,0.195,21.5,51.5,6.132312855695361,0.47000362924573563,0.178146185383474,3.960813169597578,3.1135153092103742,2.6362852652928135
LAKE,GUJARAT,2020,28.0,7.050000000000001,7.7,2418.5,0.85,0.1,7.0,37.5,7.791316186233373,0.6151856390902334,0.09531017980432487,3.6506582412937387,2.0794415416798357,2.6551836094703507
LAKE,GUJARAT,2020,27.5,5.75,7.800000000000001,1636.0,2.35,0.39,2.0,5.0,7.400620577371135,1.208960345836975,0.3293037471426004,1.791759469228055,1.0986122886681098,2.3979157616563596
LAKE,GUJARAT,2020,27.0,6.300000000000001,7.45,1167.0,1.2,0.15500000000000003,2.0,2.0,7.0630481633881725,0.7884573603642702,0.14410034397375687,1.0986122886681098,1.0986122886681098,2.5099800796022267
LAKE,GUJARAT,2020,26.0,5.199999999999999,7.699999999999999,472.5,1.6,0.4,53.0,217.0,6.160151912626133,0.9555114450274363,0.33647223662121295,5.384495062789089,3.9889840465642745,2.2803508501982757
LAKE,GUJARAT,2020,29.0,6.5,7.35,533.0,1.85,0.13,4.5,14.0,6.280395838960195,1.0473189942805592,0.12221763272424921,2.70805020110221,1.7047480922384253,2.5495097567963922
LAKE,GUJARAT,2020,28.5,6.6,8.75,3429.5,15.0,0.18,283.0,520.0,8.140461302130946,2.772588722239781,0.16551443847757338,6.255750041753367,5.648974238161206,2.569046515733026
LAKE,GUJARAT,2020,27.0,6.1,8.0,526.0,5.050000000000001,0.16999999999999998,905.0,1260.0,6.267200548541362,1.8000582720427503,0.15700374880966475,7.13966033596492,6.80903930604298,2.4698178070456938
POND,GUJARAT,2020,28.0,7.15,7.7,3840.0,1.45,0.155,28.0,235.5,8.253488028345904,0.8960880245566356,0.14410034397375684,5.465948207931988,3.367295829986474,2.6739483914241875
POND,GUJARAT,2020,29.0,6.300000000000001,7.8,2320.5,1.0,0.15500000000000003,19.0,43.0,7.749968807459976,0.6931471805599453,0.14410034397375687,3.784189633918261,2.995732273553991,2.5099800796022267
TANK,GUJARAT,2020,27.0,6.25,7.800000000000001,631.5,12.0,0.35000000000000003,87.0,239.0,6.4496802206016755,2.5649493574615367,0.3001045924503381,5.480638923341991,4.477336814478207,2.5
LAKE,HARYANA,2020,21.0,8.75,7.65,1033.0,3.4000000000000004,1.1949999999999998,1100.0,5570.0,6.9411900550683745,1.4816045409242156,0.7861820465271346,8.625329850020815,7.00397413672268,2.958039891549808
LAKE,HARYANA,2020,21.5,8.15,7.7,617.0,4.3999999999999995,1.6,13065.0,116630.0,6.42648845745769,1.6863989535702286,0.9555114450274363,11.666770383771635,9.477768715400696,2.8548204847240397
POND,HARYANA,2020,26.5,8.35,7.7,980.0,4.85,1.2149999999999999,100.0,755.0,6.8885724595653635,1.766441661243765,0.7952524034970989,6.628041376179533,4.61512051684126,2.8896366553599777
LAKE,"HIMACHAL 
PRADESH",2020,19.0,9.2,7.9,283.0,0.6000000000000001,1.745,101.5,600.0,5.648974238161206,0.47000362924573563,1.009781074961494,6.398594934535208,4.629862798578463,3.03315017762062
LAKE,"HIMACHAL 
PRADESH",2020,20.5,8.85,7.35,242.0,0.6000000000000001,0.685,2.0,47.5,5.493061443340548,0.47000362924573563,0.521765563804325,3.8815637979434374,1.0986122886681098,2.9748949561287032
LAKE,"HIMACHAL 
PRADESH",2020,21.0,6.85,7.15,3303.5,1.4,0.62,22.5,104.0,8.103040454910508,0.8754687373538999,0.4824261492442927,4.653960350157523,3.1570004211501135,2.6172504656604803
LAKE,"HIMACHAL 
PRADESH",2020,20.0,7.6,7.6,174.0,5.3,0.87,199.5,975.0,5.1647859739235145,1.840549633397487,0.6259384308664953,6.883462586413092,5.300814246746624,2.756809750418044
LAKE,"HIMACHAL 
PRADESH",2020,14.0,6.300000000000001,7.25,99.5,3.45,0.9249999999999999,11.0,136.0,4.61015772749913,1.4929040961781488,0.6549259677397475,4.919980925828125,2.4849066497880004,2.5099800796022267
LAKE,KARNATAKA,2020,26.0,5.95,8.15,398.0,31.5,2.405,17470.0,122700.0,5.988961416889864,3.481240089335692,1.2252449396014757,11.717505780625043,9.768297642474444,2.4392621835300936
LAKE,KARNATAKA,2020,25.5,4.05,7.85,639.0,4.4,4.95,765.0,3250.0,6.461468176353717,1.6863989535702288,1.7833912195575383,8.086717920303906,6.641182169740591,2.0124611797498106
LAKE,KARNATAKA,2020,27.0,1.95,7.95,1783.0,13.1,6.065,3200.0,10700.0,7.486613313139955,2.6461747973841225,1.9551530161364907,9.278092474027002,8.071218539969863,1.396424004376894
LAKE,KARNATAKA,2020,25.0,6.45,8.55,572.5,4.0,1.9,1140.0,5300.0,6.351757936569426,1.6094379124341003,1.0647107369924282,8.575650760987806,7.039660349862076,2.539685019840059
LAKE,KARNATAKA,2020,26.5,1.85,7.800000000000001,949.0,11.3,3.5999999999999996,4200.0,11200.0,6.856461984594587,2.509599262378372,1.5260563034950492,9.32375833901174,8.343077871169383,1.3601470508735443
LAKE,KARNATAKA,2020,26.0,1.5499999999999998,7.9,1043.5,12.8,5.25,4550.0,11700.0,6.95129358099662,2.624668592163159,1.8325814637483102,9.367429587218957,8.423102268016642,1.2449899597988732
LAKE,KARNATAKA,2020,26.0,5.25,8.15,941.0,5.5,5.5,1650.0,5900.0,6.848005274576363,1.8718021769015913,1.8718021769015913,8.682877107057168,7.409136443920128,2.29128784747792
LAKE,KARNATAKA,2020,26.0,5.85,8.15,736.0,4.5,3.85,1505.0,5550.0,6.602587892189336,1.7047480922384253,1.5789787049493917,8.621733370690162,7.317212408359839,2.4186773244895647
LAKE,KARNATAKA,2020,27.5,7.8,7.45,560.0,10.2,2.005,165850.0,1754600.0,6.329720905522696,2.4159137783010487,1.1002775679871708,14.377752038606726,12.01884507390179,2.792848008753788
LAKE,KARNATAKA,2020,27.0,6.2,8.25,487.5,9.5,1.7550000000000001,7970.0,82700.0,6.191339471482838,2.3513752571634776,1.0134174426048779,11.322986972837104,8.983565234427923,2.4899799195977463
LAKE,KARNATAKA,2020,26.0,7.4,8.0,410.0,14.0,1.625,107050.0,812000.0,6.018593214496234,2.70805020110221,0.965080896043587,13.60725685067015,11.581060635403437,2.7202941017470885
LAKE,KARNATAKA,2020,26.5,3.1,7.2,1818.0,19.0,28.25,47315.0,272700.0,7.506042178518122,2.995732273553991,3.3758795736778655,12.516131235860326,10.764603783665628,1.760681686165901
LAKE,KARNATAKA,2020,27.0,5.5,7.6,1650.0,38.0,2.88,1052400.0,8003500.0,7.409136443920128,3.6635616461296463,1.355835153635182,15.895389628914218,13.86658477835687,2.345207879911715
LAKE,KARNATAKA,2020,27.0,4.95,7.45,1331.5,11.5,4.8,48650.0,282000.0,7.194812156039999,2.5257286443082556,1.7578579175523736,12.549665896013254,10.792427642387484,2.224859546128699
LAKE,KARNATAKA,2020,26.5,5.25,7.15,958.5,9.2,4.36,37400.0,477500.0,6.8664123154477545,2.322387720290225,1.6789639750827108,13.076321533141567,10.529452721013085,2.29128784747792
LAKE,KARNATAKA,2020,25.0,6.1,6.6,1101.0,4.0,1.9,17000.0,92000.0,7.004881989712859,1.6094379124341003,1.0647107369924282,11.429554725537322,9.741027444837728,2.4698178070456938
LAKE,KARNATAKA,2020,26.5,5.449999999999999,7.300000000000001,1049.0,5.85,2.575,55165.0,461750.0,6.956545443151569,1.9242486522741338,1.273965176145971,13.042781063733207,10.918102100465982,2.33452350598575
LAKE,KARNATAKA,2020,26.5,4.9,7.2,1340.5,24.0,3.85,23395.0,179600.0,7.2015436698656785,3.2188758248682006,1.5789787049493917,12.098493002763465,10.060320346562916,2.2135943621178655
LAKE,KARNATAKA,2020,27.0,5.2,7.25,1010.0,8.05,6.32,35170.0,461750.0,6.918695219020472,2.2027647577118348,1.9906103279732201,13.042781063733207,10.467977158387665,2.280350850198276
LAKE,KARNATAKA,2020,26.5,5.55,7.1,856.5,6.8,1.7,39920.0,274600.0,6.754021179040095,2.0541237336955462,0.9932517730102833,12.523074413969974,10.594657780211852,2.355843797877949
LAKE,KARNATAKA,2020,27.0,7.8,7.2,925.0,11.3,1.955,60315.0,462700.0,6.8308742346461795,2.509599262378372,1.0834986508580615,13.044836336120333,11.007352687485687,2.792848008753788
LAKE,KARNATAKA,2020,26.5,3.6,7.25,1061.5,13.5,2.1799999999999997,65315.0,462700.0,6.968379900798572,2.6741486494265287,1.1568811967920853,13.044836336120333,11.0869923082222,1.8973665961010275
LAKE,KARNATAKA,2020,27.5,5.25,6.65,837.5,8.0,6.42,70230.0,462700.0,6.731614581263264,2.1972245773362196,2.004179057179289,13.044836336120333,11.159545087980925,2.29128784747792
LAKE,KARNATAKA,2020,26.5,4.45,6.85,440.0,8.5,3.145,700750.0,4608000.0,6.089044875446846,2.2512917986064953,1.4219027885872582,15.34330469837173,13.45990789606847,2.1095023109728985
LAKE,KARNATAKA,2020,28.0,4.05,8.100000000000001,931.0,23.0,4.11,600315.0,4602700.0,6.837332814685591,3.1780538303479458,1.631199404215613,15.342153863053216,13.305211462224737,2.0124611797498106
LAKE,KARNATAKA,2020,27.5,4.55,7.3,725.0,10.0,2.115,470850.0,2708000.0,6.587550014824796,2.3978952727983707,1.1362291522394166,14.811721282290453,13.06229697475458,2.1330729007701543
LAKE,KARNATAKA,2020,25.0,5.3,6.9,1264.0,7.0,2.4,4600.0,35000.0,7.142827401161621,2.0794415416798357,1.2237754316221157,10.463131911491967,8.434028950155469,2.3021728866442674
LAKE,KARNATAKA,2020,25.0,6.3,6.6,182.0,4.0,0.46,4100.0,24000.0,5.209486152841421,1.6094379124341003,0.3784364357202451,10.085850775128717,8.31898612539206,2.5099800796022267
LAKE,KARNATAKA,2020,25.5,6.2,7.8,804.5,5.5,3.3,6470.0,48700.0,6.691463202617029,1.8718021769015913,1.4586150226995167,10.793454842740767,8.775085935057266,2.4899799195977463
LAKE,KARNATAKA,2020,25.0,5.75,7.2,873.5,5.0,1.975,600195.0,4602700.0,6.773652294458657,1.791759469228055,1.0902440389975931,15.342153863053216,13.305011547521012,2.3979157616563596
LAKE,KARNATAKA,2020,29.0,3.25,6.65,1177.0,21.0,5.43,20042.0,175460.0,7.071573364211532,3.091042453358316,1.860974538249528,12.07517207497082,9.905635244593586,1.8027756377319946
LAKE,KARNATAKA,2020,27.0,7.5,8.45,793.0,5.5,2.285,710.0,1250.0,6.677083461247136,1.8718021769015913,1.189366651936574,7.1316985104669115,6.566672429803241,2.7386127875258306
LAKE,KARNATAKA,2020,24.0,7.6,8.25,386.0,2.85,2.1399999999999997,635.0,1250.0,5.958424693029782,1.3480731482996928,1.144222799920162,7.1316985104669115,6.455198563340122,2.756809750418044
LAKE,KARNATAKA,2020,25.0,6.8,7.8500000000000005,657.5,3.8,0.84,64.5,454.0,6.489964521183336,1.5686159179138452,0.6097655716208943,6.12029741895095,4.182050142641207,2.6076809620810595
LAKE,KARNATAKA,2020,30.0,3.5500000000000003,6.6,1565.0,72.5,8.435,601650.0,4612000.0,7.356279876550748,4.297285406218791,2.2444261788205138,15.344172377196735,13.30743282196083,1.8841443681416772
LAKE,KARNATAKA,2020,28.5,3.3,6.95,1186.5,19.65,6.2,42850.0,804600.0,7.079605535908796,3.027715319407042,1.9740810260220096,13.598101781350644,10.665484260976488,1.816590212458495
LAKE,KARNATAKA,2020,30.0,3.25,7.35,939.0,17.0,7.86,230470.0,2702700.0,6.84587987526405,2.8903717578961645,2.1815467646169897,14.809762201307942,12.34788032005464,1.8027756377319946
LAKE,KARNATAKA,2020,30.5,3.6,7.1,1741.0,20.5,7.15,75245.0,802700.0,7.462789157412448,3.068052935133617,2.0980179272527715,13.595737569914332,11.228518025052106,1.8973665961010275
LAKE,KARNATAKA,2020,27.0,5.25,7.3999999999999995,624.5,6.0,7.17,17550.0,124600.0,6.438551329906966,1.9459101490553132,2.1004689088719113,11.732871910985468,9.77286620732769,2.29128784747792
LAKE,KARNATAKA,2020,27.5,5.25,7.699999999999999,1084.0,19.0,10.215,850350.0,4602700.0,6.98933526597456,2.995732273553991,2.4172521679721717,15.342153863053216,13.653404484406227,2.29128784747792
LAKE,KARNATAKA,2020,28.5,3.1500000000000004,6.75,989.0,8.0,7.4,31850.0,272700.0,6.897704943128636,2.1972245773362196,2.128231705849268,12.516131235860326,10.368824057681683,1.7748239349298849
LAKE,KARNATAKA,2020,28.0,5.300000000000001,7.05,606.0,9.0,3.04,85240.0,801750.0,6.408528791059498,2.302585092994046,1.3962446919730587,13.594553364826217,11.353237817725157,2.302172886644268
LAKE,KARNATAKA,2020,28.0,3.9000000000000004,8.149999999999999,1048.5,17.0,3.385,26150.0,297000.0,6.956069139260688,2.8903717578961645,1.4781896258241463,12.601490784782536,10.171642709679686,1.97484176581315
LAKE,KARNATAKA,2020,26.5,4.8,6.949999999999999,991.0,7.0,1.7149999999999999,31740.0,271200.0,6.899723107284872,2.0794415416798357,0.9987919533858987,12.510615522357213,10.365364499570234,2.1908902300206643
LAKE,KARNATAKA,2020,26.5,4.6,7.3999999999999995,960.5,10.0,1.99,247300.0,1217000.0,6.8684945650288345,2.3978952727983707,1.095273387402595,14.011900193662013,12.418361497172986,2.1447610589527217
LAKE,KARNATAKA,2020,25.0,5.550000000000001,7.449999999999999,1143.5,6.5,1.6649999999999998,8740.0,81750.0,7.0427231393926215,2.0149030205422647,0.9802040576178077,11.311433321100587,9.075779878580487,2.3558437978779496
LAKE,KARNATAKA,2020,26.0,5.699999999999999,6.6,607.5,9.0,3.955,77050.0,827000.0,6.410996912427582,2.302585092994046,1.6003971677819513,13.62556118319494,11.252222819249376,2.3874672772626644
LAKE,KARNATAKA,2020,25.5,4.05,7.55,677.5,9.5,5.24,10850.0,82700.0,6.519884479274924,2.3513752571634776,1.8309801823813363,11.322986972837104,9.292012520620208,2.0124611797498106
LAKE,KARNATAKA,2020,25.5,1.65,6.65,970.5,67.3,7.105,475500.0,2746000.0,6.878841268817495,4.223909766576744,2.0924811551876394,14.825656229476047,13.072124264014793,1.284523257866513
LAKE,KARNATAKA,2020,25.5,2.85,8.1,1019.0,21.75,6.25,49050.0,477500.0,6.927557906278317,3.1245651453969594,1.9810014688665833,13.076321533141567,10.800615852145526,1.6881943016134133
LAKE,KARNATAKA,2020,27.0,6.9,7.3,954.0,8.6,1.7149999999999999,31730.0,271750.0,6.86171134048073,2.2617630984737906,0.9987919533858987,12.51264148482949,10.365049399996163,2.6267851073127395
LAKE,KARNATAKA,2020,29.0,2.2,7.25,1245.0,13.5,9.0,58000.0,540000.0,7.1276936993473985,2.6741486494265287,2.302585092994046,13.199326270390594,10.968215530759236,1.4832396974191326
LAKE,KARNATAKA,2020,26.5,3.4,7.15,930.0,8.0,5.35,167050.0,1762000.0,6.836259277277067,2.1972245773362196,1.8484548129046001,14.38196065301499,12.026054433998652,1.8439088914585775
LAKE,KARNATAKA,2020,26.5,2.55,7.1,1687.5,23.0,8.095,76650.0,817500.0,7.431595839825622,3.1780538303479458,2.2077248119700856,13.614007404994387,11.247017930529275,1.5968719422671311
LAKE,KARNATAKA,2020,26.0,4.8,7.55,1400.0,6.5,24.805,5730.0,47750.0,7.244941546337007,2.0149030205422647,3.2505682716006903,10.773755288097965,8.653645314551737,2.1908902300206643
LAKE,KARNATAKA,2020,28.5,5.85,6.949999999999999,569.5,3.5,2.385,22100.0,274600.0,6.34651316930213,1.5040773967762742,1.2193539063642382,12.523074413969974,10.003378135350923,2.4186773244895647
LAKE,KARNATAKA,2020,26.0,4.55,7.1,1014.0,9.5,2.5949999999999998,350270.0,2704600.0,6.922643891475888,2.3513752571634776,1.27954399117301,14.81046495476177,12.766462419575342,2.1330729007701543
LAKE,KARNATAKA,2020,28.0,5.95,7.35,420.5,4.0,2.805,35600.0,179600.0,6.04381977744191,1.6094379124341003,1.3363159913136493,12.098493002763465,10.480129006333248,2.4392621835300936
LAKE,KARNATAKA,2020,30.0,3.8,6.7,1807.5,29.5,4.609999999999999,47315.0,272700.0,7.500253051392153,3.417726683613366,1.7245507195346048,12.516131235860326,10.764603783665628,1.9493588689617927
LAKE,KARNATAKA,2020,29.5,3.55,7.2,1190.0,20.5,10.695,600550.0,4608000.0,7.0825485693553,3.068052935133617,2.4591614000361424,15.34330469837173,13.305602846121538,1.8841443681416772
LAKE,KARNATAKA,2020,28.0,3.55,7.3,933.0,61.8,4.16,550395.0,4602700.0,6.839476438228843,4.139955073474153,1.6409365794934714,15.342153863053216,13.218393298133002,1.8841443681416772
LAKE,KARNATAKA,2020,26.5,5.65,7.35,927.0,8.5,2.185,24230.0,176750.0,6.833031732786201,2.2512917986064953,1.1584522890241267,12.082497241451442,10.095388084110406,2.3769728648009427
LAKE,KARNATAKA,2020,27.0,5.15,7.35,720.5,10.7,6.9399999999999995,55850.0,804600.0,6.581332378213926,2.4595888418037104,2.0719132752590443,13.598101781350644,10.930442709440007,2.2693611435820435
LAKE,KARNATAKA,2020,26.5,7.3,7.15,666.0,17.1,1.8849999999999998,11895.0,179600.0,6.502790045915623,2.89591193827178,1.0595248999600628,12.098493002763465,9.383957488139991,2.701851217221259
LAKE,KARNATAKA,2020,28.0,4.85,7.449999999999999,1032.5,10.0,6.0,4300.0,48700.0,6.940706379121823,2.3978952727983707,1.9459101490553132,10.793454842740767,8.366602832783736,2.202271554554524
LAKE,KARNATAKA,2020,26.5,3.65,7.15,930.5,7.0,6.835,7600.0,50600.0,6.836796190041643,2.0794415416798357,2.058600875807984,10.831726617926124,8.936035096566041,1.91049731745428
LAKE,KARNATAKA,2020,26.5,5.05,7.4,863.0,6.0,1.8900000000000001,70470.0,802700.0,6.761572768804055,1.9459101490553132,1.0612565021243408,13.595737569914332,11.162956556656031,2.247220505424423
TANK,KARNATAKA,2020,24.0,7.0,7.8999999999999995,339.0,4.5,0.2,725.0,2550.0,5.8289456176102075,1.7047480922384253,0.18232155679395465,7.844240718141811,6.587550014824796,2.6457513110645907
TANK,KARNATAKA,2020,27.0,6.199999999999999,8.75,1976.0,27.5,0.675,17150.0,57000.0,7.589335823170617,3.349904087274605,0.5158131652770298,10.950824090522445,9.749811759932081,2.4899799195977463
TANK,KARNATAKA,2020,24.0,7.0,8.3,399.5,5.0,0.2,840.0,2800.0,5.992713766508414,1.791759469228055,0.18232155679395465,7.937731775260109,6.734591659972948,2.6457513110645907
TANK,KARNATAKA,2020,29.5,6.449999999999999,7.0,147.0,2.5,1.2850000000000001,801.0,803.5,4.997212273764115,1.252762968495368,0.8263660243461681,6.690220966432438,6.687108607866515,2.539685019840059
TANK,KARNATAKA,2020,23.5,5.6,7.800000000000001,710.0,5.1,3.25,1040.0,5300.0,6.566672429803241,1.8082887711792655,1.4469189829363254,8.575650760987806,6.947937068614969,2.3664319132398464
TANK,KARNATAKA,2020,26.5,5.7,7.05,1074.0,6.0,2.315,470470.0,4602700.0,6.980075940561763,1.9459101490553132,1.1984576236378257,15.342153863053216,13.061489599551106,2.3874672772626644
TANK,KARNATAKA,2020,27.0,6.1,7.55,495.5,6.5,1.715,7115.0,81750.0,6.2075834834852275,2.0149030205422647,0.9987919533858988,11.311433321100587,8.870101048785726,2.4698178070456938
TANK,KARNATAKA,2020,26.0,5.6,7.55,463.5,5.5,2.385,35115.0,271750.0,6.140961558253893,1.8718021769015913,1.2193539063642382,12.51264148482949,10.4664121460461,2.3664319132398464
TANK,KARNATAKA,2020,26.5,3.4,7.15,947.5,22.5,2.29,107300.0,827000.0,6.854881789375069,3.1570004211501135,1.1908875647772805,13.62556118319494,11.583393248239855,1.8439088914585775
TANK,KARNATAKA,2020,25.0,5.4,6.6,301.0,4.5,1.6500000000000001,75350.0,802700.0,5.71042701737487,1.7047480922384253,0.9745596399981309,13.595737569914332,11.22991247536671,2.32379000772445
TANK,KARNATAKA,2020,29.0,3.8000000000000003,7.0,964.0,16.5,2.66,85395.0,804600.0,6.872128101338986,2.8622008809294686,1.297463147413275,13.598101781350644,11.355054540272215,1.949358868961793
TANK,KARNATAKA,2020,29.5,7.25,7.699999999999999,676.0,16.5,2.925,600350.0,4602700.0,6.517671272912275,2.8622008809294686,1.3673663512343717,15.342153863053216,13.305269763152488,2.692582403567252
TANK,KARNATAKA,2020,29.0,4.6,7.35,1059.5,12.0,3.45,24039.5,179600.0,6.966495774004737,2.5649493574615367,1.4929040961781488,12.098493002763465,10.087495187101739,2.1447610589527217
TANK,KARNATAKA,2020,26.0,4.45,7.35,2447.0,26.0,9.21,750550.0,8004600.0,7.803026643632217,3.295836866004329,2.3233676321765744,15.895527059323111,13.528562882443707,2.1095023109728985
TANK,KARNATAKA,2020,29.0,3.5,7.05,1034.0,27.0,6.93,240420.0,2704600.0,6.942156705699469,3.332204510175204,2.0706530356467567,14.81046495476177,12.390146832237333,1.8708286933869707
TANK,KARNATAKA,2020,25.0,4.949999999999999,6.6,752.5,6.5,2.355,11650.0,73000.0,6.62472901806655,2.0149030205422647,1.210451770423645,11.19822841866684,9.36314729221994,2.2248595461286986
TANK,KARNATAKA,2020,26.5,3.15,7.0,1312.5,27.5,15.2,47395.0,468000.0,7.180450609125595,3.349904087274605,2.785011242238338,13.056225711649638,10.76629311593663,1.7748239349298849
TANK,KARNATAKA,2020,28.5,7.05,7.0,798.5,8.0,6.865,24350.0,177700.0,6.683986532274009,2.1972245773362196,2.0624225365102413,12.087857641588924,10.100328195429285,2.6551836094703507
TANK,KARNATAKA,2020,26.5,4.55,7.1,1249.0,22.0,4.115,702300.0,4617500.0,7.1308988302963465,3.1354942159291497,1.6321773994035897,15.345364207622914,13.46211736603902,2.1330729007701543
TANK,KARNATAKA,2020,26.5,4.1,7.2,1102.0,16.0,4.665,60200.0,461750.0,7.005789019253503,2.833213344056216,1.7343068944799696,13.042781063733207,11.005444242454628,2.0248456731316584
TANK,KARNATAKA,2020,27.5,5.75,7.4,1560.5,12.0,4.28,70230.0,461750.0,7.353402176723133,2.5649493574615367,1.6639260977181702,13.042781063733207,11.159545087980925,2.3979157616563596
TANK,KARNATAKA,2020,28.0,4.15,7.8,935.5,18.5,4.0600000000000005,56650.0,817500.0,6.842149521884143,2.970414465569701,1.6213664832993744,13.614007404994387,10.944664918551014,2.0371548787463363
TANK,KARNATAKA,2020,25.0,3.3,7.05,1571.0,40.5,3.3200000000000003,470315.0,2702700.0,7.360103972989152,3.7256934272366524,1.463255402256019,14.809762201307942,13.061160088192207,1.816590212458495
TANK,KARNATAKA,2020,29.5,5.4,7.15,1386.5,16.0,4.56,29290.0,464600.0,7.2352588456205895,2.833213344056216,1.715598108262491,13.048934251705282,10.285035580584145,2.32379000772445
TANK,KARNATAKA,2020,29.5,5.15,7.1,1098.5,5.8,1.395,65230.0,462700.0,7.002610809994816,1.916922612182061,0.8733832308628786,13.044836336120333,11.085690095042095,2.2693611435820435
TANK,KARNATAKA,2020,26.5,3.3,7.25,973.0,9.5,6.85,9650.0,97500.0,6.881411303642535,2.3513752571634776,2.060513531794317,11.487617913343598,9.174816815907135,1.816590212458495
TANK,KARNATAKA,2020,25.5,3.7,7.05,1090.0,16.0,2.8600000000000003,70700.0,804600.0,6.994849985833071,2.833213344056216,1.3506671834767396,13.598101781350644,11.166214996056205,1.9235384061671346
TANK,KARNATAKA,2020,27.5,5.5,7.25,312.5,5.5,1.56,5740.0,47750.0,5.7477993600729755,1.8718021769015913,0.9400072584914712,10.773755288097965,8.655388690167637,2.345207879911715
TANK,KARNATAKA,2020,27.0,4.8,7.05,1068.0,8.1,3.73,49300.0,477500.0,6.974478911025045,2.2082744135228043,1.5539252025038417,13.076321533141567,10.805699643800724,2.1908902300206643
TANK,KARNATAKA,2020,30.0,4.15,7.85,423.0,32.0,3.14,471150.0,2717500.0,6.049733455231958,3.4965075614664802,1.420695787837223,14.815223265962715,13.062933916098956,2.0371548787463363
TANK,KARNATAKA,2020,29.5,4.0,7.3,696.0,43.5,3.095,230470.0,1754600.0,6.546785410760524,3.7954891891721947,1.409766717305033,14.377752038606726,12.34788032005464,2.0
TANK,KARNATAKA,2020,26.0,6.05,7.25,885.5,10.5,3.45,85230.0,802700.0,6.787281125514262,2.4423470353692043,1.4929040961781488,13.595737569914332,11.353120496405392,2.4596747752497685
TANK,KARNATAKA,2020,25.5,4.550000000000001,7.3999999999999995,583.5,9.5,1.75,23600.0,274600.0,6.3707567809121235,2.3513752571634776,1.0116009116784799,12.523074413969974,10.069044362997353,2.1330729007701543
TANK,KARNATAKA,2020,28.5,5.4,7.3,274.0,7.0,2.145,5730.0,48700.0,5.616771097666572,2.0794415416798357,1.1458138901524038,10.793454842740767,8.653645314551737,2.32379000772445
TANK,KARNATAKA,2020,26.0,3.5,7.2,981.0,8.0,4.745,470230.0,2702700.0,6.889591308354466,2.1972245773362196,1.7483299113007191,14.809762201307942,13.060979342306608,1.8708286933869707
TANK,KARNATAKA,2020,25.5,3.7,7.35,1322.5,12.55,10.75,35230.0,176750.0,7.188035021667156,2.60638654732571,2.463853240590168,12.082497241451442,10.469681655831673,1.9235384061671346
TANK,KARNATAKA,2020,27.5,6.05,7.199999999999999,346.0,5.0,2.3600000000000003,7531.5,80270.0,5.849324779946859,1.791759469228055,1.211940973975113,11.293163689002427,8.926982271004457,2.4596747752497685
TANK,KARNATAKA,2020,27.0,4.6,7.7,510.0,3.0,0.2,680.0,3900.0,6.236369590203704,1.3862943611198906,0.18232155679395465,8.268988209506656,6.523562306149512,2.1447610589527217
TANK,KARNATAKA,2020,26.0,4.4,8.1,2335.0,6.0,1.0,805.0,6100.0,7.756195343948118,1.9459101490553132,0.6931471805599453,8.716207971151853,6.692083742506628,2.0976176963403033
TANK,KARNATAKA,2020,26.0,3.9499999999999997,7.55,885.0,4.8,0.405,2160.0,12000.0,6.786716950605081,1.7578579175523736,0.3400373027857091,9.392745258631441,7.6783263565068856,1.987460691435179
TANK,KARNATAKA,2020,26.0,5.7,7.7,480.0,2.4,0.17,560.0,3650.0,6.175867270105761,1.2237754316221157,0.15700374880966478,8.202756381655638,6.329720905522696,2.3874672772626644
TANK,KARNATAKA,2020,26.0,5.75,8.1,970.0,4.0,0.86,550.0,3200.0,6.878326468291325,1.6094379124341003,0.6205764877251099,8.071218539969863,6.311734809152915,2.3979157616563596
TANK,KARNATAKA,2020,25.5,6.1,7.85,420.0,2.2,0.195,215.0,1650.0,6.042632833682381,1.1631508098056809,0.178146185383474,7.409136443920128,5.375278407684165,2.4698178070456938
TANK,KARNATAKA,2020,25.0,5.8,7.9,535.0,2.5,0.22,370.0,2850.0,6.284134161070802,1.252762968495368,0.1988508587451652,7.955425088912672,5.916202062607435,2.4083189157584592
TANK,KARNATAKA,2020,26.0,5.7,7.85,435.0,2.6,0.225,500.0,3100.0,6.077642243349034,1.2809338454620642,0.20294084399669032,8.03947991910045,6.2166061010848646,2.3874672772626644
TANK,KARNATAKA,2020,25.5,5.699999999999999,7.949999999999999,545.0,2.6,0.235,550.0,2800.0,6.302618975744905,1.2809338454620642,0.2110709700799405,7.937731775260109,6.311734809152915,2.3874672772626644
TANK,KARNATAKA,2020,26.0,6.15,7.949999999999999,445.0,2.5,0.15000000000000002,265.0,1860.0,6.100318952020064,1.252762968495368,0.1397619423751587,7.528869256642251,5.583496308781699,2.479919353527449
TANK,KARNATAKA,2020,26.0,5.5,7.949999999999999,800.0,2.9,0.65,480.0,3550.0,6.68586094706836,1.3609765531356006,0.5007752879124893,8.174984532943087,6.175867270105761,2.345207879911715
TANK,KARNATAKA,2020,25.5,5.7,7.75,600.0,2.5,0.195,350.0,2600.0,6.398594934535208,1.252762968495368,0.178146185383474,7.8636512654486515,5.860786223465865,2.3874672772626644
TANK,KARNATAKA,2020,25.5,5.550000000000001,7.75,480.0,2.5,0.15000000000000002,330.0,2800.0,6.175867270105761,1.252762968495368,0.1397619423751587,7.937731775260109,5.802118375377063,2.3558437978779496
TANK,KARNATAKA,2020,25.5,5.6,7.65,400.0,2.4,0.19,405.0,2250.0,5.993961427306569,1.2237754316221157,0.17395330712343804,7.719129840906732,6.0063531596017325,2.3664319132398464
TANK,KARNATAKA,2020,26.0,6.15,7.6,420.0,2.5,0.20500000000000002,305.0,2050.0,6.042632833682381,1.252762968495368,0.18647956694261833,7.62608275807238,5.723585101952381,2.479919353527449
TANK,KARNATAKA,2020,26.5,5.3,7.7,440.0,2.5,0.20500000000000002,215.0,1250.0,6.089044875446846,1.252762968495368,0.18647956694261833,7.1316985104669115,5.375278407684165,2.3021728866442674
TANK,KARNATAKA,2020,26.0,3.8,7.85,1550.0,5.0,1.2000000000000002,775.0,5000.0,7.346655163176539,1.791759469228055,0.7884573603642703,8.517393171418904,6.654152520183219,1.9493588689617927
TANK,KARNATAKA,2020,26.0,5.9,7.8,370.0,2.3,0.15000000000000002,260.0,1650.0,5.916202062607435,1.1939224684724346,0.1397619423751587,7.409136443920128,5.564520407322694,2.4289915602982237
TANK,KARNATAKA,2020,26.0,6.15,7.75,350.0,2.4,0.21000000000000002,180.0,1310.0,5.860786223465865,1.2237754316221157,0.19062035960864976,7.1785454837637,5.198497031265826,2.479919353527449
TANK,KARNATAKA,2020,25.0,5.75,7.8999999999999995,320.0,2.3,0.14,190.0,1320.0,5.771441123130016,1.1939224684724346,0.13102826240640408,7.186144304522325,5.25227342804663,2.3979157616563596
TANK,KARNATAKA,2020,28.5,7.1,8.2,1617.0,10.25,0.48,1450.0,6000.0,7.388946097618437,2.4203681286504293,0.3920420877760237,8.699681400989514,7.280008252884188,2.6645825188948455
TANK,KARNATAKA,2020,25.5,3.5,7.4,526.0,10.25,2.435,1350.0,2400.0,6.267200548541362,2.4203681286504293,1.2340169256743128,7.783640596221253,7.208600337960199,1.8708286933869707
TANK,KARNATAKA,2020,24.5,6.8,8.75,2530.0,3.35,2.885,910.0,1600.0,7.836369760545124,1.4701758451005926,1.3571229838196106,7.3783837129967145,6.814542897259958,2.6076809620810595
TANK,KARNATAKA,2020,24.5,5.45,7.2,1201.5,6.45,1.435,128.5,488.0,7.092158001979916,2.0082140323914683,0.8899467565345531,6.192362489474872,4.863680881139593,2.3345235059857505
TANK,KARNATAKA,2020,24.0,7.5,7.8500000000000005,405.0,3.5,0.535,92.5,471.5,6.0063531596017325,1.5040773967762742,0.4285303810391605,6.158037746933798,4.537961436294641,2.7386127875258306
TANK,KARNATAKA,2020,25.0,7.5,7.95,602.0,2.9000000000000004,0.5449999999999999,20.5,93.0,6.401917196727186,1.3609765531356008,0.4350239103497087,4.543294782270004,3.068052935133617,2.7386127875258306
TANK,KARNATAKA,2020,25.0,7.0,7.75,711.5,3.7,0.57,50.5,170.5,6.568779912142806,1.547562508716013,0.4510756193602166,5.144583266605995,3.9415818076696905,2.6457513110645907
TANK,KARNATAKA,2020,24.0,7.1,7.75,860.0,3.45,0.61,26.5,635.0,6.7580945044277305,1.4929040961781488,0.4762341789963716,6.455198563340122,3.3141860046725258,2.6645825188948455
TANK,KARNATAKA,2020,24.0,6.75,7.699999999999999,931.0,3.8,0.71,30.0,90.5,6.837332814685591,1.5686159179138452,0.5364933705145685,4.516338972281476,3.4339872044851463,2.598076211353316
TANK,KARNATAKA,2020,25.0,7.199999999999999,7.8500000000000005,892.0,3.9,0.915,133.0,567.5,6.794586580876499,1.589235205116581,0.6497176226326093,6.343001313190591,4.897839799950911,2.6832815729997477
TANK,KARNATAKA,2020,27.5,7.15,7.6,190.0,2.15,0.65,370.0,850.0,5.25227342804663,1.1474024528375417,0.5007752879124893,6.7464121285733745,5.916202062607435,2.6739483914241875
TANK,KARNATAKA,2020,27.0,5.65,7.699999999999999,209.0,3.5,3.1,7800.0,80450.0,5.3471075307174685,1.5040773967762742,1.410986973710262,11.295403582424072,8.962007209588313,2.3769728648009427
TANK,KARNATAKA,2020,28.0,6.1,7.6000000000000005,695.0,9.7,11.75,8000.0,14500.0,6.54534966033442,2.3702437414678603,2.545531271604435,9.581972891547895,8.987321812850125,2.4698178070456938
TANK,KARNATAKA,2020,29.5,7.3,7.6499999999999995,221.0,2.7,0.6,700.0,1800.0,5.402677381872279,1.308332819650179,0.4700036292457356,7.496097345175956,6.55250788703459,2.701851217221259
TANK,KARNATAKA,2020,28.5,6.0,7.65,429.0,3.4,0.5,1150.0,2500.0,6.063785208687608,1.4816045409242156,0.4054651081081644,7.824445930877619,7.048386408721883,2.449489742783178
TANK,KARNATAKA,2020,27.0,4.550000000000001,8.35,1205.0,53.3,2.3,95000.0,165000.0,7.095064377287131,3.9945242269398897,1.1939224684724346,12.013706813470414,11.461642696843066,2.1330729007701543
TANK,KARNATAKA,2020,28.0,5.5,7.7,805.0,18.4,17.65,22500.0,34000.0,6.692083742506628,2.9652730660692823,2.9258461460898246,10.434145214930487,10.021315031649332,2.345207879911715
TANK,KARNATAKA,2020,28.0,6.95,8.35,1765.5,12.5,0.21000000000000002,6700.0,26100.0,7.4767554667992,2.6026896854443837,0.19062035960864976,10.169728906753061,8.81001204797317,2.6362852652928135
TANK,KARNATAKA,2020,25.0,7.4,7.15,172.5,2.45,0.46499999999999997,15.0,54.0,5.156177599386914,1.2383742310432684,0.3818552424690306,4.007333185232471,2.772588722239781,2.7202941017470885
TANK,KARNATAKA,2020,25.5,5.2,7.75,1074.0,6.5,9.344999999999999,8700.0,47200.0,6.980075940561763,2.0149030205422647,2.3365033111975064,10.762170357789895,9.071193240566025,2.280350850198276
TANK,KARNATAKA,2020,25.5,3.45,7.85,1111.5,11.0,9.610000000000001,7815.0,82700.0,7.014365014040395,2.4849066497880004,2.361796952625892,11.322986972837104,8.96392819372262,1.857417562100671
TANK,KARNATAKA,2020,31.0,3.1999999999999997,6.95,904.5,59.0,6.38,600395.0,4604600.0,6.808487277323468,4.0943445622221,1.998773638612381,15.342566578966514,13.305344716494067,1.7888543819998317
TANK,KARNATAKA,2020,29.0,3.8,6.949999999999999,1299.0,8.0,5.83,6730.0,82700.0,7.170119543449628,2.1972245773362196,1.9213246735826988,11.322986972837104,8.814479000010714,1.9493588689617927
TANK,KARNATAKA,2020,27.0,4.5,6.8,549.5,7.25,2.25,8815.0,48700.0,6.310826956162734,2.1102132003465894,1.1786549963416462,10.793454842740767,9.084323531392696,2.1213203435596424
TANK,KARNATAKA,2020,22.5,2.9,7.3,1525.5,26.5,3.7300000000000004,85420.0,802700.0,7.330732812174933,3.3141860046725258,1.5539252025038417,13.595737569914332,11.355347251187153,1.70293863659264
TANK,KARNATAKA,2020,22.5,5.55,7.65,1266.0,11.5,5.405,55750.0,468000.0,7.144407180321139,2.5257286443082556,1.8570789353486976,13.056225711649638,10.928650626381225,2.355843797877949
TANK,KARNATAKA,2020,23.0,3.5,7.35,1762.0,23.0,7.63,55470.0,802700.0,7.47477218239787,3.1780538303479458,2.1552445050953364,13.595737569914332,10.923615640649537,1.8708286933869707
TANK,KARNATAKA,2020,25.0,3.4,6.85,1191.5,8.0,2.5,3750.0,31600.0,7.083807222762497,2.1972245773362196,1.252762968495368,10.360944044643913,8.229777750081887,1.8439088914585775
LAKE,KERALA,2020,27.5,1.75,7.0,358.0,6.25,0.06,600.0,1850.0,5.883322388488279,1.9810014688665833,0.05826890812397577,7.523481312573497,6.398594934535208,1.3228756555322954
LAKE,KERALA,2020,22.5,7.15,7.35,157.0,1.9500000000000002,0.7,70.0,280.0,5.062595033026967,1.0818051703517284,0.5306282510621704,5.638354669333745,4.2626798770413155,2.6739483914241875
LAKE,KERALA,2020,25.5,7.550000000000001,7.25,42.5,0.6000000000000001,0.030000000000000002,201.0,301.0,3.7727609380946383,0.47000362924573563,0.029558802241544405,5.71042701737487,5.308267697401205,2.7477263328068173
LAKE,KERALA,2020,28.0,5.9,7.4,671.5,2.95,0.39,750.0,1400.0,6.511002111475994,1.3737155789130306,0.3293037471426004,7.244941546337007,6.621405651764134,2.4289915602982237
LAKE,KERALA,2020,27.0,7.65,7.2,28.5,0.8500000000000001,0.055,62.0,82.0,3.3843902633457743,0.6151856390902335,0.05354076692802982,4.418840607796598,4.143134726391533,2.7658633371878665
LAKE,KERALA,2020,28.0,6.35,7.1,765.5,2.45,0.125,201.0,351.0,6.641834698311869,1.2383742310432684,0.11778303565638346,5.863631175598097,5.308267697401205,2.5199206336708304
LAKE,KERALA,2020,27.0,7.3,7.1,56.0,0.75,0.034999999999999996,90.0,330.0,4.04305126783455,0.5596157879354227,0.034401426717332394,5.802118375377063,4.51085950651685,2.701851217221259
LAKE,KERALA,2020,25.5,7.35,7.25,109.5,0.65,0.74,301.0,461.0,4.705015520957808,0.5007752879124893,0.5538851132264376,6.135564891081739,5.71042701737487,2.711088342345192
LAKE,KERALA,2020,26.5,7.95,6.85,35.5,1.1,0.5,1120.0,3529.0,3.597312260588446,0.7419373447293773,0.4054651081081644,8.169053149927343,7.02197642307216,2.819574435974337
LAKE,KERALA,2020,27.0,7.8,7.050000000000001,28.5,0.9500000000000001,0.065,75.0,173.5,3.3843902633457743,0.6678293725756554,0.06297479916138844,5.161924741642482,4.330733340286331,2.792848008753788
LAKE,KERALA,2020,27.5,4.3500000000000005,6.6,157.0,7.3,0.025,250.0,900.0,5.062595033026967,2.1162555148025524,0.0246926125903715,6.803505257608338,5.5254529391317835,2.0856653614614213
POND,KERALA,2020,27.5,2.8000000000000003,7.5,313.5,15.0,0.025,700.0,2250.0,5.750984076140496,2.772588722239781,0.0246926125903715,7.719129840906732,6.55250788703459,1.6733200530681511
POND,KERALA,2020,26.0,6.85,7.3,62.0,0.6000000000000001,0.195,475.5,627.0,4.143134726391533,0.47000362924573563,0.178146185383474,6.4425401664681985,6.166467723094256,2.6172504656604803
LAKE,"MADHYA 
PRADESH",2020,25.0,8.35,8.05,538.0,1.7,2.365,181.0,11020.0,6.289715570908998,0.9932517730102833,1.213427963096691,9.307557822691543,5.204006687076795,2.8896366553599777
LAKE,"MADHYA 
PRADESH",2020,25.0,6.8,7.75,624.0,10.95,3.8800000000000003,11019.5,800460.0,6.437751649736401,2.4807312783775197,1.585145219865056,13.59294309068179,9.307512453728442,2.6076809620810595
LAKE,"MADHYA 
PRADESH",2020,29.5,7.15,7.8,715.5,6.5,2.4000000000000004,5.0,44.5,6.574378247268227,2.0149030205422647,1.2237754316221159,3.817712325956905,1.791759469228055,2.6739483914241875
LAKE,"MADHYA 
PRADESH",2020,20.5,7.7,7.7,321.0,1.3,0.775,2.0,28.5,5.7745515455444085,0.832909122935104,0.5738004229273792,3.3843902633457743,1.0986122886681098,2.7748873851023217
LAKE,"MADHYA 
PRADESH",2020,23.0,6.75,7.9,524.0,2.35,0.76,4.5,71.0,6.263398262591624,1.208960345836975,0.5653138090500605,4.276666119016055,1.7047480922384253,2.598076211353316
LAKE,"MADHYA 
PRADESH",2020,22.5,7.3999999999999995,7.75,554.5,1.25,1.105,1.0,75.5,6.319868609079685,0.8109302162163288,0.7443154671343447,4.33729074083249,0.6931471805599453,2.7202941017470885
LAKE,"MADHYA 
PRADESH",2020,22.0,7.05,8.1,726.5,1.25,1.19,1.0,99.5,6.589613999045648,0.8109302162163288,0.7839015438284094,4.61015772749913,0.6931471805599453,2.6551836094703507
LAKE,"MADHYA 
PRADESH",2020,20.5,7.6,7.85,461.0,1.2,0.845,1.0,76.5,6.135564891081739,0.7884573603642702,0.6124792774924905,4.350277936359301,0.6931471805599453,2.756809750418044
LAKE,"MADHYA 
PRADESH",2020,21.5,6.9,7.75,378.5,1.1,0.9950000000000001,1.5,51.0,5.938854596835685,0.7419373447293773,0.6906440503418269,3.9512437185814275,0.9162907318741551,2.6267851073127395
LAKE,"MADHYA 
PRADESH",2020,25.0,7.45,7.6,295.5,1.35,0.42500000000000004,10.0,40.5,5.69204721843778,0.8544153281560676,0.3541718137206139,3.7256934272366524,2.3978952727983707,2.7294688127912363
LAKE,"MADHYA 
PRADESH",2020,25.0,8.100000000000001,7.800000000000001,589.5,10.6,8.48,17505.0,800270.0,6.380969635637417,2.451005098112319,2.2491843162669305,13.592705699287237,9.770298958292383,2.8460498941515415
LAKE,"MADHYA 
PRADESH",2020,25.5,9.15,8.15,497.5,1.05,2.4850000000000003,801.0,14017.0,6.211603589401893,0.7178397931503169,1.2484680442124874,9.54809749706027,6.687108607866515,3.024896692450835
LAKE,"MADHYA 
PRADESH",2020,25.5,9.600000000000001,7.949999999999999,532.5,2.55,2.385,1201.0,21523.5,6.279459070741808,1.2669476034873244,1.2193539063642382,9.976947100222421,7.091742115095153,3.0983866769659336
LAKE,"MADHYA 
PRADESH",2020,25.0,9.05,8.05,551.0,2.4,4.38,8501.0,46023.0,6.313548046277095,1.2237754316221157,1.682688374173693,10.73691827854313,9.048056708918736,3.0083217912982647
LAKE,"MADHYA 
PRADESH",2020,26.0,6.55,7.7,534.5,1.4000000000000001,2.26,43.0,8510.5,6.283200889887803,0.8754687373539,1.1817271953786161,9.049173469254626,3.784189633918261,2.5592967784139455
LAKE,"MADHYA 
PRADESH",2020,29.0,8.8,8.0,374.5,1.95,0.735,2.0,45.5,5.928258471204189,1.0818051703517284,0.5510074133988225,3.8394523125933104,1.0986122886681098,2.9664793948382653
LAKE,"MADHYA 
PRADESH",2020,19.0,7.4,7.550000000000001,438.0,1.5,1.05,2.5,38.0,6.0844994130751715,0.9162907318741551,0.7178397931503169,3.6635616461296463,1.252762968495368,2.7202941017470885
LAKE,"MADHYA 
PRADESH",2020,22.5,7.3,7.75,464.5,1.35,1.275,1.0,47.5,6.143112096717122,0.8544153281560676,0.8219800524029137,3.8815637979434374,0.6931471805599453,2.701851217221259
LAKE,"MADHYA 
PRADESH",2020,20.0,7.0,7.699999999999999,511.0,3.3,1.175,36.0,808.5,6.238324625039508,1.4586150226995167,0.7770286645406475,6.69641677311769,3.6109179126442243,2.6457513110645907
LAKE,"MADHYA 
PRADESH",2020,20.0,6.65,7.35,545.5,5.15,0.8600000000000001,86.0,805.5,6.3035343076165935,1.8164520818184267,0.62057648772511,6.692703897565264,4.465908118654584,2.5787593916455256
LAKE,"MADHYA 
PRADESH",2020,25.0,7.15,7.449999999999999,231.0,1.3,0.09000000000000001,2.0,14.5,5.44673737166631,0.832909122935104,0.08617769624105234,2.740840023925201,1.0986122886681098,2.6739483914241875
POND,"MADHYA 
PRADESH",2020,23.0,7.1,7.6,421.5,2.6,1.0,19.0,89.5,6.046189446797229,1.2809338454620642,0.6931471805599453,4.505349850705881,2.995732273553991,2.6645825188948455
POND,"MADHYA 
PRADESH",2020,25.0,7.4,7.699999999999999,516.0,1.8,0.6499999999999999,2.0,44.5,6.248042874508429,1.0296194171811581,0.5007752879124892,3.817712325956905,1.0986122886681098,2.7202941017470885
POND,"MADHYA 
PRADESH",2020,20.0,6.9,7.6,433.5,2.8,1.06,60.5,278.5,6.074195944705447,1.33500106673234,0.7227059828014898,5.633002292595154,4.119037174812473,2.6267851073127395
POND,"MADHYA 
PRADESH",2020,21.0,6.3,7.5,583.5,3.05,1.6600000000000001,111.0,810.0,6.3707567809121235,1.3987168811184478,0.9783261227936078,6.698268054115413,4.718498871295094,2.5099800796022267
POND,"MADHYA 
PRADESH",2020,22.5,6.85,7.6499999999999995,373.5,2.5500000000000003,0.805,14.5,273.5,5.925591802957274,1.2669476034873246,0.5905605917848442,5.614951260949585,2.740840023925201,2.6172504656604803
POND,"MADHYA 
PRADESH",2020,20.5,7.65,8.0,500.0,1.35,1.425,1.0,94.0,6.2166061010848646,0.8544153281560676,0.8858315243894466,4.553876891600541,0.6931471805599453,2.7658633371878665
POND,"MADHYA 
PRADESH",2020,25.5,7.05,7.65,407.0,1.2999999999999998,0.495,10.0,37.5,6.0112671744041615,0.8329091229351039,0.40212620684264977,3.6506582412937387,2.3978952727983707,2.6551836094703507
POND,"MADHYA 
PRADESH",2020,20.5,6.6,7.949999999999999,504.5,2.5500000000000003,0.6100000000000001,141.0,812.5,6.225548038460526,1.2669476034873246,0.4762341789963717,6.7013459266590925,4.955827057601261,2.569046515733026
POND,"MADHYA 
PRADESH",2020,21.5,7.1,7.65,2965.0,2.45,0.89,6.5,463.5,7.994969522697877,1.2383742310432684,0.636576829071551,6.140961558253893,2.0149030205422647,2.6645825188948455
POND,"MADHYA 
PRADESH",2020,22.5,6.9,8.2,413.5,1.1,1.385,1.0,47.0,6.02707297457535,0.7419373447293773,0.8691991243403046,3.871201010907891,0.6931471805599453,2.6267851073127395
POND,"MADHYA 
PRADESH",2020,21.5,7.4,7.6,358.0,1.05,0.9950000000000001,1.0,39.5,5.883322388488279,0.7178397931503169,0.6906440503418269,3.7013019741124933,0.6931471805599453,2.7202941017470885
TANK,"MADHYA 
PRADESH",2020,21.0,7.6,7.6,276.5,1.35,0.655,2.0,29.5,5.625820933186489,0.8544153281560676,0.5038010088290262,3.417726683613366,1.0986122886681098,2.756809750418044
LAKE,MEGHALAYA,2020,20.0,6.25,7.55,88.5,5.4,1.615,565.0,1260.0,4.4942386252808095,1.8562979903656263,0.9612640975168862,7.13966033596492,6.338594078203183,2.5
LAKE,MEGHALAYA,2020,20.5,7.5,7.5,137.5,3.6500000000000004,0.64,127.0,590.0,4.930870325627393,1.536867219599265,0.49469624183610705,6.3818160174060985,4.852030263919617,2.7386127875258306
LAKE,MEGHALAYA,2020,14.0,6.9,7.0,212.5,3.5999999999999996,0.585,214.5,647.0,5.363636832668679,1.5260563034950492,0.46058440732924394,6.473890696352274,5.372960909543803,2.6267851073127395
LAKE,MEGHALAYA,2020,21.5,5.4,7.6000000000000005,94.0,6.4,1.62,560.0,1245.0,4.553876891600541,2.0014800002101243,0.9631743177730056,7.1276936993473985,6.329720905522696,2.32379000772445
LAKE,MEGHALAYA,2020,22.0,6.35,7.65,88.5,5.75,1.465,370.0,940.0,4.4942386252808095,1.9095425048844386,0.9021918074946534,6.846943139585379,5.916202062607435,2.5199206336708304
LAKE,MEGHALAYA,2020,20.0,6.199999999999999,7.300000000000001,87.0,5.550000000000001,1.755,470.0,915.0,4.477336814478207,1.8794650496471608,1.0134174426048779,6.82001636467413,6.154858094016418,2.4899799195977463
LAKE,MEGHALAYA,2020,24.5,7.15,7.1,67.0,1.9000000000000001,0.395,70.5,325.0,4.219507705176107,1.0647107369924285,0.33289441527332897,5.786897381366708,4.269697449699962,2.6739483914241875
LAKE,ODISHA,2020,28.5,6.449999999999999,7.65,990.0,1.55,0.9400000000000001,1185.0,2945.0,6.898714534329988,0.9360933591703349,0.6626879730752369,7.988203597022576,7.078341579557671,2.539685019840059
LAKE,ODISHA,2020,21.0,6.35,8.25,959.5,5.2,0.95,1715.0,8615.0,6.867453982208612,1.824549292051046,0.6678293725756554,9.061376218836225,7.447751280047908,2.5199206336708304
LAKE,ODISHA,2020,28.0,6.2,7.5,173.5,1.35,2.34,605.0,1860.0,5.161924741642482,0.8544153281560676,1.205970806988609,7.528869256642251,6.406879986069314,2.4899799195977463
LAKE,ODISHA,2020,26.5,6.199999999999999,7.4,160.5,1.45,0.8200000000000001,1110.0,1805.0,5.084505142662711,0.8960880245566356,0.598836501088704,7.498869733976931,7.01301578963963,2.4899799195977463
LAKE,ODISHA,2020,27.5,7.0,7.45,154.5,1.5,0.545,672.5,1835.0,5.0466457316192885,0.9162907318741551,0.4350239103497088,7.515344571180436,6.512487995850418,2.6457513110645907
POND,ODISHA,2020,24.5,8.0,7.6,353.0,2.1,0.845,11010.0,80245.0,5.869296913133774,1.1314021114911006,0.6124792774924905,11.292852195513237,9.306650052113591,2.8284271247461903
POND,ODISHA,2020,27.5,8.45,8.3,921.0,4.3,1.02,7001.0,11010.0,6.826545223556594,1.667706820558076,0.7030975114131134,9.306650052113591,8.85395110151461,2.9068883707497264
POND,ODISHA,2020,27.5,9.9,8.25,624.0,6.25,4.57,851.0,2468.0,6.437751649736401,1.9810014688665833,1.7173950539391927,7.81156848934518,6.747586526829315,3.146426544510455
POND,ODISHA,2020,26.0,7.0,7.95,773.0,5.1,7.295,3951.0,12039.0,6.651571873589727,1.8082887711792655,2.1156529236424078,9.395989718862811,8.281977058867758,2.6457513110645907
POND,ODISHA,2020,27.0,10.35,8.4,789.5,6.1499999999999995,3.4499999999999997,5501.0,11001.0,6.672665656649527,1.967112356705916,1.4929040961781488,9.305832353435404,8.61286694148452,3.2171415884290826
POND,ODISHA,2020,24.0,7.9,7.85,403.5,5.85,2.24,3951.0,12022.5,6.002651736498547,1.9242486522741338,1.1755733298042381,9.394618347068526,8.281977058867758,2.8106938645110393
POND,ODISHA,2020,24.0,6.9,7.6499999999999995,272.5,1.8,1.16,1760.0,4345.0,5.611301621862036,1.0296194171811581,0.7701082216960736,8.377011160816375,7.473637108496206,2.6267851073127395
POND,ODISHA,2020,24.0,6.449999999999999,7.65,663.0,5.2,1.41,4060.0,6895.0,6.498282149476434,1.824549292051046,0.8796267475025635,8.83869681234353,8.309184527686298,2.539685019840059
LAKE,PUDUCHERRY,2020,29.5,5.9,7.35,543.5,1.4,0.48500000000000004,806.5,811.5,6.299867942373015,0.8754687373538999,0.3954147722546629,6.700115914203892,6.6939430550968115,2.4289915602982237
LAKE,PUDUCHERRY,2020,28.0,5.5,7.050000000000001,309.5,1.25,0.72,920.0,1600.0,5.738183901373533,0.8109302162163288,0.5423242908253617,7.3783837129967145,6.825460036255307,2.345207879911715
LAKE,PUDUCHERRY,2020,22.5,6.8,8.0,880.0,6.25,0.425,1951.0,6300.0,6.78105762593618,1.9810014688665833,0.35417181372061385,8.748463629942055,7.5766097669730375,2.6076809620810595
LAKE,PUNJAB,2020,21.5,7.65,7.75,243.5,1.4500000000000002,0.85,360.0,1200.0,5.499215308914927,0.8960880245566357,0.6151856390902334,7.0909098220799835,5.8888779583328805,2.7658633371878665
LAKE,PUNJAB,2020,22.5,7.95,7.85,257.0,1.5,0.75,530.0,1850.0,5.552959584921617,0.9162907318741551,0.5596157879354227,7.523481312573497,6.274762021241939,2.819574435974337
LAKE,PUNJAB,2020,20.0,4.45,7.95,192.0,0.6000000000000001,0.35,28.5,77.5,5.262690188904886,0.47000362924573563,0.3001045924503381,4.363098624788363,3.3843902633457743,2.1095023109728985
LAKE,RAJASTHAN,2020,24.5,7.75,8.4,540.0,1.9500000000000002,1.92,48.0,89.0,6.293419278846481,1.0818051703517284,1.0715836162801904,4.499809670330265,3.8918202981106265,2.7838821814150108
LAKE,RAJASTHAN,2020,23.0,5.949999999999999,8.2,1155.0,2.5,2.375,107.0,180.0,7.052721049232323,1.252762968495368,1.2163953243244932,5.198497031265826,4.68213122712422,2.4392621835300936
LAKE,RAJASTHAN,2020,26.0,3.5,8.3,375.0,3.4,3.135,44.5,119.0,5.929589143389895,1.4816045409242156,1.4194873284756546,4.787491742782046,3.817712325956905,1.8708286933869707
LAKE,RAJASTHAN,2020,25.0,7.9,8.55,1065.0,1.9500000000000002,1.45,78.5,135.0,6.97166860472579,1.0818051703517284,0.8960880245566356,4.912654885736052,4.375757021660286,2.8106938645110393
LAKE,RAJASTHAN,2020,21.0,5.35,8.0,280.0,1.7000000000000002,1.8849999999999998,66.0,142.5,5.638354669333745,0.9932517730102834,1.0595248999600628,4.966335035199676,4.204692619390966,2.3130067012440754
LAKE,RAJASTHAN,2020,25.0,4.25,8.25,410.0,2.2,1.605,139.5,267.5,6.018593214496234,1.1631508098056809,0.9574326752053303,5.5928509139489195,4.945207488773801,2.0615528128088303
LAKE,RAJASTHAN,2020,26.0,6.0,7.65,245.0,1.85,0.92,18.5,42.5,5.5053315359323625,1.0473189942805592,0.6523251860396903,3.7727609380946383,2.970414465569701,2.449489742783178
LAKE,RAJASTHAN,2020,19.5,5.35,8.5,470.0,2.2,1.51,94.5,157.5,6.154858094016418,1.1631508098056809,0.9202827531436926,5.065754593317335,4.5591262474866845,2.3130067012440754
LAKE,RAJASTHAN,2020,19.5,5.45,8.600000000000001,530.0,1.7999999999999998,1.58,139.5,262.0,6.274762021241939,1.0296194171811581,0.9477893989335261,5.572154032177765,4.945207488773801,2.3345235059857505
LAKE,RAJASTHAN,2020,23.5,6.35,8.45,655.0,2.55,1.915,152.0,610.0,6.486160788944089,1.2669476034873244,1.0698698198024557,6.415096959171596,5.030437921392435,2.5199206336708304
LAKE,RAJASTHAN,2020,24.0,8.1,8.600000000000001,495.0,1.65,1.45,49.0,94.5,6.206575926724928,0.9745596399981308,0.8960880245566356,4.5591262474866845,3.912023005428146,2.8460498941515415
LAKE,RAJASTHAN,2020,24.0,7.9,8.45,600.0,1.85,1.9300000000000002,43.5,92.0,6.398594934535208,1.0473189942805592,1.075002423028976,4.532599493153256,3.7954891891721947,2.8106938645110393
LAKE,RAJASTHAN,2020,26.5,3.4,7.85,720.0,3.0,2.5599999999999996,267.5,1275.0,6.580639137284949,1.3862943611198906,1.269760544863939,7.151485463904735,5.5928509139489195,1.8439088914585775
LAKE,RAJASTHAN,2020,23.0,6.199999999999999,8.65,520.0,1.7,1.875,82.0,240.5,6.255750041753367,0.9932517730102833,1.0560526742493137,5.486869473092628,4.418840607796598,2.4899799195977463
LAKE,RAJASTHAN,2020,23.0,4.7,8.5,805.0,2.75,1.82,262.0,610.0,6.692083742506628,1.3217558399823195,1.0367368849500223,6.415096959171596,5.572154032177765,2.16794833886788
LAKE,RAJASTHAN,2020,23.0,4.15,8.3,710.0,2.75,1.945,121.5,195.0,6.566672429803241,1.3217558399823195,1.0801088171035502,5.278114659230517,4.808111029984782,2.0371548787463363
POND,RAJASTHAN,2020,25.0,8.0,8.25,395.0,1.65,1.42,42.0,79.5,5.981414211254481,0.9745596399981308,0.883767540168595,4.388257184424518,3.7612001156935624,2.8284271247461903
LAKE,TAMIL NADU,2020,24.0,6.25,6.9,125.0,3.0,1.3399999999999999,42.5,78.0,4.836281906951478,1.3862943611198906,0.85015092936961,4.3694478524670215,3.7727609380946383,2.5
LAKE,TAMIL NADU,2020,20.0,5.6,7.300000000000001,431.0,6.55,0.5,116.0,287.0,6.068425588244111,2.0215475632609334,0.4054651081081644,5.662960480135946,4.762173934797756,2.3664319132398464
LAKE,TAMIL NADU,2020,22.0,6.5,7.25,332.0,1.05,0.495,142.5,375.0,5.808142489980444,0.7178397931503169,0.40212620684264977,5.929589143389895,4.966335035199676,2.5495097567963922
LAKE,TAMIL NADU,2020,25.0,6.35,8.15,589.5,1.25,0.495,62.5,175.0,6.380969635637417,0.8109302162163288,0.40212620684264977,5.170483995038151,4.151039905898646,2.5199206336708304
LAKE,TAMIL NADU,2020,29.0,6.0,7.75,486.5,2.5,0.685,2.0,86.0,6.189290290437902,1.252762968495368,0.521765563804325,4.465908118654584,1.0986122886681098,2.449489742783178
LAKE,TAMIL NADU,2020,28.5,5.65,7.65,435.5,2.0,1.095,47.5,246.0,6.0787883752796565,1.0986122886681098,0.739553553374101,5.5093883366279774,3.8815637979434374,2.3769728648009427
LAKE,TAMIL NADU,2020,28.0,6.0,7.949999999999999,1246.5,2.0,1.085,61.0,670.0,7.128896827625674,1.0986122886681098,0.7347688552507647,6.508769136971682,4.127134385045092,2.449489742783178
LAKE,TELANGANA,2020,28.0,3.2,7.5,1316.0,18.0,26.795,277.0,975.0,7.183111701743281,2.9444389791664403,3.324856148405433,6.883462586413092,5.627621113690637,1.7888543819998317
LAKE,TELANGANA,2020,29.5,2.0,7.35,1284.0,27.0,4.55,39.0,815.5,7.158513997329321,3.332204510175204,1.713797927758343,6.70502691241052,3.6888794541139363,1.4142135623730951
LAKE,TELANGANA,2020,28.5,5.75,7.699999999999999,437.0,2.55,1.195,5.0,79.5,6.082218910376446,1.2669476034873244,0.7861820465271346,4.388257184424518,1.791759469228055,2.3979157616563596
LAKE,TELANGANA,2020,25.5,2.9499999999999997,7.85,1357.0,11.35,4.35,13.0,216.0,7.213768308118642,2.513656063073986,1.6770965609079151,5.37989735354046,2.6390573296152584,1.7175564037317668
LAKE,TELANGANA,2020,29.0,2.75,7.55,1297.5,13.0,28.25,19.0,910.0,7.168965031102803,2.6390573296152584,3.3758795736778655,6.814542897259958,2.995732273553991,1.6583123951777
LAKE,TELANGANA,2020,27.5,0.3,7.35,1891.0,55.0,11.45,36.0,855.0,7.545389749611823,4.02535169073515,2.5217206229107165,6.752270376141742,3.6109179126442243,0.5477225575051661
LAKE,TELANGANA,2020,27.0,6.3,8.0,214.5,3.05,3.505,2.0,36.0,5.372960909543803,1.3987168811184478,1.5051878910603012,3.6109179126442243,1.0986122886681098,2.5099800796022267
LAKE,TELANGANA,2020,28.0,5.1,7.6000000000000005,553.5,3.0,1.95,6.0,149.0,6.318066806790422,1.3862943611198906,1.0818051703517284,5.0106352940962555,1.9459101490553132,2.258317958127243
LAKE,TELANGANA,2020,28.5,2.4499999999999997,7.449999999999999,1781.0,27.0,6.82,25.5,839.5,7.485491608030754,3.332204510175204,2.05668455455722,6.7339969528486705,3.2771447329921766,1.5652475842498528
LAKE,TELANGANA,2020,29.0,1.75,7.300000000000001,1127.0,16.0,9.7,19.0,280.0,7.028201432058005,2.833213344056216,2.3702437414678603,5.638354669333745,2.995732273553991,1.3228756555322954
LAKE,TELANGANA,2020,27.5,1.05,7.25,1296.0,17.0,12.02,17.0,228.0,7.167809184316444,2.8903717578961645,2.5664866367804233,5.43372200355424,2.8903717578961645,1.02469507659596
LAKE,TELANGANA,2020,27.0,0.65,7.2,1328.0,21.0,12.85,83.5,915.0,7.192182058713246,3.091042453358316,2.6282852326333477,6.82001636467413,4.436751534363128,0.806225774829855
LAKE,TELANGANA,2020,28.0,0.6,7.4,1112.0,10.0,1.345,72.0,600.0,7.014814351275545,2.3978952727983707,0.8522854018982426,6.398594934535208,4.290459441148391,0.7745966692414834
LAKE,TELANGANA,2020,30.0,2.65,7.35,1590.5,18.45,4.635,17.0,252.0,7.3724322467221475,2.9678470700644555,1.7289971474917396,5.53338948872752,2.8903717578961645,1.6278820596099706
LAKE,TELANGANA,2020,27.5,2.4,7.800000000000001,1096.0,17.0,6.65,67.0,360.0,7.00033446027523,2.8903717578961645,2.0347056478384444,5.8888779583328805,4.219507705176107,1.5491933384829668
LAKE,TELANGANA,2020,27.5,2.5999999999999996,7.8,1269.5,15.3,10.5,19.0,252.0,7.1471658027602185,2.791165107812717,2.4423470353692043,5.53338948872752,2.995732273553991,1.6124515496597098
LAKE,TELANGANA,2020,28.0,1.55,7.550000000000001,1799.5,25.0,10.7,24.0,301.5,7.49581968308893,3.258096538021482,2.4595888418037104,5.7120812774708964,3.2188758248682006,1.2449899597988732
LAKE,TELANGANA,2020,28.0,2.3,7.4,1548.5,20.0,8.5,11.0,239.5,7.345687577227803,3.044522437723423,2.2512917986064953,5.482720089545816,2.4849066497880004,1.51657508881031
LAKE,TELANGANA,2020,24.0,2.0,7.550000000000001,1803.5,19.0,9.55,24.0,330.0,7.498038824082843,2.995732273553991,2.3561258599220753,5.802118375377063,3.2188758248682006,1.4142135623730951
LAKE,TELANGANA,2020,28.0,2.1999999999999997,7.55,917.0,10.1,2.1999999999999997,9.5,145.0,6.822197390620491,2.4069451083182885,1.1631508098056809,4.983606621708336,2.3513752571634776,1.4832396974191324
LAKE,TELANGANA,2020,28.5,2.55,7.800000000000001,1183.5,13.0,4.75,20.0,257.0,7.07707602359884,2.6390573296152584,1.749199854809259,5.552959584921617,3.044522437723423,1.5968719422671311
LAKE,TELANGANA,2020,23.5,1.6500000000000001,7.15,1119.0,20.0,2.9,15.0,515.0,7.02108396428914,3.044522437723423,1.3609765531356006,6.246106765481563,2.772588722239781,1.284523257866513
LAKE,TELANGANA,2020,23.5,1.65,7.55,972.5,8.0,6.3,8.5,257.0,6.880897824812254,2.1972245773362196,1.9878743481543455,5.552959584921617,2.2512917986064953,1.284523257866513
LAKE,TELANGANA,2020,28.0,1.45,7.35,1429.0,19.5,11.9,36.0,246.5,7.265429723253953,3.0204248861443626,2.5572273113676265,5.511410582008745,3.6109179126442243,1.2041594578792296
LAKE,TELANGANA,2020,28.0,2.55,7.4,1533.5,16.0,15.05,25.5,295.0,7.335959874059791,2.833213344056216,2.775708849576025,5.69035945432406,3.2771447329921766,1.5968719422671311
LAKE,TELANGANA,2020,24.0,0.55,7.45,1520.0,20.0,6.4,37.5,286.5,7.327123292259293,3.044522437723423,2.0014800002101243,5.661222860237405,3.6506582412937387,0.7416198487095663
LAKE,TELANGANA,2020,28.5,1.35,7.35,1922.5,23.0,4.05,43.5,325.0,7.56190172219235,3.1780538303479458,1.6193882432872684,5.786897381366708,3.7954891891721947,1.161895003862225
LAKE,TELANGANA,2020,28.5,6.15,7.25,369.0,7.0,2.2800000000000002,9.5,95.0,5.91350300563827,2.0794415416798357,1.1878434223960523,4.564348191467836,2.3513752571634776,2.479919353527449
LAKE,TELANGANA,2020,28.5,5.4,7.8999999999999995,275.5,2.4,1.05,14.0,127.0,5.6222108209623896,1.2237754316221157,0.7178397931503169,4.852030263919617,2.70805020110221,2.32379000772445
LAKE,TELANGANA,2020,27.5,2.8499999999999996,7.699999999999999,1144.0,10.5,2.15,46.0,285.0,7.0431599159883405,2.4423470353692043,1.1474024528375417,5.655991810819852,3.8501476017100584,1.688194301613413
LAKE,TELANGANA,2020,27.5,4.0,7.800000000000001,567.5,7.1,0.97,12.0,73.5,6.343001313190591,2.0918640616783932,0.6780335427498971,4.310799125385514,2.5649493574615367,2.0
LAKE,TELANGANA,2020,22.5,6.15,7.1,554.0,3.1,4.695,43.5,260.0,6.318968113746434,1.410986973710262,1.7395885968991456,5.564520407322694,3.7954891891721947,2.479919353527449
LAKE,TELANGANA,2020,21.5,6.2,7.1,502.0,3.7,5.245,121.5,885.0,6.220590170099739,1.547562508716013,1.831781143577541,6.786716950605081,4.808111029984782,2.4899799195977463
LAKE,TELANGANA,2020,22.0,6.25,6.949999999999999,570.5,3.9,8.385,19.5,286.5,6.348264483234865,1.589235205116581,2.2391126700384723,5.661222860237405,3.0204248861443626,2.5
LAKE,TELANGANA,2020,21.5,6.35,7.05,782.5,3.9,11.28,8.5,270.0,6.6637710617960755,1.589235205116581,2.5079719227189963,5.602118820879701,2.2512917986064953,2.5199206336708304
LAKE,TELANGANA,2020,24.0,6.95,7.15,218.5,2.55,2.245,17.5,58.0,5.391352232515226,1.2669476034873244,1.1771153501560534,4.07753744390572,2.917770732084279,2.6362852652928135
LAKE,TELANGANA,2020,27.5,1.95,7.449999999999999,1144.0,21.0,7.005,40.5,270.0,7.0431599159883405,3.091042453358316,2.0800663464486777,5.602118820879701,3.7256934272366524,1.396424004376894
LAKE,TELANGANA,2020,26.5,1.45,7.3,1458.5,25.0,7.4,43.0,570.0,7.2858491902941696,3.258096538021482,2.128231705849268,6.3473892096560105,3.784189633918261,1.2041594578792296
LAKE,TELANGANA,2020,22.5,1.1500000000000001,7.1,1234.5,12.5,6.6,43.5,345.0,7.119231025428665,2.6026896854443837,2.028148247292285,5.846438775057725,3.7954891891721947,1.0723805294763609
LAKE,TELANGANA,2020,27.0,1.95,7.6,1430.5,23.0,15.95,40.5,466.5,7.266478124538169,3.1780538303479458,2.830267833826459,6.147399348728742,3.7256934272366524,1.396424004376894
LAKE,TELANGANA,2020,27.0,5.2,8.5,561.0,6.0,16.0,5.0,33.0,6.331501849893691,1.9459101490553132,2.833213344056216,3.5263605246161616,1.791759469228055,2.280350850198276
LAKE,TELANGANA,2020,28.5,2.05,7.4,1580.0,30.5,7.45,18.0,246.5,7.365812837209472,3.449987545831587,2.134166441369082,5.511410582008745,2.9444389791664403,1.4317821063276353
LAKE,TELANGANA,2020,26.5,3.0,7.199999999999999,673.5,5.05,1.65,58.5,284.0,6.51397167564781,1.80005827204275,0.9745596399981308,5.652489180268651,4.085976312551584,1.7320508075688772
LAKE,TELANGANA,2020,24.5,1.6500000000000001,7.3,1454.5,16.5,6.8100000000000005,48.0,317.0,7.283104763185678,2.8622008809294686,2.0554049638515948,5.762051382780177,3.8918202981106265,1.284523257866513
LAKE,TELANGANA,2020,26.0,4.0,7.65,1462.5,21.0,27.0,146.5,824.5,7.28858610613194,3.091042453358316,3.332204510175204,6.715989263360183,4.993828175779875,2.0
LAKE,TELANGANA,2020,28.0,1.45,7.3,1808.0,24.0,13.65,30.0,280.0,7.500529485395295,3.2188758248682006,2.6844403354630764,5.638354669333745,3.4339872044851463,1.2041594578792296
POND,TELANGANA,2020,28.0,1.3499999999999999,7.65,1584.0,12.0,2.6550000000000002,11.0,179.0,7.368339686311381,2.5649493574615367,1.2960960932017418,5.19295685089021,2.4849066497880004,1.161895003862225
POND,TELANGANA,2020,28.0,5.45,8.0,470.0,2.6500000000000004,1.3,2.0,32.0,6.154858094016418,1.2947271675944003,0.832909122935104,3.4965075614664802,1.0986122886681098,2.3345235059857505
POND,TELANGANA,2020,28.5,2.4499999999999997,7.8999999999999995,1035.0,12.0,4.1,19.0,870.0,6.943122422819428,2.5649493574615367,1.62924053973028,6.769641976852503,2.995732273553991,1.5652475842498528
POND,TELANGANA,2020,29.0,0.6000000000000001,7.449999999999999,1264.5,36.0,10.1,30.5,905.0,7.143222579985179,3.6109179126442243,2.4069451083182885,6.80903930604298,3.449987545831587,0.7745966692414834
POND,TELANGANA,2020,28.0,2.05,7.5,1155.5,18.5,9.4,36.0,340.0,7.053153481671494,2.970414465569701,2.341805806147327,5.831882477283517,3.6109179126442243,1.4317821063276353
POND,TELANGANA,2020,29.0,1.5,7.4,1429.0,21.0,9.785,43.0,385.0,7.265429723253953,3.091042453358316,2.3781562798411198,5.955837369464831,3.784189633918261,1.224744871391589
POND,TELANGANA,2020,28.0,2.3499999999999996,7.45,1403.0,10.0,2.65,32.0,565.0,7.247080584585756,2.3978952727983707,1.2947271675944,6.338594078203183,3.4965075614664802,1.532970971675589
POND,TELANGANA,2020,29.0,1.45,7.35,1357.0,23.0,7.75,76.0,635.0,7.213768308118642,3.1780538303479458,2.169053700369523,6.455198563340122,4.343805421853684,1.2041594578792296
POND,TELANGANA,2020,28.0,0.3,7.5,1498.0,15.0,2.83,265.0,1060.0,7.312553498102598,2.772588722239781,1.3428648031925547,6.966967138613983,5.583496308781699,0.5477225575051661
POND,TELANGANA,2020,28.0,4.55,7.9,735.0,3.65,1.35,12.5,74.0,6.601230118728877,1.536867219599265,0.8544153281560676,4.31748811353631,2.6026896854443837,2.1330729007701543
POND,TELANGANA,2020,27.0,2.9,7.6000000000000005,740.0,9.5,16.6,17.0,185.5,6.608000625296087,2.3513752571634776,2.8678989020441064,5.2284312390838705,2.8903717578961645,1.70293863659264
TANK,TELANGANA,2020,27.5,6.05,8.15,283.5,2.5,1.15,2.0,21.5,5.6507332535663855,1.252762968495368,0.7654678421395714,3.1135153092103742,1.0986122886681098,2.4596747752497685
TANK,TELANGANA,2020,22.0,6.25,7.25,495.0,3.5,4.73,7.5,68.5,6.206575926724928,1.5040773967762742,1.7457155307266483,4.241326752570746,2.1400661634962708,2.5
TANK,TELANGANA,2020,25.5,6.1,7.15,1855.5,5.4,13.270000000000001,7.5,66.5,7.5264482736171345,1.8562979903656263,2.658159431488745,4.212127597878484,2.1400661634962708,2.4698178070456938
TANK,TELANGANA,2020,24.0,6.050000000000001,7.050000000000001,3685.0,6.5,19.674999999999997,14.0,63.0,8.212297138229768,2.0149030205422647,3.028925240909755,4.1588830833596715,2.70805020110221,2.459674775249769
TANK,TELANGANA,2020,30.0,1.95,7.65,3840.0,42.0,9.25,19.0,277.0,8.253488028345904,3.7612001156935624,2.327277705584417,5.627621113690637,2.995732273553991,1.396424004376894
TANK,TELANGANA,2020,23.0,5.199999999999999,7.15,2795.0,4.2,28.25,3.0,43.5,7.935945103353701,1.6486586255873816,3.3758795736778655,3.7954891891721947,1.3862943611198906,2.2803508501982757
TANK,TELANGANA,2020,27.5,0.3,7.4,1806.5,34.0,9.3,222.0,975.0,7.49969995403292,3.5553480614894135,2.33214389523559,6.883462586413092,5.407171771460119,0.5477225575051661
TANK,TELANGANA,2020,23.5,5.35,7.65,820.0,4.0,4.255000000000001,5.0,54.0,6.710523109452428,1.6094379124341003,1.6591800043289147,4.007333185232471,1.791759469228055,2.3130067012440754
TANK,TELANGANA,2020,28.0,2.9499999999999997,8.2,888.5,21.05,8.9,20.5,301.5,6.7906595071058895,3.093312601892855,2.2925347571405443,5.7120812774708964,3.068052935133617,1.7175564037317668
TANK,TELANGANA,2020,22.0,6.05,7.25,1289.0,4.7,4.75,5.5,54.5,7.162397497355718,1.7404661748405046,1.749199854809259,4.0163830207523885,1.8718021769015913,2.4596747752497685
TANK,TELANGANA,2020,27.0,3.4,7.35,1141.5,7.0,4.3,42.0,335.0,7.040974122768359,2.0794415416798357,1.667706820558076,5.817111159963204,3.7612001156935624,1.8439088914585775
TANK,TELANGANA,2020,27.0,2.75,7.199999999999999,1184.5,15.0,4.5,23.0,355.0,7.0779199055054605,2.772588722239781,1.7047480922384253,5.87493073085203,3.1780538303479458,1.6583123951777
TANK,TELANGANA,2020,28.5,5.5,7.65,1234.0,3.0,2.1,7.5,38.0,7.118826249062078,1.3862943611198906,1.1314021114911006,3.6635616461296463,2.1400661634962708,2.345207879911715
TANK,TELANGANA,2020,31.0,1.0,7.1,1466.0,10.0,4.05,14.5,476.5,7.2909747781429814,2.3978952727983707,1.6193882432872684,6.168564159920785,2.740840023925201,1.0
TANK,TELANGANA,2020,29.0,3.5500000000000003,7.25,2233.0,7.05,15.64,14.5,461.0,7.711548979629146,2.0856720914304723,2.8118094353930627,6.135564891081739,2.740840023925201,1.8841443681416772
TANK,TELANGANA,2020,29.0,5.7,7.2,429.5,2.75,5.58,3.5,56.0,6.064947323867785,1.3217558399823195,1.884034745337226,4.04305126783455,1.5040773967762742,2.3874672772626644
TANK,TELANGANA,2020,30.5,6.3,7.2,633.0,3.1500000000000004,6.225,35.0,36.0,6.452048954437226,1.423108334242607,1.9775472339984959,3.6109179126442243,3.58351893845611,2.5099800796022267
TANK,TELANGANA,2020,29.0,4.55,6.85,3840.0,8.0,25.365000000000002,9.5,111.0,8.253488028345904,2.1972245773362196,3.272037372982433,4.718498871295094,2.3513752571634776,2.1330729007701543
TANK,TELANGANA,2020,28.5,0.3,7.35,1358.0,14.0,3.25,19.0,545.0,7.214504414151143,2.70805020110221,1.4469189829363254,6.302618975744905,2.995732273553991,0.5477225575051661
TANK,TELANGANA,2020,23.5,5.55,7.15,1182.5,4.2,10.295,13.0,186.0,7.0762314289540384,1.6486586255873816,2.4243601499199667,5.231108616854587,2.6390573296152584,2.355843797877949
TANK,TELANGANA,2020,21.5,5.5,7.1,1154.5,4.0,9.705,47.5,136.5,7.0522884297144355,1.6094379124341003,2.370710922041646,4.923623917106626,3.8815637979434374,2.345207879911715
TANK,TELANGANA,2020,23.5,5.15,7.25,287.0,3.0,3.62,3.0,19.5,5.662960480135946,1.3862943611198906,1.5303947050936475,3.0204248861443626,1.3862943611198906,2.2693611435820435
TANK,TELANGANA,2020,22.5,4.95,7.1,1702.5,4.3,16.725,35.0,75.0,7.440440237101021,1.667706820558076,2.874976072418191,4.330733340286331,3.58351893845611,2.224859546128699
TANK,TELANGANA,2020,21.0,5.15,7.0,1286.0,4.5,10.745000000000001,7.0,57.0,7.160069207596127,1.7047480922384253,2.463427618110876,4.060443010546419,2.0794415416798357,2.2693611435820435
TANK,TELANGANA,2020,21.0,6.2,7.1,1131.5,3.0,10.32,4.0,55.0,7.032182857357189,1.3862943611198906,2.4265710727750367,4.02535169073515,1.6094379124341003,2.4899799195977463
TANK,TELANGANA,2020,22.0,5.800000000000001,7.1,1709.0,4.0,12.34,8.5,50.5,7.444248649496705,1.6094379124341003,2.590767040487478,3.9415818076696905,2.2512917986064953,2.4083189157584592
TANK,TELANGANA,2020,27.0,3.25,7.95,768.5,9.1,1.65,14.0,229.0,6.645740953278934,2.312535423847214,0.9745596399981308,5.438079308923196,2.70805020110221,1.8027756377319946
TANK,TELANGANA,2020,28.0,2.1999999999999997,7.6,911.0,11.0,4.3,12.0,277.0,6.815639990074331,2.4849066497880004,1.667706820558076,5.627621113690637,2.5649493574615367,1.4832396974191324
TANK,TELANGANA,2020,28.0,2.4499999999999997,7.800000000000001,1114.5,10.9,2.15,23.0,251.5,7.017058013872587,2.4765384001174837,1.1474024528375417,5.531411248715415,3.1780538303479458,1.5652475842498528
TANK,TELANGANA,2020,23.0,5.8,7.1,1847.0,3.8,15.155000000000001,5.5,52.0,7.521859252201629,1.5686159179138452,2.782229599276462,3.970291913552122,1.8718021769015913,2.4083189157584592
TANK,TELANGANA,2020,27.5,2.3,7.55,732.0,15.0,9.44,14.0,204.0,6.597145701886651,2.772588722239781,2.3456445824544927,5.3230099791384085,2.70805020110221,1.51657508881031
TANK,TELANGANA,2020,27.0,1.3,7.15,1458.0,18.0,4.31,48.0,335.0,7.285506548522785,2.9444389791664403,1.6695918352538475,5.817111159963204,3.8918202981106265,1.140175425099138
TANK,TELANGANA,2020,26.0,1.6500000000000001,7.449999999999999,1742.0,24.0,4.7,63.5,620.0,7.463363045520021,3.2188758248682006,1.7404661748405046,6.431331081933479,4.1666652238017265,1.284523257866513
TANK,TELANGANA,2020,28.5,1.7,8.75,1146.5,18.0,10.15,21.5,280.0,7.0453409419347,2.9444389791664403,2.411439497906128,5.638354669333745,3.1135153092103742,1.3038404810405297
LAKE,TRIPURA,2020,26.5,6.2,7.65,152.5,1.15,0.79,26.5,98.5,5.033700567027251,0.7654678421395714,0.5822156198526637,4.600157644164547,3.3141860046725258,2.4899799195977463
LAKE,TRIPURA,2020,25.5,5.699999999999999,7.0,673.5,1.85,1.35,41.5,187.0,6.51397167564781,1.0473189942805592,0.8544153281560676,5.236441962829949,3.7495040759303713,2.3874672772626644
LAKE,TRIPURA,2020,25.5,6.15,7.25,157.5,0.75,0.9349999999999999,32.0,116.5,5.065754593317335,0.5596157879354227,0.6601073264817451,4.7664383335842135,3.4965075614664802,2.479919353527449
LAKE,TRIPURA,2020,26.0,5.75,7.2,141.0,0.7000000000000001,0.6,31.5,162.0,4.955827057601261,0.5306282510621704,0.4700036292457356,5.093750200806762,3.481240089335692,2.3979157616563596
LAKE,TRIPURA,2020,26.0,6.0,6.6,133.5,1.15,0.735,36.5,139.0,4.901564199041894,0.7654678421395714,0.5510074133988225,4.941642422609304,3.624340932976365,2.449489742783178
LAKE,TRIPURA,2020,25.5,6.3,6.95,145.0,1.4,0.72,37.5,134.0,4.983606621708336,0.8754687373538999,0.5423242908253617,4.90527477843843,3.6506582412937387,2.5099800796022267
LAKE,TRIPURA,2020,25.5,5.85,7.15,152.5,0.9500000000000001,0.775,40.0,117.0,5.033700567027251,0.6678293725756554,0.5738004229273792,4.770684624465665,3.713572066704308,2.4186773244895647
LAKE,TRIPURA,2020,25.5,6.05,6.95,143.0,0.9500000000000001,0.755,37.5,134.0,4.969813299576001,0.6678293725756554,0.5624688569178292,4.90527477843843,3.6506582412937387,2.4596747752497685
POND,TRIPURA,2020,20.0,5.55,6.75,144.0,1.1,1.21,27.5,88.5,4.976733742420574,0.7419373447293773,0.7929925155296614,4.4942386252808095,3.349904087274605,2.355843797877949
POND,TRIPURA,2020,25.5,6.4,7.1,157.5,1.1,1.165,28.5,94.0,5.065754593317335,0.7419373447293773,0.7724203614544531,4.553876891600541,3.3843902633457743,2.5298221281347035
POND,TRIPURA,2020,26.0,6.45,6.95,157.5,1.4,1.475,44.0,157.0,5.065754593317335,0.8754687373538999,0.9062403960206536,5.062595033026967,3.8066624897703196,2.539685019840059
POND,TRIPURA,2020,25.5,6.5,7.2,150.0,0.8,0.875,36.5,99.0,5.017279836814924,0.5877866649021191,0.6286086594223741,4.605170185988092,3.624340932976365,2.5495097567963922
POND,TRIPURA,2020,25.5,6.45,6.9,140.0,1.0,0.8200000000000001,24.0,80.5,4.948759890378168,0.6931471805599453,0.598836501088704,4.400603020246817,3.2188758248682006,2.539685019840059
POND,TRIPURA,2020,25.5,5.9,6.8,149.5,1.55,0.865,31.5,90.5,5.01396308418893,0.9360933591703349,0.6232610530957788,4.516338972281476,3.481240089335692,2.4289915602982237
POND,TRIPURA,2020,25.5,5.8,6.65,153.5,0.7000000000000001,0.76,18.5,80.0,5.0401940963378005,0.5306282510621704,0.5653138090500605,4.394449154672439,2.970414465569701,2.4083189157584592
POND,TRIPURA,2020,26.0,5.949999999999999,6.85,152.5,3.05,1.095,47.5,195.0,5.033700567027251,1.3987168811184478,0.739553553374101,5.278114659230517,3.8815637979434374,2.4392621835300936
POND,TRIPURA,2020,25.5,6.55,6.6,151.5,0.7000000000000001,0.915,27.0,83.0,5.0271645960474665,0.5306282510621704,0.6497176226326093,4.430816798843313,3.332204510175204,2.5592967784139455
POND,TRIPURA,2020,26.0,6.2,6.95,155.5,1.05,0.7150000000000001,32.0,95.0,5.0530560099802075,0.7178397931503169,0.5394130806179033,4.564348191467836,3.4965075614664802,2.4899799195977463
LAKE,"UTTAR 
PRADESH",2020,24.5,4.15,8.0,335.0,4.3,0.8400000000000001,4400.0,6050.0,5.817111159963204,1.667706820558076,0.6097655716208943,8.707978826622321,8.38958706681109,2.0371548787463363
LAKE,WEST BENGAL,2020,27.5,7.6,7.7,643.0,3.3,2.265,775.0,2050.0,6.467698726104354,1.4586150226995167,1.1832597627283945,7.62608275807238,6.654152520183219,2.756809750418044
LAKE,WEST BENGAL,2020,29.0,6.9,8.25,696.5,5.6,0.47,17600.0,27200.0,6.5475025136955205,1.8870696490323797,0.3852624007906449,10.211009016314167,9.77571099759397,2.6267851073127395
LAKE,WEST BENGAL,2020,29.0,6.65,8.3,690.5,5.0,0.565,29000.0,50000.0,6.538863151104813,1.791759469228055,0.4478858239921165,10.819798284210286,10.275085591132715,2.5787593916455256
LAKE,WEST BENGAL,2020,28.5,7.35,8.35,707.5,4.4,0.5,11100.0,17700.0,6.563150059130735,1.6863989535702288,0.4054651081081644,9.781376414141157,9.314790473332646,2.711088342345192
LAKE,WEST BENGAL,2020,22.5,6.9,7.25,73.0,1.9,1.025,8050.0,10500.0,4.30406509320417,1.0647107369924282,0.7055697005585024,9.259225769705994,8.993551586299981,2.6267851073127395
LAKE,WEST BENGAL,2020,14.0,6.4,7.05,73.0,1.9,1.345,1745.0,8585.0,4.30406509320417,1.0647107369924282,0.8522854018982426,9.057888248784506,7.465082736399547,2.5298221281347035
LAKE,WEST BENGAL,2020,14.0,7.3,7.35,28.5,1.1,0.73,155.0,605.0,3.3843902633457743,0.7419373447293773,0.5481214085096876,6.406879986069314,5.049856007249537,2.701851217221259
LAKE,WEST BENGAL,2020,14.0,7.85,7.35,28.5,1.1,0.5599999999999999,120.0,210.0,3.3843902633457743,0.7419373447293773,0.4446858212614457,5.351858133476067,4.795790545596741,2.80178514522438
LAKE,WEST BENGAL,2020,26.5,8.3,7.35,172.0,1.75,0.3,1075.0,1515.0,5.153291594497779,1.0116009116784799,0.262364264467491,7.323830566202317,6.98100574072173,2.8809720581775866
LAKE,WEST BENGAL,2020,26.5,9.0,7.800000000000001,390.5,3.45,0.3,3300.0,6100.0,5.969985515430857,1.4929040961781488,0.262364264467491,8.716207971151853,8.101980731853192,3.0
LAKE,WEST BENGAL,2020,23.5,7.4,7.75,70.5,1.75,1.5299999999999998,695.0,2100.0,4.269697449699962,1.0116009116784799,0.9282193027394288,7.650168700845001,6.54534966033442,2.7202941017470885
LAKE,WEST BENGAL,2020,15.5,7.6499999999999995,7.4,28.5,1.55,1.5299999999999998,685.0,1785.0,3.3843902633457743,0.9360933591703349,0.9282193027394288,7.487733761436444,6.530877627725885,2.765863337187866
LAKE,WEST BENGAL,2020,14.0,7.35,7.4,72.5,1.2,1.2899999999999998,160.0,220.0,4.297285406218791,0.7884573603642702,0.8285518175661482,5.3981627015177525,5.081404364984463,2.711088342345192
LAKE,ANDHRA PRADESH,2021,25.5,4.85,7.5,2702.5,2.4000000000000004,2.31,15.0,165.0,7.90230250882206,1.2237754316221159,1.1969481893889715,5.111987788356544,2.772588722239781,2.202271554554524
LAKE,ANDHRA PRADESH,2021,27.5,4.9,7.35,889.0,3.25,2.165,19.0,195.0,6.7912214627261855,1.4469189829363254,1.1521530555961395,5.278114659230517,2.995732273553991,2.2135943621178655
TANK,ANDHRA PRADESH,2021,25.5,5.800000000000001,7.1,328.0,1.75,1.3199999999999998,194.5,359.5,5.796057750765372,1.0116009116784799,0.8415671856782185,5.887491956725004,5.27556037942542,2.4083189157584592
Wetland,ANDHRA PRADESH,2021,25.5,5.95,7.65,615.0,1.65,0.675,166.0,483.5,6.423246963533519,0.9745596399981308,0.5158131652770298,6.183117431330821,5.117993812416755,2.4392621835300936
Wetland,ANDHRA PRADESH,2021,22.5,7.15,8.05,239.0,1.7000000000000002,1.105,3.5,106.5,5.480638923341991,0.9932517730102834,0.7443154671343447,4.677490847567717,1.5040773967762742,2.6739483914241875
Wetland,ANDHRA PRADESH,2021,24.5,5.75,7.5,494.5,1.6,0.495,183.5,406.0,6.205567353770043,0.9555114450274363,0.40212620684264977,6.008813185442595,5.217649463480582,2.3979157616563596
Wetland,ANDHRA PRADESH,2021,25.5,4.8,7.35,1064.0,2.85,2.795,425.0,830.0,6.970730078143525,1.3480731482996928,1.3336844108475931,6.7226297948554485,6.054439346269371,2.1908902300206643
Wetland,ANDHRA PRADESH,2021,26.5,4.949999999999999,7.449999999999999,1018.0,2.5,1.78,347.5,775.0,6.926577033222725,1.252762968495368,1.0224509277025458,6.654152520183219,5.853638230200579,2.2248595461286986
Wetland,ANDHRA PRADESH,2021,24.0,5.8,7.45,453.0,1.35,1.45,230.0,439.5,6.118097198041348,0.8544153281560676,0.8960880245566356,6.0879104453762345,5.442417710521793,2.4083189157584592
Wetland,ANDHRA PRADESH,2021,27.0,6.9,7.5,900.0,2.8,1.1199999999999999,12.5,137.0,6.803505257608338,1.33500106673234,0.7514160886839211,4.927253685157205,2.6026896854443837,2.6267851073127395
Wetland,ANDHRA PRADESH,2021,25.5,5.35,7.6,1316.5,2.4,1.68,404.5,738.0,7.1834912804155175,1.2237754316221157,0.9858167945227653,6.6052979209482015,6.005120873555468,2.3130067012440754
Wetland,ANDHRA PRADESH,2021,29.0,3.9,7.15,1035.0,27.95,4.025,30.0,1320.0,6.943122422819428,3.3655702040190043,1.6144254539451395,7.186144304522325,3.4339872044851463,1.9748417658131499
Wetland,ANDHRA PRADESH,2021,24.5,5.75,7.35,783.5,1.9500000000000002,1.3599999999999999,198.5,530.0,6.665046572173087,1.0818051703517284,0.8586616190375187,6.274762021241939,5.295814236329918,2.3979157616563596
Wetland,ANDHRA PRADESH,2021,25.0,5.85,7.550000000000001,637.5,1.4,0.64,199.0,417.0,6.459121675472594,0.8754687373538999,0.49469624183610705,6.035481432524756,5.298317366548036,2.4186773244895647
Wetland,ANDHRA PRADESH,2021,28.5,6.05,7.6,304.0,1.7999999999999998,1.315,3.5,57.0,5.720311776607412,1.0296194171811581,0.8394096875381973,4.060443010546419,1.5040773967762742,2.4596747752497685
Wetland,ANDHRA PRADESH,2021,22.5,7.0,7.7,789.0,3.5,2.8949999999999996,3.5,1275.0,6.672032945461067,1.5040773967762742,1.3596936793227115,7.151485463904735,1.5040773967762742,2.6457513110645907
Wetland,ANDHRA PRADESH,2021,25.5,5.199999999999999,7.55,680.0,2.0999999999999996,1.355,5.5,68.0,6.523562306149512,1.1314021114911004,0.8565407274683811,4.23410650459726,1.8718021769015913,2.2803508501982757
LAKE,ASSAM,2021,24.0,1.0,7.75,280.0,2.3499999999999996,1.0,2.0,2.0,5.638354669333745,1.2089603458369749,0.6931471805599453,1.0986122886681098,1.0986122886681098,1.0
LAKE,ASSAM,2021,24.0,6.15,7.35,193.5,2.35,0.8999999999999999,605.0,1700.0,5.270432163058501,1.208960345836975,0.6418538861723947,7.438971592395862,6.406879986069314,2.479919353527449
LAKE,ASSAM,2021,26.5,3.3,7.55,461.0,26.4,2.4,3100.0,5400.0,6.135564891081739,3.3105430133940246,1.2237754316221157,8.594339400592892,8.03947991910045,1.816590212458495
LAKE,ASSAM,2021,30.0,5.0,7.4,73.5,2.1,0.9,515.0,1055.0,4.310799125385514,1.1314021114911006,0.6418538861723948,6.962243464266207,6.246106765481563,2.23606797749979
LAKE,ASSAM,2021,26.0,7.7,7.5,222.0,3.5,1.3,515.0,1350.0,5.407171771460119,1.5040773967762742,0.832909122935104,7.208600337960199,6.246106765481563,2.7748873851023217
LAKE,ASSAM,2021,25.5,7.5,7.5,220.5,3.7,1.3,515.0,1255.0,5.40042258948519,1.547562508716013,0.832909122935104,7.135687347028144,6.246106765481563,2.7386127875258306
LAKE,ASSAM,2021,28.0,4.85,7.3,81.0,2.45,1.0499999999999998,515.0,1255.0,4.406719247264253,1.2383742310432684,0.7178397931503168,7.135687347028144,6.246106765481563,2.202271554554524
LAKE,ASSAM,2021,23.5,6.300000000000001,7.3,107.0,2.4,0.75,515.0,1205.0,4.68213122712422,1.2237754316221157,0.5596157879354227,7.095064377287131,6.246106765481563,2.5099800796022267
LAKE,ASSAM,2021,27.5,6.5,7.199999999999999,69.0,2.2,0.95,330.0,635.0,4.248495242049359,1.1631508098056809,0.6678293725756554,6.455198563340122,5.802118375377063,2.5495097567963922
LAKE,ASSAM,2021,24.0,2.05,7.5,1098.0,27.799999999999997,2.8,880.0,1805.0,7.002155954403621,3.3603753871419,1.33500106673234,7.498869733976931,6.78105762593618,1.4317821063276353
LAKE,ASSAM,2021,22.5,5.1,7.35,145.0,2.45,0.8,455.0,1105.0,4.983606621708336,1.2383742310432684,0.5877866649021191,7.00850518208228,6.1224928095143865,2.258317958127243
LAKE,ASSAM,2021,23.5,5.9,7.6,148.5,2.55,0.9500000000000001,510.0,1455.0,5.0072963928307415,1.2669476034873244,0.6678293725756554,7.283448228756631,6.236369590203704,2.4289915602982237
LAKE,ASSAM,2021,25.0,8.0,7.3,136.0,2.5,0.8999999999999999,615.0,1455.0,4.919980925828125,1.252762968495368,0.6418538861723947,7.283448228756631,6.423246963533519,2.8284271247461903
LAKE,ASSAM,2021,26.5,5.55,7.25,130.5,2.45,0.8500000000000001,515.0,1360.0,4.879006851617819,1.2383742310432684,0.6151856390902335,7.215975002651466,6.246106765481563,2.355843797877949
LAKE,ASSAM,2021,26.5,0.85,7.35,521.5,16.5,1.9,1850.0,3500.0,6.258624983838966,2.8622008809294686,1.0647107369924282,8.160803920954665,7.523481312573497,0.9219544457292888
LAKE,ASSAM,2021,23.0,4.15,7.15,140.5,2.5,0.8999999999999999,605.0,1415.0,4.952299717083292,1.252762968495368,0.6418538861723947,7.255591274253665,6.406879986069314,2.0371548787463363
LAKE,ASSAM,2021,26.5,3.5,7.5,474.0,27.0,2.4,3100.0,4750.0,6.163314804034641,3.332204510175204,1.2237754316221157,8.46611040118692,8.03947991910045,1.8708286933869707
POND,ASSAM,2021,21.0,4.5,7.35,115.5,2.35,0.8999999999999999,605.0,1550.0,4.757891273005756,1.208960345836975,0.6418538861723947,7.346655163176539,6.406879986069314,2.1213203435596424
POND,ASSAM,2021,23.5,7.25,7.3,226.0,2.3,1.15,1300.0,2515.0,5.424950017481403,1.1939224684724346,0.7654678421395714,7.830425617820331,7.170888478512505,2.692582403567252
POND,ASSAM,2021,23.0,5.5,7.5,248.5,2.4,0.8500000000000001,515.0,1055.0,5.519458915191573,1.2237754316221157,0.6151856390902335,6.962243464266207,6.246106765481563,2.345207879911715
POND,ASSAM,2021,25.5,6.6,7.4,89.5,2.3,0.8500000000000001,330.0,730.0,4.505349850705881,1.1939224684724346,0.6151856390902335,6.594413459749778,5.802118375377063,2.569046515733026
POND,ASSAM,2021,26.5,6.6,7.300000000000001,76.0,2.25,0.9,330.0,605.0,4.343805421853684,1.1786549963416462,0.6418538861723948,6.406879986069314,5.802118375377063,2.569046515733026
POND,ASSAM,2021,25.0,5.1,7.4,75.5,2.4,0.9500000000000001,515.0,1115.0,4.33729074083249,1.2237754316221157,0.6678293725756554,7.017506142941256,6.246106765481563,2.258317958127243
POND,ASSAM,2021,27.0,7.45,7.45,95.5,2.35,0.9,515.0,1110.0,4.56954300834494,1.208960345836975,0.6418538861723948,7.01301578963963,6.246106765481563,2.7294688127912363
POND,ASSAM,2021,27.5,7.699999999999999,7.4,269.5,2.65,1.4,545.0,1455.0,5.600272098286537,1.2947271675944,0.8754687373538999,7.283448228756631,6.302618975744905,2.7748873851023212
POND,ASSAM,2021,24.0,5.4,7.3,544.0,2.5,1.05,605.0,1415.0,6.300785794663244,1.252762968495368,0.7178397931503169,7.255591274253665,6.406879986069314,2.32379000772445
POND,ASSAM,2021,25.0,8.0,7.55,83.0,2.3,0.9,510.0,1110.0,4.430816798843313,1.1939224684724346,0.6418538861723948,7.01301578963963,6.236369590203704,2.8284271247461903
POND,ASSAM,2021,24.0,7.35,7.4,79.5,2.3,0.8500000000000001,515.0,1055.0,4.388257184424518,1.1939224684724346,0.6151856390902335,6.962243464266207,6.246106765481563,2.711088342345192
POND,ASSAM,2021,28.0,5.9,7.0,74.0,2.0,1.0499999999999998,366.0,930.0,4.31748811353631,1.0986122886681098,0.7178397931503168,6.836259277277067,5.905361848054571,2.4289915602982237
POND,ASSAM,2021,26.0,7.199999999999999,7.6,110.0,2.45,0.8999999999999999,330.0,1060.0,4.709530201312334,1.2383742310432684,0.6418538861723947,6.966967138613983,5.802118375377063,2.6832815729997477
POND,ASSAM,2021,25.0,6.4,7.050000000000001,70.5,2.25,0.9500000000000001,330.0,635.0,4.269697449699962,1.1786549963416462,0.6678293725756554,6.455198563340122,5.802118375377063,2.5298221281347035
POND,ASSAM,2021,26.5,7.5,7.6,149.5,2.5,0.9500000000000001,510.0,1065.0,5.01396308418893,1.252762968495368,0.6678293725756554,6.97166860472579,6.236369590203704,2.7386127875258306
POND,ASSAM,2021,27.5,7.75,7.5,393.0,2.5,1.0,635.0,1455.0,5.976350909297934,1.252762968495368,0.6931471805599453,7.283448228756631,6.455198563340122,2.7838821814150108
POND,ASSAM,2021,29.0,4.55,7.6,81.5,2.25,0.9,605.0,1505.0,4.412798293340635,1.1786549963416462,0.6418538861723948,7.317212408359839,6.406879986069314,2.1330729007701543
POND,ASSAM,2021,26.5,6.3,6.95,76.0,2.2,0.9,330.0,635.0,4.343805421853684,1.1631508098056809,0.6418538861723948,6.455198563340122,5.802118375377063,2.5099800796022267
POND,ASSAM,2021,28.0,7.4,7.5,284.0,2.45,1.05,515.0,1110.0,5.652489180268651,1.2383742310432684,0.7178397931503169,7.01301578963963,6.246106765481563,2.7202941017470885
POND,ASSAM,2021,23.5,4.7,7.25,150.5,2.4000000000000004,0.85,620.0,1255.0,5.020585624949423,1.2237754316221159,0.6151856390902334,7.135687347028144,6.431331081933479,2.16794833886788
POND,ASSAM,2021,31.0,4.9,7.35,70.0,2.25,0.95,605.0,1365.0,4.2626798770413155,1.1786549963416462,0.6678293725756554,7.2196420401307355,6.406879986069314,2.2135943621178655
POND,ASSAM,2021,30.0,4.949999999999999,7.6,111.0,2.35,0.95,605.0,1455.0,4.718498871295094,1.208960345836975,0.6678293725756554,7.283448228756631,6.406879986069314,2.2248595461286986
POND,ASSAM,2021,27.0,6.699999999999999,7.3,91.0,2.35,0.8999999999999999,330.0,635.0,4.5217885770490405,1.208960345836975,0.6418538861723947,6.455198563340122,5.802118375377063,2.588435821108957
POND,ASSAM,2021,26.5,5.5,7.3,90.0,2.35,0.9,515.0,1110.0,4.51085950651685,1.208960345836975,0.6418538861723948,7.01301578963963,6.246106765481563,2.345207879911715
POND,ASSAM,2021,28.0,5.75,7.1,78.0,2.3,0.9,515.0,930.0,4.3694478524670215,1.1939224684724346,0.6418538861723948,6.836259277277067,6.246106765481563,2.3979157616563596
POND,ASSAM,2021,24.5,6.25,7.55,232.5,2.35,0.8500000000000001,515.0,1410.0,5.453182077108952,1.208960345836975,0.6151856390902335,7.252053951852814,6.246106765481563,2.5
POND,ASSAM,2021,27.5,6.65,7.25,80.0,2.4,0.9,330.0,635.0,4.394449154672439,1.2237754316221157,0.6418538861723948,6.455198563340122,5.802118375377063,2.5787593916455256
TANK,ASSAM,2021,28.0,6.0,6.949999999999999,75.0,2.0,0.9,151.0,545.0,4.330733340286331,1.0986122886681098,0.6418538861723948,6.302618975744905,5.0238805208462765,2.449489742783178
LAKE,BIHAR,2021,21.5,5.449999999999999,7.15,248.0,3.3,3.1750000000000003,46390.0,81150.0,5.517452896464707,1.4586150226995167,1.429114358302819,11.304066895725715,10.744860753883362,2.33452350598575
LAKE,BIHAR,2021,24.5,10.35,7.75,735.0,8.5,1.315,80340.0,80550.0,6.601230118728877,2.2512917986064953,0.8394096875381973,11.296645803177345,11.294035354935634,3.2171415884290826
LAKE,BIHAR,2021,22.0,10.35,8.3,696.0,6.85,0.4,80850.0,81650.0,6.546785410760524,2.060513531794317,0.33647223662121295,11.31020934572104,11.30036323351256,3.2171415884290826
POND,BIHAR,2021,24.5,9.65,7.6499999999999995,622.0,4.6,0.8899999999999999,81100.0,81300.0,6.434546518787453,1.7227665977411035,0.636576829071551,11.305913595583258,11.303450570483712,3.1064449134018135
POND,BIHAR,2021,24.5,10.35,8.100000000000001,848.5,5.05,0.735,80460.0,80850.0,6.744647941111987,1.80005827204275,0.5510074133988225,11.30036323351256,11.295527873962465,3.2171415884290826
LAKE,CHANDIGARH,2021,25.0,8.9,7.8,251.5,3.0,7.75,13502.5,5450016.5,5.531411248715415,1.3862943611198906,2.169053700369523,15.511129377643446,9.510704190083906,2.9832867780352594
LAKE,CHHATTISGARH,2021,28.0,6.4,7.449999999999999,663.0,12.0,0.64,86.0,120.0,6.498282149476434,2.5649493574615367,0.49469624183610705,4.795790545596741,4.465908118654584,2.5298221281347035
POND,CHHATTISGARH,2021,26.0,7.1,7.449999999999999,663.0,2.4,0.59,60.0,140.0,6.498282149476434,1.2237754316221157,0.4637340162321401,4.948759890378168,4.110873864173311,2.6645825188948455
LAKE,DELHI,2021,31.5,5.65,8.75,940.0,72.5,2.49,490024.5,79.0,6.846943139585379,4.297285406218791,1.2499017362143359,4.382026634673881,13.10221270954906,2.3769728648009427
LAKE,DELHI,2021,31.5,4.65,8.2,1194.0,41.5,1.525,20024.5,130.0,7.085901464365611,3.7495040759303713,0.9262410627273231,4.875197323201151,9.904761740413859,2.1563858652847827
LAKE,GOA,2021,29.5,6.35,6.6,90.0,1.3,0.43000000000000005,121.0,271.0,4.51085950651685,0.832909122935104,0.357674444271816,5.605802066295998,4.804021044733257,2.5199206336708304
LAKE,GOA,2021,28.5,6.550000000000001,7.300000000000001,351.0,1.9,0.355,689.0,1705.0,5.863631175598097,1.0647107369924282,0.3038014543316642,7.441906728051625,6.536691597591305,2.5592967784139455
LAKE,GOA,2021,29.0,4.15,6.85,136.5,1.95,0.77,1215.0,2535.0,4.923623917106626,1.0818051703517284,0.5709795465857378,7.8383433155571165,7.103322062526113,2.0371548787463363
LAKE,GOA,2021,30.0,7.15,6.800000000000001,111.0,1.45,0.38,1674.5,2770.0,4.718498871295094,0.8960880245566356,0.3220834991691133,7.9269635448629785,7.4238669071773655,2.6739483914241875
LAKE,GOA,2021,30.0,7.05,6.75,67.5,1.4,0.32,1185.0,1515.0,4.22683374526818,0.8754687373538999,0.2776317365982795,7.323830566202317,7.078341579557671,2.6551836094703507
LAKE,GOA,2021,29.0,5.25,7.050000000000001,133.5,2.3,0.7200000000000001,1372.5,1984.0,4.901564199041894,1.1939224684724346,0.5423242908253617,7.59337419312129,7.225117505535328,2.29128784747792
LAKE,GOA,2021,29.5,3.6,6.949999999999999,118.0,2.4,0.42000000000000004,1215.0,2565.0,4.77912349311153,1.2237754316221157,0.3506568716131694,7.850103545175582,7.103322062526113,1.8973665961010275
LAKE,GOA,2021,29.0,3.0500000000000003,7.15,329.5,5.25,0.75,2565.0,4420.0,5.800606659291741,1.8325814637483102,0.5596157879354227,8.394121193826242,7.850103545175582,1.746424919657298
LAKE,GOA,2021,30.25,7.1,7.6,88.5,1.4,0.61,25.5,41.5,4.4942386252808095,0.8754687373538999,0.4762341789963716,3.7495040759303713,3.2771447329921766,2.6645825188948455
LAKE,GUJARAT,2021,28.5,6.8,8.05,433.5,1.0,0.355,6.5,43.5,6.074195944705447,0.6931471805599453,0.3038014543316642,3.7954891891721947,2.0149030205422647,2.6076809620810595
LAKE,GUJARAT,2021,28.5,7.5,7.95,407.0,1.0,0.4,14.5,45.0,6.0112671744041615,0.6931471805599453,0.33647223662121295,3.828641396489095,2.740840023925201,2.7386127875258306
LAKE,GUJARAT,2021,28.0,5.35,7.65,1310.0,5.75,0.8,66.0,198.0,7.1785454837637,1.9095425048844386,0.5877866649021191,5.293304824724492,4.204692619390966,2.3130067012440754
LAKE,GUJARAT,2021,27.5,5.5,7.85,559.0,10.7,0.99,473.0,865.0,6.327936783729195,2.4595888418037104,0.688134638736401,6.763884908562435,6.161207321695077,2.345207879911715
LAKE,GUJARAT,2021,31.0,5.7,8.1,1256.5,2.35,0.48,210.0,410.0,7.136880901973894,1.208960345836975,0.3920420877760237,6.018593214496234,5.351858133476067,2.3874672772626644
LAKE,GUJARAT,2021,29.5,5.1,7.95,490.5,2.25,0.9600000000000001,81.5,240.0,6.197461939587221,1.1786549963416462,0.6729444732424259,5.484796933490655,4.412798293340635,2.258317958127243
LAKE,GUJARAT,2021,26.5,5.800000000000001,7.800000000000001,526.5,2.5,0.395,6.0,25.0,6.268148865350222,1.252762968495368,0.33289441527332897,3.258096538021482,1.9459101490553132,2.4083189157584592
LAKE,GUJARAT,2021,27.5,6.6,8.75,3285.0,14.5,0.975,476.5,940.0,8.097426298597213,2.740840023925201,0.6805683983530851,6.846943139585379,6.168564159920785,2.569046515733026
LAKE,GUJARAT,2021,28.0,6.4,7.85,1786.0,2.05,0.535,86.0,275.0,7.488293515159428,1.1151415906193203,0.4285303810391605,5.62040086571715,4.465908118654584,2.5298221281347035
LAKE,GUJARAT,2021,23.5,3.7,7.6,596.5,1.55,0.45999999999999996,4.5,16.5,6.392754283805666,0.9360933591703349,0.37843643572024505,2.8622008809294686,1.7047480922384253,1.9235384061671346
LAKE,GUJARAT,2021,26.5,6.6,7.949999999999999,655.5,2.2,0.295,11.5,25.5,6.486922693742851,1.1631508098056809,0.25851069515150105,3.2771447329921766,2.5257286443082556,2.569046515733026
LAKE,GUJARAT,2021,28.0,6.699999999999999,8.7,3259.5,15.0,0.51,276.0,491.5,8.089635836833256,2.772588722239781,0.412109650826833,6.199494460612144,5.6240175061873385,2.588435821108957
LAKE,GUJARAT,2021,28.0,3.9,8.65,3840.0,34.5,0.63,507.0,940.0,8.253488028345904,3.56953269648137,0.48858001481867097,6.846943139585379,6.230481447578482,1.9748417658131499
LAKE,GUJARAT,2021,25.0,6.9,7.9,578.0,1.05,0.215,4.0,17.5,6.361302477572996,0.7178397931503169,0.1947440767925118,2.917770732084279,1.6094379124341003,2.6267851073127395
LAKE,GUJARAT,2021,26.0,5.0,7.75,667.0,2.55,0.33999999999999997,25.5,73.5,6.504288173536645,1.2669476034873244,0.29266961396281993,4.310799125385514,3.2771447329921766,2.23606797749979
LAKE,GUJARAT,2021,29.0,6.1,8.05,968.0,2.8499999999999996,0.385,198.0,355.0,6.876264611890766,1.3480731482996928,0.32570013963930183,5.87493073085203,5.293304824724492,2.4698178070456938
LAKE,GUJARAT,2021,27.0,4.5,7.9,604.5,2.9499999999999997,0.605,240.0,390.0,6.406054562993147,1.3737155789130304,0.4731237565819792,5.968707559985366,5.484796933490655,2.1213203435596424
POND,GUJARAT,2021,29.5,7.4,7.95,466.5,1.45,0.43499999999999994,9.5,65.0,6.147399348728742,0.8960880245566356,0.3611648492115844,4.189654742026425,2.3513752571634776,2.7202941017470885
POND,GUJARAT,2021,25.0,6.8,7.85,725.5,1.75,0.18,56.0,153.5,6.588238483010338,1.0116009116784799,0.16551443847757338,5.0401940963378005,4.04305126783455,2.6076809620810595
TANK,GUJARAT,2021,28.5,5.15,7.8,900.0,18.5,0.68,273.0,485.0,6.803505257608338,2.970414465569701,0.5187937934151675,6.186208623900494,5.6131281063880705,2.2693611435820435
LAKE,HARYANA,2021,26.0,7.0,7.6,550.5,4.0,1.49,7100.0,17450.0,6.312641838693557,1.6094379124341003,0.9122827104766162,9.767152232578871,8.867990898182093,2.6457513110645907
LAKE,HARYANA,2021,26.0,5.55,7.8999999999999995,408.5,4.0,0.59,2600.0,6050.0,6.014936903293124,1.6094379124341003,0.4637340162321401,8.707978826622321,7.8636512654486515,2.355843797877949
LAKE,HARYANA,2021,26.2,6.85,7.45,1110.0,6.5,2.0,22800.0,71000.0,7.01301578963963,2.0149030205422647,1.0986122886681098,11.170449240431308,10.034559673629849,2.6172504656604803
POND,HARYANA,2021,26.0,7.15,7.4,532.5,4.0,0.24,5950.0,12050.0,6.279459070741808,1.6094379124341003,0.2151113796169455,9.396902923027392,8.691314551644853,2.6739483914241875
LAKE,"HIMACHAL 
PRADESH",2021,18.5,9.05,7.6,283.5,1.0,1.23,317.0,940.0,5.6507332535663855,0.6931471805599453,0.8020015854720274,6.846943139585379,5.762051382780177,3.0083217912982647
LAKE,"HIMACHAL 
PRADESH",2021,14.0,6.4,6.9,87.5,1.5,1.0999999999999999,2.0,57.5,4.483002552013883,0.9162907318741551,0.7419373447293772,4.069026754237811,1.0986122886681098,2.5298221281347035
LAKE,"HIMACHAL 
PRADESH",2021,19.5,7.6,7.6499999999999995,167.0,1.0,0.75,2.0,44.0,5.123963979403259,0.6931471805599453,0.5596157879354227,3.8066624897703196,1.0986122886681098,2.756809750418044
LAKE,"HIMACHAL 
PRADESH",2021,16.0,7.7,7.9,498.5,1.5,0.57,36.0,240.0,6.2136075980886085,0.9162907318741551,0.4510756193602166,5.484796933490655,3.6109179126442243,2.7748873851023217
LAKE,"HIMACHAL 
PRADESH",2021,19.0,7.550000000000001,7.6000000000000005,402.0,3.0,1.075,515.0,1260.0,5.998936561946683,1.3862943611198906,0.7299611536826616,7.13966033596492,6.246106765481563,2.7477263328068173
LAKE,KARNATAKA,2021,25.0,3.75,7.3,812.5,22.5,1.85,472300.0,2717500.0,6.7013459266590925,3.1570004211501135,1.0473189942805592,14.815223265962715,13.065371773180294,1.9364916731037085
LAKE,KARNATAKA,2021,25.0,4.45,7.1,796.0,13.0,3.6,76650.0,812000.0,6.680854678790215,2.6390573296152584,1.5260563034950492,13.60725685067015,11.247017930529275,2.1095023109728985
LAKE,KARNATAKA,2021,25.0,5.4,7.1,706.0,5.5,1.45,551150.0,1762000.0,6.561030665896573,1.8718021769015913,0.8960880245566356,14.38196065301499,13.219764097777913,2.32379000772445
LAKE,KARNATAKA,2021,25.0,3.25,6.75,997.5,16.5,1.25,351700.0,2712000.0,6.90625415285587,2.8622008809294686,0.8109302162163288,14.813197296773918,12.770536661790418,1.8027756377319946
LAKE,KARNATAKA,2021,25.0,5.699999999999999,7.35,845.5,5.35,2.3449999999999998,7745.0,82700.0,6.74111020157319,1.8484548129046001,1.2074666935801917,11.322986972837104,8.954931860074698,2.3874672772626644
LAKE,KARNATAKA,2021,25.0,5.45,7.3,701.5,6.5,1.9500000000000002,71650.0,282000.0,6.5546454012079005,2.0149030205422647,1.0818051703517284,12.549665896013254,11.179562389893048,2.3345235059857505
LAKE,KARNATAKA,2021,25.0,5.0,7.8,827.5,10.5,3.4450000000000003,76650.0,812000.0,6.719616836866618,2.4423470353692043,1.491779868965868,13.60725685067015,11.247017930529275,2.23606797749979
LAKE,KARNATAKA,2021,26.5,5.6000000000000005,8.3,1118.0,19.5,3.16,1380.0,2400.0,7.020190708311925,3.0204248861443626,1.425515074273172,7.783640596221253,7.2305631534092925,2.3664319132398464
LAKE,KARNATAKA,2021,25.0,6.300000000000001,6.85,226.5,4.0,5.95,8100.0,88000.0,5.427150238391005,1.6094379124341003,1.9387416595767009,11.385103457032141,8.999742789830492,2.5099800796022267
LAKE,KARNATAKA,2021,25.0,5.5,6.95,811.5,7.0,1.45,471650.0,2712000.0,6.700115914203892,2.0794415416798357,0.8960880245566356,14.813197296773918,13.063994584292013,2.345207879911715
LAKE,KARNATAKA,2021,25.0,4.0,7.1,1048.0,13.0,1.68,551650.0,4612000.0,6.955592608396297,2.6390573296152584,0.9858167945227653,15.344172377196735,13.220670878930397,2.0
LAKE,KARNATAKA,2021,25.05,6.1,7.15,364.5,6.0,1.25,23011.5,187000.0,5.901266279189834,1.9459101490553132,0.8109302162163288,12.138869243416009,10.043792825541333,2.4698178070456938
LAKE,KARNATAKA,2021,25.0,3.45,7.5,954.5,21.0,2.55,41500.0,282000.0,6.862234763680328,3.091042453358316,1.2669476034873244,12.549665896013254,10.633472802314019,1.857417562100671
LAKE,KARNATAKA,2021,23.5,1.95,7.8,946.5,11.0,3.5,2700.0,9500.0,6.853826936956581,2.4849066497880004,1.5040773967762742,9.15915233520675,7.901377353792616,1.396424004376894
LAKE,KARNATAKA,2021,23.0,4.35,7.05,880.5,16.5,5.25,9000.0,92000.0,6.7816250018379245,2.8622008809294686,1.8325814637483102,11.429554725537322,9.105090961257085,2.085665361461421
LAKE,KARNATAKA,2021,25.0,5.0,7.05,649.5,5.5,5.045,62000.0,812000.0,6.47774129795256,1.8718021769015913,1.799231484066756,13.60725685067015,11.034905792929415,2.23606797749979
LAKE,KARNATAKA,2021,25.0,5.1,7.05,1047.0,9.5,2.5,48150.0,282000.0,6.954638864880987,2.3513752571634776,1.252762968495368,12.549665896013254,10.782097185442595,2.258317958127243
LAKE,KARNATAKA,2021,25.0,4.55,7.4,837.0,23.0,2.1,24150.0,187000.0,6.731018100482083,3.1780538303479458,1.1314021114911006,12.138869243416009,10.092081066090932,2.1330729007701543
LAKE,KARNATAKA,2021,25.5,4.45,6.6,1480.0,18.5,4.550000000000001,62000.0,472000.0,7.300472814267799,2.970414465569701,1.7137979277583433,13.064736383209516,11.034905792929415,2.1095023109728985
LAKE,KARNATAKA,2021,25.0,5.6,7.1,309.0,7.0,0.6000000000000001,8250.0,88000.0,5.736572297479192,2.0794415416798357,0.47000362924573563,11.385103457032141,9.018089684104343,2.3664319132398464
LAKE,KARNATAKA,2021,25.0,3.5500000000000003,7.45,1047.0,17.0,3.05,13150.0,132000.0,6.954638864880987,2.8903717578961645,1.3987168811184478,11.790564777297387,9.484253080341965,1.8841443681416772
LAKE,KARNATAKA,2021,25.5,5.5,8.0,520.5,4.15,3.9,515.0,3000.0,6.256709274440827,1.6389967146756448,1.589235205116581,8.006700845440367,6.246106765481563,2.345207879911715
LAKE,KARNATAKA,2021,22.0,5.35,8.25,1267.5,5.45,5.199999999999999,1755.0,6400.0,7.145590379039336,1.864080130807681,1.8245492920510458,8.764209507142004,7.470793774195062,2.3130067012440754
LAKE,KARNATAKA,2021,25.0,5.050000000000001,6.9,638.5,9.5,2.45,242000.0,1767500.0,6.460686621018898,2.3513752571634776,1.2383742310432684,14.385077242523568,12.396697137361691,2.247220505424423
LAKE,KARNATAKA,2021,25.05,3.15,6.75,1063.0,41.5,2.6,351650.0,1762000.0,6.96979066990159,3.7495040759303713,1.2809338454620642,14.38196065301499,12.77039448546879,1.7748239349298849
LAKE,KARNATAKA,2021,25.0,5.15,7.4,841.5,6.5,3.1,10150.0,92000.0,6.736373662226517,2.0149030205422647,1.410986973710262,11.429554725537322,9.225327501784431,2.2693611435820435
LAKE,KARNATAKA,2021,25.0,4.2,6.95,472.0,10.0,1.95,167300.0,1217500.0,6.159095388491933,2.3978952727983707,1.0818051703517284,14.012310955293781,12.027549864243364,2.04939015319192
LAKE,KARNATAKA,2021,25.0,3.65,6.95,769.0,19.0,2.6,32650.0,282000.0,6.646390514847729,2.995732273553991,1.2809338454620642,12.549665896013254,10.393630762106916,1.91049731745428
LAKE,KARNATAKA,2021,25.0,4.449999999999999,7.35,885.0,8.0,2.9850000000000003,351150.0,8012000.0,6.786716950605081,2.1972245773362196,1.3825373122421785,15.896451100580618,12.768971609368958,2.1095023109728985
LAKE,KARNATAKA,2021,25.0,2.9,6.949999999999999,1283.0,65.0,9.8,241650.0,1762000.0,7.157735484249907,4.189654742026425,2.379546134130174,14.38196065301499,12.395249815481096,1.70293863659264
LAKE,KARNATAKA,2021,25.0,3.75,7.15,1039.0,15.0,3.465,851100.0,8012000.0,6.946975992135418,2.772588722239781,1.4962692143284624,15.896451100580618,13.654286084414426,1.9364916731037085
LAKE,KARNATAKA,2021,25.0,5.65,7.45,864.0,7.5,3.15,13150.0,132000.0,6.762729506931879,2.1400661634962708,1.423108334242607,11.790564777297387,9.484253080341965,2.3769728648009427
LAKE,KARNATAKA,2021,25.0,4.55,7.0,1148.0,7.5,2.15,67450.0,812000.0,7.046647277848756,2.1400661634962708,1.1474024528375417,13.60725685067015,11.119156687322887,2.1330729007701543
LAKE,KARNATAKA,2021,25.0,5.85,6.85,531.5,5.0,3.0,25300.0,192500.0,6.277582897583581,1.791759469228055,1.3862943611198906,12.167856627501678,10.138599199626192,2.4186773244895647
LAKE,KARNATAKA,2021,25.0,5.55,7.5,543.0,8.5,1.5899999999999999,71150.0,812000.0,6.298949246855942,2.2512917986064953,0.9516578757114463,13.60725685067015,11.172559658233004,2.355843797877949
LAKE,KARNATAKA,2021,27.0,7.3,7.9,512.0,3.85,2.5,920.0,1600.0,6.240275845170769,1.5789787049493917,1.252762968495368,7.3783837129967145,6.825460036255307,2.701851217221259
LAKE,KARNATAKA,2021,25.0,4.800000000000001,7.25,870.5,11.5,3.55,24150.0,187000.0,6.770215864960075,2.5257286443082556,1.5151272329628591,12.138869243416009,10.092081066090932,2.1908902300206647
LAKE,KARNATAKA,2021,25.0,4.6,7.1,857.0,19.0,2.25,8350.0,92000.0,6.754604099487962,2.995732273553991,1.1786549963416462,11.429554725537322,9.03013657115323,2.1447610589527217
LAKE,KARNATAKA,2021,25.05,3.4,7.4,1841.5,29.5,4.195,166300.0,1212000.0,7.5188786240634915,3.417726683613366,1.6476966245511908,14.007783270693565,12.021554678392043,1.8439088914585775
LAKE,KARNATAKA,2021,23.0,5.9,8.05,632.5,3.5500000000000003,2.05,1115.0,5450.0,6.451259999761194,1.5151272329628591,1.1151415906193203,8.603554357064281,7.017506142941256,2.4289915602982237
LAKE,KARNATAKA,2021,25.0,4.55,7.3,1012.0,10.5,7.905,47230.0,271750.0,6.920671504248683,2.4423470353692043,2.186612916741625,12.51264148482949,10.762805735649291,2.1330729007701543
LAKE,KARNATAKA,2021,23.0,5.3,8.05,707.0,4.35,2.3,1240.0,7100.0,6.56244409369372,1.6770965609079151,1.1939224684724346,8.867990898182093,7.123672785204607,2.3021728866442674
LAKE,KARNATAKA,2021,25.0,3.35,6.949999999999999,2292.5,72.5,5.8,601650.0,4612000.0,7.737834314037227,4.297285406218791,1.916922612182061,15.344172377196735,13.30743282196083,1.8303005217723127
LAKE,KARNATAKA,2021,25.0,3.3000000000000003,7.5,1328.0,41.0,3.55,33150.0,282000.0,7.192182058713246,3.7376696182833684,1.5151272329628591,12.549665896013254,10.408828161071545,1.8165902124584952
LAKE,KARNATAKA,2021,24.5,5.05,6.6,597.0,6.5,2.1,5450.0,39000.0,6.393590753950631,2.0149030205422647,1.1314021114911006,10.571342565808699,8.603554357064281,2.247220505424423
LAKE,KARNATAKA,2021,25.0,5.15,7.45,782.0,6.5,4.025,66650.0,472000.0,6.663132695990803,2.0149030205422647,1.6144254539451395,13.064736383209516,11.107225329245237,2.2693611435820435
LAKE,KARNATAKA,2021,25.0,6.65,7.7,940.0,3.65,1.07,39.0,137.0,6.846943139585379,1.536867219599265,0.7275486072772778,4.927253685157205,3.6888794541139363,2.5787593916455256
LAKE,KARNATAKA,2021,25.0,3.55,7.05,1271.0,25.0,4.41,19300.0,137500.0,7.148345743900068,3.258096538021482,1.6882490928583902,11.83138646878959,9.867912187022208,1.8841443681416772
LAKE,KARNATAKA,2021,25.0,4.15,7.25,752.0,21.5,4.1000000000000005,551150.0,4612000.0,6.6240652277998935,3.1135153092103742,1.6292405397302803,15.344172377196735,13.219764097777913,2.0371548787463363
LAKE,KARNATAKA,2021,25.0,3.55,7.35,543.5,18.0,1.65,31665.0,274600.0,6.299867942373015,2.9444389791664403,0.9745596399981308,12.523074413969974,10.362998829061379,1.8841443681416772
LAKE,KARNATAKA,2021,25.0,4.65,7.15,816.0,12.5,1.835,48650.0,282000.0,6.705639094860003,2.6026896854443837,1.0420419371797154,12.549665896013254,10.792427642387484,2.1563858652847827
LAKE,KARNATAKA,2021,25.0,5.35,7.35,761.5,7.0,2.05,6700.0,44500.0,6.636602508481567,2.0794415416798357,1.1151415906193203,10.703266939811954,8.81001204797317,2.3130067012440754
LAKE,KARNATAKA,2021,25.0,4.9,7.55,824.5,13.5,2.5349999999999997,76650.0,812000.0,6.715989263360183,2.6741486494265287,1.262713299348536,13.60725685067015,11.247017930529275,2.2135943621178655
LAKE,KARNATAKA,2021,25.0,2.25,7.0,1251.5,51.0,3.45,851650.0,4617500.0,7.13289683295902,3.9512437185814275,1.4929040961781488,15.345364207622914,13.65493209747931,1.5
LAKE,KARNATAKA,2021,24.5,4.25,7.4,789.5,19.5,5.7,9150.0,92000.0,6.672665656649527,3.0204248861443626,1.9021075263969205,11.429554725537322,9.121618441915379,2.0615528128088303
LAKE,KARNATAKA,2021,25.0,6.0,7.55,599.0,6.0,2.65,61650.0,472000.0,6.396929655216146,1.9459101490553132,1.2947271675944,13.064736383209516,11.0292447290611,2.449489742783178
LAKE,KARNATAKA,2021,25.0,3.1,7.8999999999999995,2186.0,27.0,6.545,33150.0,282000.0,7.690286020676768,3.332204510175204,2.020885092219812,12.549665896013254,10.408828161071545,1.760681686165901
LAKE,KARNATAKA,2021,27.0,5.449999999999999,7.9,805.5,4.5,2.7,1450.0,5850.0,6.692703897565264,1.7047480922384253,1.308332819650179,8.674367865788236,7.280008252884188,2.33452350598575
LAKE,KARNATAKA,2021,25.0,2.75,6.85,1130.0,26.0,3.1,397400.0,2717500.0,7.030857476116121,3.295836866004329,1.410986973710262,14.815223265962715,12.892701125453003,1.6583123951777
LAKE,KARNATAKA,2021,25.0,4.05,7.05,964.5,20.0,3.25,67150.0,817500.0,6.872646101868569,3.044522437723423,1.4469189829363254,13.614007404994387,11.114699093873261,2.0124611797498106
LAKE,KARNATAKA,2021,25.0,4.85,7.1,769.5,12.2,1.95,71150.0,472000.0,6.64703965476017,2.580216829592325,1.0818051703517284,13.064736383209516,11.172559658233004,2.202271554554524
LAKE,KARNATAKA,2021,25.05,5.7,7.35,385.5,4.0,1.35,56150.0,472000.0,5.957131868027477,1.6094379124341003,0.8544153281560676,13.064736383209516,10.935799769447005,2.3874672772626644
LAKE,KARNATAKA,2021,25.0,5.5,7.5,882.0,6.0,1.75,61150.0,812000.0,6.78332520060396,1.9459101490553132,1.0116009116784799,13.60725685067015,11.021101494211369,2.345207879911715
LAKE,KARNATAKA,2021,25.0,2.55,7.4,1351.0,44.0,1.7,11200.0,107000.0,7.20934025660291,3.8066624897703196,0.9932517730102833,11.580593459194764,9.32375833901174,1.5968719422671311
LAKE,KARNATAKA,2021,25.0,4.15,7.1,965.0,9.0,12.79,316700.0,2712000.0,6.873163834212518,2.302585092994046,2.6239436918052106,14.813197296773918,12.665713390084107,2.0371548787463363
LAKE,KARNATAKA,2021,25.0,4.4,7.7,402.5,22.5,1.1549999999999998,352000.0,1762000.0,6.000176487710004,3.1570004211501135,0.767790723555711,14.38196065301499,12.77138929548529,2.0976176963403033
LAKE,KARNATAKA,2021,25.0,4.4,7.65,411.5,20.5,1.335,246150.0,1212000.0,6.022236205774735,3.068052935133617,0.8480118911208606,14.007783270693565,12.413700447741572,2.0976176963403033
LAKE,KARNATAKA,2021,24.5,3.6,7.5,692.5,33.0,6.8500000000000005,76650.0,812000.0,6.541751239754887,3.5263605246161616,2.0605135317943173,13.60725685067015,11.247017930529275,1.8973665961010275
LAKE,KARNATAKA,2021,25.0,5.6,7.35,267.5,10.5,1.5,25300.0,472000.0,5.5928509139489195,2.4423470353692043,0.9162907318741551,13.064736383209516,10.138599199626192,2.3664319132398464
LAKE,KARNATAKA,2021,27.0,2.45,7.75,997.0,7.7,5.0,3100.0,10950.0,6.905753276311464,2.163323025660538,1.791759469228055,9.301186055275759,8.03947991910045,1.5652475842498528
TANK,KARNATAKA,2021,25.0,5.550000000000001,6.9,383.5,9.5,1.15,26150.0,137500.0,5.951943788945699,2.3513752571634776,0.7654678421395714,11.83138646878959,10.171642709679686,2.3558437978779496
TANK,KARNATAKA,2021,25.0,3.8,7.3,1717.0,35.5,5.91,9150.0,92000.0,7.4489161025442,3.597312260588446,1.9329696377795786,11.429554725537322,9.121618441915379,1.9493588689617927
TANK,KARNATAKA,2021,27.0,4.15,8.05,438.5,30.35,2.89,1660.0,3200.0,6.085637717125231,3.4452142670789296,1.358409157630355,8.071218539969863,7.415175109613295,2.0371548787463363
TANK,KARNATAKA,2021,25.0,5.5,7.3,333.0,5.5,0.915,25050.0,282000.0,5.811140992976701,1.8718021769015913,0.6497176226326093,12.549665896013254,10.128669025875903,2.345207879911715
TANK,KARNATAKA,2021,24.0,3.65,7.6,1455.0,5.1,1.0,530.0,3000.0,7.283448228756631,1.8082887711792655,0.6931471805599453,8.006700845440367,6.274762021241939,1.91049731745428
TANK,KARNATAKA,2021,24.0,6.050000000000001,7.65,370.0,2.2,0.3,125.0,1060.0,5.916202062607435,1.1631508098056809,0.262364264467491,6.966967138613983,4.836281906951478,2.459674775249769
TANK,KARNATAKA,2021,25.0,4.95,7.05,732.0,11.5,1.815,19650.0,147000.0,6.597145701886651,2.5257286443082556,1.0349622615916536,11.898194668458823,9.885883506587767,2.224859546128699
TANK,KARNATAKA,2021,25.0,5.9,7.7,500.0,2.0,0.3,330.0,2200.0,6.2166061010848646,1.0986122886681098,0.262364264467491,7.696667081526462,5.802118375377063,2.4289915602982237
TANK,KARNATAKA,2021,25.0,3.75,7.25,691.5,13.5,1.715,36650.0,812000.0,6.540308238061494,2.6741486494265287,0.9987919533858988,13.60725685067015,10.50919599207217,1.9364916731037085
TANK,KARNATAKA,2021,25.0,5.3,6.95,935.0,6.5,4.35,56350.0,472000.0,6.841615476477592,2.0149030205422647,1.6770965609079151,13.064736383209516,10.939355265539387,2.3021728866442674
TANK,KARNATAKA,2021,25.0,3.6,7.050000000000001,1305.0,25.0,28.25,56650.0,477500.0,7.174724309836376,3.258096538021482,3.3758795736778655,13.076321533141567,10.944664918551014,1.8973665961010275
TANK,KARNATAKA,2021,25.0,4.15,7.25,1117.0,15.5,3.455,61650.0,472000.0,7.0192966537150445,2.803360380906535,1.4940270609227726,13.064736383209516,11.0292447290611,2.0371548787463363
TANK,KARNATAKA,2021,25.05,4.7,7.1,748.5,8.5,2.62,77400.0,817500.0,6.619406317542652,2.2512917986064953,1.2864740258376797,13.614007404994387,11.256754979390998,2.16794833886788
TANK,KARNATAKA,2021,25.0,2.65,7.050000000000001,1704.0,24.0,14.0,231150.0,1762000.0,7.4413203897176174,3.2188758248682006,2.70805020110221,14.38196065301499,12.350826455602125,1.6278820596099706
TANK,KARNATAKA,2021,25.5,4.85,6.75,657.0,8.0,1.505,21650.0,181500.0,6.489204931325317,2.1972245773362196,0.9182887345368281,12.109016442313738,9.982806921740384,2.202271554554524
TANK,KARNATAKA,2021,25.0,5.15,7.05,1405.5,10.0,3.4499999999999997,49350.0,477500.0,7.248859627929911,2.3978952727983707,1.4929040961781488,13.076321533141567,10.806713308080846,2.2693611435820435
TANK,KARNATAKA,2021,25.0,3.3,6.95,691.0,21.4,2.95,61150.0,472000.0,6.539585955617669,3.109060958860994,1.3737155789130306,13.064736383209516,11.021101494211369,1.816590212458495
TANK,KARNATAKA,2021,25.5,6.0,6.9,280.5,4.5,0.65,8650.0,92000.0,5.640132447579745,1.7047480922384253,0.5007752879124893,11.429554725537322,9.065430200180375,2.449489742783178
TANK,KARNATAKA,2021,25.0,4.699999999999999,7.15,1652.0,7.0,2.8,26150.0,137500.0,7.410347097821024,2.0794415416798357,1.33500106673234,11.83138646878959,10.171642709679686,2.16794833886788
TANK,KARNATAKA,2021,25.0,5.4,7.1,505.5,5.5,1.8,8650.0,92000.0,6.227524323688738,1.8718021769015913,1.0296194171811581,11.429554725537322,9.065430200180375,2.32379000772445
TANK,KARNATAKA,2021,23.0,5.3,7.95,820.0,2.6,0.35,230.0,1600.0,6.710523109452428,1.2809338454620642,0.3001045924503381,7.3783837129967145,5.442417710521793,2.3021728866442674
TANK,KARNATAKA,2021,24.0,6.449999999999999,7.65,400.0,2.1,0.3,156.0,1160.0,5.993961427306569,1.1314021114911006,0.262364264467491,7.057036981697891,5.056245805348308,2.539685019840059
TANK,KARNATAKA,2021,24.5,4.95,7.65,445.0,2.4000000000000004,0.3,275.0,1950.0,6.100318952020064,1.2237754316221159,0.262364264467491,7.576097340623111,5.62040086571715,2.224859546128699
TANK,KARNATAKA,2021,25.0,5.0,7.65,814.0,16.5,1.4449999999999998,119.0,420.0,6.703188113240863,2.8622008809294686,0.8940451229268352,6.042632833682381,4.787491742782046,2.23606797749979
TANK,KARNATAKA,2021,25.0,3.3,6.800000000000001,943.5,17.0,3.3,24700.0,187000.0,6.850655686941565,2.8903717578961645,1.4586150226995167,12.138869243416009,10.114599007626499,1.816590212458495
TANK,KARNATAKA,2021,26.5,7.2,7.9,898.5,4.25,0.8,875.0,3500.0,6.801839053390588,1.6582280766035324,0.5877866649021191,8.160803920954665,6.775366090936392,2.6832815729997477
TANK,KARNATAKA,2021,24.0,6.199999999999999,7.55,485.0,2.3,0.3,435.0,2350.0,6.186208623900494,1.1939224684724346,0.262364264467491,7.762596048540069,6.077642243349034,2.4899799195977463
TANK,KARNATAKA,2021,26.5,7.3,7.95,892.0,4.5,0.3,825.0,3500.0,6.794586580876499,1.7047480922384253,0.262364264467491,8.160803920954665,6.716594773520978,2.701851217221259
TANK,KARNATAKA,2021,23.5,5.3,7.55,380.0,2.1,0.31,265.0,1950.0,5.942799375126701,1.1314021114911006,0.27002713721306015,7.576097340623111,5.583496308781699,2.3021728866442674
TANK,KARNATAKA,2021,24.0,5.85,6.9,968.5,11.0,2.5,36350.0,472000.0,6.876780474682707,2.4849066497880004,1.252762968495368,13.064736383209516,10.500976992899632,2.4186773244895647
TANK,KARNATAKA,2021,24.0,5.0,7.9,520.0,2.55,0.3,340.0,2450.0,6.255750041753367,1.2669476034873244,0.262364264467491,7.804251383528112,5.831882477283517,2.23606797749979
TANK,KARNATAKA,2021,26.5,6.5,8.75,2499.5,8.65,3.4650000000000003,1380.0,2400.0,7.824245990858959,2.2669579153508947,1.4962692143284624,7.783640596221253,7.2305631534092925,2.5495097567963922
TANK,KARNATAKA,2021,25.0,4.05,7.45,797.0,14.5,2.85,1401650.0,8012000.0,6.682108597449809,2.740840023925201,1.3480731482996928,15.896451100580618,14.153161385488575,2.0124611797498106
TANK,KARNATAKA,2021,24.0,3.7,7.699999999999999,2645.0,5.1,1.2,405.0,2810.0,7.880804344674901,1.8082887711792655,0.7884573603642702,7.941295570906532,6.0063531596017325,1.9235384061671346
TANK,KARNATAKA,2021,22.5,6.7,8.0,630.0,4.25,2.35,900.0,5050.0,6.447305862541213,1.6582280766035324,1.208960345836975,8.527341522468053,6.803505257608338,2.588435821108957
TANK,KARNATAKA,2021,24.5,7.050000000000001,7.85,519.5,3.65,0.75,55.5,251.0,6.254789888055024,1.536867219599265,0.5596157879354227,5.529429087511423,4.034240638152395,2.6551836094703507
TANK,KARNATAKA,2021,25.0,4.45,7.1,839.0,21.5,3.445,471650.0,2712000.0,6.733401891837359,3.1135153092103742,1.491779868965868,14.813197296773918,13.063994584292013,2.1095023109728985
TANK,KARNATAKA,2021,24.5,5.25,8.25,1700.0,4.9,0.8,270.0,1950.0,7.438971592395862,1.7749523509116738,0.5877866649021191,7.576097340623111,5.602118820879701,2.29128784747792
TANK,KARNATAKA,2021,27.0,6.6,7.8999999999999995,295.0,4.35,0.3,265.0,1060.0,5.69035945432406,1.6770965609079151,0.262364264467491,6.966967138613983,5.583496308781699,2.569046515733026
TANK,KARNATAKA,2021,24.0,6.5,7.55,495.0,2.05,0.3,156.5,1160.0,6.206575926724928,1.1151415906193203,0.262364264467491,7.057036981697891,5.059425458265688,2.5495097567963922
TANK,KARNATAKA,2021,27.0,6.9,8.0,330.0,2.3,1.1,265.0,1060.0,5.802118375377063,1.1939224684724346,0.7419373447293773,6.966967138613983,5.583496308781699,2.6267851073127395
TANK,KARNATAKA,2021,25.0,4.75,7.35,453.0,15.5,1.805,26050.0,282000.0,6.118097198041348,2.803360380906535,1.0314035389746596,12.549665896013254,10.167811434160654,2.179449471770337
TANK,KARNATAKA,2021,24.0,6.0,7.7,495.0,2.5,0.3,182.0,1310.0,6.206575926724928,1.252762968495368,0.262364264467491,7.1785454837637,5.209486152841421,2.449489742783178
TANK,KARNATAKA,2021,25.0,5.0,6.9,726.5,7.5,2.1799999999999997,231150.0,1762000.0,6.589613999045648,2.1400661634962708,1.1568811967920853,14.38196065301499,12.350826455602125,2.23606797749979
TANK,KARNATAKA,2021,25.0,5.65,7.550000000000001,844.0,6.5,2.665,86150.0,812000.0,6.739336627357174,2.0149030205422647,1.2988283353386147,13.60725685067015,11.363856849549764,2.3769728648009427
TANK,KARNATAKA,2021,24.0,2.45,7.65,1070.0,4.8,0.95,1765.0,10000.0,6.976348070447749,1.7578579175523736,0.6678293725756554,9.210440366976517,7.476472381163905,1.5652475842498528
TANK,KARNATAKA,2021,25.0,3.05,6.949999999999999,1136.5,21.0,4.7,552450.0,4612000.0,7.036588150825105,3.091042453358316,1.7404661748405046,15.344172377196735,13.222120020658245,1.746424919657298
TANK,KARNATAKA,2021,27.5,6.85,8.3,1653.5,12.0,1.285,30950.0,97500.0,7.4112541273616666,2.5649493574615367,0.826366024346168,11.487617913343598,10.340160587768485,2.6172504656604803
TANK,KARNATAKA,2021,25.0,5.15,7.45,871.5,7.0,7.17,18150.0,187000.0,6.771362654076582,2.0794415416798357,2.1004689088719113,12.138869243416009,9.806480934593978,2.2693611435820435
TANK,KARNATAKA,2021,25.0,3.4,6.95,958.0,72.5,22.9,33800.0,287500.0,6.8658910748834385,4.297285406218791,3.173878458937465,12.568981617474362,10.428245666832275,1.8439088914585775
TANK,KARNATAKA,2021,26.75,6.300000000000001,7.800000000000001,845.0,19.5,1.65,265.0,1060.0,6.740519359606223,3.0204248861443626,0.9745596399981308,6.966967138613983,5.583496308781699,2.5099800796022267
TANK,KARNATAKA,2021,27.5,6.85,8.4,1559.0,18.5,0.32999999999999996,34000.0,107000.0,7.352441100243583,2.970414465569701,0.28517894223366236,11.580593459194764,10.434145214930487,2.6172504656604803
TANK,KARNATAKA,2021,25.0,3.75,7.3,1050.5,28.0,3.65,57300.0,477500.0,6.957972995142755,3.367295829986474,1.536867219599265,13.076321533141567,10.956073354557526,1.9364916731037085
TANK,KARNATAKA,2021,25.0,6.05,6.85,375.0,3.5,1.26,8815.0,82700.0,5.929589143389895,1.5040773967762742,0.8153648132841945,11.322986972837104,9.084323531392696,2.4596747752497685
TANK,KARNATAKA,2021,25.05,3.15,7.05,721.0,72.5,1.745,351650.0,1762000.0,6.582025138892826,4.297285406218791,1.009781074961494,14.38196065301499,12.77039448546879,1.7748239349298849
TANK,KARNATAKA,2021,24.5,7.449999999999999,7.85,382.0,1.75,0.62,8.0,21.0,5.948034989180646,1.0116009116784799,0.4824261492442927,3.091042453358316,2.1972245773362196,2.729468812791236
TANK,KARNATAKA,2021,24.0,6.7,7.699999999999999,735.0,3.5,1.3199999999999998,35.5,112.0,6.601230118728877,1.5040773967762742,0.8415671856782185,4.727387818712341,3.597312260588446,2.588435821108957
TANK,KARNATAKA,2021,24.5,5.800000000000001,7.6,450.0,2.15,0.3,247.0,2110.0,6.111467339502679,1.1474024528375417,0.262364264467491,7.65491704784832,5.5134287461649825,2.4083189157584592
TANK,KARNATAKA,2021,29.0,6.4,6.85,176.0,2.5,4.55,811.5,811.5,5.176149732573829,1.252762968495368,1.713797927758343,6.700115914203892,6.700115914203892,2.5298221281347035
TANK,KARNATAKA,2021,25.0,4.85,7.800000000000001,1130.5,12.5,3.0,47600.0,817500.0,7.031299465073592,2.6026896854443837,1.3862943611198906,13.614007404994387,10.7706090484022,2.202271554554524
TANK,KARNATAKA,2021,25.0,4.05,6.7,798.0,24.5,2.035,76650.0,812000.0,6.683360945766275,3.2386784521643803,1.1102114245114616,13.60725685067015,11.247017930529275,2.0124611797498106
TANK,KARNATAKA,2021,25.0,3.05,7.300000000000001,1299.0,12.5,12.575,50950.0,297000.0,7.170119543449628,2.6026896854443837,2.608229865819999,12.601490784782536,10.83861966554364,1.746424919657298
TANK,KARNATAKA,2021,25.5,7.25,7.05,207.0,2.45,0.545,5.0,25.0,5.337538079701318,1.2383742310432684,0.4350239103497088,3.258096538021482,1.791759469228055,2.692582403567252
TANK,KARNATAKA,2021,24.5,5.25,7.65,575.0,2.3,0.3,315.0,2300.0,6.3561076606958915,1.1939224684724346,0.262364264467491,7.741099090035366,5.755742213586912,2.29128784747792
TANK,KARNATAKA,2021,25.0,5.35,7.85,1030.0,3.5,1.0,415.0,2800.0,6.93828448401696,1.5040773967762742,0.6931471805599453,7.937731775260109,6.030685260261263,2.3130067012440754
TANK,KARNATAKA,2021,25.0,5.95,7.7,420.0,2.1,0.3,240.0,1750.0,6.042632833682381,1.1314021114911006,0.262364264467491,7.467942332285852,5.484796933490655,2.4392621835300936
TANK,KARNATAKA,2021,28.0,7.1,7.95,1352.5,4.5,1.05,1015.0,3800.0,7.210449109054355,1.7047480922384253,0.7178397931503169,8.24301946898925,6.923628628138427,2.6645825188948455
TANK,KARNATAKA,2021,24.0,6.3,7.5,1036.0,3.9,1.17,35.5,133.0,6.9440872082295275,1.589235205116581,0.7747271675523681,4.897839799950911,3.597312260588446,2.5099800796022267
TANK,KARNATAKA,2021,24.0,5.1,7.55,920.0,3.3499999999999996,0.6,415.0,2850.0,6.825460036255307,1.4701758451005926,0.4700036292457356,7.955425088912672,6.030685260261263,2.258317958127243
TANK,KARNATAKA,2021,25.0,2.55,7.05,1487.0,27.5,6.15,472300.0,2717500.0,7.305188215393037,3.349904087274605,1.9671123567059163,14.815223265962715,13.065371773180294,1.5968719422671311
TANK,KARNATAKA,2021,24.5,7.1,7.949999999999999,685.5,3.65,0.655,88.5,307.5,6.531606225208026,1.536867219599265,0.5038010088290262,5.731721843345443,4.4942386252808095,2.6645825188948455
TANK,KARNATAKA,2021,25.5,7.1,8.0,942.0,3.5999999999999996,1.07,42.0,152.5,6.849066282633458,1.5260563034950492,0.7275486072772778,5.033700567027251,3.7612001156935624,2.6645825188948455
TANK,KARNATAKA,2021,25.0,3.6999999999999997,8.0,321.0,26.0,1.3,48350.0,282000.0,5.7745515455444085,3.295836866004329,0.832909122935104,12.549665896013254,10.786242183190828,1.9235384061671343
TANK,KARNATAKA,2021,25.0,3.4,7.3,3084.5,63.5,4.9,49300.0,282000.0,8.034468997761122,4.1666652238017265,1.7749523509116738,12.549665896013254,10.805699643800724,1.8439088914585775
TANK,KARNATAKA,2021,24.5,4.05,6.85,998.5,41.5,6.4,56150.0,472000.0,6.907255153940455,3.7495040759303713,2.0014800002101243,13.064736383209516,10.935799769447005,2.0124611797498106
TANK,KARNATAKA,2021,25.0,5.45,7.5,816.0,9.0,2.45,47070.0,812000.0,6.705639094860003,2.302585092994046,1.2383742310432684,13.60725685067015,10.759412379123841,2.3345235059857505
TANK,KARNATAKA,2021,25.0,4.35,7.1,1339.0,9.5,4.409999999999999,86650.0,472000.0,7.200424892944957,2.3513752571634776,1.68824909285839,13.064736383209516,11.36964383575806,2.085665361461421
LAKE,KERALA,2021,29.5,6.6,7.2,658.0,2.5,0.55,701.0,1101.0,6.490723534502507,1.252762968495368,0.4382549309311553,7.004881989712859,6.553933404025811,2.569046515733026
LAKE,KERALA,2021,29.5,4.35,7.45,3840.0,3.6500000000000004,0.3,950.0,1950.0,8.253488028345904,1.536867219599265,0.262364264467491,7.576097340623111,6.85751406254539,2.085665361461421
LAKE,KERALA,2021,28.5,7.0,7.0,722.5,2.4,0.3,701.0,2051.0,6.5841005460715385,1.2237754316221157,0.262364264467491,7.62657020629066,6.553933404025811,2.6457513110645907
LAKE,KERALA,2021,26.5,2.4000000000000004,7.1,206.5,4.1,0.3,1310.0,2600.0,5.335131339670753,1.62924053973028,0.262364264467491,7.8636512654486515,7.1785454837637,1.5491933384829668
LAKE,KERALA,2021,27.0,7.35,7.199999999999999,60.0,1.1,0.3,50.0,360.0,4.110873864173311,0.7419373447293773,0.262364264467491,5.8888779583328805,3.9318256327243257,2.711088342345192
LAKE,KERALA,2021,25.0,7.15,7.15,40.0,1.0,0.3,2.0,51.0,3.713572066704308,0.6931471805599453,0.262364264467491,3.9512437185814275,1.0986122886681098,2.6739483914241875
LAKE,KERALA,2021,27.0,7.55,6.75,28.5,1.25,0.3,14.5,46.5,3.3843902633457743,0.8109302162163288,0.262364264467491,3.8607297110405954,2.740840023925201,2.7477263328068173
LAKE,KERALA,2021,26.5,7.55,7.15,39.5,1.15,0.5,1773.5,2742.0,3.7013019741124933,0.7654678421395714,0.4054651081081644,7.916807490937603,7.4812739720865515,2.7477263328068173
LAKE,KERALA,2021,27.0,7.55,7.050000000000001,34.5,1.0,0.3,61.0,206.0,3.56953269648137,0.6931471805599453,0.262364264467491,5.332718793265369,4.127134385045092,2.7477263328068173
LAKE,KERALA,2021,26.5,6.949999999999999,7.3,107.5,2.2,1.95,351.0,650.0,4.686750172980514,1.1631508098056809,1.0818051703517284,6.478509642208569,5.863631175598097,2.6362852652928135
LAKE,KERALA,2021,23.0,7.0,7.1,173.5,1.5,0.5,90.0,325.0,5.161924741642482,0.9162907318741551,0.4054651081081644,5.786897381366708,4.51085950651685,2.6457513110645907
LAKE,KERALA,2021,26.5,6.15,6.6,135.0,2.75,0.3,450.0,1200.0,4.912654885736052,1.3217558399823195,0.262364264467491,7.0909098220799835,6.111467339502679,2.479919353527449
POND,KERALA,2021,27.5,7.35,7.35,116.5,1.55,0.51,415.0,670.0,4.7664383335842135,0.9360933591703349,0.412109650826833,6.508769136971682,6.030685260261263,2.711088342345192
POND,KERALA,2021,26.5,4.6,7.45,265.0,5.75,0.3,1600.0,5050.0,5.583496308781699,1.9095425048844386,0.262364264467491,8.527341522468053,7.3783837129967145,2.1447610589527217
POND,LAKSHADWEEP,2021,29.0,9.0,8.3,600.0,1.0,0.32,5.0,1600.0,6.398594934535208,0.6931471805599453,0.2776317365982795,7.3783837129967145,1.791759469228055,3.0
LAKE,"MADHYA 
PRADESH",2021,21.65,7.35,8.100000000000001,419.0,1.5,2.48,2.0,53.0,6.040254711277414,0.9162907318741551,1.247032293786383,3.9889840465642745,1.0986122886681098,2.711088342345192
LAKE,"MADHYA 
PRADESH",2021,22.0,7.4,7.75,449.0,1.15,0.515,2.0,49.0,6.1092475827643655,0.7654678421395714,0.4154154389613325,3.912023005428146,1.0986122886681098,2.7202941017470885
LAKE,"MADHYA 
PRADESH",2021,22.6,6.55,7.6499999999999995,522.0,4.35,0.535,56.0,481.5,6.259581464064923,1.6770965609079151,0.4285303810391605,6.178980920779041,4.04305126783455,2.5592967784139455
LAKE,"MADHYA 
PRADESH",2021,26.049999999999997,7.300000000000001,7.55,246.0,1.3,0.7649999999999999,2.0,40.0,5.5093883366279774,0.832909122935104,0.56815069038526,3.713572066704308,1.0986122886681098,2.701851217221259
LAKE,"MADHYA 
PRADESH",2021,26.0,7.3,7.449999999999999,369.5,4.9,4.75,91.0,12024.5,5.914853444736141,1.7749523509116738,1.749199854809259,9.394784674151117,4.5217885770490405,2.701851217221259
LAKE,"MADHYA 
PRADESH",2021,22.0,7.45,7.550000000000001,370.0,1.9,0.4,2.0,29.0,5.916202062607435,1.0647107369924282,0.33647223662121295,3.4011973816621555,1.0986122886681098,2.7294688127912363
LAKE,"MADHYA 
PRADESH",2021,23.5,7.5,8.0,612.0,1.4,2.6,3.5,28.5,6.418364935936212,0.8754687373538999,1.2809338454620642,3.3843902633457743,1.5040773967762742,2.7386127875258306
LAKE,"MADHYA 
PRADESH",2021,24.5,7.800000000000001,7.7,302.5,1.2,4.27,91.0,17555.0,5.715381610499553,0.7884573603642702,1.6620303625532709,9.773151050808124,4.5217885770490405,2.7928480087537886
LAKE,"MADHYA 
PRADESH",2021,21.8,7.7,7.65,324.5,1.45,0.265,3.0,28.0,5.785362461648624,0.8960880245566356,0.23507212217948356,3.367295829986474,1.3862943611198906,2.7748873851023217
LAKE,"MADHYA 
PRADESH",2021,26.0,5.699999999999999,7.85,472.5,1.95,0.26,2.0,21.0,6.160151912626133,1.0818051703517284,0.23111172096338664,3.091042453358316,1.0986122886681098,2.3874672772626644
LAKE,"MADHYA 
PRADESH",2021,26.0,6.5,7.6,367.5,4.6,9.515,461.0,60075.0,5.909440711629391,1.7227665977411035,2.3528028091546633,11.003365706325472,6.135564891081739,2.5495097567963922
LAKE,"MADHYA 
PRADESH",2021,23.5,6.5,7.85,539.0,2.45,0.79,5.0,71.0,6.29156913955832,1.2383742310432684,0.5822156198526637,4.276666119016055,1.791759469228055,2.5495097567963922
LAKE,"MADHYA 
PRADESH",2021,24.5,7.5,7.75,712.0,1.5,2.55,5.0,45.0,6.569481420414296,0.9162907318741551,1.2669476034873244,3.828641396489095,1.791759469228055,2.7386127875258306
LAKE,"MADHYA 
PRADESH",2021,21.4,6.95,7.3,315.5,1.4,2.35,2.0,49.5,5.757323241584231,0.8754687373538999,1.208960345836975,3.9219733362813143,1.0986122886681098,2.6362852652928135
LAKE,"MADHYA 
PRADESH",2021,26.5,6.1,7.699999999999999,591.5,8.4,12.370000000000001,1057.0,110140.0,6.384350873009287,2.2407096892759584,2.593013391113852,11.609516642128806,6.964135612418245,2.4698178070456938
LAKE,"MADHYA 
PRADESH",2021,21.5,7.25,7.8,570.0,1.2,0.95,2.0,48.5,6.3473892096560105,0.7884573603642702,0.6678293725756554,3.901972669574645,1.0986122886681098,2.692582403567252
LAKE,"MADHYA 
PRADESH",2021,22.35,6.85,7.449999999999999,529.0,3.8,0.44999999999999996,176.0,823.0,6.272877006546167,1.5686159179138452,0.371563556432483,6.714170529909472,5.176149732573829,2.6172504656604803
LAKE,"MADHYA 
PRADESH",2021,25.5,6.05,7.75,248.0,1.35,3.625,1751.0,46120.0,5.517452896464707,0.8544153281560676,1.5314763709643886,10.739023656715148,7.468513271496337,2.4596747752497685
LAKE,"MADHYA 
PRADESH",2021,25.5,6.55,7.45,256.5,2.6500000000000004,3.165,2351.0,21575.0,5.551019720103791,1.2947271675944003,1.426716275618806,9.979336864819565,7.763021309018518,2.5592967784139455
LAKE,"MADHYA 
PRADESH",2021,26.0,6.8,7.699999999999999,230.5,2.6,3.63,1301.0,46055.0,5.444579873526289,1.2809338454620642,1.5325568680981427,10.737613326355646,7.171656822768514,2.6076809620810595
LAKE,"MADHYA 
PRADESH",2021,25.5,6.65,7.75,249.0,2.35,3.3899999999999997,1751.0,27070.0,5.521460917862246,1.208960345836975,1.47932922708708,10.206218323189427,7.468513271496337,2.5787593916455256
LAKE,"MADHYA 
PRADESH",2021,22.0,7.25,8.05,618.0,1.6,0.885,2.0,55.0,6.428105272684596,0.9555114450274363,0.6339278208999741,4.02535169073515,1.0986122886681098,2.692582403567252
POND,"MADHYA 
PRADESH",2021,22.0,7.35,7.9,375.5,1.15,1.23,2.0,218.0,5.930918047239948,0.7654678421395714,0.8020015854720274,5.389071729816501,1.0986122886681098,2.711088342345192
POND,"MADHYA 
PRADESH",2021,23.15,6.8,7.6,416.0,3.1,1.2999999999999998,61.0,808.5,6.0330862217988015,1.410986973710262,0.8329091229351039,6.69641677311769,4.127134385045092,2.6076809620810595
POND,"MADHYA 
PRADESH",2021,22.450000000000003,6.65,8.0,425.5,5.2,0.515,76.0,807.0,6.055612366931734,1.824549292051046,0.4154154389613325,6.694562058521095,4.343805421853684,2.5787593916455256
POND,"MADHYA 
PRADESH",2021,22.45,6.449999999999999,7.550000000000001,448.0,3.15,0.515,36.0,820.5,6.1070228877422545,1.423108334242607,0.4154154389613325,6.711131937477322,3.6109179126442243,2.539685019840059
POND,"MADHYA 
PRADESH",2021,25.5,7.35,7.85,389.5,2.25,0.66,4.0,78.5,5.967427969279741,1.1786549963416462,0.5068176023684519,4.375757021660286,1.6094379124341003,2.711088342345192
POND,"MADHYA 
PRADESH",2021,23.6,7.0,7.550000000000001,474.5,3.1500000000000004,0.255,56.0,468.5,6.164366881985445,1.423108334242607,0.2271355725837472,6.1516682986483175,4.04305126783455,2.6457513110645907
POND,"MADHYA 
PRADESH",2021,21.5,7.05,8.05,530.5,1.7000000000000002,1.95,2.0,101.5,6.275703197782002,0.9932517730102834,1.0818051703517284,4.629862798578463,1.0986122886681098,2.6551836094703507
POND,"MADHYA 
PRADESH",2021,18.2,7.15,7.550000000000001,401.0,1.9,0.815,3.0,48.5,5.996452088619021,1.0647107369924282,0.596085467716814,3.901972669574645,1.3862943611198906,2.6739483914241875
POND,"MADHYA 
PRADESH",2021,24.5,6.65,8.0,351.5,1.45,0.69,2.0,40.5,5.8650506222523235,0.8960880245566356,0.5247285289349821,3.7256934272366524,1.0986122886681098,2.5787593916455256
POND,"MADHYA 
PRADESH",2021,21.5,6.75,7.699999999999999,522.5,5.4,2.36,141.0,831.5,6.260537030310592,1.8562979903656263,1.2119409739751128,6.724433221854599,4.955827057601261,2.598076211353316
POND,"MADHYA 
PRADESH",2021,21.5,4.05,7.872,267.0,1.1,0.8049999999999999,2.0,41.0,5.5909869805108565,0.7419373447293773,0.5905605917848442,3.7376696182833684,1.0986122886681098,2.0124611797498106
TANK,"MADHYA 
PRADESH",2021,22.0,7.45,7.550000000000001,284.0,1.4,0.305,3.0,26.5,5.652489180268651,0.8754687373538999,0.26620304077465673,3.3141860046725258,1.3862943611198906,2.7294688127912363
POND,MANIPUR,2021,23.5,6.35,7.3,270.0,3.5999999999999996,0.3,45.0,125.0,5.602118820879701,1.5260563034950492,0.262364264467491,4.836281906951478,3.828641396489095,2.5199206336708304
LAKE,MEGHALAYA,2021,23.05,6.75,7.1,69.5,1.85,0.49,140.0,495.0,4.255612709818223,1.0473189942805592,0.3987761199573678,6.206575926724928,4.948759890378168,2.598076211353316
LAKE,MEGHALAYA,2021,16.5,7.199999999999999,7.1,53.5,1.65,0.42000000000000004,13.5,150.0,3.9982007016691985,0.9745596399981308,0.3506568716131694,5.017279836814924,2.6741486494265287,2.6832815729997477
LAKE,MEGHALAYA,2021,19.05,6.25,7.4,95.5,6.5,0.7200000000000001,400.0,1400.0,4.56954300834494,2.0149030205422647,0.5423242908253617,7.244941546337007,5.993961427306569,2.5
LAKE,MEGHALAYA,2021,19.0,6.15,7.449999999999999,89.0,6.15,0.685,360.0,1065.0,4.499809670330265,1.9671123567059163,0.521765563804325,6.97166860472579,5.8888779583328805,2.479919353527449
LAKE,MEGHALAYA,2021,18.55,5.2,7.550000000000001,163.5,7.5,0.77,435.0,1510.0,5.1029105702054265,2.1400661634962708,0.5709795465857378,7.32052696227274,6.077642243349034,2.280350850198276
LAKE,MEGHALAYA,2021,19.1,6.1,7.3,99.5,6.15,0.49,400.0,1320.0,4.61015772749913,1.9671123567059163,0.3987761199573678,7.186144304522325,5.993961427306569,2.4698178070456938
LAKE,MEGHALAYA,2021,20.0,6.9,7.4,127.5,2.85,0.555,95.0,420.0,4.855928904335275,1.3480731482996928,0.4414755456311975,6.042632833682381,4.564348191467836,2.6267851073127395
LAKE,ODISHA,2021,27.0,6.35,7.3,147.5,1.9,0.47,2800.0,9700.0,5.000584958242754,1.0647107369924282,0.3852624007906449,9.179984251961283,7.937731775260109,2.5199206336708304
LAKE,ODISHA,2021,26.5,5.85,7.35,159.5,1.6500000000000001,0.735,1215.0,4995.0,5.07829394257007,0.9745596399981309,0.5510074133988225,8.516392871245468,7.103322062526113,2.4186773244895647
LAKE,ODISHA,2021,27.0,7.0,7.5,141.5,1.5,0.67,1815.0,8245.0,4.959341999708705,0.9162907318741551,0.5128236264286639,9.017483513266844,7.504391559161238,2.6457513110645907
LAKE,ODISHA,2021,26.0,6.8,7.65,188.0,1.7,0.77,960.0,3000.0,5.241747015059643,0.9932517730102833,0.5709795465857378,8.006700845440367,6.8679744089702925,2.6076809620810595
LAKE,ODISHA,2021,21.5,7.25,8.2,546.0,3.95,1.22,905.0,1980.0,6.304448802421981,1.599387576580599,0.7975071958841881,7.591357046698551,6.80903930604298,2.692582403567252
POND,ODISHA,2021,27.5,6.6,7.25,328.0,1.95,0.92,12001.0,27085.0,5.796057750765372,1.0818051703517284,0.6523251860396903,10.206772268215317,9.392828581549459,2.569046515733026
POND,ODISHA,2021,29.5,6.95,8.5,422.0,4.75,1.02,17510.0,27022.5,6.0473721790462776,1.749199854809259,0.7030975114131134,10.204462136804183,9.7705845338719,2.6362852652928135
POND,ODISHA,2021,20.5,6.050000000000001,7.35,309.0,2.05,1.08,80070.0,80245.0,5.736572297479192,1.1151415906193203,0.7323678937132266,11.292852195513237,11.290669020060754,2.459674775249769
POND,ODISHA,2021,29.5,7.85,8.4,534.0,5.8500000000000005,4.484999999999999,6522.5,12022.5,6.282266746896006,1.924248652274134,1.7020170937271935,9.394618347068526,8.783166320705803,2.80178514522438
POND,ODISHA,2021,29.5,9.95,8.6,658.5,5.8999999999999995,1.6199999999999999,715.0,4845.0,6.491481972157369,1.9315214116032136,0.9631743177730054,8.48590890137647,6.573680166960646,3.1543620591175006
POND,ODISHA,2021,30.0,6.6,8.100000000000001,465.5,7.65,1.89,1222.5,2765.0,6.1452580202873985,2.157559320943788,1.0612565021243408,7.925157512224703,7.109470882882726,2.569046515733026
POND,ODISHA,2021,24.0,7.699999999999999,7.85,863.0,6.45,5.92,715.0,1645.0,6.761572768804055,2.0082140323914683,1.9344157696295783,7.406103381237015,6.573680166960646,2.7748873851023212
POND,ODISHA,2021,29.0,9.45,8.4,521.5,5.8,6.83,1222.5,2235.0,6.258624983838966,1.916922612182061,2.057962510002712,7.71244383427499,7.109470882882726,3.0740852297878796
LAKE,PUDUCHERRY,2021,30.5,5.4,7.3,286.5,1.75,0.77,12.5,975.0,5.661222860237405,1.0116009116784799,0.5709795465857378,6.883462586413092,2.6026896854443837,2.32379000772445
LAKE,PUDUCHERRY,2021,31.0,10.35,8.35,1126.0,16.4,2.31,305.0,1250.0,7.027314514039777,2.856470206220483,1.1969481893889715,7.1316985104669115,5.723585101952381,3.2171415884290826
LAKE,PUDUCHERRY,2021,30.0,7.2,7.15,240.0,1.65,0.57,56.0,801.0,5.484796933490655,0.9745596399981308,0.4510756193602166,6.687108607866515,4.04305126783455,2.6832815729997477
LAKE,PUNJAB,2021,22.0,7.85,7.85,251.0,1.85,1.75,810.0,2105.0,5.529429087511423,1.0473189942805592,1.0116009116784799,7.652545692693921,6.698268054115413,2.80178514522438
LAKE,PUNJAB,2021,22.0,7.65,7.8,264.0,2.4,3.0999999999999996,905.0,2295.0,5.579729825986222,1.2237754316221157,1.410986973710262,7.738923757439457,6.80903930604298,2.7658633371878665
LAKE,PUNJAB,2021,22.0,7.6,7.9,184.5,1.0,0.5,30.0,109.5,5.22305488204749,0.6931471805599453,0.4054651081081644,4.705015520957808,3.4339872044851463,2.756809750418044
LAKE,RAJASTHAN,2021,25.5,6.6,8.25,728.5,2.3499999999999996,4.13,66.0,142.5,6.592359367962841,1.2089603458369749,1.6351056591826783,4.966335035199676,4.204692619390966,2.569046515733026
LAKE,RAJASTHAN,2021,24.0,5.35,8.05,881.5,2.2,4.03,350.0,780.0,6.782758788807452,1.1631508098056809,1.6154199841116479,6.660575149839686,5.860786223465865,2.3130067012440754
LAKE,RAJASTHAN,2021,29.0,4.2,7.2,194.5,1.2,1.0,58.0,107.0,5.27556037942542,0.7884573603642702,0.6931471805599453,4.68213122712422,4.07753744390572,2.04939015319192
LAKE,RAJASTHAN,2021,25.5,7.449999999999999,8.65,653.5,1.65,2.6,49.0,112.5,6.483871585349955,0.9745596399981308,1.2809338454620642,4.7318028369214575,3.912023005428146,2.729468812791236
LAKE,RAJASTHAN,2021,26.0,7.5,8.65,592.5,1.85,2.395,57.0,107.0,6.386037214049723,1.0473189942805592,1.2223037610106595,4.68213122712422,4.060443010546419,2.7386127875258306
LAKE,RAJASTHAN,2021,24.0,2.45,8.75,1940.0,4.550000000000001,6.41,276.5,655.0,7.57095858316901,1.7137979277583433,2.0028304393079956,6.486160788944089,5.625820933186489,1.5652475842498528
LAKE,RAJASTHAN,2021,26.0,4.050000000000001,8.0,352.5,2.75,2.8200000000000003,195.0,460.0,5.867883485336628,1.3217558399823195,1.340250422618484,6.133398042996649,5.278114659230517,2.012461179749811
LAKE,RAJASTHAN,2021,23.5,7.95,7.9,339.0,1.55,1.625,58.0,107.0,5.8289456176102075,0.9360933591703349,0.965080896043587,4.68213122712422,4.07753744390572,2.819574435974337
LAKE,RAJASTHAN,2021,25.0,4.35,8.15,818.5,3.0999999999999996,4.83,305.0,670.0,6.7086943981838845,1.410986973710262,1.763017000362401,6.508769136971682,5.723585101952381,2.085665361461421
LAKE,RAJASTHAN,2021,19.75,5.550000000000001,7.95,325.0,2.35,2.605,107.0,165.0,5.786897381366708,1.208960345836975,1.2823217707369123,5.111987788356544,4.68213122712422,2.3558437978779496
LAKE,RAJASTHAN,2021,24.0,5.25,8.25,807.0,2.95,2.655,157.5,305.0,6.694562058521095,1.3737155789130306,1.2960960932017418,5.723585101952381,5.065754593317335,2.29128784747792
LAKE,RAJASTHAN,2021,25.5,6.0,8.0,523.5,1.9,3.57,31.0,57.0,6.262445427836352,1.0647107369924282,1.5195132049061133,4.060443010546419,3.4657359027997265,2.449489742783178
LAKE,RAJASTHAN,2021,24.0,6.05,7.65,305.0,3.35,3.31,58.0,121.5,5.723585101952381,1.4701758451005926,1.4609379041156565,4.808111029984782,4.07753744390572,2.4596747752497685
LAKE,RAJASTHAN,2021,21.5,6.45,8.55,625.0,2.05,2.325,86.5,166.5,6.439350371100098,1.1151415906193203,1.2014696741078175,5.120983351265121,4.471638793363569,2.539685019840059
LAKE,RAJASTHAN,2021,22.0,5.9,8.75,610.5,1.9,3.0549999999999997,157.5,290.0,6.415914955127227,1.0647107369924282,1.3999506875673762,5.673323267171493,5.065754593317335,2.4289915602982237
LAKE,RAJASTHAN,2021,25.0,5.9,8.0,226.0,1.35,1.855,44.5,85.0,5.424950017481403,0.8544153281560676,1.0490718431079735,4.454347296253507,3.817712325956905,2.4289915602982237
LAKE,RAJASTHAN,2021,23.5,4.9,8.45,625.0,1.7,2.785,48.5,165.0,6.439350371100098,0.9932517730102833,1.3310458868894122,5.111987788356544,3.901972669574645,2.2135943621178655
LAKE,RAJASTHAN,2021,24.0,5.3,7.9,1566.5,2.25,5.3100000000000005,121.5,195.0,7.357237272507076,1.1786549963416462,1.8421356765531218,5.278114659230517,4.808111029984782,2.3021728866442674
POND,RAJASTHAN,2021,25.0,7.5,7.800000000000001,456.0,1.9,2.625,43.5,92.0,6.124683390894205,1.0647107369924282,1.2878542883066382,4.532599493153256,3.7954891891721947,2.7386127875258306
LAKE,TAMIL NADU,2021,22.5,6.5,7.1,121.5,2.5,0.635,25.0,60.5,4.808111029984782,1.252762968495368,0.4916428043492167,4.119037174812473,3.258096538021482,2.5495097567963922
LAKE,TAMIL NADU,2021,31.5,7.45,7.55,610.0,2.5,0.42000000000000004,2.0,35.0,6.415096959171596,1.252762968495368,0.3506568716131694,3.58351893845611,1.0986122886681098,2.7294688127912363
LAKE,TAMIL NADU,2021,31.5,6.5,7.65,1169.5,3.0,0.47,40.0,117.0,7.065186286930966,1.3862943611198906,0.3852624007906449,4.770684624465665,3.713572066704308,2.5495097567963922
LAKE,TAMIL NADU,2021,29.0,6.1,7.3,546.0,3.0,0.47,11.0,101.0,6.304448802421981,1.3862943611198906,0.3852624007906449,4.624972813284271,2.4849066497880004,2.4698178070456938
LAKE,TAMIL NADU,2021,24.0,6.45,6.6,415.5,2.75,0.325,79.0,225.0,6.031886461606898,1.3217558399823195,0.28141245943818555,5.420534999272286,4.382026634673881,2.539685019840059
LAKE,TAMIL NADU,2021,26.5,6.2,7.35,516.5,2.0,0.57,34.5,89.0,6.249009525139524,1.0986122886681098,0.4510756193602166,4.499809670330265,3.56953269648137,2.4899799195977463
LAKE,TAMIL NADU,2021,25.0,6.15,6.9,306.5,1.6,0.325,75.5,185.0,5.728475087246572,0.9555114450274363,0.28141245943818555,5.225746673713202,4.33729074083249,2.479919353527449
TANK,TAMIL NADU,2021,31.5,5.85,7.1,1489.0,3.0,0.75,11.0,56.0,7.306531398939505,1.3862943611198906,0.5596157879354227,4.04305126783455,2.4849066497880004,2.4186773244895647
LAKE,TELANGANA,2021,22.0,2.35,7.5,1055.0,9.5,5.4,12.5,310.0,6.962243464266207,2.3513752571634776,1.8562979903656263,5.739792912179234,2.6026896854443837,1.5329709716755893
LAKE,TELANGANA,2021,28.5,0.8,7.6,1412.5,10.9,13.7,36.0,335.0,7.253824177133645,2.4765384001174837,2.6878474937846906,5.817111159963204,3.6109179126442243,0.8944271909999159
LAKE,TELANGANA,2021,27.0,2.9,7.6499999999999995,804.5,6.0,4.7,38.5,340.0,6.691463202617029,1.9459101490553132,1.7404661748405046,5.831882477283517,3.676300671907076,1.70293863659264
LAKE,TELANGANA,2021,28.0,2.4,7.8,1056.0,7.7,19.35,22.5,285.0,6.963189985870238,2.163323025660538,3.013080911888604,5.655991810819852,3.1570004211501135,1.5491933384829668
LAKE,TELANGANA,2021,30.0,0.3,7.45,1257.0,11.2,9.15,53.5,410.0,7.1372784372603855,2.501435951739211,2.3174737054877963,6.018593214496234,3.9982007016691985,0.5477225575051661
LAKE,TELANGANA,2021,26.5,2.1999999999999997,7.85,939.5,4.7,8.9,23.0,355.0,6.846411648741085,1.7404661748405046,2.2925347571405443,5.87493073085203,3.1780538303479458,1.4832396974191324
LAKE,TELANGANA,2021,24.0,0.3,7.300000000000001,1014.5,12.0,6.0,40.5,375.0,6.92313638102044,2.5649493574615367,1.9459101490553132,5.929589143389895,3.7256934272366524,0.5477225575051661
LAKE,TELANGANA,2021,26.5,1.15,7.8,1180.0,8.0,8.5,42.0,600.0,7.074116816197362,2.1972245773362196,2.2512917986064953,6.398594934535208,3.7612001156935624,1.0723805294763609
LAKE,TELANGANA,2021,24.5,6.300000000000001,6.95,567.5,2.55,5.595,13.5,175.0,6.343001313190591,1.2669476034873244,1.886311786169278,5.170483995038151,2.6741486494265287,2.5099800796022267
LAKE,TELANGANA,2021,25.0,1.5999999999999999,7.65,1276.0,12.0,11.45,26.5,390.0,7.152268856032539,2.5649493574615367,2.5217206229107165,5.968707559985366,3.3141860046725258,1.2649110640673518
LAKE,TELANGANA,2021,28.0,2.1,7.65,1517.0,8.05,7.45,37.0,355.0,7.325148957955575,2.2027647577118348,2.134166441369082,5.87493073085203,3.6375861597263857,1.449137674618944
LAKE,TELANGANA,2021,29.0,1.25,7.699999999999999,1406.0,9.0,10.1,42.0,410.0,7.249215057114389,2.302585092994046,2.4069451083182885,6.018593214496234,3.7612001156935624,1.118033988749895
LAKE,TELANGANA,2021,28.5,3.6,7.9,474.5,4.05,2.15,17.5,284.0,6.164366881985445,1.6193882432872684,1.1474024528375417,5.652489180268651,2.917770732084279,1.8973665961010275
LAKE,TELANGANA,2021,26.0,2.05,7.6499999999999995,1434.5,10.6,8.55,46.0,317.0,7.269268499561119,2.451005098112319,2.256541154492639,5.762051382780177,3.8501476017100584,1.4317821063276353
LAKE,TELANGANA,2021,27.5,2.0,8.05,1259.0,4.5,7.5,30.5,410.0,7.138866999945524,1.7047480922384253,2.1400661634962708,6.018593214496234,3.449987545831587,1.4142135623730951
LAKE,TELANGANA,2021,26.0,2.1999999999999997,7.75,1161.0,6.5,6.45,22.0,380.0,7.057897937411856,2.0149030205422647,2.0082140323914683,5.942799375126701,3.1354942159291497,1.4832396974191324
LAKE,TELANGANA,2021,25.0,2.1,7.75,1071.5,9.0,22.6,20.5,355.0,6.977747650802172,2.302585092994046,3.1612467120315646,5.87493073085203,3.068052935133617,1.449137674618944
LAKE,TELANGANA,2021,25.5,0.3,7.75,1323.0,8.0,4.55,52.5,485.0,7.188412736496954,2.1972245773362196,1.713797927758343,6.186208623900494,3.979681653901961,0.5477225575051661
LAKE,TELANGANA,2021,24.5,5.550000000000001,7.699999999999999,457.0,2.35,0.75,3.0,56.0,6.126869184114185,1.208960345836975,0.5596157879354227,4.04305126783455,1.3862943611198906,2.3558437978779496
LAKE,TELANGANA,2021,31.5,0.6,7.7,2483.5,14.0,17.1,73.0,635.0,7.817826711042375,2.70805020110221,2.89591193827178,6.455198563340122,4.30406509320417,0.7745966692414834
LAKE,TELANGANA,2021,27.6,1.3499999999999999,7.7,1227.0,6.9,8.2,79.5,675.0,7.113142108707088,2.066862759472976,2.2192034840549946,6.516193076042964,4.388257184424518,1.161895003862225
LAKE,TELANGANA,2021,25.0,6.35,6.9,654.0,2.85,5.13,17.5,200.0,6.484635235635252,1.3480731482996928,1.81319474994812,5.303304908059076,2.917770732084279,2.5199206336708304
LAKE,TELANGANA,2021,27.5,3.95,7.75,524.5,3.05,1.3499999999999999,21.0,195.0,6.264350190317006,1.3987168811184478,0.8544153281560676,5.278114659230517,3.091042453358316,1.9874606914351791
LAKE,TELANGANA,2021,25.0,3.4499999999999997,7.8,664.5,4.55,5.0,15.5,231.5,6.500538637835167,1.713797927758343,1.791759469228055,5.448890225027411,2.803360380906535,1.857417562100671
LAKE,TELANGANA,2021,28.0,0.6,7.9,1605.5,10.0,17.1,42.0,445.0,7.381813178555913,2.3978952727983707,2.89591193827178,6.100318952020064,3.7612001156935624,0.7745966692414834
LAKE,TELANGANA,2021,26.5,2.1999999999999997,7.85,1117.5,6.5,6.9,30.0,280.0,7.019743780930185,2.0149030205422647,2.066862759472976,5.638354669333745,3.4339872044851463,1.4832396974191324
LAKE,TELANGANA,2021,26.5,0.3,7.25,1407.0,11.5,12.649999999999999,28.5,445.0,7.249925536717988,2.5257286443082556,2.6137395216309685,6.100318952020064,3.3843902633457743,0.5477225575051661
LAKE,TELANGANA,2021,31.5,3.1,7.7,1003.0,3.95,5.15,22.0,355.0,6.911747300251674,1.599387576580599,1.8164520818184267,5.87493073085203,3.1354942159291497,1.760681686165901
LAKE,TELANGANA,2021,28.5,5.8,7.65,167.5,2.35,0.55,2.0,18.0,5.126935749792416,1.208960345836975,0.4382549309311553,2.9444389791664403,1.0986122886681098,2.4083189157584592
LAKE,TELANGANA,2021,25.0,0.65,7.699999999999999,1195.0,7.1,7.8,58.5,410.0,7.086737934510577,2.0918640616783932,2.174751721484161,6.018593214496234,4.085976312551584,0.806225774829855
LAKE,TELANGANA,2021,25.5,4.25,7.9,1415.0,3.9000000000000004,2.45,12.5,250.0,7.255591274253665,1.589235205116581,1.2383742310432684,5.5254529391317835,2.6026896854443837,2.0615528128088303
LAKE,TELANGANA,2021,28.0,0.3,7.4,1609.5,9.1,11.1,40.0,675.0,7.384299968771254,2.312535423847214,2.4932054526026954,6.516193076042964,3.713572066704308,0.5477225575051661
LAKE,TELANGANA,2021,23.5,1.75,7.7,1150.0,7.0,7.5,28.5,340.0,7.048386408721883,2.0794415416798357,2.1400661634962708,5.831882477283517,3.3843902633457743,1.3228756555322954
LAKE,TELANGANA,2021,31.5,4.3,7.35,939.0,3.75,3.15,27.5,355.0,6.84587987526405,1.55814461804655,1.423108334242607,5.87493073085203,3.349904087274605,2.073644135332772
LAKE,TELANGANA,2021,28.0,2.9499999999999997,7.25,712.5,5.05,6.7,22.0,375.0,6.570182436916891,1.80005827204275,2.0412203288596382,5.929589143389895,3.1354942159291497,1.7175564037317668
LAKE,TELANGANA,2021,28.5,0.3,7.85,1732.0,8.5,12.5,55.0,485.0,7.457609289715606,2.2512917986064953,2.6026896854443837,6.186208623900494,4.02535169073515,0.5477225575051661
LAKE,TELANGANA,2021,27.5,2.75,7.699999999999999,869.5,7.0,11.7,24.5,302.0,6.7690677592082436,2.0794415416798357,2.5416019934645457,5.713732805509369,3.2386784521643803,1.6583123951777
LAKE,TELANGANA,2021,25.5,2.35,7.800000000000001,919.5,6.6,8.7,44.0,390.0,6.824917000673133,2.028148247292285,2.272125885509337,5.968707559985366,3.8066624897703196,1.5329709716755893
LAKE,TELANGANA,2021,23.5,1.65,7.550000000000001,963.0,7.1,6.3999999999999995,28.5,340.0,6.871091294610546,2.0918640616783932,2.001480000210124,5.831882477283517,3.3843902633457743,1.284523257866513
LAKE,TELANGANA,2021,26.5,2.9,7.9,924.0,6.4,4.8,42.0,355.0,6.829793737512425,2.0014800002101243,1.7578579175523736,5.87493073085203,3.7612001156935624,1.70293863659264
LAKE,TELANGANA,2021,27.5,1.5999999999999999,7.65,1287.5,5.1,3.8000000000000003,44.0,355.0,7.1612340300924195,1.8082887711792655,1.5686159179138455,5.87493073085203,3.8066624897703196,1.2649110640673518
LAKE,TELANGANA,2021,24.0,2.15,7.85,1277.0,10.05,5.8,36.0,254.5,7.15305163493748,2.402430427963762,1.916922612182061,5.543222409643759,3.6109179126442243,1.466287829861518
LAKE,TELANGANA,2021,31.5,1.7,7.5,1431.0,7.0,9.450000000000001,39.0,309.5,7.266827347520591,2.0794415416798357,2.34660197841082,5.738183901373533,3.6888794541139363,1.3038404810405297
LAKE,TELANGANA,2021,27.5,1.15,7.55,1184.0,9.0,6.45,42.0,675.0,7.077498053569231,2.302585092994046,2.0082140323914683,6.516193076042964,3.7612001156935624,1.0723805294763609
LAKE,TELANGANA,2021,30.0,1.15,7.65,1275.5,8.9,7.25,50.5,390.0,7.151877236681538,2.2925347571405443,2.1102132003465894,5.968707559985366,3.9415818076696905,1.0723805294763609
LAKE,TELANGANA,2021,27.5,2.05,7.75,690.5,17.05,4.1,12.5,355.0,6.538863151104813,2.89314568477889,1.62924053973028,5.87493073085203,2.6026896854443837,1.4317821063276353
LAKE,TELANGANA,2021,24.5,6.5,7.1,540.0,2.55,5.625,7.5,31.0,6.293419278846481,1.2669476034873244,1.890850371872286,3.4657359027997265,2.1400661634962708,2.5495097567963922
LAKE,TELANGANA,2021,27.0,1.7999999999999998,8.2,1234.0,11.65,8.35,40.0,305.0,7.118826249062078,2.5376572151735295,2.2353763433005955,5.723585101952381,3.713572066704308,1.3416407864998738
LAKE,TELANGANA,2021,23.5,2.15,7.85,1038.0,6.5,8.0,22.0,345.0,6.946013991099227,2.0149030205422647,2.1972245773362196,5.846438775057725,3.1354942159291497,1.466287829861518
LAKE,TELANGANA,2021,30.5,1.5,7.85,1754.0,9.0,19.4,50.5,530.0,7.470224135899966,2.302585092994046,3.0155349008501706,6.274762021241939,3.9415818076696905,1.224744871391589
LAKE,TELANGANA,2021,27.0,0.3,7.550000000000001,1910.0,14.1,16.35,57.5,485.0,7.555381944240273,2.714694743820879,2.8535925063928684,6.186208623900494,4.069026754237811,0.5477225575051661
LAKE,TELANGANA,2021,27.0,0.3,7.65,1441.0,9.0,14.5,35.5,375.0,7.273786317844895,2.302585092994046,2.740840023925201,5.929589143389895,3.597312260588446,0.5477225575051661
LAKE,TELANGANA,2021,24.5,0.3,7.65,1469.0,14.5,15.9,38.5,390.0,7.293017679772782,2.740840023925201,2.8273136219290276,5.968707559985366,3.676300671907076,0.5477225575051661
LAKE,TELANGANA,2021,25.5,1.45,7.4,1126.0,9.3,6.800000000000001,47.0,320.0,7.027314514039777,2.33214389523559,2.0541237336955462,5.771441123130016,3.871201010907891,1.2041594578792296
LAKE,TELANGANA,2021,29.5,1.25,7.85,1314.5,13.0,6.199999999999999,49.0,410.0,7.181972100480348,2.6390573296152584,1.9740810260220096,6.018593214496234,3.912023005428146,1.118033988749895
LAKE,TELANGANA,2021,31.0,3.3499999999999996,7.75,1473.5,13.5,10.05,145.0,915.0,7.296074228255331,2.6741486494265287,2.402430427963762,6.82001636467413,4.983606621708336,1.8303005217723125
LAKE,TELANGANA,2021,24.0,1.8499999999999999,7.550000000000001,1531.5,8.75,8.0,55.5,355.0,7.334655667810367,2.277267285009756,2.1972245773362196,5.87493073085203,4.034240638152395,1.3601470508735443
LAKE,TELANGANA,2021,28.5,4.6,7.75,636.5,5.05,1.7,16.5,188.0,6.457554277032581,1.80005827204275,0.9932517730102833,5.241747015059643,2.8622008809294686,2.1447610589527217
LAKE,TELANGANA,2021,23.5,1.75,7.7,1060.5,9.5,9.75,23.0,350.0,6.967438281143311,2.3513752571634776,2.3749057545736716,5.860786223465865,3.1780538303479458,1.3228756555322954
LAKE,TELANGANA,2021,27.5,5.65,8.0,297.0,2.45,0.55,2.0,24.5,5.697093486505405,1.2383742310432684,0.4382549309311553,3.2386784521643803,1.0986122886681098,2.3769728648009427
LAKE,TELANGANA,2021,31.5,1.3499999999999999,7.85,677.5,4.5,7.0,20.5,355.0,6.519884479274924,1.7047480922384253,2.0794415416798357,5.87493073085203,3.068052935133617,1.161895003862225
LAKE,TELANGANA,2021,27.0,5.7,7.95,272.0,2.2,0.75,3.0,67.5,5.60947179518496,1.1631508098056809,0.5596157879354227,4.22683374526818,1.3862943611198906,2.3874672772626644
LAKE,TELANGANA,2021,25.0,6.05,7.1,810.0,3.7,7.675,22.5,260.0,6.698268054115413,1.547562508716013,2.160445325832923,5.564520407322694,3.1570004211501135,2.4596747752497685
LAKE,TELANGANA,2021,26.0,2.25,7.7,782.0,5.3,5.1,15.0,310.0,6.663132695990803,1.840549633397487,1.8082887711792655,5.739792912179234,2.772588722239781,1.5
LAKE,TELANGANA,2021,25.5,0.9500000000000001,7.7,1507.5,9.5,7.1,50.5,445.0,7.3188710585991155,2.3513752571634776,2.0918640616783932,6.100318952020064,3.9415818076696905,0.9746794344808964
LAKE,TELANGANA,2021,25.5,1.25,7.7,1925.5,19.5,9.450000000000001,40.0,445.0,7.563460164066212,3.0204248861443626,2.34660197841082,6.100318952020064,3.713572066704308,1.118033988749895
LAKE,TELANGANA,2021,29.5,0.75,7.75,1240.5,9.9,6.3,27.5,410.0,7.124075604948222,2.388762789235098,1.9878743481543455,6.018593214496234,3.349904087274605,0.8660254037844386
LAKE,TELANGANA,2021,26.0,0.3,7.55,1187.5,13.0,6.699999999999999,37.5,340.0,7.080447286800249,2.6390573296152584,2.0412203288596382,5.831882477283517,3.6506582412937387,0.5477225575051661
LAKE,TELANGANA,2021,25.5,5.65,7.9,560.0,2.45,1.3499999999999999,7.0,153.5,6.329720905522696,1.2383742310432684,0.8544153281560676,5.0401940963378005,2.0794415416798357,2.3769728648009427
LAKE,TELANGANA,2021,27.0,3.5500000000000003,7.95,994.0,4.55,5.8999999999999995,38.5,286.5,6.902742737158593,1.713797927758343,1.9315214116032136,5.661222860237405,3.676300671907076,1.8841443681416772
LAKE,TELANGANA,2021,31.5,0.65,7.449999999999999,1268.0,9.5,7.25,42.0,485.0,7.1459844677143876,2.3513752571634776,2.1102132003465894,6.186208623900494,3.7612001156935624,0.806225774829855
LAKE,TELANGANA,2021,24.5,6.25,7.15,628.0,2.75,5.63,19.5,205.0,6.444131256700441,1.3217558399823195,1.891604804197771,5.327876168789581,3.0204248861443626,2.5
LAKE,TELANGANA,2021,28.0,0.65,7.4,1668.5,11.0,11.75,50.0,445.0,7.42027945938371,2.4849066497880004,2.545531271604435,6.100318952020064,3.9318256327243257,0.806225774829855
LAKE,TELANGANA,2021,31.5,0.3,7.75,1423.5,9.0,7.25,27.0,485.0,7.261576153937963,2.302585092994046,2.1102132003465894,6.186208623900494,3.332204510175204,0.5477225575051661
LAKE,TELANGANA,2021,31.0,2.0,7.65,916.5,5.05,3.85,32.0,275.0,6.821652579928726,1.80005827204275,1.5789787049493917,5.62040086571715,3.4965075614664802,1.4142135623730951
LAKE,TELANGANA,2021,28.5,1.7,7.449999999999999,1458.0,10.5,28.25,36.0,335.0,7.285506548522785,2.4423470353692043,3.3758795736778655,5.817111159963204,3.6109179126442243,1.3038404810405297
LAKE,TELANGANA,2021,27.5,1.65,7.55,1638.5,12.9,18.8,45.0,570.0,7.402146596284703,2.631888840136646,2.9856819377004897,6.3473892096560105,3.828641396489095,1.284523257866513
LAKE,TELANGANA,2021,25.5,2.05,7.6,1046.0,11.5,4.75,29.5,570.0,6.953684210870537,2.5257286443082556,1.749199854809259,6.3473892096560105,3.417726683613366,1.4317821063276353
POND,TELANGANA,2021,27.0,0.3,7.75,1212.5,9.9,4.2,56.0,390.0,7.101264025166656,2.388762789235098,1.6486586255873816,5.968707559985366,4.04305126783455,0.5477225575051661
POND,TELANGANA,2021,27.5,5.0,8.05,719.0,3.05,1.5,14.5,115.5,6.579251212010101,1.3987168811184478,0.9162907318741551,4.757891273005756,2.740840023925201,2.23606797749979
POND,TELANGANA,2021,28.0,2.8,7.9,824.5,4.2,3.1,32.0,335.0,6.715989263360183,1.6486586255873816,1.410986973710262,5.817111159963204,3.4965075614664802,1.6733200530681511
POND,TELANGANA,2021,25.0,1.9000000000000001,7.65,1417.0,5.6,2.8,34.0,375.0,7.257002707092073,1.8870696490323797,1.33500106673234,5.929589143389895,3.5553480614894135,1.3784048752090223
POND,TELANGANA,2021,30.0,4.05,7.75,731.0,3.1,5.9,22.5,275.0,6.595780513961311,1.410986973710262,1.9315214116032138,5.62040086571715,3.1570004211501135,2.0124611797498106
POND,TELANGANA,2021,27.0,0.75,7.8500000000000005,1399.5,8.0,2.55,34.0,485.0,7.2445845947001635,2.1972245773362196,1.2669476034873244,6.186208623900494,3.5553480614894135,0.8660254037844386
POND,TELANGANA,2021,27.5,4.2,7.800000000000001,781.0,3.0,1.05,3.0,70.0,6.661854740545311,1.3862943611198906,0.7178397931503169,4.2626798770413155,1.3862943611198906,2.04939015319192
POND,TELANGANA,2021,28.0,0.75,7.85,1414.0,9.0,14.2,48.0,675.0,7.254884810077338,2.302585092994046,2.7212954278522306,6.516193076042964,3.8918202981106265,0.8660254037844386
POND,TELANGANA,2021,24.5,1.5,7.65,1374.5,5.0,19.5,50.5,485.0,7.226572580364629,1.791759469228055,3.0204248861443626,6.186208623900494,3.9415818076696905,1.224744871391589
POND,TELANGANA,2021,27.0,1.05,7.6,1262.5,9.6,5.3,25.5,445.0,7.141640926828249,2.3608540011180215,1.840549633397487,6.100318952020064,3.2771447329921766,1.02469507659596
POND,TELANGANA,2021,26.0,1.25,7.800000000000001,1153.5,7.5,4.35,37.0,445.0,7.05142262879455,2.1400661634962708,1.6770965609079151,6.100318952020064,3.6375861597263857,1.118033988749895
POND,TELANGANA,2021,27.5,1.65,8.0,3840.0,18.0,7.55,16.5,235.0,8.253488028345904,2.9444389791664403,2.145931282948669,5.4638318050256105,2.8622008809294686,1.284523257866513
TANK,TELANGANA,2021,25.0,5.5,7.0,1172.5,4.6,11.15,8.0,124.5,7.067746015291078,1.7227665977411035,2.4973291697865574,4.832305758571839,2.1972245773362196,2.345207879911715
TANK,TELANGANA,2021,20.0,5.6,7.3,801.0,3.35,8.615,8.0,42.5,6.687108607866515,1.4701758451005926,2.263324379040743,3.7727609380946383,2.1972245773362196,2.3664319132398464
TANK,TELANGANA,2021,29.5,0.3,7.7,1769.5,13.2,12.9,54.5,635.0,7.4790172715519585,2.653241964607215,2.631888840136646,6.455198563340122,4.0163830207523885,0.5477225575051661
TANK,TELANGANA,2021,28.0,2.4499999999999997,7.7,1030.5,10.9,6.7,30.0,325.0,6.938769332511306,2.4765384001174837,2.0412203288596382,5.786897381366708,3.4339872044851463,1.5652475842498528
TANK,TELANGANA,2021,26.0,5.449999999999999,7.1,1241.0,4.6,12.615,7.5,94.5,7.124478262493424,1.7227665977411035,2.611172126125723,4.5591262474866845,2.1400661634962708,2.33452350598575
TANK,TELANGANA,2021,28.0,5.65,8.2,377.5,2.05,1.45,9.5,147.0,5.936216072877503,1.1151415906193203,0.8960880245566356,4.997212273764115,2.3513752571634776,2.3769728648009427
TANK,TELANGANA,2021,29.0,4.7,7.050000000000001,3840.0,12.5,17.165,19.5,175.0,8.253488028345904,2.6026896854443837,2.899496665673165,5.170483995038151,3.0204248861443626,2.16794833886788
TANK,TELANGANA,2021,21.5,5.6,7.15,1471.0,6.6,11.665,7.0,105.0,7.294377299288821,2.028148247292285,2.5388422834536386,4.663439094112067,2.0794415416798357,2.3664319132398464
TANK,TELANGANA,2021,29.5,0.75,7.75,1544.5,12.8,8.5,37.0,445.0,7.343102761572171,2.624668592163159,2.2512917986064953,6.100318952020064,3.6375861597263857,0.8660254037844386
TANK,TELANGANA,2021,24.5,4.550000000000001,7.15,3793.0,15.0,18.23,16.5,195.0,8.24117615049496,2.772588722239781,2.9564715596006885,5.278114659230517,2.8622008809294686,2.1330729007701543
TANK,TELANGANA,2021,26.0,4.8,7.75,979.5,3.1500000000000004,2.45,17.5,223.5,6.888062645636401,1.423108334242607,1.2383742310432684,5.413875707182309,2.917770732084279,2.1908902300206643
TANK,TELANGANA,2021,22.5,4.8,7.15,2696.0,7.5,16.674999999999997,5.0,51.0,7.89989532313973,2.1400661634962708,2.8721512117826364,3.9512437185814275,1.791759469228055,2.1908902300206643
TANK,TELANGANA,2021,29.5,4.75,7.35,3529.0,6.0,14.11,7.5,106.5,8.169053149927343,1.9459101490553132,2.715356776284648,4.677490847567717,2.1400661634962708,2.179449471770337
TANK,TELANGANA,2021,21.0,5.6,7.1,2259.5,7.45,19.6,5.0,61.0,7.7233413067346595,2.134166441369082,3.0252910757955354,4.127134385045092,1.791759469228055,2.3664319132398464
TANK,TELANGANA,2021,29.5,5.95,7.25,694.0,12.85,8.085,4.0,39.0,6.543911845564792,2.6282852326333477,2.2066247018481344,3.6888794541139363,1.6094379124341003,2.4392621835300936
TANK,TELANGANA,2021,27.5,2.75,7.6,939.0,4.05,3.7,14.5,225.5,6.84587987526405,1.6193882432872684,1.547562508716013,5.422744944923089,2.740840023925201,1.6583123951777
TANK,TELANGANA,2021,25.5,5.05,7.2,1012.0,5.0,8.635,6.5,68.5,6.920671504248683,1.791759469228055,2.2654023018663296,4.241326752570746,2.0149030205422647,2.247220505424423
TANK,TELANGANA,2021,31.5,0.3,7.7,1429.5,17.0,9.9,31.0,330.0,7.265779312490165,2.8903717578961645,2.388762789235098,5.802118375377063,3.4657359027997265,0.5477225575051661
TANK,TELANGANA,2021,24.5,5.65,7.15,958.5,5.0,8.65,8.0,114.0,6.8664123154477545,1.791759469228055,2.2669579153508947,4.74493212836325,2.1972245773362196,2.3769728648009427
TANK,TELANGANA,2021,26.0,0.3,7.6,2110.0,12.8,7.6499999999999995,55.5,445.0,7.65491704784832,2.624668592163159,2.157559320943788,6.100318952020064,4.034240638152395,0.5477225575051661
TANK,TELANGANA,2021,24.0,5.9,7.15,1049.5,3.55,9.115,9.0,58.5,6.957021520285055,1.5151272329628591,2.314019470619709,4.085976312551584,2.302585092994046,2.4289915602982237
TANK,TELANGANA,2021,28.0,4.15,8.0,820.5,3.05,3.6999999999999997,20.5,250.0,6.711131937477322,1.3987168811184478,1.5475625087160128,5.5254529391317835,3.068052935133617,2.0371548787463363
TANK,TELANGANA,2021,30.5,0.3,7.45,1975.5,10.0,17.15,25.0,940.0,7.58908288273674,2.3978952727983707,2.8986705607108596,6.846943139585379,3.258096538021482,0.5477225575051661
TANK,TELANGANA,2021,25.0,5.35,7.15,1064.5,3.95,8.105,4.5,48.0,6.971199451538672,1.599387576580599,2.208823713179571,3.8918202981106265,1.7047480922384253,2.3130067012440754
TANK,TELANGANA,2021,31.0,2.4499999999999997,7.65,802.5,5.05,3.7,31.0,325.0,6.688977185177567,1.80005827204275,1.547562508716013,5.786897381366708,3.4657359027997265,1.5652475842498528
TANK,TELANGANA,2021,26.5,1.45,7.9,3120.5,15.6,7.2,12.5,410.0,8.046068934501799,2.8094026953624978,2.1041341542702074,6.018593214496234,2.6026896854443837,1.2041594578792296
TANK,TELANGANA,2021,28.0,2.7,7.85,956.0,6.05,3.0,14.5,275.0,6.863803391452954,1.9530276168241774,1.3862943611198906,5.62040086571715,2.740840023925201,1.6431676725154984
TANK,TELANGANA,2021,29.0,5.199999999999999,7.25,902.5,3.25,7.1499999999999995,5.5,37.0,6.806276110032283,1.4469189829363254,2.098017927252771,3.6375861597263857,1.8718021769015913,2.2803508501982757
TANK,TELANGANA,2021,24.5,5.75,7.05,1460.5,4.75,11.1,5.0,65.5,7.287218584551301,1.749199854809259,2.4932054526026954,4.197201947661808,1.791759469228055,2.3979157616563596
TANK,TELANGANA,2021,20.5,5.9,7.15,934.5,4.6,10.129999999999999,8.5,41.0,6.841081145714145,1.7227665977411035,2.409644165287453,3.7376696182833684,2.2512917986064953,2.4289915602982237
TANK,TELANGANA,2021,26.0,4.2,7.6,582.0,5.05,4.45,17.0,290.0,6.368187186350492,1.80005827204275,1.6956156086751528,5.673323267171493,2.8903717578961645,2.04939015319192
TANK,TELANGANA,2021,28.5,5.199999999999999,8.05,497.0,2.55,1.55,14.0,188.0,6.210600077024653,1.2669476034873244,0.9360933591703349,5.241747015059643,2.70805020110221,2.2803508501982757
TANK,TELANGANA,2021,24.5,5.9,7.1,721.0,3.6,12.125,10.0,63.5,6.582025138892826,1.5260563034950492,2.5745188084776873,4.1666652238017265,2.3978952727983707,2.4289915602982237
LAKE,TRIPURA,2021,23.25,5.5,7.2,177.5,1.3,1.8599999999999999,37.5,157.0,5.184588601219693,0.832909122935104,1.0508216248317612,5.062595033026967,3.6506582412937387,2.345207879911715
LAKE,TRIPURA,2021,24.5,5.550000000000001,6.949999999999999,159.5,1.6,1.815,42.0,210.0,5.07829394257007,0.9555114450274363,1.0349622615916536,5.351858133476067,3.7612001156935624,2.3558437978779496
LAKE,TRIPURA,2021,24.0,5.800000000000001,7.3,167.5,1.25,1.76,35.5,144.5,5.126935749792416,0.8109302162163288,1.0152306797290584,4.980176086611547,3.597312260588446,2.4083189157584592
LAKE,TRIPURA,2021,24.5,5.7,7.2,167.5,1.4,1.515,31.5,165.0,5.126935749792416,0.8754687373538999,0.9222728035517025,5.111987788356544,3.481240089335692,2.3874672772626644
LAKE,TRIPURA,2021,23.5,5.75,7.3,177.5,1.45,1.7349999999999999,39.5,157.0,5.184588601219693,0.8960880245566356,1.0061314358739444,5.062595033026967,3.7013019741124933,2.3979157616563596
LAKE,TRIPURA,2021,23.5,6.1,7.1,177.0,1.8499999999999999,2.11,55.5,215.0,5.181783550292085,1.047318994280559,1.1346227261911428,5.375278407684165,4.034240638152395,2.4698178070456938
LAKE,TRIPURA,2021,23.5,6.05,7.35,155.0,1.55,1.73,44.0,215.0,5.049856007249537,0.9360933591703349,1.0043016091968684,5.375278407684165,3.8066624897703196,2.4596747752497685
LAKE,TRIPURA,2021,23.75,5.449999999999999,7.05,159.5,1.4,2.065,40.0,205.0,5.07829394257007,0.8754687373538999,1.1200475693881746,5.327876168789581,3.713572066704308,2.33452350598575
POND,TRIPURA,2021,23.75,5.95,7.2,192.5,1.4,1.74,32.5,127.0,5.2652775124698366,0.8754687373538999,1.007957920399979,4.852030263919617,3.5115454388310208,2.4392621835300936
POND,TRIPURA,2021,23.75,6.15,7.0,166.5,1.4,1.53,31.5,127.0,5.120983351265121,0.8754687373538999,0.9282193027394289,4.852030263919617,3.481240089335692,2.479919353527449
POND,TRIPURA,2021,24.25,5.55,6.75,170.0,1.45,1.5950000000000002,31.5,136.5,5.14166355650266,0.8960880245566356,0.953586516617852,4.923623917106626,3.481240089335692,2.355843797877949
POND,TRIPURA,2021,24.25,5.7,7.1,172.0,1.6,1.895,37.5,147.0,5.153291594497779,0.9555114450274363,1.0629851110249586,4.997212273764115,3.6506582412937387,2.3874672772626644
POND,TRIPURA,2021,24.5,5.949999999999999,7.35,180.5,2.05,2.77,63.0,210.0,5.201255653704905,1.1151415906193203,1.3270750014599193,5.351858133476067,4.1588830833596715,2.4392621835300936
POND,TRIPURA,2021,23.5,5.55,7.2,167.0,1.35,1.545,37.0,160.0,5.123963979403259,0.8544153281560676,0.9341306500024861,5.081404364984463,3.6375861597263857,2.355843797877949
POND,TRIPURA,2021,24.5,5.5,7.1,166.5,1.45,1.49,32.0,165.0,5.120983351265121,0.8960880245566356,0.9122827104766162,5.111987788356544,3.4965075614664802,2.345207879911715
POND,TRIPURA,2021,24.0,6.1,7.15,163.0,1.25,1.5550000000000002,40.0,167.0,5.099866427824199,0.8109302162163288,0.9380522236556679,5.123963979403259,3.713572066704308,2.4698178070456938
POND,TRIPURA,2021,24.75,3.7,7.2,181.5,7.05,3.7449999999999997,70.5,320.0,5.206750173022546,2.0856720914304723,1.557091432061891,5.771441123130016,4.269697449699962,1.9235384061671346
POND,TRIPURA,2021,24.0,5.45,6.9,160.0,1.5,1.79,37.5,147.0,5.081404364984463,0.9162907318741551,1.0260415958332743,4.997212273764115,3.6506582412937387,2.3345235059857505
LAKE,UTTAR PRADESH,2021,22.5,6.4,7.8999999999999995,311.0,4.5,0.8600000000000001,3950.0,7100.0,5.7430031878094825,1.7047480922384253,0.62057648772511,8.867990898182093,8.281723990411392,2.5298221281347035
LAKE,UTTARAKHAND,2021,17.0,8.2,7.6,185.0,1.3,0.345,120.0,375.0,5.225746673713202,0.832909122935104,0.2963940130538024,5.929589143389895,4.795790545596741,2.8635642126552705
LAKE,UTTARAKHAND,2021,15.5,8.6,7.5,405.0,1.5,0.33999999999999997,245.0,635.0,6.0063531596017325,0.9162907318741551,0.29266961396281993,6.455198563340122,5.5053315359323625,2.932575659723036
LAKE,WEST BENGAL,2021,24.5,8.15,7.55,168.0,1.45,0.3,1650.0,2650.0,5.1298987149230735,0.8960880245566356,0.262364264467491,7.8826922062890254,7.409136443920128,2.8548204847240397
LAKE,WEST BENGAL,2021,28.25,8.55,8.25,665.5,5.85,0.5349999999999999,19150.0,29450.0,6.502040139618764,1.9242486522741338,0.4285303810391604,10.290483144360632,9.860110212566559,2.924038303442689
LAKE,WEST BENGAL,2021,28.25,7.7,8.05,717.5,5.050000000000001,0.55,46700.0,81650.0,6.5771657055190795,1.8000582720427503,0.4382549309311553,11.31020934572104,10.751520856703959,2.7748873851023217
LAKE,WEST BENGAL,2021,15.0,6.65,7.4,58.5,1.4,0.3,2530.0,6555.0,4.085976312551584,0.8754687373538999,0.262364264467491,8.78813593986372,7.836369760545124,2.5787593916455256
LAKE,WEST BENGAL,2021,25.5,7.5,7.15,50.0,1.6,0.3,2700.0,7150.0,3.9318256327243257,0.9555114450274363,0.262364264467491,8.875007486048396,7.901377353792616,2.7386127875258306
LAKE,WEST BENGAL,2021,26.0,7.85,7.550000000000001,80.0,1.75,0.3,1385.0,4850.0,4.394449154672439,1.0116009116784799,0.262364264467491,8.486940148245216,7.234177179749849,2.80178514522438
LAKE,WEST BENGAL,2021,28.25,7.9,8.149999999999999,672.0,5.4,0.6,126500.0,281500.0,6.511745329644728,1.8562979903656263,0.4700036292457356,12.547891278953442,11.748005492256807,2.8106938645110393
LAKE,WEST BENGAL,2021,14.0,6.35,7.25,131.5,2.3,0.31,3550.0,9500.0,4.886582645426277,1.1939224684724346,0.27002713721306015,9.15915233520675,8.174984532943087,2.5199206336708304
LAKE,WEST BENGAL,2021,26.5,7.449999999999999,7.85,539.0,2.9499999999999997,1.0999999999999999,560.0,1400.0,6.29156913955832,1.3737155789130304,0.7419373447293772,7.244941546337007,6.329720905522696,2.729468812791236
LAKE,WEST BENGAL,2021,27.0,9.3,7.3,366.5,5.0,0.55,6250.0,8150.0,5.906723318652891,1.791759469228055,0.4382549309311553,9.005895898094458,8.740496729931813,3.0495901363953815
LAKE,WEST BENGAL,2021,14.0,7.6,7.25,28.5,1.05,0.3,90.0,160.0,3.3843902633457743,0.7178397931503169,0.262364264467491,5.081404364984463,4.51085950651685,2.756809750418044
LAKE,WEST BENGAL,2021,16.5,7.699999999999999,7.25,28.5,1.4,0.3,95.0,220.0,3.3843902633457743,0.8754687373538999,0.262364264467491,5.3981627015177525,4.564348191467836,2.7748873851023212
LAKE,WEST BENGAL,2021,14.0,7.8,7.4,44.5,1.3,0.3,90.0,220.0,3.817712325956905,0.832909122935104,0.262364264467491,5.3981627015177525,4.51085950651685,2.792848008753788
LAKE,"ANDHRA 
PRADESH",2022,24.5,5.2,7.5,872.0,2.6,3.115,369.5,1274.5,6.771935555839602,1.2809338454620642,1.4146388341290332,7.1510935375818665,5.914853444736141,2.280350850198276
LAKE,"ANDHRA 
PRADESH",2022,23.5,5.949999999999999,7.9,1007.5,3.8499999999999996,1.74,14.0,335.0,6.916219357394266,1.5789787049493917,1.007957920399979,5.817111159963204,2.70805020110221,2.4392621835300936
LAKE,"ANDHRA 
PRADESH",2022,27.5,4.9,7.8,645.0,3.5999999999999996,1.77,23.0,195.0,6.470799503782602,1.5260563034950492,1.0188473201992472,5.278114659230517,3.1780538303479458,2.2135943621178655
LAKE,"ANDHRA 
PRADESH",2022,25.0,5.6,7.199999999999999,428.5,1.85,0.79,238.5,768.5,6.06262174142431,1.0473189942805592,0.5822156198526637,6.645740953278934,5.4785534168509695,2.3664319132398464
TANK,"ANDHRA 
PRADESH",2022,24.0,7.15,7.6,844.5,2.65,1.72,173.0,727.5,6.739928168338635,1.2947271675944,1.000631880307906,6.590987625635259,5.159055299214529,2.6739483914241875
TANK,"ANDHRA 
PRADESH",2022,25.5,5.75,7.45,349.0,1.5,1.72,181.0,619.0,5.857933154483459,0.9162907318741551,1.000631880307906,6.429719478039138,5.204006687076795,2.3979157616563596
TANK,"ANDHRA 
PRADESH",2022,19.0,6.85,7.9,1134.0,2.7,2.455,89.5,400.0,7.034387929915503,1.308332819650179,1.2398224572196332,5.993961427306569,4.505349850705881,2.6172504656604803
WETLAND,"ANDHRA 
PRADESH",2022,24.0,5.85,7.75,615.0,1.75,0.555,232.5,658.5,6.423246963533519,1.0116009116784799,0.4414755456311975,6.491481972157369,5.453182077108952,2.4186773244895647
WETLAND,"ANDHRA 
PRADESH",2022,24.0,7.0,7.85,363.5,2.2,1.4849999999999999,16.0,152.0,5.898526551448713,1.1631508098056809,0.910272659548592,5.030437921392435,2.833213344056216,2.6457513110645907
WETLAND,"ANDHRA 
PRADESH",2022,24.0,5.95,7.5,504.5,1.6,0.7200000000000001,172.5,626.0,6.225548038460526,0.9555114450274363,0.5423242908253617,6.440946540632921,5.156177599386914,2.4392621835300936
WETLAND,"ANDHRA 
PRADESH",2022,28.0,5.2,7.8,541.5,5.949999999999999,1.4649999999999999,12.0,267.5,6.296188085414615,1.9387416595767006,0.9021918074946533,5.5928509139489195,2.5649493574615367,2.280350850198276
WETLAND,"ANDHRA 
PRADESH",2022,22.5,5.05,7.25,1048.0,2.4,1.9549999999999998,466.5,1426.0,6.955592608396297,1.2237754316221157,1.0834986508580615,7.2633296174768365,6.147399348728742,2.247220505424423
WETLAND,"ANDHRA 
PRADESH",2022,22.0,5.15,7.199999999999999,936.5,2.45,2.11,352.5,1209.5,6.843216757844566,1.2383742310432684,1.1346227261911428,7.098788776378113,5.867883485336628,2.2693611435820435
WETLAND,"ANDHRA 
PRADESH",2022,24.5,5.85,7.699999999999999,427.0,1.65,0.53,205.5,543.5,6.059123195581797,0.9745596399981308,0.4252677354043441,6.299867942373015,5.330300412401088,2.4186773244895647
WETLAND,"ANDHRA 
PRADESH",2022,26.0,6.6,7.9,1019.5,2.7,2.23,7.0,110.5,6.9280479822498995,1.308332819650179,1.172482137234565,4.7140245909001735,2.0794415416798357,2.569046515733026
WETLAND,"ANDHRA 
PRADESH",2022,24.0,5.2,7.65,1599.5,2.45,1.0999999999999999,571.0,1499.5,7.378071359409918,1.2383742310432684,0.7419373447293772,7.313553664880422,6.349138991379798,2.280350850198276
WETLAND,"ANDHRA 
PRADESH",2022,28.0,6.15,7.85,3840.0,3.6,1.2149999999999999,15.0,180.0,8.253488028345904,1.5260563034950492,0.7952524034970989,5.198497031265826,2.772588722239781,2.479919353527449
WETLAND,"ANDHRA 
PRADESH",2022,25.0,3.4,7.6,1644.0,29.7,2.6350000000000002,23.0,1232.0,7.405495663199472,3.4242626545931514,1.2906091109854827,7.117205503164344,3.1780538303479458,1.8439088914585775
WETLAND,"ANDHRA 
PRADESH",2022,23.5,5.55,7.55,879.5,1.9500000000000002,1.185,272.5,820.0,6.7804899279362605,1.0818051703517284,0.7816158285475535,6.710523109452428,5.611301621862036,2.355843797877949
WETLAND,"ANDHRA 
PRADESH",2022,25.5,5.9,7.65,642.0,1.9,1.005,184.0,691.5,6.466144724237619,1.0647107369924282,0.6956440607585325,6.540308238061494,5.220355825078324,2.4289915602982237
WETLAND,"ANDHRA 
PRADESH",2022,27.0,6.85,7.8,331.0,2.0,1.065,12.0,1219.5,5.805134968916488,1.0986122886681098,0.7251302264129961,7.107015889833015,2.5649493574615367,2.6172504656604803
WETLAND,"ANDHRA 
PRADESH",2022,25.0,6.449999999999999,7.5,1032.5,5.1,4.42,306.5,1659.0,6.940706379121823,1.8082887711792655,1.6900958154515549,7.414572881350589,5.728475087246572,2.539685019840059
WETLAND,"ANDHRA 
PRADESH",2022,24.0,7.1,8.0,273.5,2.8,1.22,9.0,152.0,5.614951260949585,1.33500106673234,0.7975071958841881,5.030437921392435,2.302585092994046,2.6645825188948455
LAKE,ASSAM,2022,23.0,5.5,7.1,194.0,2.45,1.4,620.0,1160.0,5.272999558563747,1.2383742310432684,0.8754687373538999,7.057036981697891,6.431331081933479,2.345207879911715
LAKE,ASSAM,2022,22.5,6.95,7.25,247.0,2.45,1.05,515.0,1115.0,5.5134287461649825,1.2383742310432684,0.7178397931503169,7.017506142941256,6.246106765481563,2.6362852652928135
LAKE,ASSAM,2022,26.5,1.3499999999999999,7.25,507.5,26.0,4.1,3000.0,5150.0,6.2314652154886145,3.295836866004329,1.62924053973028,8.546946149565585,8.006700845440367,1.161895003862225
LAKE,ASSAM,2022,23.5,6.8,7.199999999999999,122.5,2.5999999999999996,1.4500000000000002,635.0,1415.0,4.816241156068032,1.2809338454620642,0.8960880245566357,7.255591274253665,6.455198563340122,2.6076809620810595
LAKE,ASSAM,2022,30.0,5.0,7.3,123.0,2.45,1.25,455.0,1155.0,4.820281565605037,1.2383742310432684,0.8109302162163288,7.052721049232323,6.1224928095143865,2.23606797749979
LAKE,ASSAM,2022,25.0,6.15,7.449999999999999,351.0,5.45,3.25,640.0,1255.0,5.863631175598097,1.864080130807681,1.4469189829363254,7.135687347028144,6.46302945692067,2.479919353527449
LAKE,ASSAM,2022,25.0,6.6,7.4,350.0,5.449999999999999,3.2,620.0,1455.0,5.860786223465865,1.864080130807681,1.4350845252893227,7.283448228756631,6.431331081933479,2.569046515733026
LAKE,ASSAM,2022,29.0,5.05,7.15,120.5,2.15,1.4500000000000002,460.0,1010.0,4.799914262780603,1.1474024528375417,0.8960880245566357,6.918695219020472,6.133398042996649,2.247220505424423
LAKE,ASSAM,2022,25.0,4.4,7.15,272.5,2.5,1.4500000000000002,730.0,1410.0,5.611301621862036,1.252762968495368,0.8960880245566357,7.252053951852814,6.594413459749778,2.0976176963403033
LAKE,ASSAM,2022,23.0,6.699999999999999,7.25,174.5,2.4,1.55,510.0,1155.0,5.167639042905921,1.2237754316221157,0.9360933591703349,7.052721049232323,6.236369590203704,2.588435821108957
LAKE,ASSAM,2022,25.5,5.4,7.05,68.5,2.5,0.9,515.0,930.0,4.241326752570746,1.252762968495368,0.6418538861723948,6.836259277277067,6.246106765481563,2.32379000772445
LAKE,ASSAM,2022,24.5,1.65,7.449999999999999,1014.5,27.0,2.95,900.0,2450.0,6.92313638102044,3.332204510175204,1.3737155789130306,7.804251383528112,6.803505257608338,1.284523257866513
LAKE,ASSAM,2022,22.5,6.85,7.199999999999999,168.0,2.4000000000000004,1.35,510.0,1010.0,5.1298987149230735,1.2237754316221159,0.8544153281560676,6.918695219020472,6.236369590203704,2.6172504656604803
LAKE,ASSAM,2022,23.0,4.1,7.1,151.0,2.55,1.15,515.0,1115.0,5.0238805208462765,1.2669476034873244,0.7654678421395714,7.017506142941256,6.246106765481563,2.0248456731316584
LAKE,ASSAM,2022,22.5,5.6,7.15,160.0,2.35,0.85,510.0,1060.0,5.081404364984463,1.208960345836975,0.6151856390902334,6.966967138613983,6.236369590203704,2.3664319132398464
LAKE,ASSAM,2022,30.0,6.8999999999999995,7.199999999999999,156.0,2.45,1.4,515.0,1055.0,5.056245805348308,1.2383742310432684,0.8754687373538999,6.962243464266207,6.246106765481563,2.6267851073127395
LAKE,ASSAM,2022,24.5,6.0,7.05,109.0,2.45,2.4,540.0,1155.0,4.700480365792417,1.2383742310432684,1.2237754316221157,7.052721049232323,6.293419278846481,2.449489742783178
LAKE,ASSAM,2022,26.5,6.75,7.199999999999999,100.0,2.45,1.3,510.0,1110.0,4.61512051684126,1.2383742310432684,0.832909122935104,7.01301578963963,6.236369590203704,2.598076211353316
LAKE,ASSAM,2022,27.5,2.65,7.4,528.0,16.15,1.6,2150.0,3600.0,6.270988431858299,2.8419981736119486,0.9555114450274363,8.188966863648876,7.67368812926773,1.6278820596099706
LAKE,ASSAM,2022,22.5,4.65,7.0,130.0,2.5999999999999996,0.9,605.0,1450.0,4.875197323201151,1.2809338454620642,0.6418538861723948,7.280008252884188,6.406879986069314,2.1563858652847827
LAKE,ASSAM,2022,27.5,1.5,7.35,516.0,25.200000000000003,4.25,3350.0,4850.0,6.248042874508429,3.265759410767051,1.6582280766035324,8.486940148245216,8.11701408773731,1.224744871391589
POND,ASSAM,2022,22.0,4.3,7.15,104.5,2.5999999999999996,0.9,545.0,1300.0,4.658710952916121,1.2809338454620642,0.6418538861723948,7.170888478512505,6.302618975744905,2.073644135332772
POND,ASSAM,2022,27.5,7.25,7.05,97.5,2.35,1.45,515.0,1205.0,4.590056548178043,1.208960345836975,0.8960880245566356,7.095064377287131,6.246106765481563,2.692582403567252
POND,ASSAM,2022,23.5,8.35,7.6,263.5,2.4000000000000004,1.4,700.0,1455.0,5.577841251298354,1.2237754316221159,0.8754687373538999,7.283448228756631,6.55250788703459,2.8896366553599777
POND,ASSAM,2022,25.5,6.35,7.15,99.5,2.35,1.05,605.0,930.0,4.61015772749913,1.208960345836975,0.7178397931503169,6.836259277277067,6.406879986069314,2.5199206336708304
POND,ASSAM,2022,27.0,6.25,7.1,74.0,2.45,1.0,510.0,1060.0,4.31748811353631,1.2383742310432684,0.6931471805599453,6.966967138613983,6.236369590203704,2.5
POND,ASSAM,2022,25.5,7.949999999999999,7.55,203.0,2.55,2.45,775.0,1500.0,5.318119993844216,1.2669476034873244,1.2383742310432684,7.313886831633462,6.654152520183219,2.819574435974337
POND,ASSAM,2022,23.5,7.75,7.449999999999999,109.0,2.45,1.45,515.0,1155.0,4.700480365792417,1.2383742310432684,0.8960880245566356,7.052721049232323,6.246106765481563,2.7838821814150108
POND,ASSAM,2022,25.0,5.7,7.1,86.5,2.3,1.0,605.0,1110.0,4.471638793363569,1.1939224684724346,0.6931471805599453,7.01301578963963,6.406879986069314,2.3874672772626644
POND,ASSAM,2022,26.0,7.15,7.45,142.5,2.55,1.0,605.0,1115.0,4.966335035199676,1.2669476034873244,0.6931471805599453,7.017506142941256,6.406879986069314,2.6739483914241875
POND,ASSAM,2022,25.0,6.300000000000001,7.15,67.0,2.3,1.05,540.0,635.0,4.219507705176107,1.1939224684724346,0.7178397931503169,6.455198563340122,6.293419278846481,2.5099800796022267
POND,ASSAM,2022,27.0,7.05,7.5,230.0,2.5,0.9500000000000001,620.0,1205.0,5.442417710521793,1.252762968495368,0.6678293725756554,7.095064377287131,6.431331081933479,2.6551836094703507
POND,ASSAM,2022,24.5,6.5,7.35,81.0,2.25,0.95,515.0,730.0,4.406719247264253,1.1786549963416462,0.6678293725756554,6.594413459749778,6.246106765481563,2.5495097567963922
POND,ASSAM,2022,26.0,6.75,7.45,388.0,2.5999999999999996,1.2000000000000002,650.0,1500.0,5.963579343618446,1.2809338454620642,0.7884573603642703,7.313886831633462,6.478509642208569,2.598076211353316
POND,ASSAM,2022,30.0,4.85,7.25,92.0,2.45,1.5,515.0,1205.0,4.532599493153256,1.2383742310432684,0.9162907318741551,7.095064377287131,6.246106765481563,2.202271554554524
POND,ASSAM,2022,26.5,6.050000000000001,7.05,77.5,4.45,0.9,450.0,635.0,4.363098624788363,1.6956156086751528,0.6418538861723948,6.455198563340122,6.111467339502679,2.459674775249769
POND,ASSAM,2022,26.0,7.1,7.4,291.5,2.55,1.05,460.0,1060.0,5.678464666671911,1.2669476034873244,0.7178397931503169,6.966967138613983,6.133398042996649,2.6645825188948455
POND,ASSAM,2022,23.5,4.6,7.15,146.0,2.5999999999999996,1.05,515.0,1105.0,4.990432586778736,1.2809338454620642,0.7178397931503169,7.00850518208228,6.246106765481563,2.1447610589527217
POND,ASSAM,2022,30.5,4.95,7.35,110.0,2.6,1.25,515.0,1550.0,4.709530201312334,1.2809338454620642,0.8109302162163288,7.346655163176539,6.246106765481563,2.224859546128699
POND,ASSAM,2022,30.5,4.75,7.300000000000001,113.5,2.35,1.4500000000000002,510.0,1065.0,4.740574822994295,1.208960345836975,0.8960880245566357,6.97166860472579,6.236369590203704,2.179449471770337
POND,ASSAM,2022,27.0,5.800000000000001,7.5,103.0,2.3,1.1,605.0,1310.0,4.6443908991413725,1.1939224684724346,0.7419373447293773,7.1785454837637,6.406879986069314,2.4083189157584592
POND,ASSAM,2022,26.0,6.050000000000001,7.2,71.0,1.75,4.4,605.0,1060.0,4.276666119016055,1.0116009116784799,1.6863989535702288,6.966967138613983,6.406879986069314,2.459674775249769
POND,ASSAM,2022,23.5,6.800000000000001,7.3,400.5,2.5999999999999996,1.25,515.0,1300.0,5.995207533386816,1.2809338454620642,0.8109302162163288,7.170888478512505,6.246106765481563,2.6076809620810595
POND,ASSAM,2022,25.0,6.15,7.1,88.0,2.55,1.0499999999999998,605.0,1115.0,4.48863636973214,1.2669476034873244,0.7178397931503168,7.017506142941256,6.406879986069314,2.479919353527449
POND,ASSAM,2022,27.0,6.1,7.25,81.0,2.45,1.05,540.0,1180.0,4.406719247264253,1.2383742310432684,0.7178397931503169,7.074116816197362,6.293419278846481,2.4698178070456938
WETLAND,ASSAM,2022,29.5,4.9,7.3,176.5,2.35,1.4,510.0,905.0,5.178970608915471,1.208960345836975,0.8754687373538999,6.80903930604298,6.236369590203704,2.2135943621178655
WETLAND,ASSAM,2022,30.0,5.1,7.4,179.0,2.3,1.3,515.0,1115.0,5.19295685089021,1.1939224684724346,0.832909122935104,7.017506142941256,6.246106765481563,2.258317958127243
LAKE,BIHAR,2022,21.5,5.85,7.6,306.5,3.8,0.365,65700.0,176300.0,5.728475087246572,1.5686159179138452,0.31115442863692305,12.07994804051962,11.092869425057021,2.4186773244895647
LAKE,BIHAR,2022,22.5,10.35,7.85,786.0,15.75,0.37,85135.0,175550.0,6.668228248417403,2.8183982582710754,0.31481073984003355,12.07568487796315,11.35200525683615,3.2171415884290826
LAKE,BIHAR,2022,24.0,8.75,7.9,663.0,6.9,0.49,80115.0,80165.0,6.498282149476434,2.066862759472976,0.3987761199573678,11.291854763816948,11.291230863421124,2.958039891549808
POND,BIHAR,2022,25.5,10.2,7.8999999999999995,847.0,8.0,0.365,47150.0,81650.0,6.742880635791903,2.1972245773362196,0.31115442863692305,11.31020934572104,10.76111049674444,3.1937438845342623
POND,BIHAR,2022,23.5,10.35,7.85,615.5,6.8,0.32499999999999996,120650.0,271750.0,6.424058322604399,2.0541237336955462,0.2814124594381855,12.51264148482949,11.700657359456459,3.2171415884290826
LAKE,"CHANDIGAR
H",2022,25.0,9.35,7.9,242.5,2.8,1.4,4613.5,8085.0,5.495116942522644,1.33500106673234,0.8754687373538999,8.997889450200717,8.436958798705632,3.057776970284131
POND,"CHHATTISGA
RH",2022,27.5,6.95,8.0,2432.0,24.4,0.6799999999999999,95.0,140.0,7.796880342783522,3.2347491740244907,0.5187937934151675,4.948759890378168,4.564348191467836,2.6362852652928135
LAKE,GOA,2022,29.5,5.45,6.6,104.0,1.75,0.32,1220.0,1925.0,4.653960350157523,1.0116009116784799,0.2776317365982795,7.563200592358071,7.107425474110705,2.3345235059857505
LAKE,GOA,2022,28.0,6.1,6.8,43.5,1.35,0.47,179.0,278.5,3.7954891891721947,0.8544153281560676,0.3852624007906449,5.633002292595154,5.19295685089021,2.4698178070456938
LAKE,GOA,2022,29.5,5.6,6.8,149.0,3.0,0.33,1445.0,2145.0,5.0106352940962555,1.3862943611198906,0.2851789422336624,7.671360923190644,7.27655640271871,2.3664319132398464
LAKE,GOA,2022,28.5,7.55,7.5,998.5,1.55,1.27,2000.0,2550.0,6.907255153940455,0.9360933591703349,0.8197798314933114,7.844240718141811,7.601402334583733,2.7477263328068173
LAKE,GOA,2022,29.5,4.15,6.6,46.0,14.55,0.33499999999999996,1945.0,2820.0,3.8501476017100584,2.744060638625243,0.28893129185221283,7.944846711001996,7.57353126274595,2.0371548787463363
LAKE,GOA,2022,28.5,7.75,6.9,104.0,1.5,0.32,1445.0,2800.0,4.653960350157523,0.9162907318741551,0.2776317365982795,7.937731775260109,7.27655640271871,2.7838821814150108
LAKE,GOA,2022,28.5,7.3,6.6,48.0,1.45,0.32,1800.0,2500.0,3.8918202981106265,0.8960880245566356,0.2776317365982795,7.824445930877619,7.496097345175956,2.701851217221259
LAKE,GOA,2022,29.5,5.45,6.800000000000001,176.5,8.6,0.32,1315.0,2865.0,5.178970608915471,2.2617630984737906,0.2776317365982795,7.960672608388117,7.182352111885263,2.3345235059857505
LAKE,GOA,2022,27.5,3.15,6.85,321.5,4.2,1.64,3600.0,5150.0,5.776103136235827,1.6486586255873816,0.9707789171582248,8.546946149565585,8.188966863648876,1.7748239349298849
LAKE,GOA,2022,28.5,7.4,6.85,69.5,1.25,0.32,635.0,995.0,4.255612709818223,0.8109302162163288,0.2776317365982795,6.903747257584598,6.455198563340122,2.7202941017470885
LAKE,GUJARAT,2022,28.0,6.85,8.15,448.0,1.0,1.795,3.0,16.0,6.1070228877422545,0.6931471805599453,1.0278321066070624,2.833213344056216,1.3862943611198906,2.6172504656604803
LAKE,GUJARAT,2022,26.5,4.95,7.7,2410.0,7.0,0.555,182.0,317.0,7.787796878181171,2.0794415416798357,0.4414755456311975,5.762051382780177,5.209486152841421,2.224859546128699
LAKE,GUJARAT,2022,28.5,4.9,7.9,590.0,6.6,0.5800000000000001,545.0,1070.0,6.3818160174060985,2.028148247292285,0.4574248470388755,6.976348070447749,6.302618975744905,2.2135943621178655
LAKE,GUJARAT,2022,30.0,5.4,8.600000000000001,1985.0,2.55,1.055,469.0,855.0,7.593877844605118,1.2669476034873244,0.7202758479481979,6.752270376141742,6.152732694704104,2.32379000772445
LAKE,GUJARAT,2022,29.0,5.15,8.1,653.5,2.45,0.49,180.5,325.0,6.483871585349955,1.2383742310432684,0.3987761199573678,5.786897381366708,5.201255653704905,2.2693611435820435
LAKE,GUJARAT,2022,27.0,5.65,7.8,680.0,2.55,0.375,5.5,18.5,6.523562306149512,1.2669476034873244,0.3184537311185346,2.970414465569701,1.8718021769015913,2.3769728648009427
LAKE,GUJARAT,2022,27.0,5.7,8.55,3297.0,13.6,0.66,730.0,1260.0,8.101071503119543,2.681021528714291,0.5068176023684519,7.13966033596492,6.594413459749778,2.3874672772626644
LAKE,GUJARAT,2022,27.5,6.9,7.6499999999999995,1300.0,2.05,0.255,210.0,545.0,7.170888478512505,1.1151415906193203,0.2271355725837472,6.302618975744905,5.351858133476067,2.6267851073127395
LAKE,GUJARAT,2022,26.5,4.9,7.4,670.0,1.35,0.33999999999999997,5.5,23.5,6.508769136971682,0.8544153281560676,0.29266961396281993,3.1986731175506815,1.8718021769015913,2.2135943621178655
LAKE,GUJARAT,2022,29.5,3.55,8.75,3840.0,18.85,0.55,484.5,885.0,8.253488028345904,2.9882040071331994,0.4382549309311553,6.786716950605081,6.18517928773138,1.8841443681416772
LAKE,GUJARAT,2022,28.0,7.45,7.65,428.0,1.05,0.3,2.0,9.0,6.061456918928017,0.7178397931503169,0.262364264467491,2.302585092994046,1.0986122886681098,2.7294688127912363
LAKE,GUJARAT,2022,26.5,6.9,7.75,721.0,2.2,0.345,19.0,49.5,6.582025138892826,1.1631508098056809,0.2963940130538024,3.9219733362813143,2.995732273553991,2.6267851073127395
LAKE,GUJARAT,2022,28.5,6.05,8.55,827.0,2.25,2.35,151.5,260.0,6.71901315438526,1.1786549963416462,1.208960345836975,5.564520407322694,5.0271645960474665,2.4596747752497685
LAKE,GUJARAT,2022,29.0,4.5,8.1,2123.0,16.05,0.62,466.0,823.5,7.66105638236183,2.8361502037295256,0.4824261492442927,6.714777141999654,6.1463292576688975,2.1213203435596424
LAKE,GUJARAT,2022,28.0,5.5,8.15,560.0,1.8,0.85,78.5,175.0,6.329720905522696,1.0296194171811581,0.6151856390902334,5.170483995038151,4.375757021660286,2.345207879911715
POND,GUJARAT,2022,29.0,7.3999999999999995,8.15,442.5,1.5,0.33999999999999997,7.0,29.0,6.094697801749634,0.9162907318741551,0.29266961396281993,3.4011973816621555,2.0794415416798357,2.7202941017470885
POND,GUJARAT,2022,28.0,7.550000000000001,7.95,1072.5,1.6,0.35,9.5,30.5,6.978679617318836,0.9555114450274363,0.3001045924503381,3.449987545831587,2.3513752571634776,2.7477263328068173
LAKE,HARYANA,2022,26.0,7.85,7.6,296.5,3.35,0.3,150.0,850.0,5.695414224985685,1.4701758451005926,0.262364264467491,6.7464121285733745,5.017279836814924,2.80178514522438
LAKE,HARYANA,2022,26.0,7.0,7.8,345.5,2.8,0.3,400.0,1100.0,5.847882818629958,1.33500106673234,0.262364264467491,7.00397413672268,5.993961427306569,2.6457513110645907
LAKE,HARYANA,2022,21.5,6.7,7.15,1160.0,7.0,1.4000000000000001,5000.0,22500.0,7.057036981697891,2.0794415416798357,0.8754687373539,10.021315031649332,8.517393171418904,2.588435821108957
LAKE,HARYANA,2022,20.0,7.0,7.2,965.0,6.5,1.8,2475.0,6700.0,6.873163834212518,2.0149030205422647,1.0296194171811581,8.81001204797317,7.814399633804487,2.6457513110645907
POND,HARYANA,2022,26.0,7.5,7.6,609.5,2.7,0.3,200.0,700.0,6.414278293550759,1.308332819650179,0.262364264467491,6.55250788703459,5.303304908059076,2.7386127875258306
LAKE,"HIMACHAL 
PRADESH",2022,19.0,9.1,8.05,407.5,1.0,0.9700000000000001,317.0,1070.0,6.012491914300058,0.6931471805599453,0.6780335427498971,6.976348070447749,5.762051382780177,3.0166206257996713
LAKE,"HIMACHAL 
PRADESH",2022,15.0,7.7,7.35,112.5,1.0,2.485,66.0,807.0,4.7318028369214575,0.6931471805599453,1.2484680442124871,6.694562058521095,4.204692619390966,2.7748873851023217
LAKE,"HIMACHAL 
PRADESH",2022,21.5,7.4,8.05,528.0,1.8,0.615,78.0,260.0,6.270988431858299,1.0296194171811581,0.47933495667461984,5.564520407322694,4.3694478524670215,2.7202941017470885
LAKE,"HIMACHAL 
PRADESH",2022,18.0,7.300000000000001,7.9,249.0,2.3,2.075,865.0,1260.0,5.521460917862246,1.1939224684724346,1.1233049012584813,7.13966033596492,6.763884908562435,2.701851217221259
LAKE,KARNATAKA,2022,25.0,3.5,6.95,1221.0,16.5,3.45,4395.0,81750.0,7.108244139731541,2.8622008809294686,1.4929040961781488,11.311433321100587,8.388450315523512,1.8708286933869707
LAKE,KARNATAKA,2022,25.0,5.550000000000001,7.3,795.5,6.5,2.9,2565.0,47750.0,6.680227129350103,2.0149030205422647,1.3609765531356006,10.773755288097965,7.850103545175582,2.3558437978779496
LAKE,KARNATAKA,2022,25.0,3.15,7.5,944.5,24.5,6.3,17350.0,187000.0,6.851713888098512,3.2386784521643803,1.9878743481543455,12.138869243416009,9.761405420601672,1.7748239349298849
LAKE,KARNATAKA,2022,24.5,3.3,7.35,732.5,38.5,2.55,3524.5,80270.0,6.597827597583036,3.676300671907076,1.2669476034873244,11.293163689002427,8.167777549159096,1.816590212458495
LAKE,KARNATAKA,2022,25.0,5.0,6.699999999999999,648.0,10.5,2.5,6155.0,84600.0,6.47543271670409,2.4423470353692043,1.252762968495368,11.345701365855424,8.72518249495877,2.23606797749979
LAKE,KARNATAKA,2022,25.0,4.4,7.15,1196.5,12.0,4.355,10615.0,176750.0,7.08799132928507,2.5649493574615367,1.6780307038997122,12.082497241451442,9.270117576012044,2.0976176963403033
LAKE,KARNATAKA,2022,29.5,5.95,8.55,1145.0,72.5,3.85,50850.0,163950.0,7.044032897274685,4.297285406218791,1.5789787049493917,12.007322881674748,10.836655066966722,2.4392621835300936
LAKE,KARNATAKA,2022,25.0,3.4,7.4,670.5,7.5,2.105,16165.0,271750.0,6.509514015963292,2.1400661634962708,1.133013715385442,12.51264148482949,9.69066555029379,1.8439088914585775
LAKE,KARNATAKA,2022,25.0,5.25,7.2,451.5,5.5,1.3599999999999999,6115.0,47200.0,6.114787763139981,1.8718021769015913,0.8586616190375187,10.762170357789895,8.718663567048953,2.29128784747792
LAKE,KARNATAKA,2022,25.0,5.05,7.75,683.0,7.0,5.515,3565.0,28200.0,6.52795791762255,2.0794415416798357,1.8741072105768084,10.247112717290387,8.179199798423086,2.247220505424423
LAKE,KARNATAKA,2022,25.0,3.25,6.949999999999999,1015.0,17.0,3.6500000000000004,55165.0,801200.0,6.923628628138427,2.8903717578961645,1.536867219599265,13.59386713090083,10.918102100465982,1.8027756377319946
LAKE,KARNATAKA,2022,31.5,6.8500000000000005,8.4,708.0,3.2,12.385,920.0,1600.0,6.5638555265321274,1.4350845252893227,2.594134676972316,7.3783837129967145,6.825460036255307,2.6172504656604803
LAKE,KARNATAKA,2022,25.0,4.449999999999999,7.0,1058.5,12.5,10.465,23013.0,270110.0,6.965552377708354,2.6026896854443837,2.439298916309868,12.506588264608604,10.043858005383404,2.1095023109728985
LAKE,KARNATAKA,2022,25.0,3.5,7.0,1254.0,42.5,4.4,15670.0,271200.0,7.134890851565884,3.7727609380946383,1.6863989535702288,12.510615522357213,9.659567149523216,1.8708286933869707
LAKE,KARNATAKA,2022,25.0,6.0,7.5,793.0,5.5,4.234999999999999,6115.0,81750.0,6.677083461247136,1.8718021769015913,1.6553668443225,11.311433321100587,8.718663567048953,2.449489742783178
LAKE,KARNATAKA,2022,25.0,5.15,7.55,841.0,7.0,8.925,6105.0,81750.0,6.7357800142423265,2.0794415416798357,2.295056826573254,11.311433321100587,8.717027173294824,2.2693611435820435
LAKE,KARNATAKA,2022,25.0,3.0,8.1,1018.5,11.0,2.82,1700.0,9000.0,6.92706759001451,2.4849066497880004,1.3402504226184837,9.105090961257085,7.438971592395862,1.7320508075688772
LAKE,KARNATAKA,2022,25.0,4.5,7.3,637.0,9.5,2.28,13610.0,121200.0,6.45833828334479,2.3513752571634776,1.1878434223960523,11.705205603408396,9.518633568332074,2.1213203435596424
LAKE,KARNATAKA,2022,25.0,3.45,6.9,357.5,5.5,1.25,7665.0,81750.0,5.881928660039675,1.8718021769015913,0.8109302162163288,11.311433321100587,8.9445502459405,1.857417562100671
LAKE,KARNATAKA,2022,25.0,5.15,7.05,413.5,6.5,4.405,15585.0,271750.0,6.02707297457535,2.0149030205422647,1.6873244510911716,12.51264148482949,9.654128354403506,2.2693611435820435
LAKE,KARNATAKA,2022,24.5,5.0,7.449999999999999,928.5,9.5,3.5,15655.0,272700.0,6.834646807161499,2.3513752571634776,1.5040773967762742,12.516131235860326,9.658609509075912,2.23606797749979
LAKE,KARNATAKA,2022,25.0,3.85,7.15,934.5,39.5,2.62,3235.0,81200.0,6.841081145714145,3.7013019741124933,1.2864740258376797,11.304682841344873,8.082093278178382,1.9621416870348585
LAKE,KARNATAKA,2022,25.0,5.449999999999999,7.25,794.0,7.0,2.55,3974.0,46800.0,6.678342114654332,2.0794415416798357,1.2669476034873244,10.753659849198824,8.287780027088433,2.33452350598575
LAKE,KARNATAKA,2022,25.0,3.35,7.1,954.5,11.5,2.75,31635.0,271200.0,6.862234763680328,2.5257286443082556,1.3217558399823195,12.510615522357213,10.362050991639308,1.8303005217723127
LAKE,KARNATAKA,2022,25.0,5.35,7.55,433.5,7.0,1.85,350200.0,2701750.0,6.074195944705447,2.0794415416798357,1.0473189942805592,14.809410639295814,12.766262554340948,2.3130067012440754
LAKE,KARNATAKA,2022,25.0,3.4499999999999997,7.25,1169.0,21.0,7.05,16665.0,177700.0,7.064759027791802,3.091042453358316,2.0856720914304723,12.087857641588924,9.721125994942152,1.857417562100671
LAKE,KARNATAKA,2022,22.5,5.5,8.65,1234.5,4.5,3.33,1400.0,6400.0,7.119231025428665,1.7047480922384253,1.4655675420143985,8.764209507142004,7.244941546337007,2.345207879911715
LAKE,KARNATAKA,2022,25.0,5.8,7.05,611.0,5.0,1.6,4005.0,81200.0,6.416732282512326,1.791759469228055,0.9555114450274363,11.304682841344873,8.295548516225763,2.4083189157584592
LAKE,KARNATAKA,2022,25.0,5.699999999999999,6.8,225.0,5.0,0.68,4830.0,81750.0,5.420534999272286,1.791759469228055,0.5187937934151675,11.311433321100587,8.482808764554406,2.3874672772626644
LAKE,KARNATAKA,2022,29.0,5.2,8.4,858.5,13.0,2.415,750.0,1751.0,6.756350824822904,2.6390573296152584,1.2281774930227534,7.468513271496337,6.621405651764134,2.280350850198276
LAKE,KARNATAKA,2022,25.0,4.65,7.1,790.0,12.0,2.045,7585.0,81200.0,6.673297967767654,2.5649493574615367,1.1135009011618604,11.304682841344873,8.934059722248843,2.1563858652847827
LAKE,KARNATAKA,2022,26.0,6.55,7.7,505.0,2.3,0.3,205.0,1350.0,6.226536669287466,1.1939224684724346,0.262364264467491,7.208600337960199,5.327876168789581,2.5592967784139455
LAKE,KARNATAKA,2022,25.0,5.5,7.55,625.5,9.5,3.15,2235.0,47200.0,6.440148774336123,2.3513752571634776,1.423108334242607,10.762170357789895,7.71244383427499,2.345207879911715
LAKE,KARNATAKA,2022,25.0,5.5,6.8,314.0,4.0,1.745,4600.0,35000.0,5.752572638825633,1.6094379124341003,1.009781074961494,10.463131911491967,8.434028950155469,2.345207879911715
LAKE,KARNATAKA,2022,24.5,4.550000000000001,7.2,867.5,17.0,6.9,7150.0,92000.0,6.766767585681159,2.8903717578961645,2.066862759472976,11.429554725537322,8.875007486048396,2.1330729007701543
LAKE,KARNATAKA,2022,25.0,5.6,6.9,406.0,4.0,1.4,220.0,2400.0,6.008813185442595,1.6094379124341003,0.8754687373538999,7.783640596221253,5.3981627015177525,2.3664319132398464
LAKE,KARNATAKA,2022,25.0,3.25,7.0,1641.5,35.0,9.035,21570.0,461750.0,7.403974750358765,3.58351893845611,2.3060789822483017,13.042781063733207,9.979105098994717,1.8027756377319946
LAKE,KARNATAKA,2022,25.0,3.4,7.6,1244.5,24.5,8.8,171100.0,1212000.0,7.127292334702235,3.2386784521643803,2.2823823856765264,14.007783270693565,12.050009304398564,1.8439088914585775
LAKE,KARNATAKA,2022,25.0,5.05,7.25,676.5,7.0,2.36,20665.0,121750.0,6.518409552753856,2.0794415416798357,1.2119409739751128,11.709733254463467,9.9362451167743,2.247220505424423
LAKE,KARNATAKA,2022,25.0,2.6999999999999997,7.3,1869.0,56.0,10.5,47195.0,272700.0,7.533693709848633,4.04305126783455,2.4423470353692043,12.516131235860326,10.76206442221981,1.6431676725154982
LAKE,KARNATAKA,2022,25.0,3.05,6.9,2090.5,42.5,28.25,110215.0,1752700.0,7.645636790882253,3.7727609380946383,3.3758795736778655,14.376668584609401,11.610197355724434,1.746424919657298
LAKE,KARNATAKA,2022,24.5,4.8,7.3999999999999995,604.0,7.5,4.05,4285.0,81750.0,6.405228458030842,2.1400661634962708,1.6193882432872684,11.311433321100587,8.363109176033522,2.1908902300206643
LAKE,KARNATAKA,2022,24.0,7.25,7.65,591.5,4.1,0.87,174.0,377.0,6.384350873009287,1.62924053973028,0.6259384308664953,5.934894195619588,5.1647859739235145,2.692582403567252
LAKE,KARNATAKA,2022,23.0,5.95,8.3,366.0,2.5,10.99,635.0,1260.0,5.905361848054571,1.252762968495368,2.4840729690394228,7.13966033596492,6.455198563340122,2.4392621835300936
LAKE,KARNATAKA,2022,25.0,4.1000000000000005,7.15,698.5,10.5,2.45,4365.0,81200.0,6.550365794105536,2.4423470353692043,1.2383742310432684,11.304682841344873,8.38160253710989,2.024845673131659
LAKE,KARNATAKA,2022,25.0,4.7,6.85,730.5,17.5,2.45,6135.0,81750.0,6.595097220460179,2.917770732084279,1.2383742310432684,11.311433321100587,8.721928343047091,2.16794833886788
LAKE,KARNATAKA,2022,27.5,6.75,7.8,462.5,2.15,1.75,92.0,347.0,6.13880638500591,1.1474024528375417,1.0116009116784799,5.8522024797744745,4.532599493153256,2.598076211353316
LAKE,KARNATAKA,2022,25.0,4.65,7.15,828.0,10.5,2.45,3989.5,46800.0,6.720220155135295,2.4423470353692043,1.2383742310432684,10.753659849198824,8.291671815316064,2.1563858652847827
LAKE,KARNATAKA,2022,28.5,6.25,8.6,598.0,3.25,1.47,750.0,5300.0,6.395261598115449,1.4469189829363254,0.9042181506398859,8.575650760987806,6.621405651764134,2.5
LAKE,KARNATAKA,2022,25.0,5.45,7.15,979.0,6.0,3.495,2455.0,81200.0,6.887552571664617,1.9459101490553132,1.5029656679235837,11.304682841344873,7.806289289267033,2.3345235059857505
LAKE,KARNATAKA,2022,26.5,7.9,8.05,305.0,1.8,1.2999999999999998,45.0,205.0,5.723585101952381,1.0296194171811581,0.8329091229351039,5.327876168789581,3.828641396489095,2.8106938645110393
LAKE,KARNATAKA,2022,24.5,5.35,8.3,1214.5,4.5,2.62,770.0,6850.0,7.102910793756178,1.7047480922384253,1.2864740258376797,8.832149906002899,6.647688373563329,2.3130067012440754
LAKE,KARNATAKA,2022,25.0,4.25,7.15,1273.5,28.0,4.21,4330.0,84600.0,7.15030922381617,3.367295829986474,1.6505798557652755,11.345701365855424,8.373553741214627,2.0615528128088303
LAKE,KARNATAKA,2022,25.0,5.05,7.2,610.5,9.0,2.36,5565.0,47200.0,6.415914955127227,2.302585092994046,1.2119409739751128,10.762170357789895,8.624431942085836,2.247220505424423
LAKE,KARNATAKA,2022,25.0,3.05,7.35,1202.5,17.0,3.515,470200.0,4601750.0,7.092989257223127,2.8903717578961645,1.5074051868689489,15.341947441203578,13.060915541840417,1.746424919657298
LAKE,KARNATAKA,2022,25.0,4.85,7.35,692.0,17.1,2.2,2465.0,81750.0,6.541029999189903,2.89591193827178,1.1631508098056809,11.311433321100587,7.81035268372429,2.202271554554524
LAKE,KARNATAKA,2022,25.0,5.5,7.6499999999999995,503.5,6.5,5.550000000000001,2555.0,81200.0,6.223567839793664,2.0149030205422647,1.8794650496471608,11.304682841344873,7.846198815497425,2.345207879911715
LAKE,KARNATAKA,2022,25.0,3.5,6.95,733.0,59.5,1.96,2565.0,81750.0,6.598509028614515,4.102643365036796,1.085189268335969,11.311433321100587,7.850103545175582,1.8708286933869707
LAKE,KARNATAKA,2022,24.5,4.75,7.3999999999999995,564.0,11.0,2.45,11615.0,121200.0,6.336825731146441,2.4849066497880004,1.2383742310432684,11.705205603408396,9.360138737064577,2.179449471770337
LAKE,KARNATAKA,2022,24.5,6.949999999999999,7.3999999999999995,967.5,4.0,1.15,99.5,205.0,6.875748482847051,1.6094379124341003,0.7654678421395714,5.327876168789581,4.61015772749913,2.6362852652928135
LAKE,KARNATAKA,2022,25.0,2.6999999999999997,7.05,1403.5,35.5,4.41,6065.0,47200.0,7.2474366465442985,3.597312260588446,1.6882490928583902,10.762170357789895,8.710454688248527,1.6431676725154982
LAKE,KARNATAKA,2022,24.5,6.550000000000001,7.6499999999999995,747.5,3.75,0.865,104.0,209.5,6.618071203859683,1.55814461804655,0.6232610530957788,5.349485653122436,4.653960350157523,2.5592967784139455
LAKE,KARNATAKA,2022,24.5,3.05,7.25,1185.0,15.0,5.0,240115.0,1751750.0,7.078341579557671,2.772588722239781,1.791759469228055,14.376126417090331,12.38887741888953,1.746424919657298
LAKE,KARNATAKA,2022,25.0,4.6,7.1,863.5,6.5,6.975,13740.0,121750.0,6.7621513051233455,2.0149030205422647,2.076311648670908,11.709733254463467,9.528139343331775,2.1447610589527217
LAKE,KARNATAKA,2022,25.0,4.65,7.0,746.0,7.5,2.34,4315.0,81200.0,6.616065185132817,2.1400661634962708,1.205970806988609,11.304682841344873,8.370084326378025,2.1563858652847827
LAKE,KARNATAKA,2022,24.5,4.65,7.05,560.0,13.5,1.6500000000000001,16085.0,271200.0,6.329720905522696,2.6741486494265287,0.9745596399981309,12.510615522357213,9.685704607464015,2.1563858652847827
LAKE,KARNATAKA,2022,25.0,3.7,7.3999999999999995,1003.5,19.0,3.375,23670.0,274600.0,6.9122451842549895,2.995732273553991,1.4759065198095778,12.523074413969974,10.07200594918639,1.9235384061671346
LAKE,KARNATAKA,2022,25.0,2.35,7.0,1286.5,72.5,18.5,135230.0,1201750.0,7.1604576325378915,4.297285406218791,2.970414465569701,13.999290217875686,11.814739706248908,1.5329709716755893
LAKE,KARNATAKA,2022,25.0,4.1,7.35,671.0,9.0,2.29,3235.0,28200.0,6.51025834052315,2.302585092994046,1.1908875647772805,10.247112717290387,8.082093278178382,2.0248456731316584
LAKE,KARNATAKA,2022,25.0,6.4,7.6000000000000005,554.0,6.5,2.0,3635.0,81200.0,6.318968113746434,2.0149030205422647,1.0986122886681098,11.304682841344873,8.19863945529737,2.5298221281347035
LAKE,KARNATAKA,2022,24.5,6.449999999999999,7.800000000000001,410.0,2.25,0.3,230.0,1400.0,6.018593214496234,1.1786549963416462,0.262364264467491,7.244941546337007,5.442417710521793,2.539685019840059
LAKE,KARNATAKA,2022,25.0,4.25,7.550000000000001,1530.0,13.0,4.19,20085.0,271750.0,7.333676395657684,2.6390573296152584,1.6467336971777973,12.51264148482949,9.907778333953285,2.0615528128088303
LAKE,KARNATAKA,2022,25.0,3.35,7.7,820.0,21.0,4.3,31705.0,274600.0,6.710523109452428,3.091042453358316,1.667706820558076,12.523074413969974,10.364261216403174,1.8303005217723127
LAKE,KARNATAKA,2022,24.0,5.949999999999999,8.15,771.0,4.45,2.1799999999999997,1240.0,6250.0,6.648984550024776,1.6956156086751528,1.1568811967920853,8.740496729931813,7.123672785204607,2.4392621835300936
LAKE,KARNATAKA,2022,25.0,2.5,7.699999999999999,1223.5,20.0,7.7,17165.0,271200.0,7.110287876392222,3.044522437723423,2.163323025660538,12.510615522357213,9.750685962278165,1.5811388300841898
LAKE,KARNATAKA,2022,25.0,4.6,7.15,655.0,6.0,6.46,5605.0,47750.0,6.486160788944089,1.9459101490553132,2.0095554142156695,10.773755288097965,8.631592731724734,2.1447610589527217
LAKE,KARNATAKA,2022,25.0,5.550000000000001,7.55,1153.5,5.5,12.565,4770.0,81200.0,7.05142262879455,1.8718021769015913,2.607492946110895,11.304682841344873,8.470311205516108,2.3558437978779496
LAKE,KARNATAKA,2022,24.0,6.1,7.75,878.0,4.6,1.03,231.0,487.5,6.778784897685177,1.7227665977411035,0.708035793053696,6.191339471482838,5.44673737166631,2.4698178070456938
LAKE,KARNATAKA,2022,25.0,3.7,7.85,323.0,15.0,2.45,20315.0,177700.0,5.780743515792329,2.772588722239781,1.2383742310432684,12.087857641588924,9.919164031921136,1.9235384061671346
LAKE,KARNATAKA,2022,25.0,3.6999999999999997,8.3,327.0,10.7,1.0,47230.0,272700.0,5.793013608384144,2.4595888418037104,0.6931471805599453,12.516131235860326,10.762805735649291,1.9235384061671343
LAKE,KARNATAKA,2022,25.0,7.199999999999999,7.75,910.5,3.55,1.085,119.0,261.0,6.815091594118718,1.5151272329628591,0.7347688552507647,5.568344503761097,4.787491742782046,2.6832815729997477
LAKE,KARNATAKA,2022,25.0,3.1999999999999997,7.550000000000001,340.0,72.5,2.625,42135.0,464600.0,5.831882477283517,4.297285406218791,1.2878542883066382,13.048934251705282,10.648657761163225,1.7888543819998317
LAKE,KARNATAKA,2022,25.0,4.1,6.9,1036.5,27.0,3.47,7524.5,80175.0,6.944569252104853,3.332204510175204,1.4973884086254776,11.291979497199506,8.926052532592417,2.0248456731316584
LAKE,KARNATAKA,2022,25.0,2.75,7.0,1252.5,47.0,3.425,110155.0,1202700.0,7.133694917598348,3.871201010907891,1.4872702784598928,14.000080418760906,11.609652821922658,1.6583123951777
LAKE,KARNATAKA,2022,25.0,4.65,7.5,933.5,13.0,3.135,1170.0,18700.0,6.840011626895618,2.6390573296152584,1.4194873284756546,9.83633227734872,7.065613363597717,2.1563858652847827
LAKE,KARNATAKA,2022,25.0,5.25,7.55,1075.5,7.5,4.06,3655.0,47750.0,6.981470316804418,2.1400661634962708,1.6213664832993742,10.773755288097965,8.204124932574041,2.29128784747792
LAKE,KARNATAKA,2022,24.0,2.6,8.149999999999999,1041.5,16.5,3.1799999999999997,1720.0,9450.0,6.949376953672957,2.8622008809294686,1.430311246536665,9.153875834995056,7.450660796211539,1.61245154965971
POND,KARNATAKA,2022,25.5,5.6,8.75,1972.0,4.25,12.115,1135.0,2400.0,7.587310506022615,1.6582280766035324,2.573756613318837,7.783640596221253,7.035268599281097,2.3664319132398464
TANK,KARNATAKA,2022,23.0,4.9,7.6,1030.0,4.1,0.44999999999999996,500.0,3050.0,6.93828448401696,1.62924053973028,0.371563556432483,8.02322468471667,6.2166061010848646,2.2135943621178655
TANK,KARNATAKA,2022,25.0,4.75,7.3999999999999995,1240.0,8.5,11.42,3255.0,28750.0,7.123672785204607,2.2512917986064953,2.519308076505333,10.266427828229292,8.08825472712243,2.179449471770337
TANK,KARNATAKA,2022,26.0,1.2,7.550000000000001,738.0,35.45,10.84,1840.0,3200.0,6.6052979209482015,3.5959414584546674,2.4714836294558595,8.071218539969863,7.518064181233078,1.0954451150103321
TANK,KARNATAKA,2022,25.5,3.25,7.65,1020.0,9.8,0.8,395.0,2910.0,6.928537818164665,2.379546134130174,0.5877866649021191,7.976251943745623,5.981414211254481,1.8027756377319946
TANK,KARNATAKA,2022,23.5,6.85,7.65,365.0,2.5,0.3,247.0,2210.0,5.902633333401366,1.252762968495368,0.262364264467491,7.701200180857446,5.5134287461649825,2.6172504656604803
TANK,KARNATAKA,2022,23.5,6.6,7.949999999999999,325.0,2.3,0.3,157.0,1160.0,5.786897381366708,1.1939224684724346,0.262364264467491,7.057036981697891,5.062595033026967,2.569046515733026
TANK,KARNATAKA,2022,25.0,4.75,7.1,779.0,8.5,2.4299999999999997,4815.0,81200.0,6.659293919683638,2.2512917986064953,1.2325602611778486,11.304682841344873,8.479698986988657,2.179449471770337
TANK,KARNATAKA,2022,27.5,4.4,7.25,630.0,3.6,9.65,3270.0,27345.0,6.447305862541213,1.5260563034950492,2.365559892155434,10.216325544869028,8.092851027538384,2.0976176963403033
TANK,KARNATAKA,2022,25.0,3.25,7.5,545.0,15.5,1.6099999999999999,13655.0,278000.0,6.302618975744905,2.803360380906535,0.959350221334602,12.535379989788607,9.521934264474277,1.8027756377319946
TANK,KARNATAKA,2022,25.0,3.1999999999999997,7.2,1762.0,54.5,10.5,135085.0,1201200.0,7.47477218239787,4.0163830207523885,2.4423470353692043,13.998832447591798,11.813666891635643,1.7888543819998317
TANK,KARNATAKA,2022,25.0,4.8,6.6,379.0,8.5,1.4,55085.0,461200.0,5.940171252720432,2.2512917986064953,0.8754687373538999,13.041589235631411,10.916650879371755,2.1908902300206643
TANK,KARNATAKA,2022,25.0,5.0,7.25,361.5,12.0,2.5700000000000003,6105.0,81750.0,5.893024474294729,2.5649493574615367,1.2725655957915478,11.311433321100587,8.717027173294824,2.23606797749979
TANK,KARNATAKA,2022,25.0,3.55,7.6,619.0,29.0,3.2800000000000002,6850.0,92000.0,6.429719478039138,3.4011973816621555,1.4539530095937054,11.429554725537322,8.832149906002899,1.8841443681416772
TANK,KARNATAKA,2022,25.0,5.4,7.35,387.5,5.0,1.255,4370.0,48700.0,5.962293169807702,1.791759469228055,0.8131499729546416,10.793454842740767,8.382747094863314,2.32379000772445
TANK,KARNATAKA,2022,23.0,6.75,7.8,570.0,2.25,0.16,230.0,1650.0,6.3473892096560105,1.1786549963416462,0.1484200051182733,7.409136443920128,5.442417710521793,2.598076211353316
TANK,KARNATAKA,2022,25.0,3.2,7.449999999999999,570.5,9.5,1.845,4005.0,47200.0,6.348264483234865,2.3513752571634776,1.045563067578294,10.762170357789895,8.295548516225763,1.7888543819998317
TANK,KARNATAKA,2022,29.0,4.85,8.6,871.0,16.5,4.430000000000001,679.0,1751.0,6.77078942390898,2.8622008809294686,1.6919391339458443,7.468513271496337,6.522092798170152,2.202271554554524
TANK,KARNATAKA,2022,24.0,6.3,7.6,415.0,2.25,0.3,265.0,1750.0,6.030685260261263,1.1786549963416462,0.262364264467491,7.467942332285852,5.583496308781699,2.5099800796022267
TANK,KARNATAKA,2022,24.5,4.65,7.7,947.0,27.5,1.4,351.5,697.5,6.854354502255021,3.349904087274605,0.8754687373538999,6.5489351786970165,5.8650506222523235,2.1563858652847827
TANK,KARNATAKA,2022,25.0,3.65,6.95,712.0,45.0,2.745,4035.0,81200.0,6.569481420414296,3.828641396489095,1.320421616969183,11.304682841344873,8.3030093814735,1.91049731745428
TANK,KARNATAKA,2022,25.0,5.25,6.95,954.5,5.5,2.585,2465.0,18700.0,6.862234763680328,1.8718021769015913,1.2767584740515836,9.83633227734872,7.81035268372429,2.29128784747792
TANK,KARNATAKA,2022,24.5,5.95,7.8999999999999995,460.0,2.5,0.16,240.0,1750.0,6.133398042996649,1.252762968495368,0.1484200051182733,7.467942332285852,5.484796933490655,2.4392621835300936
TANK,KARNATAKA,2022,25.0,2.9499999999999997,7.85,1395.5,20.0,8.95,135165.0,1201750.0,7.241724385385232,3.044522437723423,2.2975725511705014,13.999290217875686,11.814258931674841,1.7175564037317668
TANK,KARNATAKA,2022,25.5,3.85,7.6,2640.0,5.25,1.05,216.5,1495.0,7.878912912297133,1.8325814637483102,0.7178397931503169,7.310550158534422,5.382198850528739,1.9621416870348585
TANK,KARNATAKA,2022,25.0,5.95,8.350000000000001,726.0,3.0,1.8099999999999998,740.0,5200.0,6.588926477533519,1.3862943611198906,1.0331844833456543,8.556606193773073,6.608000625296087,2.4392621835300936
TANK,KARNATAKA,2022,25.0,4.45,7.3,444.5,9.5,4.4,7670.0,81200.0,6.099197246910864,2.3513752571634776,1.6863989535702288,11.304682841344873,8.945202263959297,2.1095023109728985
TANK,KARNATAKA,2022,24.5,5.5,8.1,1240.0,3.9499999999999997,0.8,246.5,2210.0,7.123672785204607,1.5993875765805987,0.5877866649021191,7.701200180857446,5.511410582008745,2.345207879911715
TANK,KARNATAKA,2022,26.5,7.0,7.85,440.0,2.2,0.3,157.0,1160.0,6.089044875446846,1.1631508098056809,0.262364264467491,7.057036981697891,5.062595033026967,2.6457513110645907
TANK,KARNATAKA,2022,25.0,3.55,7.65,728.5,17.5,2.315,39655.0,176750.0,6.592359367962841,2.917770732084279,1.1984576236378257,12.082497241451442,10.58799753970041,1.8841443681416772
TANK,KARNATAKA,2022,25.0,5.1,7.65,423.0,6.0,4.51,3235.0,47200.0,6.049733455231958,1.9459101490553132,1.706564623164823,10.762170357789895,8.082093278178382,2.258317958127243
TANK,KARNATAKA,2022,26.5,6.7,7.8,430.0,2.5,0.3,179.0,1310.0,6.066108090103747,1.252762968495368,0.262364264467491,7.1785454837637,5.19295685089021,2.588435821108957
TANK,KARNATAKA,2022,25.0,5.45,7.1,337.5,5.5,1.185,7615.0,81200.0,5.82452409235233,1.8718021769015913,0.7816158285475535,11.304682841344873,8.938006576471201,2.3345235059857505
TANK,KARNATAKA,2022,25.0,4.4,7.55,899.5,18.0,3.4050000000000002,6115.0,81200.0,6.802950164616011,2.9444389791664403,1.482740259388143,11.304682841344873,8.718663567048953,2.0976176963403033
TANK,KARNATAKA,2022,25.0,3.4,7.5,845.0,6.25,0.6,1850.0,9450.0,6.740519359606223,1.9810014688665833,0.4700036292457356,9.153875834995056,7.523481312573497,1.8439088914585775
TANK,KARNATAKA,2022,30.0,8.25,8.2,1612.5,14.0,8.76,27085.0,80250.0,7.386161011492017,2.70805020110221,2.278292400425001,11.292914501973813,10.206772268215317,2.8722813232690143
TANK,KARNATAKA,2022,26.5,7.699999999999999,8.350000000000001,1005.0,16.4,4.36,30039.5,215460.0,6.913737350659685,2.856470206220483,1.6789639750827108,12.280535197670124,10.310301750213588,2.7748873851023212
TANK,KARNATAKA,2022,30.5,7.9,8.4,1875.0,14.0,3.57,55085.0,175450.0,7.53689712956617,2.70805020110221,1.5195132049061133,12.075115080624643,10.916650879371755,2.8106938645110393
TANK,KARNATAKA,2022,25.0,3.4,7.1,1006.0,21.0,3.7,13665.0,176750.0,6.914730892718563,3.091042453358316,1.547562508716013,12.082497241451442,9.522666275340724,1.8439088914585775
TANK,KARNATAKA,2022,25.0,5.6,7.35,295.5,6.2,1.3,23085.0,271200.0,5.69204721843778,1.9740810260220096,0.832909122935104,12.510615522357213,10.046981652174857,2.3664319132398464
TANK,KARNATAKA,2022,25.0,3.55,6.9,880.0,13.5,3.8449999999999998,65315.0,1208000.0,6.78105762593618,2.6741486494265287,1.5779472453427295,14.004477485291124,11.0869923082222,1.8841443681416772
TANK,KARNATAKA,2022,25.0,7.449999999999999,7.65,394.5,2.45,0.455,18.0,48.0,5.980150787207709,1.2383742310432684,0.37500590062345585,3.8918202981106265,2.9444389791664403,2.729468812791236
TANK,KARNATAKA,2022,24.0,6.050000000000001,7.699999999999999,465.0,2.25,0.3,206.5,1310.0,6.144185634125646,1.1786549963416462,0.262364264467491,7.1785454837637,5.335131339670753,2.459674775249769
TANK,KARNATAKA,2022,27.5,7.15,7.25,177.5,3.0,1.855,47.5,277.0,5.184588601219693,1.3862943611198906,1.0490718431079735,5.627621113690637,3.8815637979434374,2.6739483914241875
TANK,KARNATAKA,2022,25.0,3.55,7.45,742.5,18.0,7.96,4865.0,81750.0,6.61136876590021,2.9444389791664403,2.192770226986839,11.311433321100587,8.490027523343468,1.8841443681416772
TANK,KARNATAKA,2022,25.0,3.3,6.75,974.5,12.5,2.975,230085.0,1752700.0,6.8829501600631655,2.6026896854443837,1.3800247481062953,14.376668584609401,12.346208431060749,1.816590212458495
TANK,KARNATAKA,2022,24.5,6.6,7.85,395.0,2.1,0.3,200.0,1350.0,5.981414211254481,1.1314021114911006,0.262364264467491,7.208600337960199,5.303304908059076,2.569046515733026
TANK,KARNATAKA,2022,27.0,7.199999999999999,7.15,261.5,2.35,1.77,13.0,28.5,5.570251082031678,1.208960345836975,1.0188473201992472,3.3843902633457743,2.6390573296152584,2.6832815729997477
TANK,KARNATAKA,2022,24.0,7.05,7.65,440.0,2.3,0.16,275.0,1900.0,6.089044875446846,1.1939224684724346,0.1484200051182733,7.550135342488429,5.62040086571715,2.6551836094703507
TANK,KARNATAKA,2022,25.0,5.85,7.2,570.0,4.5,1.975,2324.5,27120.0,6.3473892096560105,1.7047480922384253,1.0902440389975931,10.208063614530875,7.751690348664152,2.4186773244895647
TANK,KARNATAKA,2022,24.5,6.0,7.8,740.0,3.3,0.6,320.0,2400.0,6.608000625296087,1.4586150226995167,0.4700036292457356,7.783640596221253,5.771441123130016,2.449489742783178
TANK,KARNATAKA,2022,27.0,7.05,7.6000000000000005,404.0,2.3,3.08,91.5,505.0,6.003887067106539,1.1939224684724346,1.4060969884160703,6.226536669287466,4.52720864451838,2.6551836094703507
TANK,KARNATAKA,2022,28.0,6.9,7.9,1724.5,9.0,2.25,3570.0,80460.0,7.453272142538058,2.302585092994046,1.1786549963416462,11.295527873962465,8.18060094759445,2.6267851073127395
TANK,KARNATAKA,2022,25.0,2.55,7.1,2212.0,47.5,12.335,47110.0,461200.0,7.70210434005105,3.8815637979434374,2.5903921576339775,13.041589235631411,10.760261798384528,1.5968719422671311
TANK,KARNATAKA,2022,26.0,3.9,7.75,935.0,5.5,0.7000000000000001,490.0,3250.0,6.841615476477592,1.8718021769015913,0.5306282510621704,8.086717920303906,6.19644412779452,1.9748417658131499
TANK,KARNATAKA,2022,24.5,5.85,7.5,1043.0,6.6,1.49,141.5,335.0,6.950814768442584,2.028148247292285,0.9122827104766162,5.817111159963204,4.959341999708705,2.4186773244895647
TANK,KARNATAKA,2022,25.0,3.15,7.3,836.0,9.0,8.0,2465.0,47750.0,6.729824070489475,2.302585092994046,2.1972245773362196,10.773755288097965,7.81035268372429,1.7748239349298849
TANK,KARNATAKA,2022,27.0,7.65,7.9,220.0,2.0,1.45,30.0,229.5,5.3981627015177525,1.0986122886681098,0.8960880245566356,5.440250862436703,3.4339872044851463,2.7658633371878665
TANK,KARNATAKA,2022,25.0,5.0,7.65,292.5,7.5,2.835,3305.0,82700.0,5.681877639268151,2.1400661634962708,1.3441694348192195,11.322986972837104,8.10349427838097,2.23606797749979
TANK,KARNATAKA,2022,24.5,4.25,7.4,573.0,11.5,5.55,6115.0,47750.0,6.352629396319567,2.5257286443082556,1.8794650496471605,10.773755288097965,8.718663567048953,2.0615528128088303
LAKE,KERALA,2022,27.0,4.05,6.9,30.5,7.7,0.3,7550.0,400.0,3.449987545831587,2.163323025660538,0.262364264467491,5.993961427306569,8.929435283803425,2.0124611797498106
LAKE,KERALA,2022,26.5,3.15,7.15,349.5,5.4,0.3,1810.0,4400.0,5.859360706474645,1.8562979903656263,0.262364264467491,8.38958706681109,7.501634457883413,1.7748239349298849
LAKE,KERALA,2022,29.0,5.7,7.1,1152.5,1.9000000000000001,0.3,601.0,1750.0,7.050556077613808,1.0647107369924285,0.262364264467491,7.467942332285852,6.400257445308821,2.3874672772626644
LAKE,KERALA,2022,26.5,6.8,6.85,54.0,1.4,0.3,33.5,74.0,4.007333185232471,0.8754687373538999,0.262364264467491,4.31748811353631,3.5409593240373143,2.6076809620810595
LAKE,KERALA,2022,29.0,6.9,7.1,823.5,2.15,0.3,51.0,271.0,6.714777141999654,1.1474024528375417,0.262364264467491,5.605802066295998,3.9512437185814275,2.6267851073127395
LAKE,KERALA,2022,24.5,7.5,7.15,47.0,1.0,0.3,2.0,2.0,3.871201010907891,0.6931471805599453,0.262364264467491,1.0986122886681098,1.0986122886681098,2.7386127875258306
LAKE,KERALA,2022,26.5,7.35,6.8,28.5,1.0,0.3,13.0,29.0,3.3843902633457743,0.6931471805599453,0.262364264467491,3.4011973816621555,2.6390573296152584,2.711088342345192
LAKE,KERALA,2022,24.0,7.25,7.1,170.0,1.4,0.9500000000000001,135.0,415.0,5.14166355650266,0.8754687373538999,0.6678293725756554,6.030685260261263,4.912654885736052,2.692582403567252
LAKE,KERALA,2022,26.5,6.5,6.95,162.5,3.8499999999999996,0.3,1200.0,1950.0,5.096812990337308,1.5789787049493917,0.262364264467491,7.576097340623111,7.0909098220799835,2.5495097567963922
POND,KERALA,2022,27.5,6.65,7.15,177.5,1.7,3.8,301.0,501.0,5.184588601219693,0.9932517730102833,1.5686159179138452,6.218600119691729,5.71042701737487,2.5787593916455256
POND,KERALA,2022,28.5,6.55,7.4,149.5,2.25,0.44999999999999996,195.0,385.0,5.01396308418893,1.1786549963416462,0.371563556432483,5.955837369464831,5.278114659230517,2.5592967784139455
POND,KERALA,2022,28.0,7.800000000000001,7.7,51.5,1.2,0.3,320.0,445.0,3.960813169597578,0.7884573603642702,0.262364264467491,6.100318952020064,5.771441123130016,2.7928480087537886
POND,KERALA,2022,26.5,5.65,7.35,247.5,3.9000000000000004,0.3,2750.0,6500.0,5.5154428455366835,1.589235205116581,0.262364264467491,8.77971129020447,7.919719760924575,2.3769728648009427
POND,KERALA,2022,28.5,7.550000000000001,7.9,75.5,1.65,0.3,2747.0,3395.0,4.33729074083249,0.9745596399981308,0.262364264467491,8.130353547431238,7.91862865334224,2.7477263328068173
LAKE,KARNATAKA,2022,26.0,5.75,7.55,663.0,4.5,1.745,265.0,1060.0,6.498282149476434,1.7047480922384253,1.009781074961494,6.966967138613983,5.583496308781699,2.3979157616563596
POND,KERALA,2022,28.0,6.65,7.4,160.5,1.9,0.33499999999999996,87.0,380.5,5.084505142662711,1.0647107369924282,0.28893129185221283,5.9441108507245115,4.477336814478207,2.5787593916455256
POND,KERALA,2022,30.5,7.449999999999999,6.8,133.5,2.5,0.3,220.0,400.0,4.901564199041894,1.252762968495368,0.262364264467491,5.993961427306569,5.3981627015177525,2.729468812791236
LAKE,"MADHYA 
PRADESH",2022,20.5,7.3,7.8999999999999995,456.0,1.15,0.96,2.0,51.5,6.124683390894205,0.7654678421395714,0.6729444732424258,3.960813169597578,1.0986122886681098,2.701851217221259
LAKE,"MADHYA 
PRADESH",2022,21.5,6.6,7.9,483.0,2.9000000000000004,1.405,7.0,502.0,6.182084906716632,1.3609765531356008,0.8775499035577244,6.220590170099739,2.0794415416798357,2.569046515733026
LAKE,"MADHYA 
PRADESH",2022,26.0,7.25,7.35,257.0,1.2,0.67,2.0,44.5,5.552959584921617,0.7884573603642702,0.5128236264286639,3.817712325956905,1.0986122886681098,2.692582403567252
LAKE,"MADHYA 
PRADESH",2022,24.0,6.45,7.6,306.5,2.6,5.705,61.0,280.0,5.728475087246572,1.2809338454620642,1.9028535167336418,5.638354669333745,4.127134385045092,2.539685019840059
LAKE,"MADHYA 
PRADESH",2022,27.0,7.449999999999999,7.85,852.5,4.25,1.97,3.0,75.5,6.7493455422344955,1.6582280766035324,1.0885619528146082,4.33729074083249,1.3862943611198906,2.729468812791236
LAKE,"MADHYA 
PRADESH",2022,23.5,6.1,7.65,358.0,4.6000000000000005,6.3950000000000005,179.0,1260.0,5.883322388488279,1.7227665977411037,2.000804096162763,7.13966033596492,5.19295685089021,2.4698178070456938
LAKE,"MADHYA 
PRADESH",2022,25.0,7.199999999999999,7.5,551.0,2.05,0.84,4.0,44.0,6.313548046277095,1.1151415906193203,0.6097655716208943,3.8066624897703196,1.6094379124341003,2.6832815729997477
LAKE,"MADHYA 
PRADESH",2022,21.0,5.95,8.1,319.5,3.5,1.395,2.0,78.0,5.7698822763607245,1.5040773967762742,0.8733832308628786,4.3694478524670215,1.0986122886681098,2.4392621835300936
LAKE,"MADHYA 
PRADESH",2022,24.5,6.6,7.5,653.5,6.7,12.38,803.0,1600.0,6.483871585349955,2.0412203288596382,2.5937610547000824,7.3783837129967145,6.6895992691789665,2.569046515733026
LAKE,"MADHYA 
PRADESH",2022,21.0,7.15,7.7,479.0,1.45,1.08,2.0,55.5,6.173786103901937,0.8960880245566356,0.7323678937132266,4.034240638152395,1.0986122886681098,2.6739483914241875
LAKE,"MADHYA 
PRADESH",2022,21.5,6.55,7.95,458.5,3.0999999999999996,1.335,11.5,839.5,6.1301389417957415,1.410986973710262,0.8480118911208606,6.7339969528486705,2.5257286443082556,2.5592967784139455
LAKE,"MADHYA 
PRADESH",2022,23.5,6.15,7.6,274.0,1.9,3.615,15.5,270.0,5.616771097666572,1.0647107369924282,1.5293118679548154,5.602118820879701,2.803360380906535,2.479919353527449
LAKE,"MADHYA 
PRADESH",2022,24.0,6.25,7.65,257.5,1.75,2.585,17.5,280.0,5.554895693948484,1.0116009116784799,1.2767584740515836,5.638354669333745,2.917770732084279,2.5
LAKE,"MADHYA 
PRADESH",2022,24.5,7.1,7.7,245.5,1.9,2.3649999999999998,15.0,200.0,5.5073619934827445,1.0647107369924282,1.213427963096691,5.303304908059076,2.772588722239781,2.6645825188948455
LAKE,"MADHYA 
PRADESH",2022,24.0,6.8,7.6,258.0,1.9,2.46,17.5,230.0,5.556828061699537,1.0647107369924282,1.2412685890696329,5.442417710521793,2.917770732084279,2.6076809620810595
LAKE,"MADHYA 
PRADESH",2022,21.0,7.15,7.8500000000000005,496.5,1.3,1.3450000000000002,2.0,55.5,6.209595556598647,0.832909122935104,0.8522854018982428,4.034240638152395,1.0986122886681098,2.6739483914241875
POND,"MADHYA 
PRADESH",2022,21.0,6.55,8.15,401.0,1.1,0.87,2.0,44.0,5.996452088619021,0.7419373447293773,0.6259384308664953,3.8066624897703196,1.0986122886681098,2.5592967784139455
POND,"MADHYA 
PRADESH",2022,22.5,6.4,7.800000000000001,423.5,3.3,1.31,40.5,808.5,6.050912005751402,1.4586150226995167,0.8372475245337022,6.69641677311769,3.7256934272366524,2.5298221281347035
POND,"MADHYA 
PRADESH",2022,22.0,6.65,7.6,434.5,4.95,1.415,32.5,808.5,6.0764947962925575,1.7833912195575383,0.881699287104536,6.69641677311769,3.5115454388310208,2.5787593916455256
POND,"MADHYA 
PRADESH",2022,22.0,6.45,7.55,612.5,3.4000000000000004,1.425,61.0,808.5,6.419180264150966,1.4816045409242156,0.8858315243894466,6.69641677311769,4.127134385045092,2.539685019840059
POND,"MADHYA 
PRADESH",2022,26.5,7.35,7.800000000000001,415.0,2.0,0.955,4.0,48.5,6.030685260261263,1.0986122886681098,0.670390193437329,3.901972669574645,1.6094379124341003,2.711088342345192
POND,"MADHYA 
PRADESH",2022,22.0,6.95,7.9,347.5,3.95,1.29,20.5,278.5,5.853638230200579,1.599387576580599,0.8285518175661483,5.633002292595154,3.068052935133617,2.6362852652928135
POND,"MADHYA 
PRADESH",2022,20.5,7.15,7.95,492.5,1.6500000000000001,1.4549999999999998,2.0,101.5,6.2015228588735365,0.9745596399981309,0.8981267612464838,4.629862798578463,1.0986122886681098,2.6739483914241875
POND,"MADHYA 
PRADESH",2022,27.0,7.4,8.05,317.5,1.9,0.8500000000000001,2.0,48.0,5.763622475012218,1.0647107369924282,0.6151856390902335,3.8918202981106265,1.0986122886681098,2.7202941017470885
POND,"MADHYA 
PRADESH",2022,26.0,6.95,7.8,371.5,1.6,0.685,3.0,48.5,5.920237037819614,0.9555114450274363,0.521765563804325,3.901972669574645,1.3862943611198906,2.6362852652928135
POND,"MADHYA 
PRADESH",2022,22.5,6.6,7.949999999999999,416.0,3.05,1.335,56.0,808.5,6.0330862217988015,1.3987168811184478,0.8480118911208606,6.69641677311769,4.04305126783455,2.569046515733026
POND,"MADHYA 
PRADESH",2022,21.0,7.0,8.25,413.5,1.15,0.9,2.0,43.0,6.02707297457535,0.7654678421395714,0.6418538861723948,3.784189633918261,1.0986122886681098,2.6457513110645907
TANK,"MADHYA 
PRADESH",2022,21.0,7.35,7.55,308.0,1.9,1.2,3.0,40.0,5.733341276897746,1.0647107369924282,0.7884573603642702,3.713572066704308,1.3862943611198906,2.711088342345192
LAKE,MEGHALAYA,2022,20.5,7.0,6.9,66.0,1.6,0.46499999999999997,121.5,545.0,4.204692619390966,0.9555114450274363,0.3818552424690306,6.302618975744905,4.808111029984782,2.6457513110645907
LAKE,MEGHALAYA,2022,16.5,7.300000000000001,7.0,43.0,1.4,0.45,13.5,180.0,3.784189633918261,0.8754687373538999,0.37156355643248307,5.198497031265826,2.6741486494265287,2.701851217221259
LAKE,MEGHALAYA,2022,16.5,6.050000000000001,7.4,101.0,4.8,0.86,495.0,2050.0,4.624972813284271,1.7578579175523736,0.6205764877251099,7.62608275807238,6.206575926724928,2.459674775249769
LAKE,MEGHALAYA,2022,16.5,6.6,7.449999999999999,99.0,4.6,0.7949999999999999,430.0,1700.0,4.605170185988092,1.7227665977411035,0.5850050219402422,7.438971592395862,6.066108090103747,2.569046515733026
LAKE,MEGHALAYA,2022,17.0,5.45,7.4,122.0,6.35,1.02,650.0,2400.0,4.812184355372417,1.9947003132247452,0.7030975114131134,7.783640596221253,6.478509642208569,2.3345235059857505
LAKE,MEGHALAYA,2022,17.5,6.4,7.4,103.0,4.8,0.925,400.0,1600.0,4.6443908991413725,1.7578579175523736,0.6549259677397475,7.3783837129967145,5.993961427306569,2.5298221281347035
LAKE,MEGHALAYA,2022,18.5,7.75,7.6,145.5,1.7000000000000002,0.47,230.0,665.0,4.987025428457122,0.9932517730102834,0.3852624007906449,6.501289670540389,5.442417710521793,2.7838821814150108
LAKE,ODISHA,2022,24.5,6.0,7.35,150.0,1.55,0.87,2489.0,4195.0,5.017279836814924,0.9360933591703349,0.6259384308664953,8.341886969516187,7.820037989458753,2.449489742783178
LAKE,ODISHA,2022,26.5,6.45,7.4,176.5,1.95,0.52,3972.5,11230.0,5.178970608915471,1.0818051703517284,0.41871033485818504,9.326433090963036,8.287402597380234,2.539685019840059
LAKE,ODISHA,2022,27.0,6.800000000000001,7.65,147.5,1.6500000000000001,1.825,5522.5,17615.0,5.000584958242754,0.9745596399981309,1.0385083645984043,9.77656285896246,8.61676699631233,2.6076809620810595
LAKE,ODISHA,2022,27.0,6.8999999999999995,7.4,148.0,1.75,0.89,1139.0,2615.0,5.003946305945459,1.0116009116784799,0.636576829071551,7.86940171257709,7.038783541388542,2.6267851073127395
LAKE,ODISHA,2022,24.5,5.6,8.05,502.5,6.4,1.3399999999999999,1110.0,2515.0,6.221583712158617,2.0014800002101243,0.85015092936961,7.830425617820331,7.01301578963963,2.3664319132398464
POND,ODISHA,2022,25.0,5.6,7.25,373.5,1.55,1.02,11022.5,27165.0,5.925591802957274,0.9360933591703349,0.7030975114131134,10.209721470382435,9.307784636637036,2.3664319132398464
POND,ODISHA,2022,25.5,7.45,8.55,857.5,5.2,1.065,8510.0,27065.0,6.7551866803375304,1.824549292051046,0.7251302264129961,10.206033606636451,9.049114723476961,2.7294688127912363
POND,ODISHA,2022,26.5,6.3,7.5,345.0,3.25,1.47,1672.5,12115.0,5.846438775057725,1.4469189829363254,0.9042181506398859,9.402282172147128,7.422672520651381,2.5099800796022267
POND,ODISHA,2022,28.0,7.5,8.5,742.0,6.95,5.04,1160.0,3972.5,6.610696044717759,2.0731719286662407,1.7984040119467235,8.287402597380234,7.057036981697891,2.7386127875258306
POND,ODISHA,2022,25.5,7.55,8.75,924.5,6.35,1.315,6539.0,17610.0,6.830334132013552,1.9947003132247452,0.8394096875381973,9.776278985795086,8.785692444451245,2.7477263328068173
POND,ODISHA,2022,28.5,6.4,8.05,582.0,9.05,1.3499999999999999,2505.0,8745.0,6.368187186350492,2.307572634505085,0.8544153281560676,9.076351731972865,7.826443135456014,2.5298221281347035
POND,ODISHA,2022,22.0,6.9,7.6000000000000005,702.5,6.75,3.22,12010.0,17585.0,6.556067876554444,2.0476928433652555,1.4398351280479207,9.774858409938947,9.39357817555449,2.6267851073127395
POND,ODISHA,2022,26.0,6.949999999999999,8.05,902.5,6.65,1.42,17522.5,27065.0,6.806276110032283,2.0347056478384444,0.883767540168595,10.206033606636451,9.771298116228174,2.6362852652928135
LAKE,"PUDUCHERR
Y",2022,29.0,7.0,7.7,1219.0,2.5,0.32,2.0,540.0,7.106606137727303,1.252762968495368,0.2776317365982795,6.293419278846481,1.0986122886681098,2.6457513110645907
LAKE,"PUDUCHERR
Y",2022,30.0,8.75,8.5,1301.5,4.5,0.32,48.0,230.0,7.172040773627522,1.7047480922384253,0.2776317365982795,5.442417710521793,3.8918202981106265,2.958039891549808
LAKE,"PUDUCHERR
Y",2022,30.0,7.4,8.7,380.5,1.9,0.32,36.0,217.0,5.9441108507245115,1.0647107369924282,0.2776317365982795,5.384495062789089,3.6109179126442243,2.7202941017470885
LAKE,PUNJAB,2022,23.5,8.1,7.949999999999999,301.5,1.85,1.35,1130.0,2300.0,5.7120812774708964,1.0473189942805592,0.8544153281560676,7.741099090035366,7.030857476116121,2.8460498941515415
LAKE,PUNJAB,2022,23.0,8.0,7.95,284.5,2.05,1.6500000000000001,1155.0,2615.0,5.654242029096065,1.1151415906193203,0.9745596399981309,7.86940171257709,7.052721049232323,2.8284271247461903
LAKE,PUNJAB,2022,25.0,8.45,7.85,179.5,1.05,0.65,29.0,105.0,5.195730777772936,0.7178397931503169,0.5007752879124893,4.663439094112067,3.4011973816621555,2.9068883707497264
LAKE,RAJASTHAN,2022,26.5,6.050000000000001,8.1,618.0,1.9,4.18,103.5,180.0,6.428105272684596,1.0647107369924282,1.6448050562713916,5.198497031265826,4.6491870714048655,2.459674775249769
LAKE,RAJASTHAN,2022,16.5,4.65,7.9,903.0,3.3499999999999996,4.4,250.0,425.0,6.806829360392176,1.4701758451005926,1.6863989535702288,6.054439346269371,5.5254529391317835,2.1563858652847827
LAKE,RAJASTHAN,2022,23.0,4.55,7.55,1012.5,3.4499999999999997,2.74,195.0,415.0,6.921164965892054,1.4929040961781488,1.3190856114264407,6.030685260261263,5.278114659230517,2.1330729007701543
LAKE,RAJASTHAN,2022,25.0,5.800000000000001,7.4,228.0,3.0500000000000003,1.415,75.0,155.0,5.43372200355424,1.398716881118448,0.881699287104536,5.049856007249537,4.330733340286331,2.4083189157584592
LAKE,RAJASTHAN,2022,25.0,6.9,7.95,619.0,2.05,2.27,87.5,165.0,6.429719478039138,1.1151415906193203,1.184789984909162,5.111987788356544,4.483002552013883,2.6267851073127395
LAKE,RAJASTHAN,2022,26.0,6.55,7.9,628.0,2.25,2.7199999999999998,75.0,155.0,6.444131256700441,1.1786549963416462,1.313723668285055,5.049856007249537,4.330733340286331,2.5592967784139455
LAKE,RAJASTHAN,2022,24.5,3.3499999999999996,6.6,2845.0,4.0,3.94,250.0,905.0,7.953669778649798,1.6094379124341003,1.597365331199831,6.80903930604298,5.5254529391317835,1.8303005217723125
LAKE,RAJASTHAN,2022,26.0,4.15,8.15,410.0,1.9,1.9849999999999999,195.0,655.0,6.018593214496234,1.0647107369924282,1.0935997468445653,6.486160788944089,5.278114659230517,2.0371548787463363
LAKE,RAJASTHAN,2022,22.5,6.75,8.05,330.0,2.5,2.08,43.0,81.5,5.802118375377063,1.252762968495368,1.1249295969854831,4.412798293340635,3.784189633918261,2.598076211353316
LAKE,RAJASTHAN,2022,25.5,5.199999999999999,7.2,859.5,2.4,3.52,105.0,295.0,6.757513615651594,1.2237754316221157,1.5085119938441398,5.69035945432406,4.663439094112067,2.2803508501982757
LAKE,RAJASTHAN,2022,16.0,5.65,7.5,283.5,2.6,1.85,48.0,94.0,5.6507332535663855,1.2809338454620642,1.0473189942805592,4.553876891600541,3.8918202981106265,2.3769728648009427
LAKE,RAJASTHAN,2022,23.5,3.85,7.6,1009.0,4.35,3.785,156.5,255.0,6.917705609835305,1.6770965609079151,1.5654860249049176,5.545177444479562,5.059425458265688,1.9621416870348585
LAKE,RAJASTHAN,2022,25.5,5.5,7.95,416.0,2.45,2.685,97.0,170.0,6.0330862217988015,1.2383742310432684,1.3042705256412999,5.14166355650266,4.584967478670572,2.345207879911715
LAKE,RAJASTHAN,2022,23.0,3.8,7.7,436.0,2.35,1.85,107.0,215.0,6.07993319509559,1.208960345836975,1.0473189942805592,5.375278407684165,4.68213122712422,1.9493588689617927
LAKE,RAJASTHAN,2022,27.5,6.699999999999999,7.9,701.0,2.7,2.25,107.5,205.0,6.553933404025811,1.308332819650179,1.1786549963416462,5.327876168789581,4.686750172980514,2.588435821108957
LAKE,RAJASTHAN,2022,28.0,6.25,8.15,651.0,2.9,4.175,116.5,225.0,6.480044561926653,1.3609765531356006,1.6438393391514328,5.420534999272286,4.7664383335842135,2.5
LAKE,RAJASTHAN,2022,24.0,6.2,7.449999999999999,1276.5,1.8,1.385,47.0,83.0,7.1526603220778595,1.0296194171811581,0.8691991243403046,4.430816798843313,3.871201010907891,2.4899799195977463
LAKE,RAJASTHAN,2022,23.0,4.55,7.65,598.5,2.45,2.44,84.5,170.0,6.396095974467569,1.2383742310432684,1.235471471385307,5.14166355650266,4.448516375942715,2.1330729007701543
LAKE,RAJASTHAN,2022,22.5,4.85,7.6,1565.0,2.35,3.455,124.0,245.0,7.356279876550748,1.208960345836975,1.4940270609227726,5.5053315359323625,4.8283137373023015,2.202271554554524
POND,RAJASTHAN,2022,25.5,6.949999999999999,7.6,630.5,2.1,3.08,95.0,180.0,6.448097941790546,1.1314021114911006,1.4060969884160703,5.198497031265826,4.564348191467836,2.6362852652928135
LAKE,SIKKIM,2022,14.0,9.2,7.15,109.0,2.15,3.25,39.5,86.0,4.700480365792417,1.1474024528375417,1.4469189829363254,4.465908118654584,3.7013019741124933,3.03315017762062
LAKE,SIKKIM,2022,14.0,8.65,7.05,112.5,2.15,3.35,53.5,111.5,4.7318028369214575,1.1474024528375417,1.4701758451005926,4.722953221644475,3.9982007016691985,2.9410882339705484
LAKE,TAMIL NADU,2022,23.5,6.0,7.0,199.0,1.5,1.45,25.0,54.0,5.298317366548036,0.9162907318741551,0.8960880245566356,4.007333185232471,3.258096538021482,2.449489742783178
LAKE,TAMIL NADU,2022,28.5,6.85,7.6,663.5,2.0,0.32,2.0,47.5,6.4990348781533,1.0986122886681098,0.2776317365982795,3.8815637979434374,1.0986122886681098,2.6172504656604803
LAKE,TAMIL NADU,2022,28.0,6.699999999999999,7.8,1085.0,2.0,0.795,23.5,94.0,6.990256500493881,1.0986122886681098,0.5850050219402423,4.553876891600541,3.1986731175506815,2.588435821108957
LAKE,TAMIL NADU,2022,27.0,6.800000000000001,7.45,498.0,2.5,0.32,21.0,95.0,6.212606095751519,1.252762968495368,0.2776317365982795,4.564348191467836,3.091042453358316,2.6076809620810595
LAKE,TAMIL NADU,2022,16.5,4.7,6.95,364.0,3.65,0.525,240.0,475.0,5.8998973535824915,1.536867219599265,0.42199441005937494,6.16541785423142,5.484796933490655,2.16794833886788
LAKE,TAMIL NADU,2022,27.5,6.4,7.35,580.0,1.8,0.45999999999999996,17.5,36.5,6.364750756851911,1.0296194171811581,0.37843643572024505,3.624340932976365,2.917770732084279,2.5298221281347035
LAKE,TAMIL NADU,2022,23.0,5.2,7.25,288.5,3.2,0.485,163.5,328.0,5.66815529701305,1.4350845252893227,0.3954147722546629,5.796057750765372,5.1029105702054265,2.280350850198276
TANK,TAMIL NADU,2022,27.5,6.3,7.1,1279.0,1.5,1.265,2.0,57.0,7.154615356913663,0.9162907318741551,0.8175747589349973,4.060443010546419,1.0986122886681098,2.5099800796022267
LAKE,TELANGANA,2022,30.0,2.5,7.25,1199.5,9.0,4.699999999999999,20.0,410.0,7.0904934156613075,2.302585092994046,1.7404661748405044,6.018593214496234,3.044522437723423,1.5811388300841898
LAKE,TELANGANA,2022,24.0,2.75,7.5,821.5,8.6,3.75,28.5,390.0,6.712348482639527,2.2617630984737906,1.55814461804655,5.968707559985366,3.3843902633457743,1.6583123951777
LAKE,TELANGANA,2022,27.0,2.0,7.55,1197.5,8.4,6.08,20.5,485.0,7.088826053874439,2.2407096892759584,1.9572739077056285,6.186208623900494,3.068052935133617,1.4142135623730951
LAKE,TELANGANA,2022,26.0,2.5,7.7,1057.5,6.9,4.319999999999999,17.5,325.0,6.96460809057492,2.066862759472976,1.671473303353553,5.786897381366708,2.917770732084279,1.5811388300841898
LAKE,TELANGANA,2022,28.0,2.6,7.4,631.0,3.6,1.745,17.0,150.0,6.448889394146858,1.5260563034950492,1.009781074961494,5.017279836814924,2.8903717578961645,1.61245154965971
LAKE,TELANGANA,2022,28.5,0.75,7.4,1192.0,13.0,5.965,26.0,445.0,7.084226422097916,2.6390573296152584,1.940897607231769,6.100318952020064,3.295836866004329,0.8660254037844386
LAKE,TELANGANA,2022,24.5,2.25,7.35,777.5,22.1,9.0,20.0,445.0,6.657368991274053,3.139832617527748,2.302585092994046,6.100318952020064,3.044522437723423,1.5
LAKE,TELANGANA,2022,28.5,2.05,7.45,1014.0,12.0,8.375,26.0,445.0,6.922643891475888,2.5649493574615367,2.2380465718564744,6.100318952020064,3.295836866004329,1.4317821063276353
LAKE,TELANGANA,2022,28.5,2.1,7.0,1564.5,13.0,5.609999999999999,29.0,445.0,7.3559605407664606,2.6390573296152584,1.8885836538635947,6.100318952020064,3.4011973816621555,1.449137674618944
LAKE,TELANGANA,2022,25.0,2.1,7.8500000000000005,1028.0,5.55,1.51,17.5,415.0,6.9363427358340495,1.8794650496471605,0.9202827531436926,6.030685260261263,2.917770732084279,1.449137674618944
LAKE,TELANGANA,2022,29.0,1.9,7.6,2104.5,10.5,6.91,30.5,635.0,7.652308247601982,2.4423470353692043,2.0681277817795625,6.455198563340122,3.449987545831587,1.378404875209022
LAKE,TELANGANA,2022,23.5,6.300000000000001,7.6499999999999995,590.5,2.9,6.635000000000001,10.5,123.0,6.3826616834184415,1.3609765531356006,2.0327429386705957,4.820281565605037,2.4423470353692043,2.5099800796022267
LAKE,TELANGANA,2022,25.0,2.25,7.35,1251.5,11.5,13.049999999999999,18.0,485.0,7.13289683295902,2.5257286443082556,2.6426223957797546,6.186208623900494,2.9444389791664403,1.5
LAKE,TELANGANA,2022,28.5,1.5999999999999999,7.5,1393.0,11.1,5.92,29.0,485.0,7.2399325913204695,2.4932054526026954,1.9344157696295783,6.186208623900494,3.4011973816621555,1.2649110640673518
LAKE,TELANGANA,2022,26.5,1.8499999999999999,7.4,1012.0,3.6,4.05,25.0,430.0,6.920671504248683,1.5260563034950492,1.6193882432872684,6.066108090103747,3.258096538021482,1.3601470508735443
LAKE,TELANGANA,2022,28.5,1.75,7.5,1051.0,8.0,4.300000000000001,27.0,395.0,6.9584483932976555,2.1972245773362196,1.6677068205580763,5.981414211254481,3.332204510175204,1.3228756555322954
LAKE,TELANGANA,2022,25.0,3.4,7.65,763.0,5.6,6.959999999999999,22.5,410.0,6.638567789166521,1.8870696490323797,2.0744289998562917,6.018593214496234,3.1570004211501135,1.8439088914585775
LAKE,TELANGANA,2022,26.5,1.65,7.4,1314.5,12.1,7.859999999999999,23.5,277.0,7.181972100480348,2.5726122302071057,2.1815467646169897,5.627621113690637,3.1986731175506815,1.284523257866513
LAKE,TELANGANA,2022,27.0,2.25,7.8500000000000005,596.5,3.0,5.955,21.0,300.0,6.392754283805666,1.3862943611198906,1.9394608253754062,5.707110264748875,3.091042453358316,1.5
LAKE,TELANGANA,2022,25.0,1.65,7.6,1456.0,6.1,6.300000000000001,26.0,445.0,7.284134806195205,1.9600947840472698,1.9878743481543455,6.100318952020064,3.295836866004329,1.284523257866513
LAKE,TELANGANA,2022,26.5,2.05,7.800000000000001,1331.5,8.6,7.615,27.5,445.0,7.194812156039999,2.2617630984737906,2.153504869979893,6.100318952020064,3.349904087274605,1.4317821063276353
LAKE,TELANGANA,2022,28.0,1.8,7.2,828.0,3.0,3.2,20.0,485.0,6.720220155135295,1.3862943611198906,1.4350845252893227,6.186208623900494,3.044522437723423,1.3416407864998738
LAKE,TELANGANA,2022,25.0,2.4499999999999997,7.7,1256.5,9.7,12.65,17.0,445.0,7.136880901973894,2.3702437414678603,2.613739521630969,6.100318952020064,2.8903717578961645,1.5652475842498528
LAKE,TELANGANA,2022,24.5,2.1,7.65,1031.5,15.5,4.8100000000000005,20.0,445.0,6.939738324835187,2.803360380906535,1.75958057086382,6.100318952020064,3.044522437723423,1.449137674618944
LAKE,TELANGANA,2022,28.0,2.1,7.550000000000001,981.5,9.1,4.87,74.0,390.0,6.890100343743416,2.312535423847214,1.7698546338400052,5.968707559985366,4.31748811353631,1.449137674618944
LAKE,TELANGANA,2022,27.0,5.75,8.0,504.5,3.5,4.16,2.0,41.0,6.225548038460526,1.5040773967762742,1.6409365794934714,3.7376696182833684,1.0986122886681098,2.3979157616563596
LAKE,TELANGANA,2022,27.5,2.5,7.65,1280.0,11.5,12.3,231.0,975.0,7.155396301896734,2.5257286443082556,2.5877640352277083,6.883462586413092,5.44673737166631,1.5811388300841898
LAKE,TELANGANA,2022,24.0,6.300000000000001,7.55,866.0,3.5500000000000003,11.155,15.5,156.0,6.7650389767805414,1.5151272329628591,2.497740607768087,5.056245805348308,2.803360380906535,2.5099800796022267
LAKE,TELANGANA,2022,24.0,6.45,7.550000000000001,1109.0,3.1,17.605,5.0,18.5,7.01211529430638,1.410986973710262,2.923430361798586,2.970414465569701,1.791759469228055,2.539685019840059
LAKE,TELANGANA,2022,27.0,0.3,7.2,1430.0,8.0,5.02,26.5,485.0,7.266128779556451,2.1972245773362196,1.7950872593207297,6.186208623900494,3.3141860046725258,0.5477225575051661
LAKE,TELANGANA,2022,27.5,2.75,7.800000000000001,1126.5,12.8,4.9399999999999995,28.5,485.0,7.027758071376834,2.624668592163159,1.7817091333745534,6.186208623900494,3.3843902633457743,1.6583123951777
LAKE,TELANGANA,2022,30.0,4.05,7.75,580.5,4.5,3.4099999999999997,30.0,325.0,6.365610971958719,1.7047480922384253,1.4838746894587547,5.786897381366708,3.4339872044851463,2.0124611797498106
LAKE,TELANGANA,2022,27.0,5.949999999999999,7.699999999999999,734.5,3.25,7.6,5.5,60.5,6.6005505400414926,1.4469189829363254,2.151762203259462,4.119037174812473,1.8718021769015913,2.4392621835300936
LAKE,TELANGANA,2022,25.0,2.9,7.6000000000000005,754.0,11.8,5.57,21.0,410.0,6.626717749249025,2.5494451709255714,1.8825138324965192,6.018593214496234,3.091042453358316,1.70293863659264
LAKE,TELANGANA,2022,27.0,1.5499999999999998,7.45,1067.0,7.5,4.869999999999999,21.0,445.0,6.97354301952014,2.1400661634962708,1.769854633840005,6.100318952020064,3.091042453358316,1.2449899597988732
LAKE,TELANGANA,2022,24.5,2.1999999999999997,7.75,1432.0,7.75,4.32,22.0,675.0,7.267525427828172,2.169053700369523,1.6714733033535532,6.516193076042964,3.1354942159291497,1.4832396974191324
LAKE,TELANGANA,2022,26.5,2.05,7.85,1134.0,6.0,2.6,21.5,301.5,7.034387929915503,1.9459101490553132,1.2809338454620642,5.7120812774708964,3.1135153092103742,1.4317821063276353
LAKE,TELANGANA,2022,26.5,1.75,7.550000000000001,1486.5,6.5,6.289999999999999,25.0,445.0,7.304852137419785,2.0149030205422647,1.9865035460205667,6.100318952020064,3.258096538021482,1.3228756555322954
LAKE,TELANGANA,2022,25.0,1.7,7.5,1211.0,25.0,12.65,22.0,635.0,7.10002716662926,3.258096538021482,2.613739521630969,6.455198563340122,3.1354942159291497,1.3038404810405297
LAKE,TELANGANA,2022,26.0,5.9,8.1,749.5,1.25,1.1099999999999999,2.0,41.0,6.620739651073516,0.8109302162163288,0.7466879474879751,3.7376696182833684,1.0986122886681098,2.4289915602982237
LAKE,TELANGANA,2022,26.5,3.6,7.95,1510.5,5.6,2.45,22.0,355.0,7.320857814219512,1.8870696490323797,1.2383742310432684,5.87493073085203,3.1354942159291497,1.8973665961010275
LAKE,TELANGANA,2022,27.0,1.95,7.55,1460.0,26.5,9.94,22.5,485.0,7.2868764117507,3.3141860046725258,2.392425796993835,6.186208623900494,3.1570004211501135,1.396424004376894
LAKE,TELANGANA,2022,25.0,2.1,7.65,1149.0,27.6,11.674999999999999,45.0,445.0,7.047517221357296,3.353406717825807,2.539631549477247,6.100318952020064,3.828641396489095,1.449137674618944
LAKE,TELANGANA,2022,28.0,1.0,7.5,655.0,4.0,2.32,11.0,350.0,6.486160788944089,1.6094379124341003,1.199964782928397,5.860786223465865,2.4849066497880004,1.0
LAKE,TELANGANA,2022,30.0,5.6,7.800000000000001,1438.5,26.0,9.52,176.0,811.5,7.272051110052231,3.295836866004329,2.3532782073095637,6.700115914203892,5.176149732573829,2.3664319132398464
LAKE,TELANGANA,2022,26.5,0.3,7.449999999999999,1745.0,14.0,3.2,25.0,485.0,7.465082736399547,2.70805020110221,1.4350845252893227,6.186208623900494,3.258096538021482,0.5477225575051661
LAKE,TELANGANA,2022,28.5,2.05,7.55,1476.5,15.0,6.61,30.5,445.0,7.298106749280254,2.772588722239781,2.0294631718735947,6.100318952020064,3.449987545831587,1.4317821063276353
LAKE,TELANGANA,2022,26.5,2.65,7.85,1200.0,6.65,7.29,17.5,375.0,7.0909098220799835,2.0347056478384444,2.1150499691472033,5.929589143389895,2.917770732084279,1.6278820596099706
LAKE,TELANGANA,2022,26.5,1.75,7.15,888.5,6.0,4.300000000000001,21.5,390.0,6.7906595071058895,1.9459101490553132,1.6677068205580763,5.968707559985366,3.1135153092103742,1.3228756555322954
LAKE,TELANGANA,2022,26.5,2.05,7.5,894.0,15.6,5.66,39.5,485.0,6.796823718274855,2.8094026953624978,1.8961194845522977,6.186208623900494,3.7013019741124933,1.4317821063276353
LAKE,TELANGANA,2022,23.5,2.15,7.6,936.5,8.5,4.46,19.0,283.0,6.843216757844566,2.2512917986064953,1.6974487897568136,5.648974238161206,2.995732273553991,1.466287829861518
LAKE,TELANGANA,2022,26.5,2.85,7.6499999999999995,819.5,8.1,4.65,31.0,317.0,6.709913910530146,2.2082744135228043,1.7316555451583497,5.762051382780177,3.4657359027997265,1.6881943016134133
LAKE,TELANGANA,2022,27.5,2.05,7.550000000000001,1301.0,8.5,5.76,51.0,355.0,7.171656822768514,2.2512917986064953,1.9110228900548727,5.87493073085203,3.9512437185814275,1.4317821063276353
LAKE,TELANGANA,2022,25.0,2.1999999999999997,7.75,1626.0,5.6,4.21,25.0,390.0,7.394493107219038,1.8870696490323797,1.6505798557652755,5.968707559985366,3.258096538021482,1.4832396974191324
LAKE,TELANGANA,2022,27.5,1.95,7.4,1386.0,15.0,6.275,30.0,485.0,7.234898420314831,2.772588722239781,1.9844438130575563,6.186208623900494,3.4339872044851463,1.396424004376894
LAKE,TELANGANA,2022,26.0,0.75,7.449999999999999,1221.0,10.0,7.31,26.0,485.0,7.108244139731541,2.3978952727983707,2.1174596088673567,6.186208623900494,3.295836866004329,0.8660254037844386
LAKE,TELANGANA,2022,28.5,1.7999999999999998,7.300000000000001,1087.5,13.5,4.25,40.0,485.0,6.992555880674602,2.6741486494265287,1.6582280766035324,6.186208623900494,3.713572066704308,1.3416407864998738
LAKE,TELANGANA,2022,26.5,3.3000000000000003,7.25,711.5,3.0,3.45,16.5,390.0,6.568779912142806,1.3862943611198906,1.4929040961781488,5.968707559985366,2.8622008809294686,1.8165902124584952
LAKE,TELANGANA,2022,25.5,6.199999999999999,7.5,684.5,2.8,11.095,6.0,34.0,6.530148499002369,1.33500106673234,2.4927921440619905,3.5553480614894135,1.9459101490553132,2.4899799195977463
LAKE,TELANGANA,2022,24.5,2.1999999999999997,8.05,1141.0,10.6,4.07,23.0,445.0,7.040536390215956,2.451005098112319,1.623340817603092,6.100318952020064,3.1780538303479458,1.4832396974191324
LAKE,TELANGANA,2022,24.0,2.6999999999999997,7.85,832.5,3.1,3.55,17.5,445.0,6.725633702190849,1.410986973710262,1.5151272329628591,6.100318952020064,2.917770732084279,1.6431676725154982
LAKE,TELANGANA,2022,28.5,2.1999999999999997,7.35,1655.5,10.5,8.0,24.5,445.0,7.4124622217399505,2.4423470353692043,2.1972245773362196,6.100318952020064,3.2386784521643803,1.4832396974191324
LAKE,TELANGANA,2022,27.5,0.3,7.5,1180.5,11.0,8.02,34.0,975.0,7.074540096626962,2.4849066497880004,2.199444334074532,6.883462586413092,3.5553480614894135,0.5477225575051661
LAKE,TELANGANA,2022,27.5,0.3,7.5,1364.5,13.0,5.5,31.0,485.0,7.21927594091376,2.6390573296152584,1.8718021769015913,6.186208623900494,3.4657359027997265,0.5477225575051661
LAKE,TELANGANA,2022,28.5,1.8499999999999999,7.25,1548.0,10.5,12.32,41.0,635.0,7.3453648404168685,2.4423470353692043,2.589266665112243,6.455198563340122,3.7376696182833684,1.3601470508735443
LAKE,TELANGANA,2022,27.0,1.45,7.4,1341.0,9.7,8.01,30.0,445.0,7.201916317531627,2.3702437414678603,2.1983350716202463,6.100318952020064,3.4339872044851463,1.2041594578792296
LAKE,TELANGANA,2022,27.0,1.8499999999999999,7.4,1056.0,12.0,4.7,19.0,1015.0,6.963189985870238,2.5649493574615367,1.7404661748405046,6.923628628138427,2.995732273553991,1.3601470508735443
LAKE,TELANGANA,2022,27.5,0.75,7.35,1606.5,15.5,7.01,23.5,485.0,7.382435456111774,2.803360380906535,2.080690761080268,6.186208623900494,3.1986731175506815,0.8660254037844386
LAKE,TELANGANA,2022,28.5,2.1999999999999997,8.05,1136.5,10.0,4.9,31.5,485.0,7.036588150825105,2.3978952727983707,1.7749523509116738,6.186208623900494,3.481240089335692,1.4832396974191324
LAKE,TELANGANA,2022,28.5,4.1,7.95,1265.0,18.5,20.009999999999998,177.0,810.5,7.143617602704121,2.970414465569701,3.0449985148569088,6.698884386954646,5.181783550292085,2.0248456731316584
LAKE,TELANGANA,2022,26.0,3.05,8.0,649.5,3.55,6.66,11.5,238.5,6.47774129795256,1.5151272329628591,2.0360119837525,5.4785534168509695,2.5257286443082556,1.746424919657298
LAKE,TELANGANA,2022,25.0,6.45,7.55,401.5,2.15,5.125,3.5,17.0,5.997695096858618,1.1474024528375417,1.8123787564307907,2.8903717578961645,1.5040773967762742,2.539685019840059
LAKE,TELANGANA,2022,24.5,2.05,7.35,1101.0,10.1,5.609999999999999,23.0,445.0,7.004881989712859,2.4069451083182885,1.8885836538635947,6.100318952020064,3.1780538303479458,1.4317821063276353
LAKE,TELANGANA,2022,25.5,5.65,7.949999999999999,387.0,1.45,2.11,4.0,68.5,5.961005339623274,0.8960880245566356,1.1346227261911428,4.241326752570746,1.6094379124341003,2.3769728648009427
LAKE,TELANGANA,2022,29.5,2.75,7.7,842.0,4.5,5.105,26.0,445.0,6.736966958001855,1.7047480922384253,1.809108107562668,6.100318952020064,3.295836866004329,1.6583123951777
LAKE,TELANGANA,2022,26.0,2.8,7.75,810.5,9.75,5.75,27.0,390.0,6.698884386954646,2.3749057545736716,1.9095425048844386,5.968707559985366,3.332204510175204,1.6733200530681511
LAKE,TELANGANA,2022,28.0,1.95,7.199999999999999,1276.0,10.0,4.21,23.0,445.0,7.152268856032539,2.3978952727983707,1.6505798557652755,6.100318952020064,3.1780538303479458,1.396424004376894
LAKE,TELANGANA,2022,25.0,6.050000000000001,7.9,233.0,3.0,1.5599999999999998,3.0,88.0,5.455321115357702,1.3862943611198906,0.940007258491471,4.48863636973214,1.3862943611198906,2.459674775249769
LAKE,TELANGANA,2022,26.5,3.15,7.949999999999999,727.5,7.5,6.11,17.5,244.0,6.590987625635259,2.1400661634962708,1.9615022438151495,5.501258210544727,2.917770732084279,1.7748239349298849
LAKE,TELANGANA,2022,24.0,6.1,7.55,908.5,4.05,17.14,19.5,238.0,6.8128949979581765,1.6193882432872684,2.8981194446869907,5.476463551931511,3.0204248861443626,2.4698178070456938
LAKE,TELANGANA,2022,25.0,2.55,7.6000000000000005,817.5,8.0,5.16,21.5,445.0,6.7074733968111895,2.1972245773362196,1.8180767775454285,6.100318952020064,3.1135153092103742,1.5968719422671311
LAKE,TELANGANA,2022,26.5,0.75,7.4,1309.0,9.0,4.87,63.0,485.0,7.177782416195197,2.302585092994046,1.7698546338400052,6.186208623900494,4.1588830833596715,0.8660254037844386
LAKE,TELANGANA,2022,26.0,1.45,7.5,1684.5,7.0,7.16,23.0,445.0,7.4298175346741155,2.0794415416798357,2.0992441689760155,6.100318952020064,3.1780538303479458,1.2041594578792296
LAKE,TELANGANA,2022,24.5,1.2999999999999998,7.800000000000001,1122.5,10.9,6.59,22.0,390.0,7.024204091625384,2.4765384001174837,2.0268315914075385,5.968707559985366,3.1354942159291497,1.1401754250991378
LAKE,TELANGANA,2022,24.5,3.1,7.9,949.0,6.9,4.85,45.5,415.0,6.856461984594587,2.066862759472976,1.766441661243765,6.030685260261263,3.8394523125933104,1.760681686165901
LAKE,TELANGANA,2022,26.0,1.25,7.699999999999999,1373.0,20.5,12.395000000000001,49.5,445.0,7.2254814727822945,3.068052935133617,2.594881502996572,6.100318952020064,3.9219733362813143,1.118033988749895
LAKE,TELANGANA,2022,23.5,6.05,7.65,985.0,2.7,9.13,10.5,155.0,6.893656354602635,1.308332819650179,2.315501318260592,5.049856007249537,2.4423470353692043,2.4596747752497685
LAKE,TELANGANA,2022,26.0,0.75,7.6499999999999995,1754.0,6.9,10.209999999999999,31.0,485.0,7.470224135899966,2.066862759472976,2.4168062370840686,6.186208623900494,3.4657359027997265,0.8660254037844386
LAKE,TELANGANA,2022,26.0,4.5,7.95,595.5,1.7000000000000002,3.6100000000000003,20.5,410.0,6.3910792415379705,0.9932517730102834,1.5282278570085572,6.018593214496234,3.068052935133617,2.1213203435596424
LAKE,TELANGANA,2022,25.5,5.55,7.8,318.0,1.55,2.17,5.0,95.5,5.765191102784844,0.9360933591703349,1.1537315878891892,4.56954300834494,1.791759469228055,2.355843797877949
LAKE,TELANGANA,2022,26.0,0.3,7.4,1357.0,12.0,3.87,13.0,430.0,7.213768308118642,2.5649493574615367,1.5830939370944985,6.066108090103747,2.6390573296152584,0.5477225575051661
LAKE,TELANGANA,2022,30.0,2.55,7.45,1051.0,4.8,5.65,27.0,445.0,6.9584483932976555,1.7578579175523736,1.8946168546677629,6.100318952020064,3.332204510175204,1.5968719422671311
LAKE,TELANGANA,2022,27.5,2.0,7.35,1357.5,12.6,7.51,27.5,445.0,7.214136428866403,2.6100697927420065,2.1412419425852827,6.100318952020064,3.349904087274605,1.4142135623730951
LAKE,TELANGANA,2022,29.5,1.2999999999999998,7.5,1277.0,5.5,6.475,26.5,485.0,7.15305163493748,1.8718021769015913,2.01156411927675,6.186208623900494,3.3141860046725258,1.1401754250991378
LAKE,TELANGANA,2022,26.5,1.15,7.3,1298.5,11.0,9.135,30.0,445.0,7.169734854081545,2.4849066497880004,2.3159947799039635,6.100318952020064,3.4339872044851463,1.0723805294763609
LAKE,TELANGANA,2022,23.0,1.2,7.8,587.5,10.5,1.44,13.0,315.0,6.377576926700331,2.4423470353692043,0.8919980393051105,5.755742213586912,2.6390573296152584,1.0954451150103321
POND,TELANGANA,2022,27.5,1.75,7.45,1204.0,11.3,3.88,25.5,485.0,7.094234845924755,2.509599262378372,1.5851452198650557,6.186208623900494,3.2771447329921766,1.3228756555322954
POND,TELANGANA,2022,26.0,0.3,7.2,1396.0,18.0,7.8,38.0,540.0,7.242082359256962,2.9444389791664403,2.174751721484161,6.293419278846481,3.6635616461296463,0.5477225575051661
POND,TELANGANA,2022,26.5,5.0,8.2,805.5,2.7,1.5599999999999998,13.5,131.5,6.692703897565264,1.308332819650179,0.940007258491471,4.886582645426277,2.6741486494265287,2.23606797749979
POND,TELANGANA,2022,28.0,0.3,7.6,1024.0,4.5,7.2,33.0,1060.0,6.932447891572509,1.7047480922384253,2.1041341542702074,6.966967138613983,3.5263605246161616,0.5477225575051661
POND,TELANGANA,2022,27.5,3.0,7.449999999999999,819.5,7.0,4.41,21.5,390.0,6.709913910530146,2.0794415416798357,1.6882490928583902,5.968707559985366,3.1135153092103742,1.7320508075688772
POND,TELANGANA,2022,29.5,1.75,7.699999999999999,1806.5,14.5,9.115,32.0,675.0,7.49969995403292,2.740840023925201,2.314019470619709,6.516193076042964,3.4965075614664802,1.3228756555322954
POND,TELANGANA,2022,25.0,0.9,7.4,1362.0,20.0,6.915,24.5,485.0,7.217443431696533,3.044522437723423,2.0687596933329755,6.186208623900494,3.2386784521643803,0.9486832980505138
POND,TELANGANA,2022,27.0,2.3,7.6,1140.5,10.8,2.91,23.0,445.0,7.04009846596985,2.468099531471619,1.3635373739972745,6.100318952020064,3.1780538303479458,1.51657508881031
POND,TELANGANA,2022,25.0,2.6,8.3,460.0,2.3,1.06,2.0,39.0,6.133398042996649,1.1939224684724346,0.7227059828014898,3.6888794541139363,1.0986122886681098,1.61245154965971
POND,TELANGANA,2022,26.0,2.4,7.6000000000000005,1284.0,6.5,13.12,22.0,485.0,7.158513997329321,2.0149030205422647,2.647592232065096,6.186208623900494,3.1354942159291497,1.5491933384829668
POND,TELANGANA,2022,28.5,1.9,7.449999999999999,1374.5,12.5,4.5,23.5,410.0,7.226572580364629,2.6026896854443837,1.7047480922384253,6.018593214496234,3.1986731175506815,1.378404875209022
POND,TELANGANA,2022,25.0,3.7,7.85,705.5,5.05,4.3999999999999995,21.0,410.0,6.560323202124582,1.80005827204275,1.6863989535702286,6.018593214496234,3.091042453358316,1.9235384061671346
POND,TELANGANA,2022,29.5,0.3,7.2,2692.5,9.0,9.65,27.0,540.0,7.8985967421205885,2.302585092994046,2.365559892155434,6.293419278846481,3.332204510175204,0.5477225575051661
POND,TELANGANA,2022,28.0,1.75,7.300000000000001,1350.5,13.4,4.7,27.0,485.0,7.208970365716502,2.667228206581955,1.7404661748405046,6.186208623900494,3.332204510175204,1.3228756555322954
POND,TELANGANA,2022,26.5,2.05,7.9,1734.5,17.4,9.48,30.5,675.0,7.4590508353018405,2.91235066461494,2.349468678892896,6.516193076042964,3.449987545831587,1.4317821063276353
POND,TELANGANA,2022,27.5,0.75,7.55,1620.0,16.0,6.0,40.0,445.0,7.390798521735676,2.833213344056216,1.9459101490553132,6.100318952020064,3.713572066704308,0.8660254037844386
POND,TELANGANA,2022,29.5,2.25,7.4,1874.5,6.1,10.11,29.5,600.0,7.536630569521942,1.9600947840472698,2.4078456036515385,6.398594934535208,3.417726683613366,1.5
POND,TELANGANA,2022,29.0,1.8499999999999999,7.699999999999999,1340.5,15.5,6.72,27.0,445.0,7.2015436698656785,2.803360380906535,2.0438143640366846,6.100318952020064,3.332204510175204,1.3601470508735443
POND,TELANGANA,2022,27.5,2.55,7.4,1245.5,20.0,3.0,30.0,445.0,7.128094902963612,3.044522437723423,1.3862943611198906,6.100318952020064,3.4339872044851463,1.5968719422671311
POND,TELANGANA,2022,26.5,1.25,7.4,1309.5,14.0,6.09,30.5,485.0,7.178164022763461,2.70805020110221,1.958685340544036,6.186208623900494,3.449987545831587,1.118033988749895
POND,TELANGANA,2022,27.0,1.45,7.65,1014.5,8.0,3.01,63.0,445.0,6.92313638102044,2.1972245773362196,1.3887912413184778,6.100318952020064,4.1588830833596715,1.2041594578792296
POND,TELANGANA,2022,26.0,5.45,7.65,1441.5,4.6,10.71,7.5,50.5,7.274132998382255,1.7227665977411035,2.460443177609626,3.9415818076696905,2.1400661634962708,2.3345235059857505
POND,TELANGANA,2022,27.0,4.5,7.699999999999999,495.5,1.5,1.92,17.5,390.0,6.2075834834852275,0.9162907318741551,1.0715836162801904,5.968707559985366,2.917770732084279,2.1213203435596424
POND,TELANGANA,2022,24.5,3.7,7.6000000000000005,650.5,7.6,6.94,24.5,380.0,6.4792773965649,2.151762203259462,2.0719132752590443,5.942799375126701,3.2386784521643803,1.9235384061671346
POND,TELANGANA,2022,27.0,1.25,7.4,1160.5,8.0,5.915000000000001,26.0,445.0,7.057467552210464,2.1972245773362196,1.9336929651167216,6.100318952020064,3.295836866004329,1.118033988749895
POND,TELANGANA,2022,26.0,3.5,7.9,605.0,3.0,2.2,48.0,108.0,6.406879986069314,1.3862943611198906,1.1631508098056809,4.6913478822291435,3.8918202981106265,1.8708286933869707
TANK,TELANGANA,2022,24.0,5.4,7.75,1357.0,5.55,19.18,10.0,70.0,7.213768308118642,1.8794650496471605,3.004692014925463,4.2626798770413155,2.3978952727983707,2.32379000772445
TANK,TELANGANA,2022,29.0,0.7000000000000001,7.7,1677.5,10.8,5.85,32.5,635.0,7.42565581642009,2.468099531471619,1.9242486522741338,6.455198563340122,3.5115454388310208,0.8366600265340756
TANK,TELANGANA,2022,27.0,1.95,7.7,1153.5,14.9,2.7,29.0,375.0,7.05142262879455,2.766319109226186,1.308332819650179,5.929589143389895,3.4011973816621555,1.396424004376894
TANK,TELANGANA,2022,25.0,6.0,7.65,1786.0,3.9,15.69,7.5,84.0,7.488293515159428,1.589235205116581,2.8148097376737438,4.442651256490317,2.1400661634962708,2.449489742783178
TANK,TELANGANA,2022,26.5,5.95,8.1,411.0,1.4,1.33,4.0,75.5,6.021023349349527,0.8754687373538999,0.8458682675776092,4.33729074083249,1.6094379124341003,2.4392621835300936
TANK,TELANGANA,2022,24.5,5.9,7.7,1425.0,2.95,9.61,9.0,59.5,7.262628600974241,1.3737155789130306,2.3617969526258915,4.102643365036796,2.302585092994046,2.4289915602982237
TANK,TELANGANA,2022,27.5,5.050000000000001,7.25,3800.0,13.3,28.25,9.5,106.0,8.24301946898925,2.6602595372658615,3.3758795736778655,4.672828834461906,2.3513752571634776,2.247220505424423
TANK,TELANGANA,2022,22.0,5.75,7.15,1842.5,6.45,18.205,6.5,105.0,7.519421217674199,2.0082140323914683,2.955170661797868,4.663439094112067,2.0149030205422647,2.3979157616563596
TANK,TELANGANA,2022,24.0,5.15,7.15,3840.0,9.3,28.25,12.5,114.5,8.253488028345904,2.33214389523559,3.3758795736778655,4.749270529961848,2.6026896854443837,2.2693611435820435
TANK,TELANGANA,2022,22.0,5.4,7.25,3000.0,6.0,23.3,4.5,47.0,8.006700845440367,1.9459101490553132,3.190476350346503,3.871201010907891,1.7047480922384253,2.32379000772445
TANK,TELANGANA,2022,26.5,5.25,7.449999999999999,3840.0,7.5,19.720000000000002,6.5,95.0,8.253488028345904,2.1400661634962708,3.0310994173912826,4.564348191467836,2.0149030205422647,2.29128784747792
TANK,TELANGANA,2022,22.0,5.55,7.1,2309.0,5.0,20.16,9.0,44.0,7.745002803515839,1.791759469228055,3.052112606990099,3.8066624897703196,2.302585092994046,2.355843797877949
TANK,TELANGANA,2022,25.0,5.95,7.85,1656.5,4.5,13.254999999999999,10.0,63.0,7.413065722060018,1.7047480922384253,2.657107722364635,4.1588830833596715,2.3978952727983707,2.4392621835300936
TANK,TELANGANA,2022,27.5,0.65,7.6,1176.5,10.0,8.15,65.5,445.0,7.071148825890573,2.3978952727983707,2.21375387928743,6.100318952020064,4.197201947661808,0.806225774829855
TANK,TELANGANA,2022,30.0,1.7,7.45,1342.5,10.8,6.0649999999999995,24.0,445.0,7.203033428055546,2.468099531471619,1.9551530161364907,6.100318952020064,3.2188758248682006,1.3038404810405297
TANK,TELANGANA,2022,23.5,5.8,7.550000000000001,1044.0,3.45,17.15,7.0,105.0,6.951772164398911,1.4929040961781488,2.8986705607108596,4.663439094112067,2.0794415416798357,2.4083189157584592
TANK,TELANGANA,2022,26.5,0.3,7.55,3383.0,10.0,10.9,62.0,730.0,8.126813720726114,2.3978952727983707,2.4765384001174837,6.594413459749778,4.143134726391533,0.5477225575051661
TANK,TELANGANA,2022,24.0,6.199999999999999,7.9,1328.5,3.55,8.115,7.5,39.0,7.1925582106830745,1.5151272329628591,2.209921408130626,3.6888794541139363,2.1400661634962708,2.4899799195977463
TANK,TELANGANA,2022,26.0,4.5,8.1,1077.0,3.1,5.46,21.5,301.5,6.982862751468942,1.410986973710262,1.8656293177945105,5.7120812774708964,3.1135153092103742,2.1213203435596424
TANK,TELANGANA,2022,27.5,1.05,7.6499999999999995,1294.5,7.0,5.135000000000001,36.0,445.0,7.1666520000021645,2.0794415416798357,1.814010078162875,6.100318952020064,3.6109179126442243,1.02469507659596
TANK,TELANGANA,2022,25.0,5.9,7.75,1559.5,3.6,14.605,6.5,49.0,7.352761561710834,1.5260563034950492,2.7475913757227426,3.912023005428146,2.0149030205422647,2.4289915602982237
TANK,TELANGANA,2022,18.5,5.9,7.800000000000001,1148.0,3.75,14.64,7.0,54.0,7.046647277848756,1.55814461804655,2.7498317351171653,4.007333185232471,2.0794415416798357,2.4289915602982237
TANK,TELANGANA,2022,29.5,2.75,7.8,1822.5,47.9,5.9399999999999995,27.0,445.0,7.508513010248735,3.8897773964808264,1.937301774518713,6.100318952020064,3.332204510175204,1.6583123951777
TANK,TELANGANA,2022,29.5,2.05,7.25,808.0,12.8,4.195,27.0,380.0,6.695798917058491,2.624668592163159,1.6476966245511908,5.942799375126701,3.332204510175204,1.4317821063276353
TANK,TELANGANA,2022,27.5,2.05,7.85,1669.0,10.3,6.959999999999999,17.5,975.0,7.4205789054108005,2.424802725718295,2.0744289998562917,6.883462586413092,2.917770732084279,1.4317821063276353
TANK,TELANGANA,2022,24.5,5.45,7.7,2579.5,6.5,15.16,8.0,56.0,7.855738457588782,2.0149030205422647,2.7825390530929495,4.04305126783455,2.1972245773362196,2.3345235059857505
TANK,TELANGANA,2022,20.0,6.300000000000001,7.550000000000001,989.5,3.5500000000000003,7.59,11.5,48.0,6.898209866138606,1.5151272329628591,2.150598735996164,3.8918202981106265,2.5257286443082556,2.5099800796022267
TANK,TELANGANA,2022,26.5,5.5,7.9,713.5,6.05,3.17,2.0,151.0,6.571582997369922,1.9530276168241774,1.4279160358107101,5.0238805208462765,1.0986122886681098,2.345207879911715
TANK,TELANGANA,2022,26.5,5.1,8.05,522.0,2.0,2.09,9.5,129.5,6.259581464064923,1.0986122886681098,1.128171090909654,4.871373226762748,2.3513752571634776,2.258317958127243
LAKE,TRIPURA,2022,25.0,6.15,7.550000000000001,157.5,1.4500000000000002,1.15,42.5,160.0,5.065754593317335,0.8960880245566357,0.7654678421395714,5.081404364984463,3.7727609380946383,2.479919353527449
LAKE,TRIPURA,2022,25.0,5.7,7.1,164.5,1.5,6.8,50.5,185.0,5.1089711948171175,0.9162907318741551,2.0541237336955462,5.225746673713202,3.9415818076696905,2.3874672772626644
LAKE,TRIPURA,2022,25.5,5.85,7.3,160.5,1.4500000000000002,1.2999999999999998,42.5,180.0,5.084505142662711,0.8960880245566357,0.8329091229351039,5.198497031265826,3.7727609380946383,2.4186773244895647
LAKE,TRIPURA,2022,25.0,6.15,7.35,166.5,1.4,1.4,44.5,180.0,5.120983351265121,0.8754687373538999,0.8754687373538999,5.198497031265826,3.817712325956905,2.479919353527449
LAKE,TRIPURA,2022,25.0,5.7,7.45,169.5,1.5499999999999998,1.25,47.5,200.0,5.1387352967235715,0.9360933591703348,0.8109302162163288,5.303304908059076,3.8815637979434374,2.3874672772626644
LAKE,TRIPURA,2022,25.0,5.9,7.2,169.5,1.5,1.4,47.0,185.0,5.1387352967235715,0.9162907318741551,0.8754687373538999,5.225746673713202,3.871201010907891,2.4289915602982237
LAKE,TRIPURA,2022,25.0,5.949999999999999,7.4,166.0,1.7000000000000002,1.7999999999999998,62.5,250.0,5.117993812416755,0.9932517730102834,1.0296194171811581,5.5254529391317835,4.151039905898646,2.4392621835300936
LAKE,TRIPURA,2022,25.0,6.0,7.550000000000001,158.5,1.65,1.7,55.5,205.0,5.072043922224899,0.9745596399981308,0.9932517730102833,5.327876168789581,4.034240638152395,2.449489742783178
POND,TRIPURA,2022,25.5,5.8,7.550000000000001,162.0,1.65,1.4,36.5,160.0,5.093750200806762,0.9745596399981308,0.8754687373538999,5.081404364984463,3.624340932976365,2.4083189157584592
POND,TRIPURA,2022,25.0,6.1,7.5,164.5,1.5,1.25,40.0,195.0,5.1089711948171175,0.9162907318741551,0.8109302162163288,5.278114659230517,3.713572066704308,2.4698178070456938
POND,TRIPURA,2022,25.0,6.1,7.449999999999999,163.5,1.5499999999999998,1.45,44.5,180.0,5.1029105702054265,0.9360933591703348,0.8960880245566356,5.198497031265826,3.817712325956905,2.4698178070456938
POND,TRIPURA,2022,24.5,5.85,7.4,182.0,1.65,1.5999999999999999,37.0,165.0,5.209486152841421,0.9745596399981308,0.9555114450274363,5.111987788356544,3.6375861597263857,2.4186773244895647
POND,TRIPURA,2022,25.5,6.0,7.5,166.0,1.7999999999999998,1.75,48.0,215.0,5.117993812416755,1.0296194171811581,1.0116009116784799,5.375278407684165,3.8918202981106265,2.449489742783178
POND,TRIPURA,2022,25.5,6.050000000000001,7.449999999999999,165.0,1.6500000000000001,1.5499999999999998,41.5,175.0,5.111987788356544,0.9745596399981309,0.9360933591703348,5.170483995038151,3.7495040759303713,2.459674775249769
POND,TRIPURA,2022,25.5,5.65,7.4,160.5,1.4500000000000002,1.4500000000000002,44.5,180.0,5.084505142662711,0.8960880245566357,0.8960880245566357,5.198497031265826,3.817712325956905,2.3769728648009427
POND,TRIPURA,2022,24.5,6.05,7.35,154.5,1.5499999999999998,1.45,47.0,175.0,5.0466457316192885,0.9360933591703348,0.8960880245566356,5.170483995038151,3.871201010907891,2.4596747752497685
POND,TRIPURA,2022,26.0,4.15,7.7,185.0,4.35,2.65,66.0,285.0,5.225746673713202,1.6770965609079151,1.2947271675944,5.655991810819852,4.204692619390966,2.0371548787463363
POND,TRIPURA,2022,25.0,5.800000000000001,7.3,180.0,1.6500000000000001,1.5,39.5,167.0,5.198497031265826,0.9745596399981309,0.9162907318741551,5.123963979403259,3.7013019741124933,2.4083189157584592
LAKE,"UTTAR 
PRADESH",2022,21.0,7.95,8.0,2496.0,5.0,1.745,22900.0,48000.0,7.822845290279774,1.791759469228055,1.009781074961494,10.778977123006351,10.038935856711177,2.819574435974337
LAKE,"UTTAR 
PRADESH",2022,24.5,6.55,8.05,411.0,4.6,0.88,3750.0,6650.0,6.021023349349527,1.7227665977411035,0.6312717768418579,8.802522498284421,8.229777750081887,2.5592967784139455
LAKE,"UTTARAKHA
ND",2022,14.5,9.0,7.699999999999999,205.0,1.5,0.36,91.5,165.0,5.327876168789581,0.9162907318741551,0.3074846997479606,5.111987788356544,4.52720864451838,3.0
LAKE,"UTTARAKHA
ND",2022,14.0,9.3,7.699999999999999,385.0,1.6,0.36,112.0,215.0,5.955837369464831,0.9555114450274363,0.3074846997479606,5.375278407684165,4.727387818712341,3.0495901363953815
LAKE,"WEST 
BENGAL",2022,25.5,8.15,7.449999999999999,160.5,1.45,0.46499999999999997,1850.0,2350.0,5.084505142662711,0.8960880245566356,0.3818552424690306,7.762596048540069,7.523481312573497,2.8548204847240397
LAKE,"WEST 
BENGAL",2022,27.5,8.5,8.35,604.5,8.9,0.615,14650.0,47650.0,6.406054562993147,2.2925347571405443,0.47933495667461984,10.771658895221004,9.592263871501313,2.9154759474226504
LAKE,"WEST 
BENGAL",2022,27.0,9.15,8.35,613.0,23.3,0.9,65600.0,121650.0,6.419994928147142,3.190476350346503,0.6418538861723948,11.708911568482034,11.091346218718432,3.024896692450835
LAKE,"WEST 
BENGAL",2022,14.0,7.7,7.35,57.5,1.4,0.3,701.0,1651.0,4.069026754237811,0.8754687373538999,0.262364264467491,7.409741954080923,6.553933404025811,2.7748873851023217
LAKE,"WEST 
BENGAL",2022,22.5,7.75,7.5,46.5,2.0,0.905,7200.0,17500.0,3.8607297110405954,1.0986122886681098,0.6444820085786643,9.770013301136158,8.881975184248867,2.7838821814150108
LAKE,"WEST 
BENGAL",2022,25.0,7.0,7.050000000000001,88.0,1.9,2.4099999999999997,3900.0,26300.0,4.48863636973214,1.0647107369924282,1.2267122912954254,10.177362240256695,8.268988209506656,2.6457513110645907
LAKE,"WEST 
BENGAL",2022,27.0,8.85,8.15,618.5,9.35,0.44999999999999996,85650.0,176050.0,6.428912701069197,2.336986519711378,0.371563556432483,12.078529004771553,11.358036179107343,2.9748949561287032
LAKE,"WEST 
BENGAL",2022,15.0,6.75,7.2,112.0,3.25,2.9299999999999997,4150.0,9350.0,4.727387818712341,1.4469189829363254,1.3686394258811698,9.143238568435446,8.33110454805304,2.598076211353316
LAKE,"WEST 
BENGAL",2022,27.0,7.95,7.75,307.5,3.5,0.64,560.0,1700.0,5.731721843345443,1.5040773967762742,0.49469624183610705,7.438971592395862,6.329720905522696,2.819574435974337
LAKE,"WEST 
BENGAL",2022,28.0,9.6,7.4,283.0,3.55,0.68,2900.0,6550.0,5.648974238161206,1.5151272329628591,0.5187937934151675,8.787372988731876,7.972810784121404,3.0983866769659336
LAKE,"WEST 
BENGAL",2022,14.0,8.0,7.4,31.5,1.4,0.715,116.0,820.0,3.481240089335692,0.8754687373538999,0.5394130806179033,6.710523109452428,4.762173934797756,2.8284271247461903
LAKE,"WEST 
BENGAL",2022,27.0,7.35,7.75,387.5,3.75,0.8300000000000001,1500.0,2400.0,5.962293169807702,1.55814461804655,0.6043159668533296,7.783640596221253,7.313886831633462,2.711088342345192
LAKE,"WEST 
BENGAL",2022,17.0,7.75,7.35,28.5,1.1,0.735,1685.0,5570.0,3.3843902633457743,0.7419373447293773,0.5510074133988225,8.625329850020815,7.430114138561801,2.7838821814150108
LAKE,"WEST 
BENGAL",2022,14.0,7.25,7.25,56.5,1.8,0.745,2530.0,5555.0,4.051784947803305,1.0296194171811581,0.5567545556543905,8.622633703874234,7.836369760545124,2.692582403567252
